id_phc,gossip,trusted,trustgossip,random,highslope,highflat,lowslope,lowflat,id_village_grp,district,created_year,created_month,shot_Penta1,shot_Penta2,shot_Penta3,shot_Measles1,nchildren,SMS33,SMS66
1_01,0,0,0,1,0,0,1,0,1_01_02_V01Y_0,Bhiwani,2017,3,3,9,7,2,24,0,1
1_01,0,0,0,1,0,0,1,0,1_01_02_V01Y_0,Bhiwani,2017,4,7,2,5,8,22,0,1
1_01,0,0,0,1,0,0,1,0,1_01_02_V01Y_0,Bhiwani,2017,5,3,5,2,4,14,0,1
1_01,0,0,0,1,0,0,1,0,1_01_02_V01Y_0,Bhiwani,2017,6,5,3,7,4,19,0,1
1_01,0,0,0,1,0,0,1,0,1_01_02_V01Y_0,Bhiwani,2017,7,2,5,1,7,26,0,1
1_01,0,0,0,1,0,0,1,0,1_01_02_V01Y_0,Bhiwani,2017,8,8,3,7,4,27,0,1
1_01,0,0,0,1,0,0,1,0,1_01_02_V01Y_0,Bhiwani,2017,9,1,5,2,4,17,0,1
1_01,0,0,0,1,0,0,1,0,1_01_02_V01Y_0,Bhiwani,2017,10,10,3,5,4,34,0,1
1_01,0,0,0,1,0,0,1,0,1_01_02_V01Y_0,Bhiwani,2017,11,3,9,4,6,36,0,1
1_01,0,0,0,1,0,0,1,0,1_01_02_V01Y_0,Bhiwani,2017,12,13,5,8,5,36,0,1
1_01,0,0,0,1,0,0,1,0,1_01_02_V01Y_0,Bhiwani,2018,1,5,10,3,3,27,0,1
1_01,0,0,0,1,0,0,1,0,1_01_02_V01Y_0,Bhiwani,2018,2,9,6,8,8,40,0,1
1_01,0,0,0,1,0,0,1,0,1_01_02_V01Y_0,Bhiwani,2018,3,6,12,6,4,36,0,1
1_01,0,0,1,0,0,1,0,0,1_01_03_V01Y_0,Bhiwani,2017,3,2,4,5,2,14,0,1
1_01,0,0,1,0,0,1,0,0,1_01_03_V01Y_0,Bhiwani,2017,4,5,3,4,1,12,0,1
1_01,0,0,1,0,0,1,0,0,1_01_03_V01Y_0,Bhiwani,2017,5,3,3,2,9,19,0,1
1_01,0,0,1,0,0,1,0,0,1_01_03_V01Y_0,Bhiwani,2017,6,3,4,3,3,16,0,1
1_01,0,0,1,0,0,1,0,0,1_01_03_V01Y_0,Bhiwani,2017,7,6,6,4,2,18,0,1
1_01,0,0,1,0,0,1,0,0,1_01_03_V01Y_0,Bhiwani,2017,8,4,3,7,7,27,0,1
1_01,0,0,1,0,0,1,0,0,1_01_03_V01Y_0,Bhiwani,2017,9,2,2,3,5,12,0,1
1_01,0,0,1,0,0,1,0,0,1_01_03_V01Y_0,Bhiwani,2017,10,2,4,1,1,10,0,1
1_01,0,0,1,0,0,1,0,0,1_01_03_V01Y_0,Bhiwani,2017,11,3,4,3,2,14,0,1
1_01,0,0,1,0,0,1,0,0,1_01_03_V01Y_0,Bhiwani,2017,12,2,4,2,3,24,0,1
1_01,0,0,1,0,0,1,0,0,1_01_03_V01Y_0,Bhiwani,2018,1,3,4,4,1,17,0,1
1_01,0,0,1,0,0,1,0,0,1_01_03_V01Y_0,Bhiwani,2018,2,7,3,2,4,20,0,1
1_01,0,0,1,0,0,1,0,0,1_01_03_V01Y_0,Bhiwani,2018,3,6,6,2,1,20,0,1
1_01,0,0,1,0,0,1,0,0,1_01_03_V02Y_0,Bhiwani,2017,3,3,2,0,1,6,0,1
1_01,0,0,1,0,0,1,0,0,1_01_03_V02Y_0,Bhiwani,2017,4,1,1,2,1,6,0,1
1_01,0,0,1,0,0,1,0,0,1_01_03_V02Y_0,Bhiwani,2017,5,1,4,1,4,9,0,1
1_01,0,0,1,0,0,1,0,0,1_01_03_V02Y_0,Bhiwani,2017,6,2,1,2,1,6,0,1
1_01,0,0,1,0,0,1,0,0,1_01_03_V02Y_0,Bhiwani,2017,7,0,1,3,3,8,0,1
1_01,0,0,1,0,0,1,0,0,1_01_03_V02Y_0,Bhiwani,2017,8,2,0,1,0,2,0,1
1_01,0,0,1,0,0,1,0,0,1_01_03_V02Y_0,Bhiwani,2017,9,3,0,0,1,4,0,1
1_01,0,0,1,0,0,1,0,0,1_01_03_V02Y_0,Bhiwani,2017,10,3,4,1,3,11,0,1
1_01,0,0,1,0,0,1,0,0,1_01_03_V02Y_0,Bhiwani,2017,11,1,2,4,1,9,0,1
1_01,0,0,1,0,0,1,0,0,1_01_03_V02Y_0,Bhiwani,2017,12,2,1,3,1,8,0,1
1_01,0,0,1,0,0,1,0,0,1_01_03_V02Y_0,Bhiwani,2018,1,3,3,0,1,7,0,1
1_01,0,0,1,0,0,1,0,0,1_01_03_V02Y_0,Bhiwani,2018,2,0,2,2,0,7,0,1
1_01,0,0,1,0,0,1,0,0,1_01_03_V02Y_0,Bhiwani,2018,3,1,1,1,2,6,0,1
1_01,0,0,1,0,0,1,0,0,1_01_05_V01Y_0,Bhiwani,2017,3,6,8,9,8,31,0,1
1_01,0,0,1,0,0,1,0,0,1_01_05_V01Y_0,Bhiwani,2017,4,2,6,5,5,20,0,1
1_01,0,0,1,0,0,1,0,0,1_01_05_V01Y_0,Bhiwani,2017,5,4,3,6,6,22,0,1
1_01,0,0,1,0,0,1,0,0,1_01_05_V01Y_0,Bhiwani,2017,6,7,4,4,6,23,0,1
1_01,0,0,1,0,0,1,0,0,1_01_05_V01Y_0,Bhiwani,2017,7,8,7,8,7,35,0,1
1_01,0,0,1,0,0,1,0,0,1_01_05_V01Y_0,Bhiwani,2017,8,3,6,6,5,27,0,1
1_01,0,0,1,0,0,1,0,0,1_01_05_V01Y_0,Bhiwani,2017,9,6,5,6,4,24,0,1
1_01,0,0,1,0,0,1,0,0,1_01_05_V01Y_0,Bhiwani,2017,10,11,10,5,6,37,0,1
1_01,0,0,1,0,0,1,0,0,1_01_05_V01Y_0,Bhiwani,2017,11,6,8,5,2,28,0,1
1_01,0,0,1,0,0,1,0,0,1_01_05_V01Y_0,Bhiwani,2017,12,7,7,8,4,38,0,1
1_01,0,0,1,0,0,1,0,0,1_01_05_V01Y_0,Bhiwani,2018,1,8,3,7,3,26,0,1
1_01,0,0,1,0,0,1,0,0,1_01_05_V01Y_0,Bhiwani,2018,2,8,12,8,5,43,0,1
1_01,0,0,1,0,0,1,0,0,1_01_05_V01Y_0,Bhiwani,2018,3,5,8,10,6,34,0,1
1_02,0,0,1,0,0,0,1,0,1_02_01_V03Y_0,Bhiwani,2017,3,0,1,2,2,5,1,0
1_02,0,0,1,0,0,0,1,0,1_02_01_V03Y_0,Bhiwani,2017,4,0,1,1,0,2,1,0
1_02,0,0,1,0,0,0,1,0,1_02_01_V03Y_0,Bhiwani,2017,5,0,0,2,0,2,1,0
1_02,0,0,1,0,0,0,1,0,1_02_01_V03Y_0,Bhiwani,2017,6,0,0,0,2,2,1,0
1_02,0,0,1,0,0,0,1,0,1_02_01_V03Y_0,Bhiwani,2017,7,1,0,1,1,3,1,0
1_02,0,0,1,0,0,0,1,0,1_02_01_V03Y_0,Bhiwani,2017,8,1,0,0,2,3,1,0
1_02,0,0,1,0,0,0,1,0,1_02_01_V03Y_0,Bhiwani,2017,9,1,1,0,1,3,1,0
1_02,0,0,1,0,0,0,1,0,1_02_01_V03Y_0,Bhiwani,2017,10,0,0,1,1,2,1,0
1_02,0,0,1,0,0,0,1,0,1_02_01_V03Y_0,Bhiwani,2017,11,0,2,0,0,5,1,0
1_02,0,0,1,0,0,0,1,0,1_02_01_V03Y_0,Bhiwani,2017,12,3,0,1,0,4,1,0
1_02,0,0,1,0,0,0,1,0,1_02_01_V03Y_0,Bhiwani,2018,2,3,1,0,0,4,1,0
1_02,0,0,1,0,0,0,1,0,1_02_01_V03Y_0,Bhiwani,2018,3,1,3,1,0,6,1,0
1_02,0,0,0,1,1,0,0,0,1_02_02_V02Y_1,Bhiwani,2017,2,0,0,0,2,2,1,0
1_02,0,0,0,1,1,0,0,0,1_02_02_V02Y_1,Bhiwani,2017,3,10,4,4,5,26,1,0
1_02,0,0,0,1,1,0,0,0,1_02_02_V02Y_1,Bhiwani,2017,4,4,7,4,2,17,1,0
1_02,0,0,0,1,1,0,0,0,1_02_02_V02Y_1,Bhiwani,2017,5,3,5,11,6,26,1,0
1_02,0,0,0,1,1,0,0,0,1_02_02_V02Y_1,Bhiwani,2017,6,2,3,6,6,18,1,0
1_02,0,0,0,1,1,0,0,0,1_02_02_V02Y_1,Bhiwani,2017,7,9,1,4,8,23,1,0
1_02,0,0,0,1,1,0,0,0,1_02_02_V02Y_1,Bhiwani,2017,8,1,8,3,6,19,1,0
1_02,0,0,0,1,1,0,0,0,1_02_02_V02Y_1,Bhiwani,2017,9,8,3,7,9,30,1,0
1_02,0,0,0,1,1,0,0,0,1_02_02_V02Y_1,Bhiwani,2017,10,2,5,3,2,12,1,0
1_02,0,0,0,1,1,0,0,0,1_02_02_V02Y_1,Bhiwani,2017,11,6,2,4,3,16,1,0
1_02,0,0,0,1,1,0,0,0,1_02_02_V02Y_1,Bhiwani,2017,12,9,8,3,3,29,1,0
1_02,0,0,0,1,1,0,0,0,1_02_02_V02Y_1,Bhiwani,2018,1,4,2,3,3,14,1,0
1_02,0,0,0,1,1,0,0,0,1_02_02_V02Y_1,Bhiwani,2018,2,10,9,5,6,33,1,0
1_02,0,0,0,1,1,0,0,0,1_02_02_V02Y_1,Bhiwani,2018,3,4,3,6,6,29,1,0
1_02,0,0,0,1,1,0,0,0,1_02_03_V02Y_1,Bhiwani,2017,2,2,3,0,1,6,0,1
1_02,0,0,0,1,1,0,0,0,1_02_03_V02Y_1,Bhiwani,2017,3,6,7,8,2,25,0,1
1_02,0,0,0,1,1,0,0,0,1_02_03_V02Y_1,Bhiwani,2017,4,8,5,7,5,26,0,1
1_02,0,0,0,1,1,0,0,0,1_02_03_V02Y_1,Bhiwani,2017,5,1,5,5,3,16,0,1
1_02,0,0,0,1,1,0,0,0,1_02_03_V02Y_1,Bhiwani,2017,6,5,2,6,8,22,0,1
1_02,0,0,0,1,1,0,0,0,1_02_03_V02Y_1,Bhiwani,2017,7,2,5,4,4,15,0,1
1_02,0,0,0,1,1,0,0,0,1_02_03_V02Y_1,Bhiwani,2017,8,1,3,2,5,13,0,1
1_02,0,0,0,1,1,0,0,0,1_02_03_V02Y_1,Bhiwani,2017,9,5,1,2,6,14,0,1
1_02,0,0,0,1,1,0,0,0,1_02_03_V02Y_1,Bhiwani,2017,10,6,2,1,8,21,0,1
1_02,0,0,0,1,1,0,0,0,1_02_03_V02Y_1,Bhiwani,2017,11,4,9,3,6,24,0,1
1_02,0,0,0,1,1,0,0,0,1_02_03_V02Y_1,Bhiwani,2017,12,4,0,4,5,16,0,1
1_02,0,0,0,1,1,0,0,0,1_02_03_V02Y_1,Bhiwani,2018,1,5,7,5,1,24,0,1
1_02,0,0,0,1,1,0,0,0,1_02_03_V02Y_1,Bhiwani,2018,2,9,6,8,2,27,0,1
1_02,0,0,0,1,1,0,0,0,1_02_03_V02Y_1,Bhiwani,2018,3,4,6,5,1,21,0,1
1_02,1,0,0,0,0,0,1,0,1_02_05_V02Y_0,Bhiwani,2017,3,0,0,4,1,6,1,0
1_02,1,0,0,0,0,0,1,0,1_02_05_V02Y_0,Bhiwani,2017,4,3,2,1,2,8,1,0
1_02,1,0,0,0,0,0,1,0,1_02_05_V02Y_0,Bhiwani,2017,5,1,2,2,0,5,1,0
1_02,1,0,0,0,0,0,1,0,1_02_05_V02Y_0,Bhiwani,2017,6,0,0,2,3,5,1,0
1_02,1,0,0,0,0,0,1,0,1_02_05_V02Y_0,Bhiwani,2017,7,0,2,0,1,3,1,0
1_02,1,0,0,0,0,0,1,0,1_02_05_V02Y_0,Bhiwani,2017,8,1,0,1,1,3,1,0
1_02,1,0,0,0,0,0,1,0,1_02_05_V02Y_0,Bhiwani,2017,9,0,1,0,4,5,1,0
1_02,1,0,0,0,0,0,1,0,1_02_05_V02Y_0,Bhiwani,2017,10,0,0,0,1,1,1,0
1_02,1,0,0,0,0,0,1,0,1_02_05_V02Y_0,Bhiwani,2017,11,1,0,0,1,2,1,0
1_02,1,0,0,0,0,0,1,0,1_02_05_V02Y_0,Bhiwani,2018,2,5,2,1,2,10,1,0
1_02,1,0,0,0,0,0,1,0,1_02_05_V02Y_0,Bhiwani,2018,3,3,1,0,0,8,1,0
1_03,0,0,0,1,1,0,0,0,1_03_02_V02Y_0,Bhiwani,2017,3,0,1,1,4,6,0,1
1_03,0,0,0,1,1,0,0,0,1_03_02_V02Y_0,Bhiwani,2017,4,4,0,3,2,9,0,1
1_03,0,0,0,1,1,0,0,0,1_03_02_V02Y_0,Bhiwani,2017,5,1,3,0,1,5,0,1
1_03,0,0,0,1,1,0,0,0,1_03_02_V02Y_0,Bhiwani,2017,6,3,1,0,4,8,0,1
1_03,0,0,0,1,1,0,0,0,1_03_02_V02Y_0,Bhiwani,2017,7,6,1,3,4,14,0,1
1_03,0,0,0,1,1,0,0,0,1_03_02_V02Y_0,Bhiwani,2017,8,2,3,1,0,6,0,1
1_03,0,0,0,1,1,0,0,0,1_03_02_V02Y_0,Bhiwani,2017,9,0,5,3,3,11,0,1
1_03,0,0,0,1,1,0,0,0,1_03_02_V02Y_0,Bhiwani,2017,10,3,2,2,0,7,0,1
1_03,0,0,0,1,1,0,0,0,1_03_02_V02Y_0,Bhiwani,2017,11,5,2,2,1,10,0,1
1_03,0,0,0,1,1,0,0,0,1_03_02_V02Y_0,Bhiwani,2017,12,2,1,3,1,9,0,1
1_03,0,0,0,1,1,0,0,0,1_03_02_V02Y_0,Bhiwani,2018,1,0,5,1,1,9,0,1
1_03,0,0,0,1,1,0,0,0,1_03_02_V02Y_0,Bhiwani,2018,2,4,0,4,4,12,0,1
1_03,0,0,0,1,1,0,0,0,1_03_02_V02Y_0,Bhiwani,2018,3,4,4,2,3,17,0,1
1_03,1,0,0,0,0,0,1,0,1_03_06_V05Y_0,Bhiwani,2017,3,2,5,1,2,10,0,0
1_03,1,0,0,0,0,0,1,0,1_03_06_V05Y_0,Bhiwani,2017,4,2,0,2,1,6,0,0
1_03,1,0,0,0,0,0,1,0,1_03_06_V05Y_0,Bhiwani,2017,5,,,,,1,0,0
1_03,1,0,0,0,0,0,1,0,1_03_06_V05Y_0,Bhiwani,2017,6,0,1,1,1,4,0,0
1_03,1,0,0,0,0,0,1,0,1_03_06_V05Y_0,Bhiwani,2017,7,4,3,2,3,12,0,0
1_03,1,0,0,0,0,0,1,0,1_03_06_V05Y_0,Bhiwani,2017,8,1,2,5,2,10,0,0
1_03,1,0,0,0,0,0,1,0,1_03_06_V05Y_0,Bhiwani,2017,9,4,5,3,5,16,0,0
1_03,1,0,0,0,0,0,1,0,1_03_06_V05Y_0,Bhiwani,2017,10,3,3,3,3,13,0,0
1_03,1,0,0,0,0,0,1,0,1_03_06_V05Y_0,Bhiwani,2017,11,2,3,3,2,20,0,0
1_03,1,0,0,0,0,0,1,0,1_03_06_V05Y_0,Bhiwani,2017,12,3,4,3,5,16,0,0
1_03,1,0,0,0,0,0,1,0,1_03_06_V05Y_0,Bhiwani,2018,1,2,2,4,2,12,0,0
1_03,1,0,0,0,0,0,1,0,1_03_06_V05Y_0,Bhiwani,2018,2,3,2,2,2,10,0,0
1_03,1,0,0,0,0,0,1,0,1_03_06_V05Y_0,Bhiwani,2018,3,2,3,4,2,13,0,0
1_03,1,0,0,0,0,0,1,0,1_03_06_V06Y_0,Bhiwani,2017,3,0,3,2,0,5,0,0
1_03,1,0,0,0,0,0,1,0,1_03_06_V06Y_0,Bhiwani,2017,4,0,0,3,0,3,0,0
1_03,1,0,0,0,0,0,1,0,1_03_06_V06Y_0,Bhiwani,2017,5,3,0,0,2,5,0,0
1_03,1,0,0,0,0,0,1,0,1_03_06_V06Y_0,Bhiwani,2017,6,0,2,0,0,2,0,0
1_03,1,0,0,0,0,0,1,0,1_03_06_V06Y_0,Bhiwani,2017,7,1,0,2,3,6,0,0
1_03,1,0,0,0,0,0,1,0,1_03_06_V06Y_0,Bhiwani,2017,8,0,1,0,0,1,0,0
1_03,1,0,0,0,0,0,1,0,1_03_06_V06Y_0,Bhiwani,2017,9,0,1,0,1,2,0,0
1_03,1,0,0,0,0,0,1,0,1_03_06_V06Y_0,Bhiwani,2017,10,1,1,1,1,5,0,0
1_03,1,0,0,0,0,0,1,0,1_03_06_V06Y_0,Bhiwani,2017,11,2,1,0,0,5,0,0
1_03,1,0,0,0,0,0,1,0,1_03_06_V06Y_0,Bhiwani,2017,12,1,2,0,2,5,0,0
1_03,1,0,0,0,0,0,1,0,1_03_06_V06Y_0,Bhiwani,2018,1,1,0,1,0,3,0,0
1_03,1,0,0,0,0,0,1,0,1_03_06_V06Y_0,Bhiwani,2018,2,1,0,0,0,1,0,0
1_03,1,0,0,0,0,0,1,0,1_03_06_V06Y_0,Bhiwani,2018,3,2,1,0,0,5,0,0
1_03,0,1,0,0,0,1,0,0,1_03_08_V02Y_0,Bhiwani,2017,3,2,2,0,3,7,0,0
1_03,0,1,0,0,0,1,0,0,1_03_08_V02Y_0,Bhiwani,2017,4,4,2,4,1,11,0,0
1_03,0,1,0,0,0,1,0,0,1_03_08_V02Y_0,Bhiwani,2017,5,0,4,2,1,7,0,0
1_03,0,1,0,0,0,1,0,0,1_03_08_V02Y_0,Bhiwani,2017,6,2,0,2,4,8,0,0
1_03,0,1,0,0,0,1,0,0,1_03_08_V02Y_0,Bhiwani,2017,7,1,1,1,1,5,0,0
1_03,0,1,0,0,0,1,0,0,1_03_08_V02Y_0,Bhiwani,2017,8,1,0,1,4,8,0,0
1_03,0,1,0,0,0,1,0,0,1_03_08_V02Y_0,Bhiwani,2017,9,4,2,0,0,6,0,0
1_03,0,1,0,0,0,1,0,0,1_03_08_V02Y_0,Bhiwani,2017,10,3,0,1,0,5,0,0
1_03,0,1,0,0,0,1,0,0,1_03_08_V02Y_0,Bhiwani,2017,11,1,6,1,3,11,0,0
1_03,0,1,0,0,0,1,0,0,1_03_08_V02Y_0,Bhiwani,2017,12,1,0,1,3,7,0,0
1_03,0,1,0,0,0,1,0,0,1_03_08_V02Y_0,Bhiwani,2018,1,4,1,2,0,9,0,0
1_03,0,1,0,0,0,1,0,0,1_03_08_V02Y_0,Bhiwani,2018,2,3,4,3,1,13,0,0
1_03,0,1,0,0,0,1,0,0,1_03_08_V02Y_0,Bhiwani,2018,3,2,3,6,2,15,0,0
1_04,0,1,0,0,0,1,0,0,1_04_01_V01Y_0,Bhiwani,2017,3,2,4,2,3,11,1,0
1_04,0,1,0,0,0,1,0,0,1_04_01_V01Y_0,Bhiwani,2017,4,0,4,4,4,11,1,0
1_04,0,1,0,0,0,1,0,0,1_04_01_V01Y_0,Bhiwani,2017,5,3,0,2,3,8,1,0
1_04,0,1,0,0,0,1,0,0,1_04_01_V01Y_0,Bhiwani,2017,6,3,3,2,4,12,1,0
1_04,0,1,0,0,0,1,0,0,1_04_01_V01Y_0,Bhiwani,2017,7,0,2,2,2,6,1,0
1_04,0,1,0,0,0,1,0,0,1_04_01_V01Y_0,Bhiwani,2017,8,4,1,2,1,10,1,0
1_04,0,1,0,0,0,1,0,0,1_04_01_V01Y_0,Bhiwani,2017,9,5,1,1,3,16,1,0
1_04,0,1,0,0,0,1,0,0,1_04_01_V01Y_0,Bhiwani,2017,10,1,4,2,4,13,1,0
1_04,0,1,0,0,0,1,0,0,1_04_01_V01Y_0,Bhiwani,2017,11,2,3,1,2,8,1,0
1_04,0,1,0,0,0,1,0,0,1_04_01_V01Y_0,Bhiwani,2017,12,4,0,3,2,15,1,0
1_04,0,1,0,0,0,1,0,0,1_04_01_V01Y_0,Bhiwani,2018,1,2,6,3,1,16,1,0
1_04,0,1,0,0,0,1,0,0,1_04_01_V01Y_0,Bhiwani,2018,2,3,1,7,4,19,1,0
1_04,0,1,0,0,0,1,0,0,1_04_01_V01Y_0,Bhiwani,2018,3,2,2,2,2,10,1,0
1_04,0,0,0,1,1,0,0,0,1_04_02_V03Y_0,Bhiwani,2017,3,0,0,0,1,1,0,1
1_04,0,0,0,1,1,0,0,0,1_04_02_V03Y_0,Bhiwani,2017,4,1,0,0,1,3,0,1
1_04,0,0,0,1,1,0,0,0,1_04_02_V03Y_0,Bhiwani,2017,5,1,2,1,0,4,0,1
1_04,0,0,0,1,1,0,0,0,1_04_02_V03Y_0,Bhiwani,2017,6,1,1,1,1,5,0,1
1_04,0,0,0,1,1,0,0,0,1_04_02_V03Y_0,Bhiwani,2017,7,1,0,1,1,3,0,1
1_04,0,0,0,1,1,0,0,0,1_04_02_V03Y_0,Bhiwani,2017,8,0,1,0,1,3,0,1
1_04,0,0,0,1,1,0,0,0,1_04_02_V03Y_0,Bhiwani,2017,9,0,0,2,1,3,0,1
1_04,0,0,0,1,1,0,0,0,1_04_02_V03Y_0,Bhiwani,2017,10,2,0,0,0,4,0,1
1_04,0,0,0,1,1,0,0,0,1_04_02_V03Y_0,Bhiwani,2017,11,1,2,0,1,5,0,1
1_04,0,0,0,1,1,0,0,0,1_04_02_V03Y_0,Bhiwani,2017,12,0,1,2,0,3,0,1
1_04,0,0,0,1,1,0,0,0,1_04_02_V03Y_0,Bhiwani,2018,1,0,0,0,1,1,0,1
1_04,0,0,0,1,1,0,0,0,1_04_02_V03Y_0,Bhiwani,2018,2,0,0,1,0,1,0,1
1_04,0,0,0,1,1,0,0,0,1_04_02_V03Y_0,Bhiwani,2018,3,0,0,0,0,3,0,1
1_04,1,0,0,0,1,0,0,0,1_04_03_V01Y_0,Bhiwani,2017,3,9,5,3,2,22,0,0
1_04,1,0,0,0,1,0,0,0,1_04_03_V01Y_0,Bhiwani,2017,4,6,7,1,0,16,0,0
1_04,1,0,0,0,1,0,0,0,1_04_03_V01Y_0,Bhiwani,2017,5,8,7,4,1,17,0,0
1_04,1,0,0,0,1,0,0,0,1_04_03_V01Y_0,Bhiwani,2017,6,7,4,4,2,16,0,0
1_04,1,0,0,0,1,0,0,0,1_04_03_V01Y_0,Bhiwani,2017,7,6,2,3,3,16,0,0
1_04,1,0,0,0,1,0,0,0,1_04_03_V01Y_0,Bhiwani,2017,8,5,3,0,2,15,0,0
1_04,1,0,0,0,1,0,0,0,1_04_03_V01Y_0,Bhiwani,2017,9,10,2,0,0,14,0,0
1_04,1,0,0,0,1,0,0,0,1_04_03_V01Y_0,Bhiwani,2017,10,6,4,2,8,17,0,0
1_04,1,0,0,0,1,0,0,0,1_04_03_V01Y_0,Bhiwani,2017,11,5,5,2,0,12,0,0
1_04,1,0,0,0,1,0,0,0,1_04_03_V01Y_0,Bhiwani,2017,12,3,5,4,6,21,0,0
1_04,1,0,0,0,1,0,0,0,1_04_03_V01Y_0,Bhiwani,2018,1,4,3,4,2,14,0,0
1_04,1,0,0,0,1,0,0,0,1_04_03_V01Y_0,Bhiwani,2018,2,6,3,2,6,23,0,0
1_04,1,0,0,0,1,0,0,0,1_04_03_V01Y_0,Bhiwani,2018,3,2,2,4,1,10,0,0
1_04,0,0,0,1,1,0,0,0,1_04_05_V03Y_0,Bhiwani,2017,3,2,1,1,1,6,0,1
1_04,0,0,0,1,1,0,0,0,1_04_05_V03Y_0,Bhiwani,2017,4,0,2,0,1,3,0,1
1_04,0,0,0,1,1,0,0,0,1_04_05_V03Y_0,Bhiwani,2017,5,1,0,2,1,5,0,1
1_04,0,0,0,1,1,0,0,0,1_04_05_V03Y_0,Bhiwani,2017,6,0,1,0,2,4,0,1
1_04,0,0,0,1,1,0,0,0,1_04_05_V03Y_0,Bhiwani,2017,7,2,1,1,0,5,0,1
1_04,0,0,0,1,1,0,0,0,1_04_05_V03Y_0,Bhiwani,2017,8,0,1,1,1,3,0,1
1_04,0,0,0,1,1,0,0,0,1_04_05_V03Y_0,Bhiwani,2017,9,1,1,0,0,2,0,1
1_04,0,0,0,1,1,0,0,0,1_04_05_V03Y_0,Bhiwani,2017,10,2,2,1,2,7,0,1
1_04,0,0,0,1,1,0,0,0,1_04_05_V03Y_0,Bhiwani,2017,11,1,2,1,0,7,0,1
1_04,0,0,0,1,1,0,0,0,1_04_05_V03Y_0,Bhiwani,2017,12,2,0,2,0,7,0,1
1_04,0,0,0,1,1,0,0,0,1_04_05_V03Y_0,Bhiwani,2018,1,4,2,0,0,7,0,1
1_04,0,0,0,1,1,0,0,0,1_04_05_V03Y_0,Bhiwani,2018,2,2,3,4,1,11,0,1
1_04,0,0,0,1,1,0,0,0,1_04_05_V03Y_0,Bhiwani,2018,3,1,0,3,0,6,0,1
1_05,0,0,1,0,0,0,0,0,1_05_02_V02Y_0,Bhiwani,2017,3,2,3,2,5,13,0,1
1_05,0,0,1,0,0,0,0,0,1_05_02_V02Y_0,Bhiwani,2017,4,3,3,3,2,11,0,1
1_05,0,0,1,0,0,0,0,0,1_05_02_V02Y_0,Bhiwani,2017,5,3,3,1,1,7,0,1
1_05,0,0,1,0,0,0,0,0,1_05_02_V02Y_0,Bhiwani,2017,6,0,2,4,4,10,0,1
1_05,0,0,1,0,0,0,0,0,1_05_02_V02Y_0,Bhiwani,2017,7,2,0,2,4,8,0,1
1_05,0,0,1,0,0,0,0,0,1_05_02_V02Y_0,Bhiwani,2017,8,1,2,0,1,6,0,1
1_05,0,0,1,0,0,0,0,0,1_05_02_V02Y_0,Bhiwani,2017,9,5,0,3,1,9,0,1
1_05,0,0,1,0,0,0,0,0,1_05_02_V02Y_0,Bhiwani,2017,10,1,3,0,3,8,0,1
1_05,0,0,1,0,0,0,0,0,1_05_02_V02Y_0,Bhiwani,2017,11,1,2,4,2,12,0,1
1_05,0,0,1,0,0,0,0,0,1_05_02_V02Y_0,Bhiwani,2017,12,5,3,1,4,14,0,1
1_05,0,0,1,0,0,0,0,0,1_05_02_V02Y_0,Bhiwani,2018,1,1,4,1,1,7,0,1
1_05,0,0,1,0,0,0,0,0,1_05_02_V02Y_0,Bhiwani,2018,2,3,2,4,2,11,0,1
1_05,0,0,0,1,0,0,0,0,1_05_02_V04Y_0,Bhiwani,2017,3,1,2,0,2,5,0,1
1_05,0,0,0,1,0,0,0,0,1_05_02_V04Y_0,Bhiwani,2017,4,0,2,2,2,7,0,1
1_05,0,0,0,1,0,0,0,0,1_05_02_V04Y_0,Bhiwani,2017,5,3,1,1,2,9,0,1
1_05,0,0,0,1,0,0,0,0,1_05_02_V04Y_0,Bhiwani,2017,6,6,2,1,4,13,0,1
1_05,0,0,0,1,0,0,0,0,1_05_02_V04Y_0,Bhiwani,2017,7,3,4,1,1,7,0,1
1_05,0,0,0,1,0,0,0,0,1_05_02_V04Y_0,Bhiwani,2017,8,0,2,4,2,8,0,1
1_05,0,0,0,1,0,0,0,0,1_05_02_V04Y_0,Bhiwani,2017,9,5,1,3,1,16,0,1
1_05,0,0,0,1,0,0,0,0,1_05_02_V04Y_0,Bhiwani,2017,10,3,1,1,2,8,0,1
1_05,0,0,0,1,0,0,0,0,1_05_02_V04Y_0,Bhiwani,2017,11,5,3,1,0,10,0,1
1_05,0,0,0,1,0,0,0,0,1_05_02_V04Y_0,Bhiwani,2017,12,1,7,3,1,15,0,1
1_05,0,0,0,1,0,0,0,0,1_05_02_V04Y_0,Bhiwani,2018,1,1,1,5,3,13,0,1
1_05,0,0,0,1,0,0,0,0,1_05_02_V04Y_0,Bhiwani,2018,2,3,0,2,3,10,0,1
1_05,0,0,1,0,0,0,0,0,1_05_03_V02Y_0,Bhiwani,2017,3,5,10,5,5,27,1,0
1_05,0,0,1,0,0,0,0,0,1_05_03_V02Y_0,Bhiwani,2017,4,4,5,3,4,17,1,0
1_05,0,0,1,0,0,0,0,0,1_05_03_V02Y_0,Bhiwani,2017,5,4,10,5,8,27,1,0
1_05,0,0,1,0,0,0,0,0,1_05_03_V02Y_0,Bhiwani,2017,6,4,4,9,5,23,1,0
1_05,0,0,1,0,0,0,0,0,1_05_03_V02Y_0,Bhiwani,2017,7,9,4,8,5,26,1,0
1_05,0,0,1,0,0,0,0,0,1_05_03_V02Y_0,Bhiwani,2017,8,5,4,3,5,17,1,0
1_05,0,0,1,0,0,0,0,0,1_05_03_V02Y_0,Bhiwani,2017,9,7,5,4,6,24,1,0
1_05,0,0,1,0,0,0,0,0,1_05_03_V02Y_0,Bhiwani,2017,10,13,8,9,5,35,1,0
1_05,0,0,1,0,0,0,0,0,1_05_03_V02Y_0,Bhiwani,2017,11,10,6,6,4,28,1,0
1_05,0,0,1,0,0,0,0,0,1_05_03_V02Y_0,Bhiwani,2017,12,9,10,5,9,37,1,0
1_05,0,0,1,0,0,0,0,0,1_05_03_V02Y_0,Bhiwani,2018,1,2,5,6,3,23,1,0
1_05,0,0,1,0,0,0,0,0,1_05_03_V02Y_0,Bhiwani,2018,2,12,6,3,1,26,1,0
1_05,0,0,1,0,0,0,0,0,1_05_03_V02Y_0,Bhiwani,2018,3,9,12,6,6,40,1,0
1_05,0,1,0,0,0,0,0,0,1_05_06_V01Y_0,Bhiwani,2017,3,5,5,3,4,18,1,0
1_05,0,1,0,0,0,0,0,0,1_05_06_V01Y_0,Bhiwani,2017,4,4,3,5,5,18,1,0
1_05,0,1,0,0,0,0,0,0,1_05_06_V01Y_0,Bhiwani,2017,5,1,2,4,2,11,1,0
1_05,0,1,0,0,0,0,0,0,1_05_06_V01Y_0,Bhiwani,2017,6,2,2,2,7,16,1,0
1_05,0,1,0,0,0,0,0,0,1_05_06_V01Y_0,Bhiwani,2017,7,3,4,1,4,12,1,0
1_05,0,1,0,0,0,0,0,0,1_05_06_V01Y_0,Bhiwani,2017,8,4,1,4,1,14,1,0
1_05,0,1,0,0,0,0,0,0,1_05_06_V01Y_0,Bhiwani,2017,9,8,5,1,3,24,1,0
1_05,0,1,0,0,0,0,0,0,1_05_06_V01Y_0,Bhiwani,2017,10,5,7,5,6,26,1,0
1_05,0,1,0,0,0,0,0,0,1_05_06_V01Y_0,Bhiwani,2017,11,2,4,7,1,17,1,0
1_05,0,1,0,0,0,0,0,0,1_05_06_V01Y_0,Bhiwani,2017,12,13,3,4,2,29,1,0
1_05,0,1,0,0,0,0,0,0,1_05_06_V01Y_0,Bhiwani,2018,1,4,8,3,0,20,1,0
1_05,0,1,0,0,0,0,0,0,1_05_06_V01Y_0,Bhiwani,2018,2,5,6,6,1,23,1,0
1_05,0,1,0,0,0,0,0,0,1_05_06_V01Y_0,Bhiwani,2018,3,7,4,8,8,32,1,0
1_06,0,0,0,1,0,1,0,0,1_06_01_V01Y_1,Bhiwani,2017,3,5,9,5,1,23,0,0
1_06,0,0,0,1,0,1,0,0,1_06_01_V01Y_1,Bhiwani,2017,4,12,8,11,13,44,0,0
1_06,0,0,0,1,0,1,0,0,1_06_01_V01Y_1,Bhiwani,2017,5,6,9,4,7,26,0,0
1_06,0,0,0,1,0,1,0,0,1_06_01_V01Y_1,Bhiwani,2017,6,7,5,7,12,32,0,0
1_06,0,0,0,1,0,1,0,0,1_06_01_V01Y_1,Bhiwani,2017,7,5,7,10,21,43,0,0
1_06,0,0,0,1,0,1,0,0,1_06_01_V01Y_1,Bhiwani,2017,8,9,3,4,7,24,0,0
1_06,0,0,0,1,0,1,0,0,1_06_01_V01Y_1,Bhiwani,2017,9,10,6,8,3,30,0,0
1_06,0,0,0,1,0,1,0,0,1_06_01_V01Y_1,Bhiwani,2017,10,8,7,8,7,34,0,0
1_06,0,0,0,1,0,1,0,0,1_06_01_V01Y_1,Bhiwani,2017,11,20,13,5,8,51,0,0
1_06,0,0,0,1,0,1,0,0,1_06_01_V01Y_1,Bhiwani,2017,12,12,17,10,13,56,0,0
1_06,0,0,0,1,0,1,0,0,1_06_01_V01Y_1,Bhiwani,2018,1,13,10,16,6,52,0,0
1_06,0,0,0,1,0,1,0,0,1_06_01_V01Y_1,Bhiwani,2018,2,11,11,9,6,46,0,0
1_06,0,0,0,1,0,1,0,0,1_06_01_V01Y_1,Bhiwani,2018,3,7,9,7,4,43,0,0
1_06,0,0,0,1,0,1,0,0,1_06_02_V01Y_1,Bhiwani,2017,3,2,5,4,4,16,0,1
1_06,0,0,0,1,0,1,0,0,1_06_02_V01Y_1,Bhiwani,2017,4,13,5,10,8,37,0,1
1_06,0,0,0,1,0,1,0,0,1_06_02_V01Y_1,Bhiwani,2017,5,8,12,3,11,45,0,1
1_06,0,0,0,1,0,1,0,0,1_06_02_V01Y_1,Bhiwani,2017,6,12,8,12,11,46,0,1
1_06,0,0,0,1,0,1,0,0,1_06_02_V01Y_1,Bhiwani,2017,7,6,5,10,10,33,0,1
1_06,0,0,0,1,0,1,0,0,1_06_02_V01Y_1,Bhiwani,2017,8,6,5,7,10,29,0,1
1_06,0,0,0,1,0,1,0,0,1_06_02_V01Y_1,Bhiwani,2017,9,16,8,5,9,45,0,1
1_06,0,0,0,1,0,1,0,0,1_06_02_V01Y_1,Bhiwani,2017,10,9,14,11,9,48,0,1
1_06,0,0,0,1,0,1,0,0,1_06_02_V01Y_1,Bhiwani,2017,11,15,7,13,6,43,0,1
1_06,0,0,0,1,0,1,0,0,1_06_02_V01Y_1,Bhiwani,2017,12,6,13,9,12,46,0,1
1_06,0,0,0,1,0,1,0,0,1_06_02_V01Y_1,Bhiwani,2018,1,8,8,14,8,49,0,1
1_06,0,0,0,1,0,1,0,0,1_06_02_V01Y_1,Bhiwani,2018,2,13,8,7,7,47,0,1
1_06,0,0,0,1,0,1,0,0,1_06_02_V01Y_1,Bhiwani,2018,3,15,11,9,8,54,0,1
1_06,0,1,0,0,0,0,1,0,1_06_03_V01Y_0,Bhiwani,2017,3,4,4,5,0,13,0,0
1_06,0,1,0,0,0,0,1,0,1_06_03_V01Y_0,Bhiwani,2017,4,0,4,4,0,8,0,0
1_06,0,1,0,0,0,0,1,0,1_06_03_V01Y_0,Bhiwani,2017,5,3,0,4,2,9,0,0
1_06,0,1,0,0,0,0,1,0,1_06_03_V01Y_0,Bhiwani,2017,6,0,1,2,4,7,0,0
1_06,0,1,0,0,0,0,1,0,1_06_03_V01Y_0,Bhiwani,2017,7,3,2,1,2,7,0,0
1_06,0,1,0,0,0,0,1,0,1_06_03_V01Y_0,Bhiwani,2017,8,5,3,2,3,13,0,0
1_06,0,1,0,0,0,0,1,0,1_06_03_V01Y_0,Bhiwani,2017,9,5,5,3,3,15,0,0
1_06,0,1,0,0,0,0,1,0,1_06_03_V01Y_0,Bhiwani,2017,10,2,6,3,4,15,0,0
1_06,0,1,0,0,0,0,1,0,1_06_03_V01Y_0,Bhiwani,2017,11,4,2,4,4,15,0,0
1_06,0,1,0,0,0,0,1,0,1_06_03_V01Y_0,Bhiwani,2017,12,2,3,4,3,15,0,0
1_06,0,1,0,0,0,0,1,0,1_06_03_V01Y_0,Bhiwani,2018,1,5,1,3,3,12,0,0
1_06,0,1,0,0,0,0,1,0,1_06_03_V01Y_0,Bhiwani,2018,2,4,4,2,0,11,0,0
1_06,0,1,0,0,0,0,1,0,1_06_03_V01Y_0,Bhiwani,2018,3,2,6,5,2,18,0,0
1_06,0,0,1,0,0,0,1,0,1_06_03_V03Y_0,Bhiwani,2017,3,4,6,2,3,16,0,0
1_06,0,0,1,0,0,0,1,0,1_06_03_V03Y_0,Bhiwani,2017,4,6,5,7,2,20,0,0
1_06,0,0,1,0,0,0,1,0,1_06_03_V03Y_0,Bhiwani,2017,5,6,6,7,1,19,0,0
1_06,0,0,1,0,0,0,1,0,1_06_03_V03Y_0,Bhiwani,2017,6,6,9,4,3,21,0,0
1_06,0,0,1,0,0,0,1,0,1_06_03_V03Y_0,Bhiwani,2017,7,4,6,9,8,28,0,0
1_06,0,0,1,0,0,0,1,0,1_06_03_V03Y_0,Bhiwani,2017,8,4,2,7,3,19,0,0
1_06,0,0,1,0,0,0,1,0,1_06_03_V03Y_0,Bhiwani,2017,9,3,3,3,6,16,0,0
1_06,0,0,1,0,0,0,1,0,1_06_03_V03Y_0,Bhiwani,2017,10,2,2,6,4,15,0,0
1_06,0,0,1,0,0,0,1,0,1_06_03_V03Y_0,Bhiwani,2017,11,4,5,2,3,17,0,0
1_06,0,0,1,0,0,0,1,0,1_06_03_V03Y_0,Bhiwani,2017,12,6,3,6,7,25,0,0
1_06,0,0,1,0,0,0,1,0,1_06_03_V03Y_0,Bhiwani,2018,1,7,6,2,2,21,0,0
1_06,0,0,1,0,0,0,1,0,1_06_03_V03Y_0,Bhiwani,2018,2,7,4,5,6,26,0,0
1_06,0,0,1,0,0,0,1,0,1_06_03_V03Y_0,Bhiwani,2018,3,2,5,3,3,16,0,0
1_06,1,0,0,0,0,1,0,0,1_06_05_V01Y_0,Bhiwani,2017,3,5,4,2,0,10,0,0
1_06,1,0,0,0,0,1,0,0,1_06_05_V01Y_0,Bhiwani,2017,4,2,3,3,5,17,0,0
1_06,1,0,0,0,0,1,0,0,1_06_05_V01Y_0,Bhiwani,2017,5,4,2,2,2,10,0,0
1_06,1,0,0,0,0,1,0,0,1_06_05_V01Y_0,Bhiwani,2017,6,5,7,1,1,16,0,0
1_06,1,0,0,0,0,1,0,0,1_06_05_V01Y_0,Bhiwani,2017,7,1,7,5,5,18,0,0
1_06,1,0,0,0,0,1,0,0,1_06_05_V01Y_0,Bhiwani,2017,8,2,3,5,3,13,0,0
1_06,1,0,0,0,0,1,0,0,1_06_05_V01Y_0,Bhiwani,2017,9,2,1,2,0,8,0,0
1_06,1,0,0,0,0,1,0,0,1_06_05_V01Y_0,Bhiwani,2017,10,7,1,2,5,18,0,0
1_06,1,0,0,0,0,1,0,0,1_06_05_V01Y_0,Bhiwani,2017,11,5,6,2,1,18,0,0
1_06,1,0,0,0,0,1,0,0,1_06_05_V01Y_0,Bhiwani,2017,12,3,3,7,3,19,0,0
1_06,1,0,0,0,0,1,0,0,1_06_05_V01Y_0,Bhiwani,2018,1,3,1,4,3,14,0,0
1_06,1,0,0,0,0,1,0,0,1_06_05_V01Y_0,Bhiwani,2018,2,5,4,3,2,15,0,0
1_06,1,0,0,0,0,1,0,0,1_06_05_V01Y_0,Bhiwani,2018,3,0,5,5,1,11,0,0
1_07,1,0,0,0,0,0,0,0,1_07_03_V01Y_0,Bhiwani,2017,3,6,2,6,6,21,0,1
1_07,1,0,0,0,0,0,0,0,1_07_03_V01Y_0,Bhiwani,2017,4,3,5,5,5,21,0,1
1_07,1,0,0,0,0,0,0,0,1_07_03_V01Y_0,Bhiwani,2017,5,5,5,6,7,27,0,1
1_07,1,0,0,0,0,0,0,0,1_07_03_V01Y_0,Bhiwani,2017,6,3,6,4,5,19,0,1
1_07,1,0,0,0,0,0,0,0,1_07_03_V01Y_0,Bhiwani,2017,7,5,5,7,6,25,0,1
1_07,1,0,0,0,0,0,0,0,1_07_03_V01Y_0,Bhiwani,2017,8,9,6,6,5,31,0,1
1_07,1,0,0,0,0,0,0,0,1_07_03_V01Y_0,Bhiwani,2017,9,5,8,5,7,29,0,1
1_07,1,0,0,0,0,0,0,0,1_07_03_V01Y_0,Bhiwani,2017,10,5,4,10,6,28,0,1
1_07,1,0,0,0,0,0,0,0,1_07_03_V01Y_0,Bhiwani,2017,11,9,5,5,3,23,0,1
1_07,1,0,0,0,0,0,0,0,1_07_03_V01Y_0,Bhiwani,2017,12,9,9,6,5,40,0,1
1_07,1,0,0,0,0,0,0,0,1_07_03_V01Y_0,Bhiwani,2018,1,11,4,8,3,39,0,1
1_07,1,0,0,0,0,0,0,0,1_07_03_V01Y_0,Bhiwani,2018,2,17,10,2,5,37,0,1
1_07,1,0,0,0,0,0,0,0,1_07_03_V01Y_0,Bhiwani,2018,3,8,9,4,5,25,0,1
1_07,0,0,1,0,0,0,0,0,1_07_03_V02Y_0,Bhiwani,2017,3,2,2,0,1,5,0,1
1_07,0,0,1,0,0,0,0,0,1_07_03_V02Y_0,Bhiwani,2017,4,0,1,1,0,2,0,1
1_07,0,0,1,0,0,0,0,0,1_07_03_V02Y_0,Bhiwani,2017,5,0,0,1,0,1,0,1
1_07,0,0,1,0,0,0,0,0,1_07_03_V02Y_0,Bhiwani,2017,6,0,1,0,0,1,0,1
1_07,0,0,1,0,0,0,0,0,1_07_03_V02Y_0,Bhiwani,2017,7,1,0,1,0,2,0,1
1_07,0,0,1,0,0,0,0,0,1_07_03_V02Y_0,Bhiwani,2017,8,0,0,1,0,1,0,1
1_07,0,0,1,0,0,0,0,0,1_07_03_V02Y_0,Bhiwani,2017,9,0,1,0,1,2,0,1
1_07,0,0,1,0,0,0,0,0,1_07_03_V02Y_0,Bhiwani,2017,11,0,0,0,2,3,0,1
1_07,0,0,1,0,0,0,0,0,1_07_03_V02Y_0,Bhiwani,2017,12,1,0,0,0,1,0,1
1_07,0,0,1,0,0,0,0,0,1_07_03_V02Y_0,Bhiwani,2018,2,1,1,1,1,3,0,1
1_07,0,1,0,0,0,0,0,0,1_07_05_V02Y_0,Bhiwani,2017,3,10,7,12,8,38,0,0
1_07,0,1,0,0,0,0,0,0,1_07_05_V02Y_0,Bhiwani,2017,4,0,0,0,4,7,0,0
1_07,0,1,0,0,0,0,0,0,1_07_05_V02Y_0,Bhiwani,2017,5,17,12,4,5,38,0,0
1_07,0,1,0,0,0,0,0,0,1_07_05_V02Y_0,Bhiwani,2017,6,5,9,8,9,32,0,0
1_07,0,1,0,0,0,0,0,0,1_07_05_V02Y_0,Bhiwani,2017,7,4,1,5,10,21,0,0
1_07,0,1,0,0,0,0,0,0,1_07_05_V02Y_0,Bhiwani,2017,8,6,8,6,8,28,0,0
1_07,0,1,0,0,0,0,0,0,1_07_05_V02Y_0,Bhiwani,2017,9,12,6,8,11,37,0,0
1_07,0,1,0,0,0,0,0,0,1_07_05_V02Y_0,Bhiwani,2017,10,12,7,10,8,37,0,0
1_07,0,1,0,0,0,0,0,0,1_07_05_V02Y_0,Bhiwani,2017,11,5,11,4,4,29,0,0
1_07,0,1,0,0,0,0,0,0,1_07_05_V02Y_0,Bhiwani,2017,12,5,9,11,9,38,0,0
1_07,0,1,0,0,0,0,0,0,1_07_05_V02Y_0,Bhiwani,2018,1,9,5,11,8,42,0,0
1_07,0,1,0,0,0,0,0,0,1_07_05_V02Y_0,Bhiwani,2018,2,6,8,2,1,20,0,0
1_07,0,1,0,0,0,0,0,0,1_07_05_V02Y_0,Bhiwani,2018,3,6,3,8,11,36,0,0
1_08,1,0,0,0,1,0,0,0,1_08_01_V01Y_0,Bhiwani,2017,3,4,9,15,0,28,0,1
1_08,1,0,0,0,1,0,0,0,1_08_01_V01Y_0,Bhiwani,2017,4,13,6,13,25,59,0,1
1_08,1,0,0,0,1,0,0,0,1_08_01_V01Y_0,Bhiwani,2017,5,9,10,8,11,38,0,1
1_08,1,0,0,0,1,0,0,0,1_08_01_V01Y_0,Bhiwani,2017,6,10,12,14,14,46,0,1
1_08,1,0,0,0,1,0,0,0,1_08_01_V01Y_0,Bhiwani,2017,7,18,9,12,14,53,0,1
1_08,1,0,0,0,1,0,0,0,1_08_01_V01Y_0,Bhiwani,2017,8,12,16,4,24,57,0,1
1_08,1,0,0,0,1,0,0,0,1_08_01_V01Y_0,Bhiwani,2017,9,16,14,18,17,66,0,1
1_08,1,0,0,0,1,0,0,0,1_08_01_V01Y_0,Bhiwani,2017,10,17,19,12,12,61,0,1
1_08,1,0,0,0,1,0,0,0,1_08_01_V01Y_0,Bhiwani,2017,11,8,11,11,9,43,0,1
1_08,1,0,0,0,1,0,0,0,1_08_01_V01Y_0,Bhiwani,2017,12,21,13,12,7,55,0,1
1_08,1,0,0,0,1,0,0,0,1_08_01_V01Y_0,Bhiwani,2018,1,22,14,7,8,59,0,1
1_08,1,0,0,0,1,0,0,0,1_08_01_V01Y_0,Bhiwani,2018,2,17,12,9,8,54,0,1
1_08,1,0,0,0,1,0,0,0,1_08_01_V01Y_0,Bhiwani,2018,3,2,14,6,10,37,0,1
1_08,0,1,0,0,0,0,1,0,1_08_02_V01Y_0,Bhiwani,2017,3,7,0,8,8,23,0,1
1_08,0,1,0,0,0,0,1,0,1_08_02_V01Y_0,Bhiwani,2017,4,10,7,1,13,31,0,1
1_08,0,1,0,0,0,0,1,0,1_08_02_V01Y_0,Bhiwani,2017,5,6,8,7,5,26,0,1
1_08,0,1,0,0,0,0,1,0,1_08_02_V01Y_0,Bhiwani,2017,6,3,4,8,10,25,0,1
1_08,0,1,0,0,0,0,1,0,1_08_02_V01Y_0,Bhiwani,2017,7,0,2,7,6,14,0,1
1_08,0,1,0,0,0,0,1,0,1_08_02_V01Y_0,Bhiwani,2017,8,9,2,2,3,16,0,1
1_08,0,1,0,0,0,0,1,0,1_08_02_V01Y_0,Bhiwani,2017,9,14,7,3,10,38,0,1
1_08,0,1,0,0,0,0,1,0,1_08_02_V01Y_0,Bhiwani,2017,10,6,13,7,5,32,0,1
1_08,0,1,0,0,0,0,1,0,1_08_02_V01Y_0,Bhiwani,2017,11,18,4,11,6,41,0,1
1_08,0,1,0,0,0,0,1,0,1_08_02_V01Y_0,Bhiwani,2017,12,12,21,4,4,49,0,1
1_08,0,1,0,0,0,0,1,0,1_08_02_V01Y_0,Bhiwani,2018,1,9,12,14,4,43,0,1
1_08,0,1,0,0,0,0,1,0,1_08_02_V01Y_0,Bhiwani,2018,2,4,8,12,5,38,0,1
1_08,0,1,0,0,0,0,1,0,1_08_02_V01Y_0,Bhiwani,2018,3,4,4,5,5,21,0,1
1_08,1,0,0,0,0,0,1,0,1_08_03_V01Y_0,Bhiwani,2017,3,4,5,5,2,16,0,1
1_08,1,0,0,0,0,0,1,0,1_08_03_V01Y_0,Bhiwani,2017,4,5,10,7,4,26,0,1
1_08,1,0,0,0,0,0,1,0,1_08_03_V01Y_0,Bhiwani,2017,5,3,7,15,8,35,0,1
1_08,1,0,0,0,0,0,1,0,1_08_03_V01Y_0,Bhiwani,2017,6,8,4,7,19,38,0,1
1_08,1,0,0,0,0,0,1,0,1_08_03_V01Y_0,Bhiwani,2017,7,9,5,5,18,41,0,1
1_08,1,0,0,0,0,0,1,0,1_08_03_V01Y_0,Bhiwani,2017,8,7,9,6,10,31,0,1
1_08,1,0,0,0,0,0,1,0,1_08_03_V01Y_0,Bhiwani,2017,9,7,9,7,11,42,0,1
1_08,1,0,0,0,0,0,1,0,1_08_03_V01Y_0,Bhiwani,2017,10,13,6,5,11,35,0,1
1_08,1,0,0,0,0,0,1,0,1_08_03_V01Y_0,Bhiwani,2017,11,8,12,5,9,37,0,1
1_08,1,0,0,0,0,0,1,0,1_08_03_V01Y_0,Bhiwani,2017,12,6,5,10,7,29,0,1
1_08,1,0,0,0,0,0,1,0,1_08_03_V01Y_0,Bhiwani,2018,1,8,4,4,5,25,0,1
1_08,1,0,0,0,0,0,1,0,1_08_03_V01Y_0,Bhiwani,2018,2,8,7,10,5,37,0,1
1_08,1,0,0,0,0,0,1,0,1_08_03_V01Y_0,Bhiwani,2018,3,4,6,4,13,31,0,1
1_08,0,0,1,0,0,1,0,0,1_08_04_V02Y_0,Bhiwani,2017,3,4,3,5,4,16,1,0
1_08,0,0,1,0,0,1,0,0,1_08_04_V02Y_0,Bhiwani,2017,4,6,5,3,6,20,1,0
1_08,0,0,1,0,0,1,0,0,1_08_04_V02Y_0,Bhiwani,2017,5,3,6,3,4,16,1,0
1_08,0,0,1,0,0,1,0,0,1_08_04_V02Y_0,Bhiwani,2017,6,5,6,6,4,22,1,0
1_08,0,0,1,0,0,1,0,0,1_08_04_V02Y_0,Bhiwani,2017,7,4,6,8,8,27,1,0
1_08,0,0,1,0,0,1,0,0,1_08_04_V02Y_0,Bhiwani,2017,8,5,6,3,4,21,1,0
1_08,0,0,1,0,0,1,0,0,1_08_04_V02Y_0,Bhiwani,2017,9,6,3,2,9,22,1,0
1_08,0,0,1,0,0,1,0,0,1_08_04_V02Y_0,Bhiwani,2017,10,3,6,3,5,18,1,0
1_08,0,0,1,0,0,1,0,0,1_08_04_V02Y_0,Bhiwani,2017,11,8,3,11,6,29,1,0
1_08,0,0,1,0,0,1,0,0,1_08_04_V02Y_0,Bhiwani,2017,12,11,7,4,4,27,1,0
1_08,0,0,1,0,0,1,0,0,1_08_04_V02Y_0,Bhiwani,2018,1,1,8,2,4,16,1,0
1_08,0,0,1,0,0,1,0,0,1_08_04_V02Y_0,Bhiwani,2018,2,9,4,12,2,35,1,0
1_08,0,0,1,0,0,1,0,0,1_08_04_V02Y_0,Bhiwani,2018,3,1,8,2,5,20,1,0
1_09,0,0,0,1,0,0,0,1,1_09_03_V01Y_0,Bhiwani,2017,3,3,2,1,2,9,0,1
1_09,0,0,0,1,0,0,0,1,1_09_03_V01Y_0,Bhiwani,2017,4,3,6,4,5,18,0,1
1_09,0,0,0,1,0,0,0,1,1_09_03_V01Y_0,Bhiwani,2017,5,0,3,5,6,16,0,1
1_09,0,0,0,1,0,0,0,1,1_09_03_V01Y_0,Bhiwani,2017,6,1,1,2,3,8,0,1
1_09,0,0,0,1,0,0,0,1,1_09_03_V01Y_0,Bhiwani,2017,7,1,1,2,2,7,0,1
1_09,0,0,0,1,0,0,0,1,1_09_03_V01Y_0,Bhiwani,2017,8,4,2,0,6,14,0,1
1_09,0,0,0,1,0,0,0,1,1_09_03_V01Y_0,Bhiwani,2017,9,4,3,6,5,19,0,1
1_09,0,0,0,1,0,0,0,1,1_09_03_V01Y_0,Bhiwani,2017,10,2,1,2,5,10,0,1
1_09,0,0,0,1,0,0,0,1,1_09_03_V01Y_0,Bhiwani,2017,11,13,5,1,5,27,0,1
1_09,0,0,0,1,0,0,0,1,1_09_03_V01Y_0,Bhiwani,2017,12,4,4,3,2,17,0,1
1_09,0,0,0,1,0,0,0,1,1_09_03_V01Y_0,Bhiwani,2018,1,9,10,6,1,31,0,1
1_09,0,0,0,1,0,0,0,1,1_09_03_V01Y_0,Bhiwani,2018,2,6,8,8,2,30,0,1
1_09,0,0,0,1,0,0,0,1,1_09_03_V01Y_0,Bhiwani,2018,3,8,8,8,4,31,0,1
1_09,1,0,0,0,0,0,1,0,1_09_04_V01Y_0,Bhiwani,2017,3,0,1,0,2,3,0,1
1_09,1,0,0,0,0,0,1,0,1_09_04_V01Y_0,Bhiwani,2017,4,0,0,0,1,2,0,1
1_09,1,0,0,0,0,0,1,0,1_09_04_V01Y_0,Bhiwani,2017,5,1,1,0,1,2,0,1
1_09,1,0,0,0,0,0,1,0,1_09_04_V01Y_0,Bhiwani,2017,6,1,0,2,0,3,0,1
1_09,1,0,0,0,0,0,1,0,1_09_04_V01Y_0,Bhiwani,2017,7,1,1,0,0,2,0,1
1_09,1,0,0,0,0,0,1,0,1_09_04_V01Y_0,Bhiwani,2017,8,1,0,2,0,3,0,1
1_09,1,0,0,0,0,0,1,0,1_09_04_V01Y_0,Bhiwani,2017,9,1,1,0,0,2,0,1
1_09,1,0,0,0,0,0,1,0,1_09_04_V01Y_0,Bhiwani,2017,11,0,0,0,0,1,0,1
1_09,1,0,0,0,0,0,1,0,1_09_04_V01Y_0,Bhiwani,2017,12,1,0,1,2,4,0,1
1_09,1,0,0,0,0,0,1,0,1_09_04_V01Y_0,Bhiwani,2018,1,1,2,0,1,4,0,1
1_09,1,0,0,0,0,0,1,0,1_09_04_V01Y_0,Bhiwani,2018,2,2,4,0,0,6,0,1
1_09,1,0,0,0,0,0,1,0,1_09_04_V01Y_0,Bhiwani,2018,3,0,5,4,0,10,0,1
1_10,0,0,1,0,0,0,0,0,1_10_01_V01Y_0,Bhiwani,2017,2,1,1,6,1,9,0,0
1_10,0,0,1,0,0,0,0,0,1_10_01_V01Y_0,Bhiwani,2017,3,7,9,14,9,43,0,0
1_10,0,0,1,0,0,0,0,0,1_10_01_V01Y_0,Bhiwani,2017,4,11,4,9,8,33,0,0
1_10,0,0,1,0,0,0,0,0,1_10_01_V01Y_0,Bhiwani,2017,5,8,13,4,3,30,0,0
1_10,0,0,1,0,0,0,0,0,1_10_01_V01Y_0,Bhiwani,2017,6,10,7,8,9,39,0,0
1_10,0,0,1,0,0,0,0,0,1_10_01_V01Y_0,Bhiwani,2017,7,9,11,7,14,39,0,0
1_10,0,0,1,0,0,0,0,0,1_10_01_V01Y_0,Bhiwani,2017,8,4,7,2,7,22,0,0
1_10,0,0,1,0,0,0,0,0,1_10_01_V01Y_0,Bhiwani,2017,9,14,10,12,7,52,0,0
1_10,0,0,1,0,0,0,0,0,1_10_01_V01Y_0,Bhiwani,2017,10,14,10,10,2,42,0,0
1_10,0,0,1,0,0,0,0,0,1_10_01_V01Y_0,Bhiwani,2017,11,13,9,10,7,48,0,0
1_10,0,0,1,0,0,0,0,0,1_10_01_V01Y_0,Bhiwani,2017,12,21,6,6,15,52,0,0
1_10,0,0,1,0,0,0,0,0,1_10_01_V01Y_0,Bhiwani,2018,1,17,14,4,4,45,0,0
1_10,0,0,1,0,0,0,0,0,1_10_01_V01Y_0,Bhiwani,2018,2,9,18,6,9,50,0,0
1_10,0,0,1,0,0,0,0,0,1_10_01_V01Y_0,Bhiwani,2018,3,10,12,18,11,67,0,0
1_10,0,1,0,0,0,0,0,0,1_10_03_V01Y_0,Bhiwani,2017,3,3,4,12,2,21,0,1
1_10,0,1,0,0,0,0,0,0,1_10_03_V01Y_0,Bhiwani,2017,4,1,4,6,3,17,0,1
1_10,0,1,0,0,0,0,0,0,1_10_03_V01Y_0,Bhiwani,2017,5,6,1,3,2,12,0,1
1_10,0,1,0,0,0,0,0,0,1_10_03_V01Y_0,Bhiwani,2017,6,4,6,1,6,18,0,1
1_10,0,1,0,0,0,0,0,0,1_10_03_V01Y_0,Bhiwani,2017,7,1,3,3,12,21,0,1
1_10,0,1,0,0,0,0,0,0,1_10_03_V01Y_0,Bhiwani,2017,8,4,1,4,7,16,0,1
1_10,0,1,0,0,0,0,0,0,1_10_03_V01Y_0,Bhiwani,2017,9,7,4,2,6,20,0,1
1_10,0,1,0,0,0,0,0,0,1_10_03_V01Y_0,Bhiwani,2017,10,4,3,2,5,15,0,1
1_10,0,1,0,0,0,0,0,0,1_10_03_V01Y_0,Bhiwani,2017,11,1,2,2,1,9,0,1
1_10,0,1,0,0,0,0,0,0,1_10_03_V01Y_0,Bhiwani,2017,12,4,1,3,2,13,0,1
1_10,0,1,0,0,0,0,0,0,1_10_03_V01Y_0,Bhiwani,2018,1,0,2,4,4,13,0,1
1_10,0,1,0,0,0,0,0,0,1_10_03_V01Y_0,Bhiwani,2018,2,6,4,2,4,20,0,1
1_10,0,1,0,0,0,0,0,0,1_10_03_V01Y_0,Bhiwani,2018,3,6,4,2,0,20,0,1
1_10,0,0,1,0,0,0,0,0,1_10_04_V01Y_1,Bhiwani,2017,2,4,2,1,3,10,1,0
1_10,0,0,1,0,0,0,0,0,1_10_04_V01Y_1,Bhiwani,2017,3,8,6,13,5,32,1,0
1_10,0,0,1,0,0,0,0,0,1_10_04_V01Y_1,Bhiwani,2017,4,4,5,7,12,29,1,0
1_10,0,0,1,0,0,0,0,0,1_10_04_V01Y_1,Bhiwani,2017,5,2,4,2,5,16,1,0
1_10,0,0,1,0,0,0,0,0,1_10_04_V01Y_1,Bhiwani,2017,6,6,2,4,7,20,1,0
1_10,0,0,1,0,0,0,0,0,1_10_04_V01Y_1,Bhiwani,2017,7,7,4,3,8,23,1,0
1_10,0,0,1,0,0,0,0,0,1_10_04_V01Y_1,Bhiwani,2017,8,5,7,1,8,25,1,0
1_10,0,0,1,0,0,0,0,0,1_10_04_V01Y_1,Bhiwani,2017,9,9,8,10,4,35,1,0
1_10,0,0,1,0,0,0,0,0,1_10_04_V01Y_1,Bhiwani,2017,10,7,4,7,6,30,1,0
1_10,0,0,1,0,0,0,0,0,1_10_04_V01Y_1,Bhiwani,2017,11,11,5,5,5,39,1,0
1_10,0,0,1,0,0,0,0,0,1_10_04_V01Y_1,Bhiwani,2017,12,20,10,5,5,49,1,0
1_10,0,0,1,0,0,0,0,0,1_10_04_V01Y_1,Bhiwani,2018,1,9,11,9,2,41,1,0
1_10,0,0,1,0,0,0,0,0,1_10_04_V01Y_1,Bhiwani,2018,2,9,17,14,9,55,1,0
1_10,0,0,1,0,0,0,0,0,1_10_04_V01Y_1,Bhiwani,2018,3,3,9,10,5,38,1,0
1_10,0,0,1,0,0,0,0,0,1_10_05_V01Y_1,Bhiwani,2017,4,13,10,6,6,36,0,1
1_10,0,0,1,0,0,0,0,0,1_10_05_V01Y_1,Bhiwani,2017,5,5,11,3,6,26,0,1
1_10,0,0,1,0,0,0,0,0,1_10_05_V01Y_1,Bhiwani,2017,6,5,5,9,10,29,0,1
1_10,0,0,1,0,0,0,0,0,1_10_05_V01Y_1,Bhiwani,2017,7,4,2,5,12,26,0,1
1_10,0,0,1,0,0,0,0,0,1_10_05_V01Y_1,Bhiwani,2017,8,9,5,3,11,32,0,1
1_10,0,0,1,0,0,0,0,0,1_10_05_V01Y_1,Bhiwani,2017,9,11,7,6,7,35,0,1
1_10,0,0,1,0,0,0,0,0,1_10_05_V01Y_1,Bhiwani,2017,10,8,10,6,3,29,0,1
1_10,0,0,1,0,0,0,0,0,1_10_05_V01Y_1,Bhiwani,2017,11,8,13,3,3,30,0,1
1_10,0,0,1,0,0,0,0,0,1_10_05_V01Y_1,Bhiwani,2017,12,14,9,13,8,52,0,1
1_10,0,0,1,0,0,0,0,0,1_10_05_V01Y_1,Bhiwani,2018,1,6,6,6,5,27,0,1
1_10,0,0,1,0,0,0,0,0,1_10_05_V01Y_1,Bhiwani,2018,2,14,11,7,4,43,0,1
1_10,0,0,1,0,0,0,0,0,1_10_05_V01Y_1,Bhiwani,2018,3,2,9,10,7,50,0,1
1_11,0,0,0,1,0,0,0,0,1_11_01_V01Y_0,Bhiwani,2017,3,7,6,3,2,20,1,0
1_11,0,0,0,1,0,0,0,0,1_11_01_V01Y_0,Bhiwani,2017,4,3,3,2,2,10,1,0
1_11,0,0,0,1,0,0,0,0,1_11_01_V01Y_0,Bhiwani,2017,5,1,2,5,2,11,1,0
1_11,0,0,0,1,0,0,0,0,1_11_01_V01Y_0,Bhiwani,2017,6,3,4,3,7,17,1,0
1_11,0,0,0,1,0,0,0,0,1_11_01_V01Y_0,Bhiwani,2017,7,0,1,4,7,14,1,0
1_11,0,0,0,1,0,0,0,0,1_11_01_V01Y_0,Bhiwani,2017,8,3,2,1,1,7,1,0
1_11,0,0,0,1,0,0,0,0,1_11_01_V01Y_0,Bhiwani,2017,9,5,0,0,2,8,1,0
1_11,0,0,0,1,0,0,0,0,1_11_01_V01Y_0,Bhiwani,2017,10,0,5,1,8,17,1,0
1_11,0,0,0,1,0,0,0,0,1_11_01_V01Y_0,Bhiwani,2017,11,4,4,4,2,19,1,0
1_11,0,0,0,1,0,0,0,0,1_11_01_V01Y_0,Bhiwani,2017,12,8,3,4,3,22,1,0
1_11,0,0,0,1,0,0,0,0,1_11_01_V01Y_0,Bhiwani,2018,1,5,6,2,1,19,1,0
1_11,0,0,0,1,0,0,0,0,1_11_01_V01Y_0,Bhiwani,2018,2,4,8,9,2,25,1,0
1_11,0,0,0,1,0,0,0,0,1_11_01_V01Y_0,Bhiwani,2018,3,2,4,4,2,27,1,0
1_11,1,0,0,0,0,0,0,0,1_11_02_V03Y_0,Bhiwani,2017,3,5,5,3,5,20,0,1
1_11,1,0,0,0,0,0,0,0,1_11_02_V03Y_0,Bhiwani,2017,4,2,7,7,2,19,0,1
1_11,1,0,0,0,0,0,0,0,1_11_02_V03Y_0,Bhiwani,2017,5,6,5,4,5,20,0,1
1_11,1,0,0,0,0,0,0,0,1_11_02_V03Y_0,Bhiwani,2017,6,6,9,6,11,32,0,1
1_11,1,0,0,0,0,0,0,0,1_11_02_V03Y_0,Bhiwani,2017,7,5,7,5,8,27,0,1
1_11,1,0,0,0,0,0,0,0,1_11_02_V03Y_0,Bhiwani,2017,8,0,4,4,3,12,0,1
1_11,1,0,0,0,0,0,0,0,1_11_02_V03Y_0,Bhiwani,2017,9,7,1,4,3,19,0,1
1_11,1,0,0,0,0,0,0,0,1_11_02_V03Y_0,Bhiwani,2017,10,13,6,7,9,40,0,1
1_11,1,0,0,0,0,0,0,0,1_11_02_V03Y_0,Bhiwani,2017,11,5,2,0,2,10,0,1
1_11,1,0,0,0,0,0,0,0,1_11_02_V03Y_0,Bhiwani,2017,12,9,9,9,5,33,0,1
1_11,1,0,0,0,0,0,0,0,1_11_02_V03Y_0,Bhiwani,2018,1,0,4,3,1,10,0,1
1_11,1,0,0,0,0,0,0,0,1_11_02_V03Y_0,Bhiwani,2018,2,12,8,14,5,44,0,1
1_11,1,0,0,0,0,0,0,0,1_11_02_V03Y_0,Bhiwani,2018,3,3,16,5,3,39,0,1
1_11,1,0,0,0,0,0,0,0,1_11_04_V03Y_0,Bhiwani,2017,3,1,1,0,1,3,0,1
1_11,1,0,0,0,0,0,0,0,1_11_04_V03Y_0,Bhiwani,2017,4,2,0,0,1,3,0,1
1_11,1,0,0,0,0,0,0,0,1_11_04_V03Y_0,Bhiwani,2017,5,1,0,0,0,1,0,1
1_11,1,0,0,0,0,0,0,0,1_11_04_V03Y_0,Bhiwani,2017,6,1,1,1,1,1,0,1
1_11,1,0,0,0,0,0,0,0,1_11_04_V03Y_0,Bhiwani,2017,7,0,0,0,0,1,0,1
1_11,1,0,0,0,0,0,0,0,1_11_04_V03Y_0,Bhiwani,2017,8,0,1,0,1,2,0,1
1_11,1,0,0,0,0,0,0,0,1_11_04_V03Y_0,Bhiwani,2017,9,2,0,1,0,3,0,1
1_11,1,0,0,0,0,0,0,0,1_11_04_V03Y_0,Bhiwani,2017,10,0,1,1,0,3,0,1
1_11,1,0,0,0,0,0,0,0,1_11_04_V03Y_0,Bhiwani,2017,11,2,1,1,1,5,0,1
1_11,1,0,0,0,0,0,0,0,1_11_04_V03Y_0,Bhiwani,2017,12,1,1,2,1,6,0,1
1_11,1,0,0,0,0,0,0,0,1_11_04_V03Y_0,Bhiwani,2018,1,4,1,1,1,7,0,1
1_11,1,0,0,0,0,0,0,0,1_11_04_V03Y_0,Bhiwani,2018,2,4,3,0,0,7,0,1
1_11,1,0,0,0,0,0,0,0,1_11_04_V03Y_0,Bhiwani,2018,3,1,5,1,1,9,0,1
1_11,0,0,0,1,0,0,0,0,1_11_05_V02Y_0,Bhiwani,2017,3,0,4,3,3,10,0,0
1_11,0,0,0,1,0,0,0,0,1_11_05_V02Y_0,Bhiwani,2017,4,1,0,3,1,5,0,0
1_11,0,0,0,1,0,0,0,0,1_11_05_V02Y_0,Bhiwani,2017,5,1,1,2,2,8,0,0
1_11,0,0,0,1,0,0,0,0,1_11_05_V02Y_0,Bhiwani,2017,6,1,0,2,2,5,0,0
1_11,0,0,0,1,0,0,0,0,1_11_05_V02Y_0,Bhiwani,2017,7,0,2,0,5,6,0,0
1_11,0,0,0,1,0,0,0,0,1_11_05_V02Y_0,Bhiwani,2017,8,0,0,2,3,5,0,0
1_11,0,0,0,1,0,0,0,0,1_11_05_V02Y_0,Bhiwani,2017,9,1,0,0,2,6,0,0
1_11,0,0,0,1,0,0,0,0,1_11_05_V02Y_0,Bhiwani,2017,10,0,0,0,2,4,0,0
1_11,0,0,0,1,0,0,0,0,1_11_05_V02Y_0,Bhiwani,2017,11,1,1,0,0,5,0,0
1_11,0,0,0,1,0,0,0,0,1_11_05_V02Y_0,Bhiwani,2017,12,3,0,1,0,9,0,0
1_11,0,0,0,1,0,0,0,0,1_11_05_V02Y_0,Bhiwani,2018,1,1,3,0,2,11,0,0
1_11,0,0,0,1,0,0,0,0,1_11_05_V02Y_0,Bhiwani,2018,2,0,3,3,1,13,0,0
1_11,0,0,0,1,0,0,0,0,1_11_05_V02Y_0,Bhiwani,2018,3,1,0,2,0,9,0,0
1_11,1,0,0,0,0,0,0,0,1_11_05_V03Y_0,Bhiwani,2017,3,7,5,10,3,25,0,0
1_11,1,0,0,0,0,0,0,0,1_11_05_V03Y_0,Bhiwani,2017,4,3,4,5,9,23,0,0
1_11,1,0,0,0,0,0,0,0,1_11_05_V03Y_0,Bhiwani,2017,5,3,3,4,6,19,0,0
1_11,1,0,0,0,0,0,0,0,1_11_05_V03Y_0,Bhiwani,2017,6,8,5,4,10,28,0,0
1_11,1,0,0,0,0,0,0,0,1_11_05_V03Y_0,Bhiwani,2017,7,4,2,8,9,25,0,0
1_11,1,0,0,0,0,0,0,0,1_11_05_V03Y_0,Bhiwani,2017,8,2,6,3,5,16,0,0
1_11,1,0,0,0,0,0,0,0,1_11_05_V03Y_0,Bhiwani,2017,9,12,7,6,7,39,0,0
1_11,1,0,0,0,0,0,0,0,1_11_05_V03Y_0,Bhiwani,2017,10,16,8,5,7,46,0,0
1_11,1,0,0,0,0,0,0,0,1_11_05_V03Y_0,Bhiwani,2017,11,13,16,5,1,41,0,0
1_11,1,0,0,0,0,0,0,0,1_11_05_V03Y_0,Bhiwani,2017,12,9,15,14,6,62,0,0
1_11,1,0,0,0,0,0,0,0,1_11_05_V03Y_0,Bhiwani,2018,1,9,8,9,3,41,0,0
1_11,1,0,0,0,0,0,0,0,1_11_05_V03Y_0,Bhiwani,2018,2,12,10,12,7,49,0,0
1_11,1,0,0,0,0,0,0,0,1_11_05_V03Y_0,Bhiwani,2018,3,3,12,9,6,50,0,0
1_12,0,0,1,0,0,0,0,0,1_12_03_V01Y_0,Bhiwani,2017,3,18,16,18,12,65,0,0
1_12,0,0,1,0,0,0,0,0,1_12_03_V01Y_0,Bhiwani,2017,4,13,15,12,17,59,0,0
1_12,0,0,1,0,0,0,0,0,1_12_03_V01Y_0,Bhiwani,2017,5,11,11,9,13,55,0,0
1_12,0,0,1,0,0,0,0,0,1_12_03_V01Y_0,Bhiwani,2017,6,3,2,1,1,18,0,0
1_12,0,0,1,0,0,0,0,0,1_12_03_V01Y_0,Bhiwani,2017,7,17,16,16,14,60,0,0
1_12,0,0,1,0,0,0,0,0,1_12_03_V01Y_0,Bhiwani,2017,8,13,14,14,15,51,0,0
1_12,0,0,1,0,0,0,0,0,1_12_03_V01Y_0,Bhiwani,2017,9,19,15,19,23,75,0,0
1_12,0,0,1,0,0,0,0,0,1_12_03_V01Y_0,Bhiwani,2017,10,24,18,14,15,85,0,0
1_12,0,0,1,0,0,0,0,0,1_12_03_V01Y_0,Bhiwani,2017,11,21,17,17,13,71,0,0
1_12,0,0,1,0,0,0,0,0,1_12_03_V01Y_0,Bhiwani,2017,12,20,16,15,16,85,0,0
1_12,0,0,1,0,0,0,0,0,1_12_03_V01Y_0,Bhiwani,2018,1,17,19,13,10,64,0,0
1_12,0,0,1,0,0,0,0,0,1_12_03_V01Y_0,Bhiwani,2018,2,20,18,23,19,88,0,0
1_12,0,0,1,0,0,0,0,0,1_12_03_V01Y_0,Bhiwani,2018,3,20,20,18,15,87,0,0
1_12,1,0,0,0,0,0,0,0,1_12_04_V02Y_0,Bhiwani,2017,3,17,15,9,7,51,1,0
1_12,1,0,0,0,0,0,0,0,1_12_04_V02Y_0,Bhiwani,2017,4,9,9,6,8,35,1,0
1_12,1,0,0,0,0,0,0,0,1_12_04_V02Y_0,Bhiwani,2017,5,9,12,13,11,46,1,0
1_12,1,0,0,0,0,0,0,0,1_12_04_V02Y_0,Bhiwani,2017,6,8,9,12,9,43,1,0
1_12,1,0,0,0,0,0,0,0,1_12_04_V02Y_0,Bhiwani,2017,7,7,10,9,10,40,1,0
1_12,1,0,0,0,0,0,0,0,1_12_04_V02Y_0,Bhiwani,2017,8,9,8,12,8,45,1,0
1_12,1,0,0,0,0,0,0,0,1_12_04_V02Y_0,Bhiwani,2017,9,14,6,10,15,50,1,0
1_12,1,0,0,0,0,0,0,0,1_12_04_V02Y_0,Bhiwani,2017,10,8,12,9,14,48,1,0
1_12,1,0,0,0,0,0,0,0,1_12_04_V02Y_0,Bhiwani,2017,11,9,15,9,8,49,1,0
1_12,1,0,0,0,0,0,0,0,1_12_04_V02Y_0,Bhiwani,2017,12,5,8,14,9,48,1,0
1_12,1,0,0,0,0,0,0,0,1_12_04_V02Y_0,Bhiwani,2018,1,10,5,8,4,37,1,0
1_12,1,0,0,0,0,0,0,0,1_12_04_V02Y_0,Bhiwani,2018,2,10,8,9,12,50,1,0
1_12,1,0,0,0,0,0,0,0,1_12_04_V02Y_0,Bhiwani,2018,3,8,12,8,8,51,1,0
1_13,0,1,0,0,0,0,0,0,1_13_01_V01Y_0,Bhiwani,2017,3,4,2,2,3,11,1,0
1_13,0,1,0,0,0,0,0,0,1_13_01_V01Y_0,Bhiwani,2017,4,3,4,1,4,12,1,0
1_13,0,1,0,0,0,0,0,0,1_13_01_V01Y_0,Bhiwani,2017,5,2,3,7,2,14,1,0
1_13,0,1,0,0,0,0,0,0,1_13_01_V01Y_0,Bhiwani,2017,6,2,2,3,1,8,1,0
1_13,0,1,0,0,0,0,0,0,1_13_01_V01Y_0,Bhiwani,2017,7,2,3,0,2,8,1,0
1_13,0,1,0,0,0,0,0,0,1_13_01_V01Y_0,Bhiwani,2017,8,1,3,1,0,7,1,0
1_13,0,1,0,0,0,0,0,0,1_13_01_V01Y_0,Bhiwani,2017,9,5,2,2,2,13,1,0
1_13,0,1,0,0,0,0,0,0,1_13_01_V01Y_0,Bhiwani,2017,10,3,4,2,2,14,1,0
1_13,0,1,0,0,0,0,0,0,1_13_01_V01Y_0,Bhiwani,2017,11,2,2,4,3,13,1,0
1_13,0,1,0,0,0,0,0,0,1_13_01_V01Y_0,Bhiwani,2017,12,2,0,0,3,8,1,0
1_13,0,1,0,0,0,0,0,0,1_13_01_V01Y_0,Bhiwani,2018,1,3,5,0,0,12,1,0
1_13,0,1,0,0,0,0,0,0,1_13_01_V01Y_0,Bhiwani,2018,2,3,2,5,2,13,1,0
1_13,0,1,0,0,0,0,0,0,1_13_01_V01Y_0,Bhiwani,2018,3,2,3,3,1,14,1,0
1_13,0,0,1,0,0,0,0,0,1_13_02_V02Y_0,Bhiwani,2017,3,5,6,4,1,16,0,0
1_13,0,0,1,0,0,0,0,0,1_13_02_V02Y_0,Bhiwani,2017,4,9,6,4,3,22,0,0
1_13,0,0,1,0,0,0,0,0,1_13_02_V02Y_0,Bhiwani,2017,5,2,6,4,2,14,0,0
1_13,0,0,1,0,0,0,0,0,1_13_02_V02Y_0,Bhiwani,2017,6,1,3,2,3,9,0,0
1_13,0,0,1,0,0,0,0,0,1_13_02_V02Y_0,Bhiwani,2017,7,2,7,8,8,24,0,0
1_13,0,0,1,0,0,0,0,0,1_13_02_V02Y_0,Bhiwani,2017,8,4,3,6,5,18,0,0
1_13,0,0,1,0,0,0,0,0,1_13_02_V02Y_0,Bhiwani,2017,9,6,3,2,4,15,0,0
1_13,0,0,1,0,0,0,0,0,1_13_02_V02Y_0,Bhiwani,2017,10,3,5,2,5,15,0,0
1_13,0,0,1,0,0,0,0,0,1_13_02_V02Y_0,Bhiwani,2017,11,1,6,5,4,17,0,0
1_13,0,0,1,0,0,0,0,0,1_13_02_V02Y_0,Bhiwani,2017,12,5,1,4,3,14,0,0
1_13,0,0,1,0,0,0,0,0,1_13_02_V02Y_0,Bhiwani,2018,1,5,3,5,5,17,0,0
1_13,0,0,1,0,0,0,0,0,1_13_02_V02Y_0,Bhiwani,2018,2,3,5,2,1,11,0,0
1_13,0,0,1,0,0,0,0,0,1_13_02_V02Y_0,Bhiwani,2018,3,5,2,3,3,20,0,0
1_13,0,0,1,0,0,0,0,0,1_13_02_V04Y_0,Bhiwani,2017,3,3,4,6,2,15,0,0
1_13,0,0,1,0,0,0,0,0,1_13_02_V04Y_0,Bhiwani,2017,4,4,2,6,2,14,0,0
1_13,0,0,1,0,0,0,0,0,1_13_02_V04Y_0,Bhiwani,2017,5,0,1,1,3,5,0,0
1_13,0,0,1,0,0,0,0,0,1_13_02_V04Y_0,Bhiwani,2017,6,6,2,1,2,11,0,0
1_13,0,0,1,0,0,0,0,0,1_13_02_V04Y_0,Bhiwani,2017,7,1,3,1,4,9,0,0
1_13,0,0,1,0,0,0,0,0,1_13_02_V04Y_0,Bhiwani,2017,8,3,1,2,3,9,0,0
1_13,0,0,1,0,0,0,0,0,1_13_02_V04Y_0,Bhiwani,2017,9,4,3,3,5,15,0,0
1_13,0,0,1,0,0,0,0,0,1_13_02_V04Y_0,Bhiwani,2017,10,4,1,0,1,6,0,0
1_13,0,0,1,0,0,0,0,0,1_13_02_V04Y_0,Bhiwani,2017,11,1,4,2,1,8,0,0
1_13,0,0,1,0,0,0,0,0,1_13_02_V04Y_0,Bhiwani,2017,12,2,1,3,2,9,0,0
1_13,0,0,1,0,0,0,0,0,1_13_02_V04Y_0,Bhiwani,2018,1,4,2,1,2,11,0,0
1_13,0,0,1,0,0,0,0,0,1_13_02_V04Y_0,Bhiwani,2018,2,2,6,0,2,11,0,0
1_13,0,0,1,0,0,0,0,0,1_13_02_V04Y_0,Bhiwani,2018,3,2,2,6,2,15,0,0
1_13,0,0,0,1,0,0,0,0,1_13_04_V04Y_0,Bhiwani,2017,3,6,4,2,6,20,0,0
1_13,0,0,0,1,0,0,0,0,1_13_04_V04Y_0,Bhiwani,2017,4,2,3,3,3,12,0,0
1_13,0,0,0,1,0,0,0,0,1_13_04_V04Y_0,Bhiwani,2017,5,1,3,2,1,8,0,0
1_13,0,0,0,1,0,0,0,0,1_13_04_V04Y_0,Bhiwani,2017,6,1,0,3,6,11,0,0
1_13,0,0,0,1,0,0,0,0,1_13_04_V04Y_0,Bhiwani,2017,7,2,3,2,5,15,0,0
1_13,0,0,0,1,0,0,0,0,1_13_04_V04Y_0,Bhiwani,2017,8,5,2,1,4,14,0,0
1_13,0,0,0,1,0,0,0,0,1_13_04_V04Y_0,Bhiwani,2017,9,4,1,1,2,10,0,0
1_13,0,0,0,1,0,0,0,0,1_13_04_V04Y_0,Bhiwani,2017,10,4,4,4,6,25,0,0
1_13,0,0,0,1,0,0,0,0,1_13_04_V04Y_0,Bhiwani,2017,11,2,3,5,1,20,0,0
1_13,0,0,0,1,0,0,0,0,1_13_04_V04Y_0,Bhiwani,2017,12,4,5,4,1,19,0,0
1_13,0,0,0,1,0,0,0,0,1_13_04_V04Y_0,Bhiwani,2018,1,9,3,5,0,19,0,0
1_13,0,0,0,1,0,0,0,0,1_13_04_V04Y_0,Bhiwani,2018,2,6,4,2,0,19,0,0
1_13,0,0,0,1,0,0,0,0,1_13_04_V04Y_0,Bhiwani,2018,3,3,12,6,5,28,0,0
1_13,0,1,0,0,0,0,0,0,1_13_05_V03Y_0,Bhiwani,2017,3,0,1,1,1,3,0,0
1_13,0,1,0,0,0,0,0,0,1_13_05_V03Y_0,Bhiwani,2017,4,4,2,3,4,13,0,0
1_13,0,1,0,0,0,0,0,0,1_13_05_V03Y_0,Bhiwani,2017,5,1,3,1,2,8,0,0
1_13,0,1,0,0,0,0,0,0,1_13_05_V03Y_0,Bhiwani,2017,6,1,3,2,5,11,0,0
1_13,0,1,0,0,0,0,0,0,1_13_05_V03Y_0,Bhiwani,2017,7,2,1,4,4,11,0,0
1_13,0,1,0,0,0,0,0,0,1_13_05_V03Y_0,Bhiwani,2017,8,0,1,1,6,8,0,0
1_13,0,1,0,0,0,0,0,0,1_13_05_V03Y_0,Bhiwani,2017,9,1,2,0,0,7,0,0
1_13,0,1,0,0,0,0,0,0,1_13_05_V03Y_0,Bhiwani,2017,10,4,3,3,3,13,0,0
1_13,0,1,0,0,0,0,0,0,1_13_05_V03Y_0,Bhiwani,2017,11,3,3,2,4,14,0,0
1_13,0,1,0,0,0,0,0,0,1_13_05_V03Y_0,Bhiwani,2017,12,4,3,6,1,15,0,0
1_13,0,1,0,0,0,0,0,0,1_13_05_V03Y_0,Bhiwani,2018,1,3,4,0,1,12,0,0
1_13,0,1,0,0,0,0,0,0,1_13_05_V03Y_0,Bhiwani,2018,2,4,4,3,1,12,0,0
1_13,0,1,0,0,0,0,0,0,1_13_05_V03Y_0,Bhiwani,2018,3,2,5,4,1,19,0,0
1_14,0,1,0,0,0,0,0,1,1_14_01_V01Y_0,Bhiwani,2017,3,13,15,17,9,56,0,1
1_14,0,1,0,0,0,0,0,1,1_14_01_V01Y_0,Bhiwani,2017,4,11,7,17,6,43,0,1
1_14,0,1,0,0,0,0,0,1,1_14_01_V01Y_0,Bhiwani,2017,5,6,11,13,14,49,0,1
1_14,0,1,0,0,0,0,0,1,1_14_01_V01Y_0,Bhiwani,2017,6,6,4,11,13,35,0,1
1_14,0,1,0,0,0,0,0,1,1_14_01_V01Y_0,Bhiwani,2017,7,7,6,5,11,33,0,1
1_14,0,1,0,0,0,0,0,1,1_14_01_V01Y_0,Bhiwani,2017,8,14,10,6,19,51,0,1
1_14,0,1,0,0,0,0,0,1,1_14_01_V01Y_0,Bhiwani,2017,9,15,9,7,17,52,0,1
1_14,0,1,0,0,0,0,0,1,1_14_01_V01Y_0,Bhiwani,2017,10,16,16,6,10,49,0,1
1_14,0,1,0,0,0,0,0,1,1_14_01_V01Y_0,Bhiwani,2017,11,22,17,17,10,73,0,1
1_14,0,1,0,0,0,0,0,1,1_14_01_V01Y_0,Bhiwani,2017,12,16,19,11,8,61,0,1
1_14,0,1,0,0,0,0,0,1,1_14_01_V01Y_0,Bhiwani,2018,1,16,15,15,5,58,0,1
1_14,0,1,0,0,0,0,0,1,1_14_01_V01Y_0,Bhiwani,2018,2,17,17,19,7,68,0,1
1_14,0,1,0,0,0,0,0,1,1_14_01_V01Y_0,Bhiwani,2018,3,7,13,14,9,61,0,1
1_14,0,0,1,0,0,1,0,0,1_14_02_V03Y_0,Bhiwani,2017,3,3,0,5,1,10,0,0
1_14,0,0,1,0,0,1,0,0,1_14_02_V03Y_0,Bhiwani,2017,4,11,6,4,6,28,0,0
1_14,0,0,1,0,0,1,0,0,1_14_02_V03Y_0,Bhiwani,2017,5,1,8,3,4,17,0,0
1_14,0,0,1,0,0,1,0,0,1_14_02_V03Y_0,Bhiwani,2017,6,3,2,8,6,22,0,0
1_14,0,0,1,0,0,1,0,0,1_14_02_V03Y_0,Bhiwani,2017,7,6,1,3,8,21,0,0
1_14,0,0,1,0,0,1,0,0,1_14_02_V03Y_0,Bhiwani,2017,8,8,6,1,7,23,0,0
1_14,0,0,1,0,0,1,0,0,1_14_02_V03Y_0,Bhiwani,2017,9,8,6,4,5,24,0,0
1_14,0,0,1,0,0,1,0,0,1_14_02_V03Y_0,Bhiwani,2017,10,4,8,4,0,17,0,0
1_14,0,0,1,0,0,1,0,0,1_14_02_V03Y_0,Bhiwani,2017,11,8,8,6,6,27,0,0
1_14,0,0,1,0,0,1,0,0,1_14_02_V03Y_0,Bhiwani,2017,12,7,6,7,5,28,0,0
1_14,0,0,1,0,0,1,0,0,1_14_02_V03Y_0,Bhiwani,2018,1,2,6,3,2,15,0,0
1_14,0,0,1,0,0,1,0,0,1_14_02_V03Y_0,Bhiwani,2018,2,3,1,6,2,17,0,0
1_14,0,0,1,0,0,1,0,0,1_14_02_V03Y_0,Bhiwani,2018,3,3,2,2,4,16,0,0
1_14,0,0,1,0,0,0,0,1,1_14_03_V01Y_0,Bhiwani,2017,3,5,6,5,7,25,1,0
1_14,0,0,1,0,0,0,0,1,1_14_03_V01Y_0,Bhiwani,2017,4,4,9,7,6,29,1,0
1_14,0,0,1,0,0,0,0,1,1_14_03_V01Y_0,Bhiwani,2017,5,6,2,7,13,29,1,0
1_14,0,0,1,0,0,0,0,1,1_14_03_V01Y_0,Bhiwani,2017,6,4,8,2,6,24,1,0
1_14,0,0,1,0,0,0,0,1,1_14_03_V01Y_0,Bhiwani,2017,7,3,6,8,9,28,1,0
1_14,0,0,1,0,0,0,0,1,1_14_03_V01Y_0,Bhiwani,2017,8,6,7,7,5,29,1,0
1_14,0,0,1,0,0,0,0,1,1_14_03_V01Y_0,Bhiwani,2017,9,9,7,1,8,25,1,0
1_14,0,0,1,0,0,0,0,1,1_14_03_V01Y_0,Bhiwani,2017,10,4,7,10,5,30,1,0
1_14,0,0,1,0,0,0,0,1,1_14_03_V01Y_0,Bhiwani,2017,11,8,2,9,8,33,1,0
1_14,0,0,1,0,0,0,0,1,1_14_03_V01Y_0,Bhiwani,2017,12,10,8,5,8,35,1,0
1_14,0,0,1,0,0,0,0,1,1_14_03_V01Y_0,Bhiwani,2018,1,9,10,9,7,42,1,0
1_14,0,0,1,0,0,0,0,1,1_14_03_V01Y_0,Bhiwani,2018,2,6,8,3,4,28,1,0
1_14,0,0,1,0,0,0,0,1,1_14_03_V01Y_0,Bhiwani,2018,3,2,1,6,2,15,1,0
1_15,1,0,0,0,0,0,0,0,1_15_01_V02Y_0,Bhiwani,2017,3,2,0,0,2,6,0,0
1_15,1,0,0,0,0,0,0,0,1_15_01_V02Y_0,Bhiwani,2017,4,3,0,2,0,4,0,0
1_15,1,0,0,0,0,0,0,0,1_15_01_V02Y_0,Bhiwani,2017,5,2,6,0,0,9,0,0
1_15,1,0,0,0,0,0,0,0,1_15_01_V02Y_0,Bhiwani,2017,6,1,2,5,0,8,0,0
1_15,1,0,0,0,0,0,0,0,1_15_01_V02Y_0,Bhiwani,2017,7,3,0,1,1,6,0,0
1_15,1,0,0,0,0,0,0,0,1_15_01_V02Y_0,Bhiwani,2017,8,1,4,1,1,6,0,0
1_15,1,0,0,0,0,0,0,0,1_15_01_V02Y_0,Bhiwani,2017,9,0,0,4,3,8,0,0
1_15,1,0,0,0,0,0,0,0,1_15_01_V02Y_0,Bhiwani,2017,10,3,1,2,5,12,0,0
1_15,1,0,0,0,0,0,0,0,1_15_01_V02Y_0,Bhiwani,2017,11,0,3,1,0,4,0,0
1_15,1,0,0,0,0,0,0,0,1_15_01_V02Y_0,Bhiwani,2017,12,2,0,1,2,7,0,0
1_15,1,0,0,0,0,0,0,0,1_15_01_V02Y_0,Bhiwani,2018,1,1,1,2,1,5,0,0
1_15,1,0,0,0,0,0,0,0,1_15_01_V02Y_0,Bhiwani,2018,2,3,2,1,2,10,0,0
1_15,1,0,0,0,0,0,0,0,1_15_01_V02Y_0,Bhiwani,2018,3,0,2,0,2,4,0,0
1_15,0,1,0,0,0,0,0,0,1_15_06_V03Y_0,Bhiwani,2017,3,1,0,1,1,3,0,0
1_15,0,1,0,0,0,0,0,0,1_15_06_V03Y_0,Bhiwani,2017,4,2,0,0,1,3,0,0
1_15,0,1,0,0,0,0,0,0,1_15_06_V03Y_0,Bhiwani,2017,5,1,2,0,2,5,0,0
1_15,0,1,0,0,0,0,0,0,1_15_06_V03Y_0,Bhiwani,2017,6,0,1,0,3,6,0,0
1_15,0,1,0,0,0,0,0,0,1_15_06_V03Y_0,Bhiwani,2017,7,3,0,2,0,6,0,0
1_15,0,1,0,0,0,0,0,0,1_15_06_V03Y_0,Bhiwani,2017,8,1,1,0,1,5,0,0
1_15,0,1,0,0,0,0,0,0,1_15_06_V03Y_0,Bhiwani,2017,9,1,1,1,0,6,0,0
1_15,0,1,0,0,0,0,0,0,1_15_06_V03Y_0,Bhiwani,2017,10,6,1,2,0,9,0,0
1_15,0,1,0,0,0,0,0,0,1_15_06_V03Y_0,Bhiwani,2017,11,1,2,0,1,5,0,0
1_15,0,1,0,0,0,0,0,0,1_15_06_V03Y_0,Bhiwani,2017,12,2,2,2,1,8,0,0
1_15,0,1,0,0,0,0,0,0,1_15_06_V03Y_0,Bhiwani,2018,2,2,1,4,0,9,0,0
1_15,0,1,0,0,0,0,0,0,1_15_06_V03Y_0,Bhiwani,2018,3,1,3,1,1,8,0,0
1_16,1,0,0,0,0,0,0,0,1_16_01_V02Y_0,Bhiwani,2017,3,2,1,2,0,6,1,0
1_16,1,0,0,0,0,0,0,0,1_16_01_V02Y_0,Bhiwani,2017,4,1,2,1,4,8,1,0
1_16,1,0,0,0,0,0,0,0,1_16_01_V02Y_0,Bhiwani,2017,5,1,1,1,5,8,1,0
1_16,1,0,0,0,0,0,0,0,1_16_01_V02Y_0,Bhiwani,2017,6,3,0,3,6,12,1,0
1_16,1,0,0,0,0,0,0,0,1_16_01_V02Y_0,Bhiwani,2017,7,1,4,1,0,7,1,0
1_16,1,0,0,0,0,0,0,0,1_16_01_V02Y_0,Bhiwani,2017,8,0,1,4,2,8,1,0
1_16,1,0,0,0,0,0,0,0,1_16_01_V02Y_0,Bhiwani,2017,9,3,0,1,1,10,1,0
1_16,1,0,0,0,0,0,0,0,1_16_01_V02Y_0,Bhiwani,2017,10,3,3,0,1,8,1,0
1_16,1,0,0,0,0,0,0,0,1_16_01_V02Y_0,Bhiwani,2017,11,2,2,2,2,9,1,0
1_16,1,0,0,0,0,0,0,0,1_16_01_V02Y_0,Bhiwani,2017,12,1,3,2,0,8,1,0
1_16,1,0,0,0,0,0,0,0,1_16_01_V02Y_0,Bhiwani,2018,1,1,2,2,3,13,1,0
1_16,1,0,0,0,0,0,0,0,1_16_01_V02Y_0,Bhiwani,2018,2,1,1,1,3,11,1,0
1_16,1,0,0,0,0,0,0,0,1_16_01_V02Y_0,Bhiwani,2018,3,2,1,3,1,13,1,0
1_16,0,0,0,1,0,0,0,0,1_16_01_V03Y_0,Bhiwani,2017,3,1,1,2,2,6,1,0
1_16,0,0,0,1,0,0,0,0,1_16_01_V03Y_0,Bhiwani,2017,4,2,1,0,1,4,1,0
1_16,0,0,0,1,0,0,0,0,1_16_01_V03Y_0,Bhiwani,2017,5,1,2,2,4,9,1,0
1_16,0,0,0,1,0,0,0,0,1_16_01_V03Y_0,Bhiwani,2017,6,1,0,1,2,4,1,0
1_16,0,0,0,1,0,0,0,0,1_16_01_V03Y_0,Bhiwani,2017,7,0,1,2,3,7,1,0
1_16,0,0,0,1,0,0,0,0,1_16_01_V03Y_0,Bhiwani,2017,8,4,1,1,1,8,1,0
1_16,0,0,0,1,0,0,0,0,1_16_01_V03Y_0,Bhiwani,2017,9,1,1,1,2,6,1,0
1_16,0,0,0,1,0,0,0,0,1_16_01_V03Y_0,Bhiwani,2017,10,1,3,1,1,10,1,0
1_16,0,0,0,1,0,0,0,0,1_16_01_V03Y_0,Bhiwani,2017,11,0,2,2,2,6,1,0
1_16,0,0,0,1,0,0,0,0,1_16_01_V03Y_0,Bhiwani,2017,12,3,1,3,0,10,1,0
1_16,0,0,0,1,0,0,0,0,1_16_01_V03Y_0,Bhiwani,2018,1,3,2,0,1,9,1,0
1_16,0,0,0,1,0,0,0,0,1_16_01_V03Y_0,Bhiwani,2018,2,2,4,2,2,13,1,0
1_16,0,0,0,1,0,0,0,0,1_16_01_V03Y_0,Bhiwani,2018,3,0,3,5,0,9,1,0
1_16,0,1,0,0,0,0,0,0,1_16_01_V04Y_0,Bhiwani,2017,3,0,1,1,3,5,1,0
1_16,0,1,0,0,0,0,0,0,1_16_01_V04Y_0,Bhiwani,2017,4,5,0,2,2,9,1,0
1_16,0,1,0,0,0,0,0,0,1_16_01_V04Y_0,Bhiwani,2017,5,0,4,1,4,9,1,0
1_16,0,1,0,0,0,0,0,0,1_16_01_V04Y_0,Bhiwani,2017,6,0,0,4,1,5,1,0
1_16,0,1,0,0,0,0,0,0,1_16_01_V04Y_0,Bhiwani,2017,7,0,0,1,0,1,1,0
1_16,0,1,0,0,0,0,0,0,1_16_01_V04Y_0,Bhiwani,2017,8,0,0,0,4,5,1,0
1_16,0,1,0,0,0,0,0,0,1_16_01_V04Y_0,Bhiwani,2017,9,3,0,0,3,6,1,0
1_16,0,1,0,0,0,0,0,0,1_16_01_V04Y_0,Bhiwani,2017,10,4,2,0,0,10,1,0
1_16,0,1,0,0,0,0,0,0,1_16_01_V04Y_0,Bhiwani,2017,11,2,5,2,1,10,1,0
1_16,0,1,0,0,0,0,0,0,1_16_01_V04Y_0,Bhiwani,2017,12,0,2,4,4,14,1,0
1_16,0,1,0,0,0,0,0,0,1_16_01_V04Y_0,Bhiwani,2018,1,2,0,1,0,3,1,0
1_16,0,1,0,0,0,0,0,0,1_16_01_V04Y_0,Bhiwani,2018,2,5,3,2,0,15,1,0
1_16,0,1,0,0,0,0,0,0,1_16_01_V04Y_0,Bhiwani,2018,3,0,6,3,0,11,1,0
1_16,1,0,0,0,0,0,0,0,1_16_02_V02Y_0,Bhiwani,2017,3,5,5,7,4,23,0,0
1_16,1,0,0,0,0,0,0,0,1_16_02_V02Y_0,Bhiwani,2017,4,4,2,9,4,20,0,0
1_16,1,0,0,0,0,0,0,0,1_16_02_V02Y_0,Bhiwani,2017,5,6,3,3,4,17,0,0
1_16,1,0,0,0,0,0,0,0,1_16_02_V02Y_0,Bhiwani,2017,6,2,4,2,7,15,0,0
1_16,1,0,0,0,0,0,0,0,1_16_02_V02Y_0,Bhiwani,2017,7,4,3,6,5,18,0,0
1_16,1,0,0,0,0,0,0,0,1_16_02_V02Y_0,Bhiwani,2017,8,5,6,5,5,21,0,0
1_16,1,0,0,0,0,0,0,0,1_16_02_V02Y_0,Bhiwani,2017,9,5,5,4,4,20,0,0
1_16,1,0,0,0,0,0,0,0,1_16_02_V02Y_0,Bhiwani,2017,10,6,6,3,7,22,0,0
1_16,1,0,0,0,0,0,0,0,1_16_02_V02Y_0,Bhiwani,2017,11,5,6,4,3,19,0,0
1_16,1,0,0,0,0,0,0,0,1_16_02_V02Y_0,Bhiwani,2017,12,5,7,4,5,22,0,0
1_16,1,0,0,0,0,0,0,0,1_16_02_V02Y_0,Bhiwani,2018,1,3,5,4,3,17,0,0
1_16,1,0,0,0,0,0,0,0,1_16_02_V02Y_0,Bhiwani,2018,2,3,4,6,1,17,0,0
1_16,1,0,0,0,0,0,0,0,1_16_02_V02Y_0,Bhiwani,2018,3,1,2,2,7,16,0,0
1_16,0,0,0,1,0,0,0,0,1_16_02_V03Y_0,Bhiwani,2017,3,0,2,1,2,5,0,0
1_16,0,0,0,1,0,0,0,0,1_16_02_V03Y_0,Bhiwani,2017,4,1,0,2,1,4,0,0
1_16,0,0,0,1,0,0,0,0,1_16_02_V03Y_0,Bhiwani,2017,5,1,1,0,0,3,0,0
1_16,0,0,0,1,0,0,0,0,1_16_02_V03Y_0,Bhiwani,2017,6,0,1,0,0,1,0,0
1_16,0,0,0,1,0,0,0,0,1_16_02_V03Y_0,Bhiwani,2017,7,0,0,2,2,4,0,0
1_16,0,0,0,1,0,0,0,0,1_16_02_V03Y_0,Bhiwani,2017,8,1,1,0,1,3,0,0
1_16,0,0,0,1,0,0,0,0,1_16_02_V03Y_0,Bhiwani,2017,9,0,1,1,0,2,0,0
1_16,0,0,0,1,0,0,0,0,1_16_02_V03Y_0,Bhiwani,2017,10,1,0,1,0,2,0,0
1_16,0,0,0,1,0,0,0,0,1_16_02_V03Y_0,Bhiwani,2017,11,0,1,0,0,2,0,0
1_16,0,0,0,1,0,0,0,0,1_16_02_V03Y_0,Bhiwani,2017,12,1,2,1,2,6,0,0
1_16,0,0,0,1,0,0,0,0,1_16_02_V03Y_0,Bhiwani,2018,1,1,0,2,1,6,0,0
1_16,0,0,0,1,0,0,0,0,1_16_02_V03Y_0,Bhiwani,2018,2,3,1,0,0,5,0,0
1_16,0,0,0,1,0,0,0,0,1_16_02_V03Y_0,Bhiwani,2018,3,0,4,0,0,4,0,0
1_16,0,0,0,1,0,0,0,0,1_16_02_V04Y_0,Bhiwani,2017,3,6,1,6,3,16,0,0
1_16,0,0,0,1,0,0,0,0,1_16_02_V04Y_0,Bhiwani,2017,4,1,3,1,1,6,0,0
1_16,0,0,0,1,0,0,0,0,1_16_02_V04Y_0,Bhiwani,2017,5,1,1,2,5,9,0,0
1_16,0,0,0,1,0,0,0,0,1_16_02_V04Y_0,Bhiwani,2017,6,0,2,0,0,2,0,0
1_16,0,0,0,1,0,0,0,0,1_16_02_V04Y_0,Bhiwani,2017,7,2,1,1,7,11,0,0
1_16,0,0,0,1,0,0,0,0,1_16_02_V04Y_0,Bhiwani,2017,8,1,1,1,2,5,0,0
1_16,0,0,0,1,0,0,0,0,1_16_02_V04Y_0,Bhiwani,2017,9,3,2,2,4,11,0,0
1_16,0,0,0,1,0,0,0,0,1_16_02_V04Y_0,Bhiwani,2017,10,2,5,2,2,10,0,0
1_16,0,0,0,1,0,0,0,0,1_16_02_V04Y_0,Bhiwani,2017,11,3,1,8,3,15,0,0
1_16,0,0,0,1,0,0,0,0,1_16_02_V04Y_0,Bhiwani,2017,12,4,2,1,0,12,0,0
1_16,0,0,0,1,0,0,0,0,1_16_02_V04Y_0,Bhiwani,2018,1,0,3,2,2,8,0,0
1_16,0,0,0,1,0,0,0,0,1_16_02_V04Y_0,Bhiwani,2018,2,5,0,4,1,12,0,0
1_16,0,0,0,1,0,0,0,0,1_16_02_V04Y_0,Bhiwani,2018,3,3,6,0,0,10,0,0
1_16,0,0,1,0,0,0,0,0,1_16_02_V05Y_0,Bhiwani,2017,4,0,0,0,2,2,0,0
1_16,0,0,1,0,0,0,0,0,1_16_02_V05Y_0,Bhiwani,2017,5,1,2,0,1,4,0,0
1_16,0,0,1,0,0,0,0,0,1_16_02_V05Y_0,Bhiwani,2017,6,3,1,0,1,5,0,0
1_16,0,0,1,0,0,0,0,0,1_16_02_V05Y_0,Bhiwani,2017,7,1,2,2,2,7,0,0
1_16,0,0,1,0,0,0,0,0,1_16_02_V05Y_0,Bhiwani,2017,8,2,2,2,0,6,0,0
1_16,0,0,1,0,0,0,0,0,1_16_02_V05Y_0,Bhiwani,2017,9,1,3,1,1,6,0,0
1_16,0,0,1,0,0,0,0,0,1_16_02_V05Y_0,Bhiwani,2017,10,0,1,3,2,6,0,0
1_16,0,0,1,0,0,0,0,0,1_16_02_V05Y_0,Bhiwani,2017,11,1,0,0,0,1,0,0
1_16,0,0,1,0,0,0,0,0,1_16_02_V05Y_0,Bhiwani,2017,12,0,1,1,0,2,0,0
1_16,0,0,1,0,0,0,0,0,1_16_02_V05Y_0,Bhiwani,2018,1,0,0,1,1,3,0,0
1_16,0,0,1,0,0,0,0,0,1_16_02_V05Y_0,Bhiwani,2018,2,0,0,0,2,2,0,0
1_17,0,0,1,0,0,0,0,0,1_17_01_V01Y_0,Bhiwani,2017,4,2,1,6,0,11,1,0
1_17,0,0,1,0,0,0,0,0,1_17_01_V01Y_0,Bhiwani,2017,5,1,3,2,4,10,1,0
1_17,0,0,1,0,0,0,0,0,1_17_01_V01Y_0,Bhiwani,2017,6,0,0,3,2,5,1,0
1_17,0,0,1,0,0,0,0,0,1_17_01_V01Y_0,Bhiwani,2017,7,0,0,1,2,4,1,0
1_17,0,0,1,0,0,0,0,0,1_17_01_V01Y_0,Bhiwani,2017,8,0,0,0,1,2,1,0
1_17,0,0,1,0,0,0,0,0,1_17_01_V01Y_0,Bhiwani,2017,9,4,0,0,6,12,1,0
1_17,0,0,1,0,0,0,0,0,1_17_01_V01Y_0,Bhiwani,2017,10,3,3,0,2,8,1,0
1_17,0,0,1,0,0,0,0,0,1_17_01_V01Y_0,Bhiwani,2017,11,3,2,2,2,9,1,0
1_17,0,0,1,0,0,0,0,0,1_17_01_V01Y_0,Bhiwani,2017,12,5,3,1,1,13,1,0
1_17,0,0,1,0,0,0,0,0,1_17_01_V01Y_0,Bhiwani,2018,1,3,1,2,0,8,1,0
1_17,0,0,1,0,0,0,0,0,1_17_01_V01Y_0,Bhiwani,2018,2,3,5,2,0,13,1,0
1_17,0,0,1,0,0,0,0,0,1_17_01_V01Y_0,Bhiwani,2018,3,0,3,1,0,6,1,0
1_17,0,0,1,0,0,0,0,0,1_17_02_V03Y_0,Bhiwani,2017,3,1,3,2,4,10,0,1
1_17,0,0,1,0,0,0,0,0,1_17_02_V03Y_0,Bhiwani,2017,4,5,1,5,5,20,0,1
1_17,0,0,1,0,0,0,0,0,1_17_02_V03Y_0,Bhiwani,2017,5,3,6,2,3,14,0,1
1_17,0,0,1,0,0,0,0,0,1_17_02_V03Y_0,Bhiwani,2017,6,4,3,4,4,17,0,1
1_17,0,0,1,0,0,0,0,0,1_17_02_V03Y_0,Bhiwani,2017,7,8,1,3,3,15,0,1
1_17,0,0,1,0,0,0,0,0,1_17_02_V03Y_0,Bhiwani,2017,8,8,6,0,3,17,0,1
1_17,0,0,1,0,0,0,0,0,1_17_02_V03Y_0,Bhiwani,2017,9,6,8,8,3,29,0,1
1_17,0,0,1,0,0,0,0,0,1_17_02_V03Y_0,Bhiwani,2017,10,4,6,6,4,23,0,1
1_17,0,0,1,0,0,0,0,0,1_17_02_V03Y_0,Bhiwani,2017,11,7,4,3,3,21,0,1
1_17,0,0,1,0,0,0,0,0,1_17_02_V03Y_0,Bhiwani,2017,12,6,6,5,3,23,0,1
1_17,0,0,1,0,0,0,0,0,1_17_02_V03Y_0,Bhiwani,2018,1,10,7,5,4,29,0,1
1_17,0,0,1,0,0,0,0,0,1_17_02_V03Y_0,Bhiwani,2018,2,8,6,7,4,28,0,1
1_17,0,0,1,0,0,0,0,0,1_17_02_V03Y_0,Bhiwani,2018,3,6,8,6,4,26,0,1
1_17,0,1,0,0,0,0,0,0,1_17_04_V03Y_0,Bhiwani,2017,3,6,1,3,1,11,0,1
1_17,0,1,0,0,0,0,0,0,1_17_04_V03Y_0,Bhiwani,2017,4,12,9,7,7,37,0,1
1_17,0,1,0,0,0,0,0,0,1_17_04_V03Y_0,Bhiwani,2017,5,7,10,11,15,43,0,1
1_17,0,1,0,0,0,0,0,0,1_17_04_V03Y_0,Bhiwani,2017,6,5,9,5,15,34,0,1
1_17,0,1,0,0,0,0,0,0,1_17_04_V03Y_0,Bhiwani,2017,7,10,5,8,25,47,0,1
1_17,0,1,0,0,0,0,0,0,1_17_04_V03Y_0,Bhiwani,2017,8,7,10,6,10,32,0,1
1_17,0,1,0,0,0,0,0,0,1_17_04_V03Y_0,Bhiwani,2017,9,12,13,5,8,39,0,1
1_17,0,1,0,0,0,0,0,0,1_17_04_V03Y_0,Bhiwani,2017,10,15,10,14,14,54,0,1
1_17,0,1,0,0,0,0,0,0,1_17_04_V03Y_0,Bhiwani,2017,11,12,5,10,10,40,0,1
1_17,0,1,0,0,0,0,0,0,1_17_04_V03Y_0,Bhiwani,2017,12,16,12,5,5,40,0,1
1_17,0,1,0,0,0,0,0,0,1_17_04_V03Y_0,Bhiwani,2018,1,13,15,7,6,51,0,1
1_17,0,1,0,0,0,0,0,0,1_17_04_V03Y_0,Bhiwani,2018,2,15,16,18,6,66,0,1
1_17,0,1,0,0,0,0,0,0,1_17_04_V03Y_0,Bhiwani,2018,3,12,12,16,10,61,0,1
1_17,1,0,0,0,0,0,0,0,1_17_05_V01Y_0,Bhiwani,2017,3,2,0,0,0,2,1,0
1_17,1,0,0,0,0,0,0,0,1_17_05_V01Y_0,Bhiwani,2017,4,3,4,5,3,15,1,0
1_17,1,0,0,0,0,0,0,0,1_17_05_V01Y_0,Bhiwani,2017,5,1,3,9,3,16,1,0
1_17,1,0,0,0,0,0,0,0,1_17_05_V01Y_0,Bhiwani,2017,6,3,3,1,2,9,1,0
1_17,1,0,0,0,0,0,0,0,1_17_05_V01Y_0,Bhiwani,2017,7,2,0,2,6,18,1,0
1_17,1,0,0,0,0,0,0,0,1_17_05_V01Y_0,Bhiwani,2017,8,1,1,1,3,6,1,0
1_17,1,0,0,0,0,0,0,0,1_17_05_V01Y_0,Bhiwani,2017,9,4,2,5,7,21,1,0
1_17,1,0,0,0,0,0,0,0,1_17_05_V01Y_0,Bhiwani,2017,10,8,3,1,3,16,1,0
1_17,1,0,0,0,0,0,0,0,1_17_05_V01Y_0,Bhiwani,2017,11,2,4,3,3,12,1,0
1_17,1,0,0,0,0,0,0,0,1_17_05_V01Y_0,Bhiwani,2017,12,7,5,2,2,18,1,0
1_17,1,0,0,0,0,0,0,0,1_17_05_V01Y_0,Bhiwani,2018,1,0,4,4,0,10,1,0
1_17,1,0,0,0,0,0,0,0,1_17_05_V01Y_0,Bhiwani,2018,2,8,6,3,1,20,1,0
1_17,1,0,0,0,0,0,0,0,1_17_05_V01Y_0,Bhiwani,2018,3,4,3,4,5,18,1,0
1_17,0,0,0,1,0,0,0,0,1_17_06_V03Y_0,Bhiwani,2017,4,1,3,1,2,8,0,1
1_17,0,0,0,1,0,0,0,0,1_17_06_V03Y_0,Bhiwani,2017,5,3,0,2,1,8,0,1
1_17,0,0,0,1,0,0,0,0,1_17_06_V03Y_0,Bhiwani,2017,6,1,1,1,1,4,0,1
1_17,0,0,0,1,0,0,0,0,1_17_06_V03Y_0,Bhiwani,2017,7,1,1,1,4,8,0,1
1_17,0,0,0,1,0,0,0,0,1_17_06_V03Y_0,Bhiwani,2017,8,1,2,1,1,6,0,1
1_17,0,0,0,1,0,0,0,0,1_17_06_V03Y_0,Bhiwani,2017,9,1,1,2,3,8,0,1
1_17,0,0,0,1,0,0,0,0,1_17_06_V03Y_0,Bhiwani,2017,10,2,0,1,1,5,0,1
1_17,0,0,0,1,0,0,0,0,1_17_06_V03Y_0,Bhiwani,2017,11,0,1,0,2,5,0,1
1_17,0,0,0,1,0,0,0,0,1_17_06_V03Y_0,Bhiwani,2017,12,5,0,1,0,8,0,1
1_17,0,0,0,1,0,0,0,0,1_17_06_V03Y_0,Bhiwani,2018,1,1,2,0,1,6,0,1
1_17,0,0,0,1,0,0,0,0,1_17_06_V03Y_0,Bhiwani,2018,2,2,2,4,3,15,0,1
1_17,0,0,0,1,0,0,0,0,1_17_06_V03Y_0,Bhiwani,2018,3,0,1,3,2,10,0,1
1_18,1,0,0,0,1,0,0,0,1_18_04_V02Y_0,Bhiwani,2017,3,2,1,1,2,6,1,0
1_18,1,0,0,0,1,0,0,0,1_18_04_V02Y_0,Bhiwani,2017,4,8,7,9,11,35,1,0
1_18,1,0,0,0,1,0,0,0,1_18_04_V02Y_0,Bhiwani,2017,5,1,7,11,5,25,1,0
1_18,1,0,0,0,1,0,0,0,1_18_04_V02Y_0,Bhiwani,2017,6,7,3,3,7,25,1,0
1_18,1,0,0,0,1,0,0,0,1_18_04_V02Y_0,Bhiwani,2017,7,7,4,7,14,35,1,0
1_18,1,0,0,0,1,0,0,0,1_18_04_V02Y_0,Bhiwani,2017,8,7,5,1,6,20,1,0
1_18,1,0,0,0,1,0,0,0,1_18_04_V02Y_0,Bhiwani,2017,9,10,8,8,14,40,1,0
1_18,1,0,0,0,1,0,0,0,1_18_04_V02Y_0,Bhiwani,2017,10,9,11,8,7,37,1,0
1_18,1,0,0,0,1,0,0,0,1_18_04_V02Y_0,Bhiwani,2017,11,4,9,11,7,34,1,0
1_18,1,0,0,0,1,0,0,0,1_18_04_V02Y_0,Bhiwani,2017,12,9,9,8,2,31,1,0
1_18,1,0,0,0,1,0,0,0,1_18_04_V02Y_0,Bhiwani,2018,1,5,9,9,3,31,1,0
1_18,1,0,0,0,1,0,0,0,1_18_04_V02Y_0,Bhiwani,2018,2,15,4,5,4,31,1,0
1_18,1,0,0,0,1,0,0,0,1_18_04_V02Y_0,Bhiwani,2018,3,6,8,5,6,34,1,0
1_19,1,0,0,0,0,0,0,0,1_19_01_V01Y_0,Bhiwani,2017,3,3,0,1,1,6,0,0
1_19,1,0,0,0,0,0,0,0,1_19_01_V01Y_0,Bhiwani,2017,4,2,2,2,2,8,0,0
1_19,1,0,0,0,0,0,0,0,1_19_01_V01Y_0,Bhiwani,2017,5,0,3,2,2,10,0,0
1_19,1,0,0,0,0,0,0,0,1_19_01_V01Y_0,Bhiwani,2017,6,5,0,2,1,9,0,0
1_19,1,0,0,0,0,0,0,0,1_19_01_V01Y_0,Bhiwani,2017,7,2,4,0,7,14,0,0
1_19,1,0,0,0,0,0,0,0,1_19_01_V01Y_0,Bhiwani,2017,8,3,2,4,3,12,0,0
1_19,1,0,0,0,0,0,0,0,1_19_01_V01Y_0,Bhiwani,2017,9,2,2,2,4,10,0,0
1_19,1,0,0,0,0,0,0,0,1_19_01_V01Y_0,Bhiwani,2017,10,3,3,2,2,10,0,0
1_19,1,0,0,0,0,0,0,0,1_19_01_V01Y_0,Bhiwani,2017,11,3,3,3,0,11,0,0
1_19,1,0,0,0,0,0,0,0,1_19_01_V01Y_0,Bhiwani,2017,12,5,4,4,1,16,0,0
1_19,1,0,0,0,0,0,0,0,1_19_01_V01Y_0,Bhiwani,2018,1,1,5,3,2,13,0,0
1_19,1,0,0,0,0,0,0,0,1_19_01_V01Y_0,Bhiwani,2018,3,2,0,2,3,12,0,0
1_19,1,0,0,0,0,0,0,0,1_19_01_V02Y_0,Bhiwani,2017,4,3,9,2,8,22,0,0
1_19,1,0,0,0,0,0,0,0,1_19_01_V02Y_0,Bhiwani,2017,5,1,2,11,5,20,0,0
1_19,1,0,0,0,0,0,0,0,1_19_01_V02Y_0,Bhiwani,2017,6,2,1,4,2,10,0,0
1_19,1,0,0,0,0,0,0,0,1_19_01_V02Y_0,Bhiwani,2017,7,2,2,1,4,10,0,0
1_19,1,0,0,0,0,0,0,0,1_19_01_V02Y_0,Bhiwani,2017,8,2,2,2,4,10,0,0
1_19,1,0,0,0,0,0,0,0,1_19_01_V02Y_0,Bhiwani,2017,9,5,3,1,2,15,0,0
1_19,1,0,0,0,0,0,0,0,1_19_01_V02Y_0,Bhiwani,2017,10,10,4,1,8,24,0,0
1_19,1,0,0,0,0,0,0,0,1_19_01_V02Y_0,Bhiwani,2017,11,5,7,3,2,18,0,0
1_19,1,0,0,0,0,0,0,0,1_19_01_V02Y_0,Bhiwani,2017,12,8,5,6,1,22,0,0
1_19,1,0,0,0,0,0,0,0,1_19_01_V02Y_0,Bhiwani,2018,1,8,6,5,2,26,0,0
1_19,1,0,0,0,0,0,0,0,1_19_01_V02Y_0,Bhiwani,2018,3,5,7,7,5,32,0,0
1_19,0,1,0,0,0,0,0,0,1_19_04_V04Y_0,Bhiwani,2017,4,2,1,1,2,6,0,0
1_19,0,1,0,0,0,0,0,0,1_19_04_V04Y_0,Bhiwani,2017,5,2,0,0,1,4,0,0
1_19,0,1,0,0,0,0,0,0,1_19_04_V04Y_0,Bhiwani,2017,6,1,2,0,1,4,0,0
1_19,0,1,0,0,0,0,0,0,1_19_04_V04Y_0,Bhiwani,2017,7,2,0,2,1,5,0,0
1_19,0,1,0,0,0,0,0,0,1_19_04_V04Y_0,Bhiwani,2017,8,1,3,1,1,6,0,0
1_19,0,1,0,0,0,0,0,0,1_19_04_V04Y_0,Bhiwani,2017,9,2,1,1,0,4,0,0
1_19,0,1,0,0,0,0,0,0,1_19_04_V04Y_0,Bhiwani,2017,10,3,2,0,0,6,0,0
1_19,0,1,0,0,0,0,0,0,1_19_04_V04Y_0,Bhiwani,2017,11,1,1,5,0,7,0,0
1_19,0,1,0,0,0,0,0,0,1_19_04_V04Y_0,Bhiwani,2017,12,2,2,4,0,8,0,0
1_20,0,0,0,1,0,0,0,0,1_20_01_V01Y_0,Bhiwani,2017,3,1,3,1,3,8,1,0
1_20,0,0,0,1,0,0,0,0,1_20_01_V01Y_0,Bhiwani,2017,4,9,6,8,5,29,1,0
1_20,0,0,0,1,0,0,0,0,1_20_01_V01Y_0,Bhiwani,2017,5,2,5,7,2,17,1,0
1_20,0,0,0,1,0,0,0,0,1_20_01_V01Y_0,Bhiwani,2017,6,7,4,1,6,18,1,0
1_20,0,0,0,1,0,0,0,0,1_20_01_V01Y_0,Bhiwani,2017,7,2,10,5,7,24,1,0
1_20,0,0,0,1,0,0,0,0,1_20_01_V01Y_0,Bhiwani,2017,8,5,3,4,4,16,1,0
1_20,0,0,0,1,0,0,0,0,1_20_01_V01Y_0,Bhiwani,2017,9,8,3,5,4,21,1,0
1_20,0,0,0,1,0,0,0,0,1_20_01_V01Y_0,Bhiwani,2017,10,11,10,2,3,26,1,0
1_20,0,0,0,1,0,0,0,0,1_20_01_V01Y_0,Bhiwani,2017,11,4,6,4,10,26,1,0
1_20,0,0,0,1,0,0,0,0,1_20_01_V01Y_0,Bhiwani,2017,12,10,6,9,3,29,1,0
1_20,0,0,0,1,0,0,0,0,1_20_01_V01Y_0,Bhiwani,2018,1,2,2,5,4,17,1,0
1_20,0,0,0,1,0,0,0,0,1_20_01_V01Y_0,Bhiwani,2018,2,6,8,1,4,22,1,0
1_20,0,0,0,1,0,0,0,0,1_20_01_V01Y_0,Bhiwani,2018,3,8,4,6,9,35,1,0
1_20,1,0,0,0,0,0,0,0,1_20_04_V01Y_1,Bhiwani,2017,3,1,3,2,0,6,1,0
1_20,1,0,0,0,0,0,0,0,1_20_04_V01Y_1,Bhiwani,2017,4,12,9,13,7,44,1,0
1_20,1,0,0,0,0,0,0,0,1_20_04_V01Y_1,Bhiwani,2017,5,12,9,6,7,33,1,0
1_20,1,0,0,0,0,0,0,0,1_20_04_V01Y_1,Bhiwani,2017,6,6,9,9,8,35,1,0
1_20,1,0,0,0,0,0,0,0,1_20_04_V01Y_1,Bhiwani,2017,7,9,6,10,4,32,1,0
1_20,1,0,0,0,0,0,0,0,1_20_04_V01Y_1,Bhiwani,2017,8,7,17,6,10,41,1,0
1_20,1,0,0,0,0,0,0,0,1_20_04_V01Y_1,Bhiwani,2017,9,15,4,11,11,42,1,0
1_20,1,0,0,0,0,0,0,0,1_20_04_V01Y_1,Bhiwani,2017,10,13,9,4,3,34,1,0
1_20,1,0,0,0,0,0,0,0,1_20_04_V01Y_1,Bhiwani,2017,11,15,13,11,6,44,1,0
1_20,1,0,0,0,0,0,0,0,1_20_04_V01Y_1,Bhiwani,2017,12,17,16,11,7,54,1,0
1_20,1,0,0,0,0,0,0,0,1_20_04_V01Y_1,Bhiwani,2018,1,13,10,12,7,47,1,0
1_20,1,0,0,0,0,0,0,0,1_20_04_V01Y_1,Bhiwani,2018,2,16,14,12,10,56,1,0
1_20,1,0,0,0,0,0,0,0,1_20_04_V01Y_1,Bhiwani,2018,3,7,11,13,9,47,1,0
1_20,1,0,0,0,0,0,0,0,1_20_05_V01Y_0,Bhiwani,2017,3,2,1,0,1,5,0,1
1_20,1,0,0,0,0,0,0,0,1_20_05_V01Y_0,Bhiwani,2017,4,1,2,2,6,11,0,1
1_20,1,0,0,0,0,0,0,0,1_20_05_V01Y_0,Bhiwani,2017,5,2,3,1,5,11,0,1
1_20,1,0,0,0,0,0,0,0,1_20_05_V01Y_0,Bhiwani,2017,6,3,2,2,1,8,0,1
1_20,1,0,0,0,0,0,0,0,1_20_05_V01Y_0,Bhiwani,2017,7,2,2,1,2,7,0,1
1_20,1,0,0,0,0,0,0,0,1_20_05_V01Y_0,Bhiwani,2017,8,1,0,1,1,4,0,1
1_20,1,0,0,0,0,0,0,0,1_20_05_V01Y_0,Bhiwani,2017,9,2,1,1,1,5,0,1
1_20,1,0,0,0,0,0,0,0,1_20_05_V01Y_0,Bhiwani,2017,10,4,4,0,1,8,0,1
1_20,1,0,0,0,0,0,0,0,1_20_05_V01Y_0,Bhiwani,2017,11,2,4,4,1,13,0,1
1_20,1,0,0,0,0,0,0,0,1_20_05_V01Y_0,Bhiwani,2017,12,4,2,3,0,10,0,1
1_20,1,0,0,0,0,0,0,0,1_20_05_V01Y_0,Bhiwani,2018,1,1,1,2,3,10,0,1
1_20,1,0,0,0,0,0,0,0,1_20_05_V01Y_0,Bhiwani,2018,2,3,3,2,3,15,0,1
1_20,1,0,0,0,0,0,0,0,1_20_05_V01Y_0,Bhiwani,2018,3,1,3,3,2,10,0,1
1_20,1,0,0,0,0,0,0,0,1_20_05_V02Y_1,Bhiwani,2017,4,6,2,9,4,21,0,1
1_20,1,0,0,0,0,0,0,0,1_20_05_V02Y_1,Bhiwani,2017,5,7,2,1,4,14,0,1
1_20,1,0,0,0,0,0,0,0,1_20_05_V02Y_1,Bhiwani,2017,6,3,1,6,8,22,0,1
1_20,1,0,0,0,0,0,0,0,1_20_05_V02Y_1,Bhiwani,2017,7,4,3,1,2,10,0,1
1_20,1,0,0,0,0,0,0,0,1_20_05_V02Y_1,Bhiwani,2017,8,1,2,2,5,12,0,1
1_20,1,0,0,0,0,0,0,0,1_20_05_V02Y_1,Bhiwani,2017,9,1,2,2,5,10,0,1
1_20,1,0,0,0,0,0,0,0,1_20_05_V02Y_1,Bhiwani,2017,10,3,1,4,1,10,0,1
1_20,1,0,0,0,0,0,0,0,1_20_05_V02Y_1,Bhiwani,2017,11,7,4,1,4,17,0,1
1_20,1,0,0,0,0,0,0,0,1_20_05_V02Y_1,Bhiwani,2017,12,3,3,3,2,11,0,1
1_20,1,0,0,0,0,0,0,0,1_20_05_V02Y_1,Bhiwani,2018,1,1,5,1,3,11,0,1
1_20,1,0,0,0,0,0,0,0,1_20_05_V02Y_1,Bhiwani,2018,2,4,4,6,1,17,0,1
1_20,1,0,0,0,0,0,0,0,1_20_05_V02Y_1,Bhiwani,2018,3,0,3,3,5,12,0,1
1_21,0,0,0,1,0,0,0,0,1_21_02_V01Y_0,Bhiwani,2017,4,3,7,1,7,19,1,0
1_21,0,0,0,1,0,0,0,0,1_21_02_V01Y_0,Bhiwani,2017,5,0,3,4,3,10,1,0
1_21,0,0,0,1,0,0,0,0,1_21_02_V01Y_0,Bhiwani,2017,6,3,1,6,1,11,1,0
1_21,0,0,0,1,0,0,0,0,1_21_02_V01Y_0,Bhiwani,2017,7,1,3,1,4,9,1,0
1_21,0,0,0,1,0,0,0,0,1_21_02_V01Y_0,Bhiwani,2017,8,1,2,2,1,6,1,0
1_21,0,0,0,1,0,0,0,0,1_21_02_V01Y_0,Bhiwani,2017,9,1,2,1,7,12,1,0
1_21,0,0,0,1,0,0,0,0,1_21_02_V01Y_0,Bhiwani,2017,10,6,2,1,4,14,1,0
1_21,0,0,0,1,0,0,0,0,1_21_02_V01Y_0,Bhiwani,2017,11,9,5,1,1,18,1,0
1_21,0,0,0,1,0,0,0,0,1_21_02_V01Y_0,Bhiwani,2017,12,5,5,5,4,21,1,0
1_21,0,0,0,1,0,0,0,0,1_21_02_V01Y_0,Bhiwani,2018,1,2,6,3,0,11,1,0
1_21,0,0,0,1,0,0,0,0,1_21_02_V01Y_0,Bhiwani,2018,2,3,2,7,3,18,1,0
1_21,0,0,0,1,0,0,0,0,1_21_02_V01Y_0,Bhiwani,2018,3,1,2,4,1,12,1,0
1_21,0,1,0,0,0,0,0,0,1_21_04_V02Y_0,Bhiwani,2017,4,0,4,2,9,15,0,1
1_21,0,1,0,0,0,0,0,0,1_21_04_V02Y_0,Bhiwani,2017,5,1,1,4,6,15,0,1
1_21,0,1,0,0,0,0,0,0,1_21_04_V02Y_0,Bhiwani,2017,6,1,0,0,1,2,0,1
1_21,0,1,0,0,0,0,0,0,1_21_04_V02Y_0,Bhiwani,2017,7,3,1,0,1,6,0,1
1_21,0,1,0,0,0,0,0,0,1_21_04_V02Y_0,Bhiwani,2017,8,4,2,3,0,9,0,1
1_21,0,1,0,0,0,0,0,0,1_21_04_V02Y_0,Bhiwani,2017,9,1,6,2,3,14,0,1
1_21,0,1,0,0,0,0,0,0,1_21_04_V02Y_0,Bhiwani,2017,10,1,2,4,2,11,0,1
1_21,0,1,0,0,0,0,0,0,1_21_04_V02Y_0,Bhiwani,2017,11,4,2,1,6,16,0,1
1_21,0,1,0,0,0,0,0,0,1_21_04_V02Y_0,Bhiwani,2017,12,2,2,2,0,9,0,1
1_21,0,1,0,0,0,0,0,0,1_21_04_V02Y_0,Bhiwani,2018,1,0,3,1,2,8,0,1
1_21,0,1,0,0,0,0,0,0,1_21_04_V02Y_0,Bhiwani,2018,2,4,0,1,1,7,0,1
1_21,0,1,0,0,0,0,0,0,1_21_04_V02Y_0,Bhiwani,2018,3,7,3,2,4,17,0,1
1_21,0,1,0,0,0,0,0,0,1_21_05_V03Y_0,Bhiwani,2017,4,2,1,2,6,12,0,1
1_21,0,1,0,0,0,0,0,0,1_21_05_V03Y_0,Bhiwani,2017,5,1,0,4,2,8,0,1
1_21,0,1,0,0,0,0,0,0,1_21_05_V03Y_0,Bhiwani,2017,6,2,4,4,15,26,0,1
1_21,0,1,0,0,0,0,0,0,1_21_05_V03Y_0,Bhiwani,2017,7,5,4,7,5,21,0,1
1_21,0,1,0,0,0,0,0,0,1_21_05_V03Y_0,Bhiwani,2017,8,6,3,1,0,10,0,1
1_21,0,1,0,0,0,0,0,0,1_21_05_V03Y_0,Bhiwani,2017,9,0,1,0,1,4,0,1
1_21,0,1,0,0,0,0,0,0,1_21_05_V03Y_0,Bhiwani,2017,10,4,3,6,2,18,0,1
1_21,0,1,0,0,0,0,0,0,1_21_05_V03Y_0,Bhiwani,2017,11,2,2,0,2,13,0,1
1_21,0,1,0,0,0,0,0,0,1_21_05_V03Y_0,Bhiwani,2017,12,4,4,4,2,21,0,1
1_21,0,1,0,0,0,0,0,0,1_21_05_V03Y_0,Bhiwani,2018,1,6,7,7,1,25,0,1
1_21,0,1,0,0,0,0,0,0,1_21_05_V03Y_0,Bhiwani,2018,2,6,8,4,2,25,0,1
1_21,0,1,0,0,0,0,0,0,1_21_05_V03Y_0,Bhiwani,2018,3,7,5,8,7,33,0,1
1_22,0,1,0,0,0,0,1,0,1_22_01_V01Y_0,Bhiwani,2017,3,2,1,1,0,4,0,1
1_22,0,1,0,0,0,0,1,0,1_22_01_V01Y_0,Bhiwani,2017,4,5,4,7,7,24,0,1
1_22,0,1,0,0,0,0,1,0,1_22_01_V01Y_0,Bhiwani,2017,5,10,6,8,11,35,0,1
1_22,0,1,0,0,0,0,1,0,1_22_01_V01Y_0,Bhiwani,2017,6,6,6,4,10,26,0,1
1_22,0,1,0,0,0,0,1,0,1_22_01_V01Y_0,Bhiwani,2017,7,6,3,6,10,28,0,1
1_22,0,1,0,0,0,0,1,0,1_22_01_V01Y_0,Bhiwani,2017,8,13,3,2,10,31,0,1
1_22,0,1,0,0,0,0,1,0,1_22_01_V01Y_0,Bhiwani,2017,9,21,13,7,5,48,0,1
1_22,0,1,0,0,0,0,1,0,1_22_01_V01Y_0,Bhiwani,2017,10,8,12,13,9,43,0,1
1_22,0,1,0,0,0,0,1,0,1_22_01_V01Y_0,Bhiwani,2017,11,12,14,3,5,34,0,1
1_22,0,1,0,0,0,0,1,0,1_22_01_V01Y_0,Bhiwani,2017,12,11,14,16,3,46,0,1
1_22,0,1,0,0,0,0,1,0,1_22_01_V01Y_0,Bhiwani,2018,1,9,8,9,7,41,0,1
1_22,0,1,0,0,0,0,1,0,1_22_01_V01Y_0,Bhiwani,2018,2,6,5,9,5,31,0,1
1_22,0,1,0,0,0,0,1,0,1_22_01_V01Y_0,Bhiwani,2018,3,10,4,6,7,35,0,1
1_22,0,1,0,0,0,0,1,0,1_22_03_V01Y_1,Bhiwani,2017,3,2,2,6,2,13,0,0
1_22,0,1,0,0,0,0,1,0,1_22_03_V01Y_1,Bhiwani,2017,4,5,6,1,10,24,0,0
1_22,0,1,0,0,0,0,1,0,1_22_03_V01Y_1,Bhiwani,2017,5,7,9,1,2,17,0,0
1_22,0,1,0,0,0,0,1,0,1_22_03_V01Y_1,Bhiwani,2017,6,1,0,0,1,2,0,0
1_22,0,1,0,0,0,0,1,0,1_22_03_V01Y_1,Bhiwani,2017,8,0,0,0,3,4,0,0
1_22,0,1,0,0,0,0,1,0,1_22_03_V01Y_1,Bhiwani,2017,9,1,0,0,6,10,0,0
1_22,0,1,0,0,0,0,1,0,1_22_03_V01Y_1,Bhiwani,2017,10,4,1,3,11,19,0,0
1_22,0,1,0,0,0,0,1,0,1_22_03_V01Y_1,Bhiwani,2017,11,0,0,2,7,9,0,0
1_22,0,1,0,0,0,0,1,0,1_22_03_V01Y_1,Bhiwani,2017,12,1,1,1,2,5,0,0
1_22,0,1,0,0,0,0,1,0,1_22_03_V01Y_1,Bhiwani,2018,1,1,2,1,6,11,0,0
1_22,0,1,0,0,0,0,1,0,1_22_03_V01Y_1,Bhiwani,2018,2,0,0,0,0,1,0,0
1_22,0,1,0,0,0,0,1,0,1_22_03_V01Y_1,Bhiwani,2018,3,0,0,1,0,1,0,0
1_22,0,1,0,0,0,0,1,0,1_22_03_V02Y_1,Bhiwani,2017,4,15,11,20,16,64,0,0
1_22,0,1,0,0,0,0,1,0,1_22_03_V02Y_1,Bhiwani,2017,5,12,13,12,19,59,0,0
1_22,0,1,0,0,0,0,1,0,1_22_03_V02Y_1,Bhiwani,2017,6,8,6,10,18,44,0,0
1_22,0,1,0,0,0,0,1,0,1_22_03_V02Y_1,Bhiwani,2017,7,12,11,3,18,46,0,0
1_22,0,1,0,0,0,0,1,0,1_22_03_V02Y_1,Bhiwani,2017,8,7,12,5,22,51,0,0
1_22,0,1,0,0,0,0,1,0,1_22_03_V02Y_1,Bhiwani,2017,9,25,14,12,14,68,0,0
1_22,0,1,0,0,0,0,1,0,1_22_03_V02Y_1,Bhiwani,2017,10,24,23,13,7,71,0,0
1_22,0,1,0,0,0,0,1,0,1_22_03_V02Y_1,Bhiwani,2017,11,24,22,15,11,79,0,0
1_22,0,1,0,0,0,0,1,0,1_22_03_V02Y_1,Bhiwani,2017,12,19,25,16,12,80,0,0
1_22,0,1,0,0,0,0,1,0,1_22_03_V02Y_1,Bhiwani,2018,1,28,30,27,14,98,0,0
1_22,0,1,0,0,0,0,1,0,1_22_03_V02Y_1,Bhiwani,2018,2,21,19,20,8,80,0,0
1_22,0,1,0,0,0,0,1,0,1_22_03_V02Y_1,Bhiwani,2018,3,11,11,16,9,63,0,0
1_22,0,0,1,0,0,0,1,0,1_22_03_V06Y_0,Bhiwani,2018,1,1,3,1,0,5,0,0
1_23,0,0,0,1,0,0,0,0,1_23_03_V01Y_0,Bhiwani,2017,4,4,3,4,4,17,1,0
1_23,0,0,0,1,0,0,0,0,1_23_03_V01Y_0,Bhiwani,2017,5,2,5,5,2,14,1,0
1_23,0,0,0,1,0,0,0,0,1_23_03_V01Y_0,Bhiwani,2017,6,2,2,2,3,9,1,0
1_23,0,0,0,1,0,0,0,0,1_23_03_V01Y_0,Bhiwani,2017,7,1,1,4,6,14,1,0
1_23,0,0,0,1,0,0,0,0,1_23_03_V01Y_0,Bhiwani,2017,8,4,1,1,6,13,1,0
1_23,0,0,0,1,0,0,0,0,1_23_03_V01Y_0,Bhiwani,2017,9,2,4,4,3,15,1,0
1_23,0,0,0,1,0,0,0,0,1_23_03_V01Y_0,Bhiwani,2018,2,7,4,3,0,19,1,0
1_23,0,0,0,1,0,0,0,0,1_23_03_V01Y_0,Bhiwani,2018,3,7,1,7,3,23,1,0
1_23,0,0,1,0,0,0,0,0,1_23_04_V01Y_1,Bhiwani,2017,4,8,9,3,3,24,0,1
1_23,0,0,1,0,0,0,0,0,1_23_04_V01Y_1,Bhiwani,2017,5,5,7,7,4,23,0,1
1_23,0,0,1,0,0,0,0,0,1_23_04_V01Y_1,Bhiwani,2017,6,2,4,7,5,20,0,1
1_23,0,0,1,0,0,0,0,0,1_23_04_V01Y_1,Bhiwani,2017,7,2,2,3,7,17,0,1
1_23,0,0,1,0,0,0,0,0,1_23_04_V01Y_1,Bhiwani,2017,8,3,5,4,6,22,0,1
1_23,0,0,1,0,0,0,0,0,1_23_04_V01Y_1,Bhiwani,2017,9,7,2,4,7,21,0,1
1_23,0,0,1,0,0,0,0,0,1_23_04_V01Y_1,Bhiwani,2017,10,9,5,3,2,21,0,1
1_23,0,0,1,0,0,0,0,0,1_23_04_V01Y_1,Bhiwani,2017,11,7,11,5,8,33,0,1
1_23,0,0,1,0,0,0,0,0,1_23_04_V01Y_1,Bhiwani,2017,12,5,9,10,7,34,0,1
1_23,0,0,1,0,0,0,0,0,1_23_04_V01Y_1,Bhiwani,2018,1,7,4,7,5,31,0,1
1_23,0,0,1,0,0,0,0,0,1_23_04_V01Y_1,Bhiwani,2018,2,6,1,5,4,24,0,1
1_23,0,0,1,0,0,0,0,0,1_23_04_V01Y_1,Bhiwani,2018,3,5,7,4,3,27,0,1
1_23,0,0,1,0,0,0,0,0,1_23_05_V01Y_1,Bhiwani,2017,4,6,4,6,9,26,1,0
1_23,0,0,1,0,0,0,0,0,1_23_05_V01Y_1,Bhiwani,2017,5,3,6,8,6,23,1,0
1_23,0,0,1,0,0,0,0,0,1_23_05_V01Y_1,Bhiwani,2017,6,3,5,5,8,21,1,0
1_23,0,0,1,0,0,0,0,0,1_23_05_V01Y_1,Bhiwani,2017,7,3,5,3,3,17,1,0
1_23,0,0,1,0,0,0,0,0,1_23_05_V01Y_1,Bhiwani,2017,8,5,1,3,2,13,1,0
1_23,0,0,1,0,0,0,0,0,1_23_05_V01Y_1,Bhiwani,2017,9,6,4,6,4,21,1,0
1_23,0,0,1,0,0,0,0,0,1_23_05_V01Y_1,Bhiwani,2017,10,6,5,3,5,25,1,0
1_23,0,0,1,0,0,0,0,0,1_23_05_V01Y_1,Bhiwani,2017,11,10,5,4,8,29,1,0
1_23,0,0,1,0,0,0,0,0,1_23_05_V01Y_1,Bhiwani,2017,12,10,8,2,4,29,1,0
1_23,0,0,1,0,0,0,0,0,1_23_05_V01Y_1,Bhiwani,2018,1,3,9,9,4,33,1,0
1_23,0,0,1,0,0,0,0,0,1_23_05_V01Y_1,Bhiwani,2018,2,7,5,3,2,22,1,0
1_23,0,0,1,0,0,0,0,0,1_23_05_V01Y_1,Bhiwani,2018,3,5,10,8,4,33,1,0
1_23,0,0,1,0,0,0,0,0,1_23_06_V01Y_0,Bhiwani,2017,4,5,3,3,2,13,0,1
1_23,0,0,1,0,0,0,0,0,1_23_06_V01Y_0,Bhiwani,2017,5,2,4,6,1,13,0,1
1_23,0,0,1,0,0,0,0,0,1_23_06_V01Y_0,Bhiwani,2017,6,4,1,4,4,13,0,1
1_23,0,0,1,0,0,0,0,0,1_23_06_V01Y_0,Bhiwani,2017,7,3,5,3,1,12,0,1
1_23,0,0,1,0,0,0,0,0,1_23_06_V01Y_0,Bhiwani,2017,8,2,1,1,3,7,0,1
1_23,0,0,1,0,0,0,0,0,1_23_06_V01Y_0,Bhiwani,2017,9,2,2,3,3,12,0,1
1_23,0,0,1,0,0,0,0,0,1_23_06_V01Y_0,Bhiwani,2017,10,4,2,3,2,16,0,1
1_23,0,0,1,0,0,0,0,0,1_23_06_V01Y_0,Bhiwani,2017,11,3,2,0,2,7,0,1
1_23,0,0,1,0,0,0,0,0,1_23_06_V01Y_0,Bhiwani,2017,12,4,2,1,5,11,0,1
1_23,0,0,1,0,0,0,0,0,1_23_06_V01Y_0,Bhiwani,2018,1,1,4,2,2,10,0,1
1_23,0,0,1,0,0,0,0,0,1_23_06_V01Y_0,Bhiwani,2018,2,1,1,2,0,8,0,1
1_23,0,0,1,0,0,0,0,0,1_23_06_V01Y_0,Bhiwani,2018,3,2,1,3,2,10,0,1
1_23,0,0,0,1,0,0,0,0,1_23_06_V02Y_0,Bhiwani,2017,4,6,5,12,5,28,0,1
1_23,0,0,0,1,0,0,0,0,1_23_06_V02Y_0,Bhiwani,2017,5,6,8,7,3,25,0,1
1_23,0,0,0,1,0,0,0,0,1_23_06_V02Y_0,Bhiwani,2017,6,6,7,9,6,30,0,1
1_23,0,0,0,1,0,0,0,0,1_23_06_V02Y_0,Bhiwani,2017,7,5,2,6,5,19,0,1
1_23,0,0,0,1,0,0,0,0,1_23_06_V02Y_0,Bhiwani,2017,8,6,7,5,6,28,0,1
1_23,0,0,0,1,0,0,0,0,1_23_06_V02Y_0,Bhiwani,2017,9,6,5,5,6,25,0,1
1_23,0,0,0,1,0,0,0,0,1_23_06_V02Y_0,Bhiwani,2017,10,6,5,7,10,29,0,1
1_23,0,0,0,1,0,0,0,0,1_23_06_V02Y_0,Bhiwani,2017,11,5,4,4,6,20,0,1
1_23,0,0,0,1,0,0,0,0,1_23_06_V02Y_0,Bhiwani,2017,12,7,7,4,5,28,0,1
1_23,0,0,0,1,0,0,0,0,1_23_06_V02Y_0,Bhiwani,2018,1,7,5,4,9,30,0,1
1_23,0,0,0,1,0,0,0,0,1_23_06_V02Y_0,Bhiwani,2018,2,4,8,3,4,23,0,1
1_23,0,0,0,1,0,0,0,0,1_23_06_V02Y_0,Bhiwani,2018,3,7,4,6,1,25,0,1
1_24,0,0,0,1,0,0,0,1,1_24_01_V01Y_0,Bhiwani,2017,4,7,4,10,4,29,1,0
1_24,0,0,0,1,0,0,0,1,1_24_01_V01Y_0,Bhiwani,2017,5,5,5,7,2,19,1,0
1_24,0,0,0,1,0,0,0,1,1_24_01_V01Y_0,Bhiwani,2017,6,1,10,6,5,25,1,0
1_24,0,0,0,1,0,0,0,1,1_24_01_V01Y_0,Bhiwani,2017,7,8,3,2,5,22,1,0
1_24,0,0,0,1,0,0,0,1,1_24_01_V01Y_0,Bhiwani,2017,8,9,4,5,10,34,1,0
1_24,0,0,0,1,0,0,0,1,1_24_01_V01Y_0,Bhiwani,2017,9,13,10,6,7,42,1,0
1_24,0,0,0,1,0,0,0,1,1_24_01_V01Y_0,Bhiwani,2017,10,9,6,6,2,25,1,0
1_24,0,0,0,1,0,0,0,1,1_24_01_V01Y_0,Bhiwani,2017,11,6,10,9,6,37,1,0
1_24,0,0,0,1,0,0,0,1,1_24_01_V01Y_0,Bhiwani,2017,12,12,6,12,4,38,1,0
1_24,0,0,0,1,0,0,0,1,1_24_01_V01Y_0,Bhiwani,2018,1,7,9,6,3,30,1,0
1_24,0,0,0,1,0,0,0,1,1_24_01_V01Y_0,Bhiwani,2018,2,12,8,6,4,31,1,0
1_24,0,0,0,1,0,0,0,1,1_24_01_V01Y_0,Bhiwani,2018,3,4,10,12,4,38,1,0
1_24,0,0,0,1,0,1,0,0,1_24_02_V01Y_0,Bhiwani,2017,4,1,1,0,0,2,0,0
1_24,0,0,0,1,0,1,0,0,1_24_02_V01Y_0,Bhiwani,2017,5,2,0,2,3,7,0,0
1_24,0,0,0,1,0,1,0,0,1_24_02_V01Y_0,Bhiwani,2017,6,1,2,0,1,4,0,0
1_24,0,0,0,1,0,1,0,0,1_24_02_V01Y_0,Bhiwani,2017,7,0,2,1,0,3,0,0
1_24,0,0,0,1,0,1,0,0,1_24_02_V01Y_0,Bhiwani,2017,8,0,0,3,0,3,0,0
1_24,0,0,0,1,0,1,0,0,1_24_02_V01Y_0,Bhiwani,2017,9,2,0,1,1,4,0,0
1_24,0,0,0,1,0,1,0,0,1_24_02_V01Y_0,Bhiwani,2017,10,3,2,0,1,6,0,0
1_24,0,0,0,1,0,1,0,0,1_24_02_V01Y_0,Bhiwani,2017,11,1,2,2,0,5,0,0
1_24,0,0,0,1,0,1,0,0,1_24_02_V01Y_0,Bhiwani,2017,12,1,1,1,0,3,0,0
1_24,0,0,0,1,0,1,0,0,1_24_02_V01Y_0,Bhiwani,2018,1,1,1,2,3,8,0,0
1_24,0,0,0,1,0,1,0,0,1_24_02_V01Y_0,Bhiwani,2018,2,2,1,2,0,5,0,0
1_24,0,0,0,1,0,1,0,0,1_24_02_V01Y_0,Bhiwani,2018,3,3,1,0,0,4,0,0
1_24,1,0,0,0,0,1,0,0,1_24_02_V02Y_0,Bhiwani,2017,4,0,0,1,0,3,0,0
1_24,1,0,0,0,0,1,0,0,1_24_02_V02Y_0,Bhiwani,2017,5,0,0,0,1,3,0,0
1_24,1,0,0,0,0,1,0,0,1_24_02_V02Y_0,Bhiwani,2017,6,3,1,1,1,7,0,0
1_24,1,0,0,0,0,1,0,0,1_24_02_V02Y_0,Bhiwani,2017,7,1,3,0,5,10,0,0
1_24,1,0,0,0,0,1,0,0,1_24_02_V02Y_0,Bhiwani,2017,8,1,1,2,0,4,0,0
1_24,1,0,0,0,0,1,0,0,1_24_02_V02Y_0,Bhiwani,2017,9,0,0,3,0,5,0,0
1_24,1,0,0,0,0,1,0,0,1_24_02_V02Y_0,Bhiwani,2017,10,1,1,0,1,3,0,0
1_24,1,0,0,0,0,1,0,0,1_24_02_V02Y_0,Bhiwani,2017,11,1,1,0,2,4,0,0
1_24,1,0,0,0,0,1,0,0,1_24_02_V02Y_0,Bhiwani,2017,12,0,2,1,0,5,0,0
1_24,1,0,0,0,0,1,0,0,1_24_02_V02Y_0,Bhiwani,2018,1,3,0,2,2,10,0,0
1_24,1,0,0,0,0,1,0,0,1_24_02_V02Y_0,Bhiwani,2018,2,2,3,0,3,10,0,0
1_24,1,0,0,0,0,1,0,0,1_24_02_V02Y_0,Bhiwani,2018,3,5,1,3,0,10,0,0
1_24,0,0,1,0,1,0,0,0,1_24_04_V02Y_0,Bhiwani,2017,4,5,2,1,3,12,1,0
1_24,0,0,1,0,1,0,0,0,1_24_04_V02Y_0,Bhiwani,2017,5,1,8,2,1,13,1,0
1_24,0,0,1,0,1,0,0,0,1_24_04_V02Y_0,Bhiwani,2017,6,1,1,8,3,15,1,0
1_24,0,0,1,0,1,0,0,0,1_24_04_V02Y_0,Bhiwani,2017,7,3,1,2,2,10,1,0
1_24,0,0,1,0,1,0,0,0,1_24_04_V02Y_0,Bhiwani,2017,8,4,1,2,3,10,1,0
1_24,0,0,1,0,1,0,0,0,1_24_04_V02Y_0,Bhiwani,2017,9,3,3,1,0,9,1,0
1_24,0,0,1,0,1,0,0,0,1_24_04_V02Y_0,Bhiwani,2017,10,2,6,0,1,9,1,0
1_24,0,0,1,0,1,0,0,0,1_24_04_V02Y_0,Bhiwani,2017,11,3,1,2,3,10,1,0
1_24,0,0,1,0,1,0,0,0,1_24_04_V02Y_0,Bhiwani,2017,12,3,3,2,6,14,1,0
1_24,0,0,1,0,1,0,0,0,1_24_04_V02Y_0,Bhiwani,2018,1,1,1,0,1,7,1,0
1_24,0,0,1,0,1,0,0,0,1_24_04_V02Y_0,Bhiwani,2018,2,6,2,2,1,12,1,0
1_24,0,0,1,0,1,0,0,0,1_24_04_V02Y_0,Bhiwani,2018,3,4,1,1,5,15,1,0
1_24,0,1,0,0,1,0,0,0,1_24_04_V03Y_0,Bhiwani,2017,3,3,1,0,0,4,1,0
1_24,0,1,0,0,1,0,0,0,1_24_04_V03Y_0,Bhiwani,2017,4,1,4,2,3,10,1,0
1_24,0,1,0,0,1,0,0,0,1_24_04_V03Y_0,Bhiwani,2017,5,1,4,1,2,9,1,0
1_24,0,1,0,0,1,0,0,0,1_24_04_V03Y_0,Bhiwani,2017,6,0,0,5,6,12,1,0
1_24,0,1,0,0,1,0,0,0,1_24_04_V03Y_0,Bhiwani,2017,7,0,0,0,1,2,1,0
1_24,0,1,0,0,1,0,0,0,1_24_04_V03Y_0,Bhiwani,2017,8,1,0,0,4,5,1,0
1_24,0,1,0,0,1,0,0,0,1_24_04_V03Y_0,Bhiwani,2017,9,2,1,2,1,6,1,0
1_24,0,1,0,0,1,0,0,0,1_24_04_V03Y_0,Bhiwani,2017,10,2,3,1,4,13,1,0
1_24,0,1,0,0,1,0,0,0,1_24_04_V03Y_0,Bhiwani,2017,11,3,2,3,2,11,1,0
1_24,0,1,0,0,1,0,0,0,1_24_04_V03Y_0,Bhiwani,2017,12,2,3,1,2,10,1,0
1_24,0,1,0,0,1,0,0,0,1_24_04_V03Y_0,Bhiwani,2018,2,1,1,3,0,7,1,0
1_24,0,1,0,0,1,0,0,0,1_24_04_V03Y_0,Bhiwani,2018,3,3,1,1,3,15,1,0
1_24,0,0,1,0,1,0,0,0,1_24_04_V04Y_0,Bhiwani,2017,4,2,0,1,2,5,1,0
1_24,0,0,1,0,1,0,0,0,1_24_04_V04Y_0,Bhiwani,2017,5,1,2,0,3,6,1,0
1_24,0,0,1,0,1,0,0,0,1_24_04_V04Y_0,Bhiwani,2017,6,3,0,1,2,6,1,0
1_24,0,0,1,0,1,0,0,0,1_24_04_V04Y_0,Bhiwani,2017,7,1,3,0,0,4,1,0
1_24,0,0,1,0,1,0,0,0,1_24_04_V04Y_0,Bhiwani,2017,8,0,1,3,1,5,1,0
1_24,0,0,1,0,1,0,0,0,1_24_04_V04Y_0,Bhiwani,2017,9,2,0,1,2,5,1,0
1_24,0,0,1,0,1,0,0,0,1_24_04_V04Y_0,Bhiwani,2017,10,1,0,1,0,2,1,0
1_24,0,0,1,0,1,0,0,0,1_24_04_V04Y_0,Bhiwani,2017,11,1,2,2,1,6,1,0
1_24,0,0,1,0,1,0,0,0,1_24_04_V04Y_0,Bhiwani,2017,12,1,0,0,1,3,1,0
1_24,0,0,1,0,1,0,0,0,1_24_04_V04Y_0,Bhiwani,2018,1,5,0,1,1,7,1,0
1_24,0,0,1,0,1,0,0,0,1_24_04_V04Y_0,Bhiwani,2018,2,3,4,2,3,14,1,0
1_24,0,0,1,0,1,0,0,0,1_24_04_V04Y_0,Bhiwani,2018,3,4,1,1,0,7,1,0
1_25,0,1,0,0,0,0,1,0,1_25_01_V01Y_0,Bhiwani,2017,4,4,3,4,2,16,0,0
1_25,0,1,0,0,0,0,1,0,1_25_01_V01Y_0,Bhiwani,2017,5,1,4,2,2,14,0,0
1_25,0,1,0,0,0,0,1,0,1_25_01_V01Y_0,Bhiwani,2017,6,5,1,2,4,13,0,0
1_25,0,1,0,0,0,0,1,0,1_25_01_V01Y_0,Bhiwani,2017,7,1,4,3,5,14,0,0
1_25,0,1,0,0,0,0,1,0,1_25_01_V01Y_0,Bhiwani,2017,8,3,3,3,2,21,0,0
1_25,0,1,0,0,0,0,1,0,1_25_01_V01Y_0,Bhiwani,2017,9,3,5,2,5,15,0,0
1_25,0,1,0,0,0,0,1,0,1_25_01_V01Y_0,Bhiwani,2017,10,3,2,2,4,19,0,0
1_25,0,1,0,0,0,0,1,0,1_25_01_V01Y_0,Bhiwani,2017,11,3,3,6,0,15,0,0
1_25,0,1,0,0,0,0,1,0,1_25_01_V01Y_0,Bhiwani,2017,12,3,4,4,5,17,0,0
1_25,0,1,0,0,0,0,1,0,1_25_01_V01Y_0,Bhiwani,2018,1,1,2,3,5,16,0,0
1_25,0,1,0,0,0,0,1,0,1_25_01_V01Y_0,Bhiwani,2018,2,3,3,4,2,18,0,0
1_25,0,1,0,0,0,0,1,0,1_25_01_V01Y_0,Bhiwani,2018,3,2,1,3,2,16,0,0
1_25,1,0,0,0,0,0,1,0,1_25_02_V02Y_0,Bhiwani,2017,4,1,2,0,0,3,0,0
1_25,1,0,0,0,0,0,1,0,1_25_02_V02Y_0,Bhiwani,2017,5,0,2,1,3,6,0,0
1_25,1,0,0,0,0,0,1,0,1_25_02_V02Y_0,Bhiwani,2017,6,0,0,1,2,4,0,0
1_25,1,0,0,0,0,0,1,0,1_25_02_V02Y_0,Bhiwani,2017,7,2,0,0,2,4,0,0
1_25,1,0,0,0,0,0,1,0,1_25_02_V02Y_0,Bhiwani,2017,8,0,1,0,4,5,0,0
1_25,1,0,0,0,0,0,1,0,1_25_02_V02Y_0,Bhiwani,2017,9,1,0,1,1,4,0,0
1_25,1,0,0,0,0,0,1,0,1_25_02_V02Y_0,Bhiwani,2017,10,3,2,1,0,6,0,0
1_25,1,0,0,0,0,0,1,0,1_25_02_V02Y_0,Bhiwani,2017,11,2,2,2,1,7,0,0
1_25,1,0,0,0,0,0,1,0,1_25_02_V02Y_0,Bhiwani,2017,12,2,3,3,2,11,0,0
1_25,1,0,0,0,0,0,1,0,1_25_02_V02Y_0,Bhiwani,2018,1,2,3,3,0,10,0,0
1_25,1,0,0,0,0,0,1,0,1_25_02_V02Y_0,Bhiwani,2018,2,3,1,1,2,8,0,0
1_25,1,0,0,0,0,0,1,0,1_25_02_V02Y_0,Bhiwani,2018,3,1,2,1,1,8,0,0
1_25,0,1,0,0,0,0,1,0,1_25_02_V04Y_0,Bhiwani,2017,4,0,1,0,0,3,0,0
1_25,0,1,0,0,0,0,1,0,1_25_02_V04Y_0,Bhiwani,2017,5,4,1,1,1,7,0,0
1_25,0,1,0,0,0,0,1,0,1_25_02_V04Y_0,Bhiwani,2017,6,2,3,2,0,7,0,0
1_25,0,1,0,0,0,0,1,0,1_25_02_V04Y_0,Bhiwani,2017,7,0,2,1,3,7,0,0
1_25,0,1,0,0,0,0,1,0,1_25_02_V04Y_0,Bhiwani,2017,8,1,1,2,2,7,0,0
1_25,0,1,0,0,0,0,1,0,1_25_02_V04Y_0,Bhiwani,2017,9,0,1,0,1,4,0,0
1_25,0,1,0,0,0,0,1,0,1_25_02_V04Y_0,Bhiwani,2017,10,3,0,1,2,6,0,0
1_25,0,1,0,0,0,0,1,0,1_25_02_V04Y_0,Bhiwani,2017,11,1,4,1,0,6,0,0
1_25,0,1,0,0,0,0,1,0,1_25_02_V04Y_0,Bhiwani,2017,12,1,1,2,1,8,0,0
1_25,0,1,0,0,0,0,1,0,1_25_02_V04Y_0,Bhiwani,2018,1,2,2,3,3,9,0,0
1_25,0,1,0,0,0,0,1,0,1_25_02_V04Y_0,Bhiwani,2018,2,1,3,2,0,4,0,0
1_25,0,1,0,0,0,0,1,0,1_25_02_V04Y_0,Bhiwani,2018,3,1,0,1,1,4,0,0
1_25,0,1,0,0,0,0,1,0,1_25_03_V01Y_0,Bhiwani,2017,4,1,0,1,0,2,1,0
1_25,0,1,0,0,0,0,1,0,1_25_03_V01Y_0,Bhiwani,2017,5,0,0,0,0,1,1,0
1_25,0,1,0,0,0,0,1,0,1_25_03_V01Y_0,Bhiwani,2017,6,1,0,0,0,1,1,0
1_25,0,1,0,0,0,0,1,0,1_25_03_V01Y_0,Bhiwani,2017,7,0,1,1,2,4,1,0
1_25,0,1,0,0,0,0,1,0,1_25_03_V01Y_0,Bhiwani,2017,9,0,0,1,1,2,1,0
1_25,0,1,0,0,0,0,1,0,1_25_03_V01Y_0,Bhiwani,2017,11,1,0,0,0,1,1,0
1_25,0,1,0,0,0,0,1,0,1_25_03_V01Y_0,Bhiwani,2017,12,1,1,0,0,2,1,0
1_25,0,1,0,0,0,0,1,0,1_25_03_V01Y_0,Bhiwani,2018,1,1,2,1,1,6,1,0
1_25,0,1,0,0,0,0,1,0,1_25_03_V01Y_0,Bhiwani,2018,2,0,0,2,1,4,1,0
1_25,0,1,0,0,0,0,1,0,1_25_03_V01Y_0,Bhiwani,2018,3,1,0,1,0,3,1,0
1_25,0,0,0,1,1,0,0,0,1_25_05_V01Y_1,Bhiwani,2017,3,0,1,0,0,1,1,0
1_25,0,0,0,1,1,0,0,0,1_25_05_V01Y_1,Bhiwani,2017,4,3,12,7,7,36,1,0
1_25,0,0,0,1,1,0,0,0,1_25_05_V01Y_1,Bhiwani,2017,5,1,3,11,7,23,1,0
1_25,0,0,0,1,1,0,0,0,1_25_05_V01Y_1,Bhiwani,2017,6,5,1,8,10,26,1,0
1_25,0,0,0,1,1,0,0,0,1_25_05_V01Y_1,Bhiwani,2017,7,4,3,2,8,19,1,0
1_25,0,0,0,1,1,0,0,0,1_25_05_V01Y_1,Bhiwani,2017,8,2,1,1,7,11,1,0
1_25,0,0,0,1,1,0,0,0,1_25_05_V01Y_1,Bhiwani,2017,9,1,2,1,1,8,1,0
1_25,0,0,0,1,1,0,0,0,1_25_05_V01Y_1,Bhiwani,2017,10,3,0,3,4,19,1,0
1_25,0,0,0,1,1,0,0,0,1_25_05_V01Y_1,Bhiwani,2017,11,9,5,3,6,36,1,0
1_25,0,0,0,1,1,0,0,0,1_25_05_V01Y_1,Bhiwani,2017,12,7,10,4,4,38,1,0
1_25,0,0,0,1,1,0,0,0,1_25_05_V01Y_1,Bhiwani,2018,1,11,10,6,3,39,1,0
1_25,0,0,0,1,1,0,0,0,1_25_05_V01Y_1,Bhiwani,2018,2,13,9,12,4,53,1,0
1_25,0,0,0,1,1,0,0,0,1_25_05_V01Y_1,Bhiwani,2018,3,10,4,9,3,37,1,0
1_26,0,1,0,0,0,0,0,1,1_26_03_V01Y_0,Bhiwani,2017,4,5,6,4,10,25,0,1
1_26,0,1,0,0,0,0,0,1,1_26_03_V01Y_0,Bhiwani,2017,5,8,8,5,4,25,0,1
1_26,0,1,0,0,0,0,0,1,1_26_03_V01Y_0,Bhiwani,2017,6,6,10,6,4,27,0,1
1_26,0,1,0,0,0,0,0,1,1_26_03_V01Y_0,Bhiwani,2017,7,8,7,7,8,30,0,1
1_26,0,1,0,0,0,0,0,1,1_26_03_V01Y_0,Bhiwani,2017,8,3,10,6,6,26,0,1
1_26,0,1,0,0,0,0,0,1,1_26_03_V01Y_0,Bhiwani,2017,9,10,3,13,9,37,0,1
1_26,0,1,0,0,0,0,0,1,1_26_03_V01Y_0,Bhiwani,2017,10,12,9,4,6,33,0,1
1_26,0,1,0,0,0,0,0,1,1_26_03_V01Y_0,Bhiwani,2017,11,10,12,9,6,36,0,1
1_26,0,1,0,0,0,0,0,1,1_26_03_V01Y_0,Bhiwani,2017,12,9,6,10,9,40,0,1
1_26,0,1,0,0,0,0,0,1,1_26_03_V01Y_0,Bhiwani,2018,1,6,8,3,6,27,0,1
1_26,0,1,0,0,0,0,0,1,1_26_03_V01Y_0,Bhiwani,2018,2,8,6,10,5,33,0,1
1_26,0,1,0,0,0,0,0,1,1_26_03_V01Y_0,Bhiwani,2018,3,6,6,3,11,30,0,1
1_26,0,1,0,0,0,0,0,1,1_26_03_V01Y_0,Bhiwani,2020,6,1,0,1,0,2,0,1
1_26,0,0,1,0,1,0,0,0,1_26_05_V01Y_0,Bhiwani,2017,4,0,1,1,2,4,1,0
1_26,0,0,1,0,1,0,0,0,1_26_05_V01Y_0,Bhiwani,2017,5,3,1,4,2,10,1,0
1_26,0,0,1,0,1,0,0,0,1_26_05_V01Y_0,Bhiwani,2017,6,1,2,1,0,4,1,0
1_26,0,0,1,0,1,0,0,0,1_26_05_V01Y_0,Bhiwani,2017,7,1,1,1,1,4,1,0
1_26,0,0,1,0,1,0,0,0,1_26_05_V01Y_0,Bhiwani,2017,8,1,1,2,1,5,1,0
1_26,0,0,1,0,1,0,0,0,1_26_05_V01Y_0,Bhiwani,2017,9,2,0,2,0,4,1,0
1_26,0,0,1,0,1,0,0,0,1_26_05_V01Y_0,Bhiwani,2017,10,1,2,1,1,5,1,0
1_26,0,0,1,0,1,0,0,0,1_26_05_V01Y_0,Bhiwani,2017,11,1,1,1,1,4,1,0
1_26,0,0,1,0,1,0,0,0,1_26_05_V01Y_0,Bhiwani,2017,12,1,2,1,4,8,1,0
1_26,0,0,1,0,1,0,0,0,1_26_05_V01Y_0,Bhiwani,2018,1,0,0,0,0,1,1,0
1_26,0,0,1,0,1,0,0,0,1_26_05_V01Y_0,Bhiwani,2018,2,1,1,0,0,2,1,0
1_26,0,0,1,0,1,0,0,0,1_26_05_V01Y_0,Bhiwani,2018,3,0,1,1,1,3,1,0
1_26,0,0,0,1,1,0,0,0,1_26_05_V02Y_0,Bhiwani,2017,4,4,5,7,7,24,1,0
1_26,0,0,0,1,1,0,0,0,1_26_05_V02Y_0,Bhiwani,2017,5,0,3,3,5,12,1,0
1_26,0,0,0,1,1,0,0,0,1_26_05_V02Y_0,Bhiwani,2017,6,8,4,5,10,27,1,0
1_26,0,0,0,1,1,0,0,0,1_26_05_V02Y_0,Bhiwani,2017,7,10,6,4,7,25,1,0
1_26,0,0,0,1,1,0,0,0,1_26_05_V02Y_0,Bhiwani,2017,8,7,7,7,6,26,1,0
1_26,0,0,0,1,1,0,0,0,1_26_05_V02Y_0,Bhiwani,2017,9,9,8,7,2,25,1,0
1_26,0,0,0,1,1,0,0,0,1_26_05_V02Y_0,Bhiwani,2017,10,6,7,5,4,22,1,0
1_26,0,0,0,1,1,0,0,0,1_26_05_V02Y_0,Bhiwani,2017,11,13,14,5,8,39,1,0
1_26,0,0,0,1,1,0,0,0,1_26_05_V02Y_0,Bhiwani,2017,12,10,8,9,4,32,1,0
1_26,0,0,0,1,1,0,0,0,1_26_05_V02Y_0,Bhiwani,2018,1,5,7,9,4,26,1,0
1_26,0,0,0,1,1,0,0,0,1_26_05_V02Y_0,Bhiwani,2018,2,11,5,7,9,39,1,0
1_26,0,0,0,1,1,0,0,0,1_26_05_V02Y_0,Bhiwani,2018,3,8,9,5,6,32,1,0
1_27,0,0,0,1,1,0,0,0,1_27_02_V01Y_0,Bhiwani,2017,4,5,0,1,2,9,0,1
1_27,0,0,0,1,1,0,0,0,1_27_02_V01Y_0,Bhiwani,2017,5,2,3,3,6,15,0,1
1_27,0,0,0,1,1,0,0,0,1_27_02_V01Y_0,Bhiwani,2017,6,0,0,0,1,4,0,1
1_27,0,0,0,1,1,0,0,0,1_27_02_V01Y_0,Bhiwani,2017,7,0,5,4,1,6,0,1
1_27,0,0,0,1,1,0,0,0,1_27_02_V01Y_0,Bhiwani,2017,8,3,1,6,5,15,0,1
1_27,0,0,0,1,1,0,0,0,1_27_02_V01Y_0,Bhiwani,2017,9,2,1,0,1,7,0,1
1_27,0,0,0,1,1,0,0,0,1_27_02_V01Y_0,Bhiwani,2017,10,2,5,4,3,14,0,1
1_27,0,0,0,1,1,0,0,0,1_27_02_V01Y_0,Bhiwani,2017,11,9,1,2,3,15,0,1
1_27,0,0,0,1,1,0,0,0,1_27_02_V01Y_0,Bhiwani,2017,12,4,4,3,3,15,0,1
1_27,0,0,0,1,1,0,0,0,1_27_02_V01Y_0,Bhiwani,2018,1,3,5,3,3,19,0,1
1_27,0,0,0,1,1,0,0,0,1_27_02_V01Y_0,Bhiwani,2018,2,7,7,3,2,23,0,1
1_27,0,0,0,1,1,0,0,0,1_27_02_V01Y_0,Bhiwani,2018,3,8,5,8,4,26,0,1
1_27,1,0,0,0,1,0,0,0,1_27_02_V02Y_0,Bhiwani,2017,4,7,3,4,8,23,0,1
1_27,1,0,0,0,1,0,0,0,1_27_02_V02Y_0,Bhiwani,2017,5,3,0,0,2,10,0,1
1_27,1,0,0,0,1,0,0,0,1_27_02_V02Y_0,Bhiwani,2017,6,1,1,1,1,8,0,1
1_27,1,0,0,0,1,0,0,0,1_27_02_V02Y_0,Bhiwani,2017,7,8,6,6,8,20,0,1
1_27,1,0,0,0,1,0,0,0,1_27_02_V02Y_0,Bhiwani,2017,8,4,8,4,3,17,0,1
1_27,1,0,0,0,1,0,0,0,1_27_02_V02Y_0,Bhiwani,2017,9,2,2,1,1,13,0,1
1_27,1,0,0,0,1,0,0,0,1_27_02_V02Y_0,Bhiwani,2017,10,7,7,4,6,17,0,1
1_27,1,0,0,0,1,0,0,0,1_27_02_V02Y_0,Bhiwani,2017,11,11,6,8,6,29,0,1
1_27,1,0,0,0,1,0,0,0,1_27_02_V02Y_0,Bhiwani,2017,12,10,10,5,10,34,0,1
1_27,1,0,0,0,1,0,0,0,1_27_02_V02Y_0,Bhiwani,2018,1,5,8,6,4,23,0,1
1_27,1,0,0,0,1,0,0,0,1_27_02_V02Y_0,Bhiwani,2018,2,8,8,5,7,30,0,1
1_27,1,0,0,0,1,0,0,0,1_27_02_V02Y_0,Bhiwani,2018,3,6,6,11,5,33,0,1
1_27,0,0,0,1,1,0,0,0,1_27_03_V01Y_0,Bhiwani,2017,4,5,5,3,2,15,0,0
1_27,0,0,0,1,1,0,0,0,1_27_03_V01Y_0,Bhiwani,2017,5,2,6,3,3,13,0,0
1_27,0,0,0,1,1,0,0,0,1_27_03_V01Y_0,Bhiwani,2017,6,4,4,8,8,27,0,0
1_27,0,0,0,1,1,0,0,0,1_27_03_V01Y_0,Bhiwani,2017,7,2,3,2,3,14,0,0
1_27,0,0,0,1,1,0,0,0,1_27_03_V01Y_0,Bhiwani,2017,8,5,3,2,5,16,0,0
1_27,0,0,0,1,1,0,0,0,1_27_03_V01Y_0,Bhiwani,2017,9,4,6,7,6,33,0,0
1_27,0,0,0,1,1,0,0,0,1_27_03_V01Y_0,Bhiwani,2017,10,8,4,3,5,23,0,0
1_27,0,0,0,1,1,0,0,0,1_27_03_V01Y_0,Bhiwani,2017,11,4,6,6,5,22,0,0
1_27,0,0,0,1,1,0,0,0,1_27_03_V01Y_0,Bhiwani,2017,12,3,4,6,2,22,0,0
1_27,0,0,0,1,1,0,0,0,1_27_03_V01Y_0,Bhiwani,2018,1,2,5,3,2,16,0,0
1_27,0,0,0,1,1,0,0,0,1_27_03_V01Y_0,Bhiwani,2018,2,4,2,2,1,15,0,0
1_27,0,0,0,1,1,0,0,0,1_27_03_V01Y_0,Bhiwani,2018,3,6,3,3,9,28,0,0
1_27,1,0,0,0,1,0,0,0,1_27_03_V03Y_0,Bhiwani,2017,4,0,2,2,0,4,0,0
1_27,1,0,0,0,1,0,0,0,1_27_03_V03Y_0,Bhiwani,2017,5,1,0,1,1,3,0,0
1_27,1,0,0,0,1,0,0,0,1_27_03_V03Y_0,Bhiwani,2017,6,0,0,1,0,1,0,0
1_27,1,0,0,0,1,0,0,0,1_27_03_V03Y_0,Bhiwani,2017,7,0,1,0,2,3,0,0
1_27,1,0,0,0,1,0,0,0,1_27_03_V03Y_0,Bhiwani,2017,8,0,0,0,1,1,0,0
1_27,1,0,0,0,1,0,0,0,1_27_03_V03Y_0,Bhiwani,2017,9,3,0,0,2,6,0,0
1_27,1,0,0,0,1,0,0,0,1_27_03_V03Y_0,Bhiwani,2017,10,0,2,0,0,2,0,0
1_27,1,0,0,0,1,0,0,0,1_27_03_V03Y_0,Bhiwani,2017,11,0,1,1,2,4,0,0
1_27,1,0,0,0,1,0,0,0,1_27_03_V03Y_0,Bhiwani,2017,12,4,0,1,1,5,0,0
1_27,1,0,0,0,1,0,0,0,1_27_03_V03Y_0,Bhiwani,2018,1,1,3,0,1,4,0,0
1_27,1,0,0,0,1,0,0,0,1_27_03_V03Y_0,Bhiwani,2018,3,0,0,1,0,1,0,0
1_27,0,0,1,0,0,0,1,0,1_27_04_V01Y_0,Bhiwani,2017,4,3,3,2,4,19,1,0
1_27,0,0,1,0,0,0,1,0,1_27_04_V01Y_0,Bhiwani,2017,5,10,5,4,7,27,1,0
1_27,0,0,1,0,0,0,1,0,1_27_04_V01Y_0,Bhiwani,2017,6,0,8,5,7,24,1,0
1_27,0,0,1,0,0,0,1,0,1_27_04_V01Y_0,Bhiwani,2017,7,3,3,9,10,28,1,0
1_27,0,0,1,0,0,0,1,0,1_27_04_V01Y_0,Bhiwani,2017,8,15,5,5,5,30,1,0
1_27,0,0,1,0,0,0,1,0,1_27_04_V01Y_0,Bhiwani,2017,9,8,8,3,7,28,1,0
1_27,0,0,1,0,0,0,1,0,1_27_04_V01Y_0,Bhiwani,2017,10,4,11,8,4,29,1,0
1_27,0,0,1,0,0,0,1,0,1_27_04_V01Y_0,Bhiwani,2017,11,15,4,7,9,37,1,0
1_27,0,0,1,0,0,0,1,0,1_27_04_V01Y_0,Bhiwani,2017,12,7,8,7,3,27,1,0
1_27,0,0,1,0,0,0,1,0,1_27_04_V01Y_0,Bhiwani,2018,1,2,6,10,2,24,1,0
1_27,0,0,1,0,0,0,1,0,1_27_04_V01Y_0,Bhiwani,2018,2,6,4,2,1,22,1,0
1_27,0,0,1,0,0,0,1,0,1_27_04_V01Y_0,Bhiwani,2018,3,12,11,6,5,47,1,0
1_28,0,0,0,1,0,0,0,0,1_28_01_V01Y_0,Bhiwani,2017,4,7,6,0,0,10,0,0
1_28,0,0,0,1,0,0,0,0,1_28_01_V01Y_0,Bhiwani,2017,5,0,2,4,3,9,0,0
1_28,0,0,0,1,0,0,0,0,1_28_01_V01Y_0,Bhiwani,2017,6,2,0,2,0,7,0,0
1_28,0,0,0,1,0,0,0,0,1_28_01_V01Y_0,Bhiwani,2017,7,0,1,0,1,3,0,0
1_28,0,0,0,1,0,0,0,0,1_28_01_V01Y_0,Bhiwani,2017,8,4,0,1,2,8,0,0
1_28,0,0,0,1,0,0,0,0,1_28_01_V01Y_0,Bhiwani,2017,9,6,4,0,3,15,0,0
1_28,0,0,0,1,0,0,0,0,1_28_01_V01Y_0,Bhiwani,2017,10,3,3,3,1,12,0,0
1_28,0,0,0,1,0,0,0,0,1_28_01_V01Y_0,Bhiwani,2017,11,2,5,0,3,11,0,0
1_28,0,0,0,1,0,0,0,0,1_28_01_V01Y_0,Bhiwani,2017,12,4,2,5,1,13,0,0
1_28,0,0,0,1,0,0,0,0,1_28_01_V01Y_0,Bhiwani,2018,1,4,2,1,0,9,0,0
1_28,0,0,0,1,0,0,0,0,1_28_01_V01Y_0,Bhiwani,2018,2,3,6,2,1,16,0,0
1_28,0,0,0,1,0,0,0,0,1_28_01_V01Y_0,Bhiwani,2018,3,1,3,4,1,10,0,0
1_28,0,1,0,0,0,0,0,0,1_28_02_V01Y_0,Bhiwani,2017,4,10,10,5,0,28,0,0
1_28,0,1,0,0,0,0,0,0,1_28_02_V01Y_0,Bhiwani,2017,5,3,6,11,4,25,0,0
1_28,0,1,0,0,0,0,0,0,1_28_02_V01Y_0,Bhiwani,2017,6,6,6,9,10,35,0,0
1_28,0,1,0,0,0,0,0,0,1_28_02_V01Y_0,Bhiwani,2017,7,6,3,6,4,24,0,0
1_28,0,1,0,0,0,0,0,0,1_28_02_V01Y_0,Bhiwani,2017,8,7,7,3,6,26,0,0
1_28,0,1,0,0,0,0,0,0,1_28_02_V01Y_0,Bhiwani,2017,9,5,5,8,14,37,0,0
1_28,0,1,0,0,0,0,0,0,1_28_02_V01Y_0,Bhiwani,2017,10,9,5,3,7,28,0,0
1_28,0,1,0,0,0,0,0,0,1_28_02_V01Y_0,Bhiwani,2017,11,1,6,7,7,26,0,0
1_28,0,1,0,0,0,0,0,0,1_28_02_V01Y_0,Bhiwani,2017,12,9,4,6,10,34,0,0
1_28,0,1,0,0,0,0,0,0,1_28_02_V01Y_0,Bhiwani,2018,1,2,9,3,2,22,0,0
1_28,0,1,0,0,0,0,0,0,1_28_02_V01Y_0,Bhiwani,2018,2,7,6,6,3,32,0,0
1_28,0,1,0,0,0,0,0,0,1_28_02_V01Y_0,Bhiwani,2018,3,5,8,3,5,25,0,0
1_28,0,0,0,1,0,0,0,0,1_28_02_V02Y_0,Bhiwani,2017,4,1,1,1,2,5,0,0
1_28,0,0,0,1,0,0,0,0,1_28_02_V02Y_0,Bhiwani,2017,5,1,2,1,4,8,0,0
1_28,0,0,0,1,0,0,0,0,1_28_02_V02Y_0,Bhiwani,2017,6,1,2,1,1,8,0,0
1_28,0,0,0,1,0,0,0,0,1_28_02_V02Y_0,Bhiwani,2017,7,3,1,2,3,9,0,0
1_28,0,0,0,1,0,0,0,0,1_28_02_V02Y_0,Bhiwani,2017,8,4,2,2,1,10,0,0
1_28,0,0,0,1,0,0,0,0,1_28_02_V02Y_0,Bhiwani,2017,9,4,4,3,1,14,0,0
1_28,0,0,0,1,0,0,0,0,1_28_02_V02Y_0,Bhiwani,2017,10,3,6,2,1,14,0,0
1_28,0,0,0,1,0,0,0,0,1_28_02_V02Y_0,Bhiwani,2017,11,1,2,5,3,13,0,0
1_28,0,0,0,1,0,0,0,0,1_28_02_V02Y_0,Bhiwani,2017,12,5,2,3,1,14,0,0
1_28,0,0,0,1,0,0,0,0,1_28_02_V02Y_0,Bhiwani,2018,1,3,5,0,1,9,0,0
1_28,0,0,0,1,0,0,0,0,1_28_02_V02Y_0,Bhiwani,2018,2,3,3,4,1,17,0,0
1_28,0,0,0,1,0,0,0,0,1_28_02_V02Y_0,Bhiwani,2018,3,1,0,1,3,6,0,0
1_28,0,1,0,0,0,0,0,0,1_28_03_V01Y_0,Bhiwani,2017,4,8,6,15,6,38,0,0
1_28,0,1,0,0,0,0,0,0,1_28_03_V01Y_0,Bhiwani,2017,5,7,10,5,7,32,0,0
1_28,0,1,0,0,0,0,0,0,1_28_03_V01Y_0,Bhiwani,2017,6,6,7,10,10,41,0,0
1_28,0,1,0,0,0,0,0,0,1_28_03_V01Y_0,Bhiwani,2017,7,8,6,8,8,37,0,0
1_28,0,1,0,0,0,0,0,0,1_28_03_V01Y_0,Bhiwani,2017,8,13,6,4,14,44,0,0
1_28,0,1,0,0,0,0,0,0,1_28_03_V01Y_0,Bhiwani,2017,9,10,9,5,14,46,0,0
1_28,0,1,0,0,0,0,0,0,1_28_03_V01Y_0,Bhiwani,2017,10,17,8,11,7,57,0,0
1_28,0,1,0,0,0,0,0,0,1_28_03_V01Y_0,Bhiwani,2017,11,20,13,5,10,62,0,0
1_28,0,1,0,0,0,0,0,0,1_28_03_V01Y_0,Bhiwani,2017,12,17,22,16,6,69,0,0
1_28,0,1,0,0,0,0,0,0,1_28_03_V01Y_0,Bhiwani,2018,1,8,16,15,7,54,0,0
1_28,0,1,0,0,0,0,0,0,1_28_03_V01Y_0,Bhiwani,2018,2,11,8,16,4,47,0,0
1_28,0,1,0,0,0,0,0,0,1_28_03_V01Y_0,Bhiwani,2018,3,9,12,12,7,52,0,0
2_01,0,0,1,0,0,0,1,0,2_01_02_V01Y_1,Jhajjar,2017,3,9,13,8,8,40,0,1
2_01,0,0,1,0,0,0,1,0,2_01_02_V01Y_1,Jhajjar,2017,4,5,9,11,12,37,0,1
2_01,0,0,1,0,0,0,1,0,2_01_02_V01Y_1,Jhajjar,2017,5,7,11,7,6,31,0,1
2_01,0,0,1,0,0,0,1,0,2_01_02_V01Y_1,Jhajjar,2017,6,1,4,8,4,18,0,1
2_01,0,0,1,0,0,0,1,0,2_01_02_V01Y_1,Jhajjar,2017,7,5,2,1,3,11,0,1
2_01,0,0,1,0,0,0,1,0,2_01_02_V01Y_1,Jhajjar,2017,8,5,5,1,11,23,0,1
2_01,0,0,1,0,0,0,1,0,2_01_02_V01Y_1,Jhajjar,2017,9,8,4,3,8,23,0,1
2_01,0,0,1,0,0,0,1,0,2_01_02_V01Y_1,Jhajjar,2017,10,8,7,6,5,24,0,1
2_01,0,0,1,0,0,0,1,0,2_01_02_V01Y_1,Jhajjar,2017,11,7,3,4,3,21,0,1
2_01,0,0,1,0,0,0,1,0,2_01_02_V01Y_1,Jhajjar,2017,12,2,6,3,4,20,0,1
2_01,0,0,1,0,0,0,1,0,2_01_02_V01Y_1,Jhajjar,2018,1,9,6,7,4,27,0,1
2_01,0,0,1,0,0,0,1,0,2_01_02_V01Y_1,Jhajjar,2018,2,13,11,10,3,47,0,1
2_01,0,0,1,0,0,0,1,0,2_01_02_V01Y_1,Jhajjar,2018,3,9,9,7,7,39,0,1
2_01,1,0,0,0,0,0,1,0,2_01_03_V02Y_0,Jhajjar,2017,4,1,2,1,0,3,1,0
2_01,1,0,0,0,0,0,1,0,2_01_03_V02Y_0,Jhajjar,2017,8,0,1,1,0,2,1,0
2_01,1,0,0,0,0,0,1,0,2_01_03_V02Y_0,Jhajjar,2017,9,2,0,1,2,5,1,0
2_01,1,0,0,0,0,0,1,0,2_01_03_V02Y_0,Jhajjar,2017,10,1,1,0,0,1,1,0
2_01,1,0,0,0,0,0,1,0,2_01_03_V02Y_0,Jhajjar,2017,12,1,1,0,0,2,1,0
2_01,0,1,0,0,0,0,0,1,2_01_05_V02Y_0,Jhajjar,2017,3,3,2,3,3,11,0,0
2_01,0,1,0,0,0,0,0,1,2_01_05_V02Y_0,Jhajjar,2017,4,1,3,4,4,13,0,0
2_01,0,1,0,0,0,0,0,1,2_01_05_V02Y_0,Jhajjar,2017,5,1,1,3,2,7,0,0
2_01,0,1,0,0,0,0,0,1,2_01_05_V02Y_0,Jhajjar,2017,6,2,1,1,2,6,0,0
2_01,0,1,0,0,0,0,0,1,2_01_05_V02Y_0,Jhajjar,2017,7,2,1,1,7,11,0,0
2_01,0,1,0,0,0,0,0,1,2_01_05_V02Y_0,Jhajjar,2017,8,1,1,2,0,4,0,0
2_01,0,1,0,0,0,0,0,1,2_01_05_V02Y_0,Jhajjar,2017,9,3,1,1,8,13,0,0
2_01,0,1,0,0,0,0,0,1,2_01_05_V02Y_0,Jhajjar,2017,10,3,4,1,2,10,0,0
2_01,0,1,0,0,0,0,0,1,2_01_05_V02Y_0,Jhajjar,2017,11,0,3,3,1,7,0,0
2_01,0,1,0,0,0,0,0,1,2_01_05_V02Y_0,Jhajjar,2017,12,1,0,3,1,6,0,0
2_01,0,1,0,0,0,0,0,1,2_01_05_V02Y_0,Jhajjar,2018,1,3,1,1,5,14,0,0
2_01,0,1,0,0,0,0,0,1,2_01_05_V02Y_0,Jhajjar,2018,2,5,2,1,0,12,0,0
2_01,0,1,0,0,0,0,0,1,2_01_05_V02Y_0,Jhajjar,2018,3,5,4,2,2,13,0,0
2_01,0,1,0,0,1,0,0,0,2_01_06_V03Y_0,Jhajjar,2017,5,5,2,3,3,13,1,0
2_01,0,1,0,0,1,0,0,0,2_01_06_V03Y_0,Jhajjar,2017,6,1,1,1,0,3,1,0
2_01,0,1,0,0,1,0,0,0,2_01_06_V03Y_0,Jhajjar,2017,7,2,2,4,0,8,1,0
2_01,0,1,0,0,1,0,0,0,2_01_06_V03Y_0,Jhajjar,2017,8,2,2,1,1,6,1,0
2_01,0,1,0,0,1,0,0,0,2_01_06_V03Y_0,Jhajjar,2017,9,1,4,1,1,9,1,0
2_01,0,1,0,0,1,0,0,0,2_01_06_V03Y_0,Jhajjar,2017,10,0,1,3,0,4,1,0
2_01,0,1,0,0,1,0,0,0,2_01_06_V03Y_0,Jhajjar,2017,11,3,2,2,1,8,1,0
2_01,0,1,0,0,1,0,0,0,2_01_06_V03Y_0,Jhajjar,2017,12,1,3,1,2,9,1,0
2_01,0,1,0,0,1,0,0,0,2_01_06_V03Y_0,Jhajjar,2018,1,0,1,1,1,3,1,0
2_01,0,1,0,0,1,0,0,0,2_01_06_V03Y_0,Jhajjar,2018,2,2,0,3,2,9,1,0
2_01,0,1,0,0,1,0,0,0,2_01_06_V03Y_0,Jhajjar,2018,3,3,0,0,3,9,1,0
2_02,0,0,0,1,0,0,1,0,2_02_01_V01Y_0,Jhajjar,2017,3,3,6,1,1,11,1,0
2_02,0,0,0,1,0,0,1,0,2_02_01_V01Y_0,Jhajjar,2017,4,3,5,7,4,18,1,0
2_02,0,0,0,1,0,0,1,0,2_02_01_V01Y_0,Jhajjar,2017,5,0,4,3,3,10,1,0
2_02,0,0,0,1,0,0,1,0,2_02_01_V01Y_0,Jhajjar,2017,6,0,0,4,1,6,1,0
2_02,0,0,0,1,0,0,1,0,2_02_01_V01Y_0,Jhajjar,2017,7,2,0,0,2,4,1,0
2_02,0,0,0,1,0,0,1,0,2_02_01_V01Y_0,Jhajjar,2017,8,3,1,0,2,8,1,0
2_02,0,0,0,1,0,0,1,0,2_02_01_V01Y_0,Jhajjar,2017,9,1,0,2,1,4,1,0
2_02,0,0,0,1,0,0,1,0,2_02_01_V01Y_0,Jhajjar,2017,10,1,2,0,7,10,1,0
2_02,0,0,0,1,0,0,1,0,2_02_01_V01Y_0,Jhajjar,2017,11,3,2,1,3,10,1,0
2_02,0,0,0,1,0,0,1,0,2_02_01_V01Y_0,Jhajjar,2017,12,2,0,2,2,7,1,0
2_02,0,0,0,1,0,0,1,0,2_02_01_V01Y_0,Jhajjar,2018,1,0,1,1,1,5,1,0
2_02,0,0,0,1,0,0,1,0,2_02_01_V01Y_0,Jhajjar,2018,2,9,3,1,0,19,1,0
2_02,0,0,0,1,0,0,1,0,2_02_01_V01Y_0,Jhajjar,2018,3,2,6,3,1,15,1,0
2_02,0,0,1,0,0,0,1,0,2_02_01_V02Y_0,Jhajjar,2017,3,1,2,4,2,10,1,0
2_02,0,0,1,0,0,0,1,0,2_02_01_V02Y_0,Jhajjar,2017,4,2,2,2,2,8,1,0
2_02,0,0,1,0,0,0,1,0,2_02_01_V02Y_0,Jhajjar,2017,5,0,2,2,5,9,1,0
2_02,0,0,1,0,0,0,1,0,2_02_01_V02Y_0,Jhajjar,2017,6,2,1,1,3,7,1,0
2_02,0,0,1,0,0,0,1,0,2_02_01_V02Y_0,Jhajjar,2017,7,1,1,2,4,9,1,0
2_02,0,0,1,0,0,0,1,0,2_02_01_V02Y_0,Jhajjar,2017,8,0,0,1,2,3,1,0
2_02,0,0,1,0,0,0,1,0,2_02_01_V02Y_0,Jhajjar,2017,9,1,1,0,4,8,1,0
2_02,0,0,1,0,0,0,1,0,2_02_01_V02Y_0,Jhajjar,2017,10,3,2,1,0,7,1,0
2_02,0,0,1,0,0,0,1,0,2_02_01_V02Y_0,Jhajjar,2017,11,1,1,1,3,8,1,0
2_02,0,0,1,0,0,0,1,0,2_02_01_V02Y_0,Jhajjar,2018,1,2,2,1,0,7,1,0
2_02,0,0,1,0,0,0,1,0,2_02_01_V02Y_0,Jhajjar,2018,2,3,2,2,1,10,1,0
2_02,0,0,1,0,0,0,1,0,2_02_01_V02Y_0,Jhajjar,2018,3,1,2,3,1,10,1,0
2_02,1,0,0,0,0,0,1,0,2_02_01_V03Y_0,Jhajjar,2017,4,1,1,2,1,5,1,0
2_02,1,0,0,0,0,0,1,0,2_02_01_V03Y_0,Jhajjar,2017,5,3,1,0,4,8,1,0
2_02,1,0,0,0,0,0,1,0,2_02_01_V03Y_0,Jhajjar,2017,6,0,2,0,0,2,1,0
2_02,1,0,0,0,0,0,1,0,2_02_01_V03Y_0,Jhajjar,2017,7,1,2,3,3,9,1,0
2_02,1,0,0,0,0,0,1,0,2_02_01_V03Y_0,Jhajjar,2017,8,2,2,2,3,9,1,0
2_02,1,0,0,0,0,0,1,0,2_02_01_V03Y_0,Jhajjar,2017,9,3,1,1,3,8,1,0
2_02,1,0,0,0,0,0,1,0,2_02_01_V03Y_0,Jhajjar,2017,10,1,6,1,1,10,1,0
2_02,1,0,0,0,0,0,1,0,2_02_01_V03Y_0,Jhajjar,2017,11,5,1,2,0,8,1,0
2_02,1,0,0,0,0,0,1,0,2_02_01_V03Y_0,Jhajjar,2017,12,3,4,5,3,16,1,0
2_02,1,0,0,0,0,0,1,0,2_02_01_V03Y_0,Jhajjar,2018,1,1,2,4,2,9,1,0
2_02,1,0,0,0,0,0,1,0,2_02_01_V03Y_0,Jhajjar,2018,2,6,5,3,0,18,1,0
2_02,1,0,0,0,0,0,1,0,2_02_01_V03Y_0,Jhajjar,2018,3,2,2,2,0,8,1,0
2_02,0,0,0,1,0,0,1,0,2_02_06_V02Y_0,Jhajjar,2017,3,2,0,2,1,5,1,0
2_02,0,0,0,1,0,0,1,0,2_02_06_V02Y_0,Jhajjar,2017,4,1,2,0,1,4,1,0
2_02,0,0,0,1,0,0,1,0,2_02_06_V02Y_0,Jhajjar,2017,5,2,1,1,0,4,1,0
2_02,0,0,0,1,0,0,1,0,2_02_06_V02Y_0,Jhajjar,2017,7,3,2,1,0,6,1,0
2_02,0,0,0,1,0,0,1,0,2_02_06_V02Y_0,Jhajjar,2017,8,2,0,0,0,2,1,0
2_02,0,0,0,1,0,0,1,0,2_02_06_V02Y_0,Jhajjar,2017,9,0,5,1,2,8,1,0
2_02,0,0,0,1,0,0,1,0,2_02_06_V02Y_0,Jhajjar,2017,10,1,0,3,2,7,1,0
2_02,0,0,0,1,0,0,1,0,2_02_06_V02Y_0,Jhajjar,2017,12,3,2,1,1,8,1,0
2_02,0,0,0,1,0,0,1,0,2_02_06_V02Y_0,Jhajjar,2018,1,1,1,1,0,3,1,0
2_02,0,0,0,1,0,0,1,0,2_02_06_V02Y_0,Jhajjar,2018,2,1,2,1,5,8,1,0
2_02,0,0,0,1,0,0,1,0,2_02_06_V02Y_0,Jhajjar,2018,3,1,2,3,2,7,1,0
2_02,0,1,0,0,0,0,1,0,2_02_06_V06Y_0,Jhajjar,2017,3,3,2,2,5,13,1,0
2_02,0,1,0,0,0,0,1,0,2_02_06_V06Y_0,Jhajjar,2017,4,1,3,0,1,5,1,0
2_02,0,1,0,0,0,0,1,0,2_02_06_V06Y_0,Jhajjar,2017,5,3,1,3,2,9,1,0
2_02,0,1,0,0,0,0,1,0,2_02_06_V06Y_0,Jhajjar,2017,6,1,3,4,1,9,1,0
2_02,0,1,0,0,0,0,1,0,2_02_06_V06Y_0,Jhajjar,2017,7,2,0,1,1,4,1,0
2_02,0,1,0,0,0,0,1,0,2_02_06_V06Y_0,Jhajjar,2017,8,3,3,1,1,9,1,0
2_02,0,1,0,0,0,0,1,0,2_02_06_V06Y_0,Jhajjar,2017,9,7,0,3,1,12,1,0
2_02,0,1,0,0,0,0,1,0,2_02_06_V06Y_0,Jhajjar,2017,10,4,6,1,0,12,1,0
2_02,0,1,0,0,0,0,1,0,2_02_06_V06Y_0,Jhajjar,2017,11,2,6,4,6,19,1,0
2_02,0,1,0,0,0,0,1,0,2_02_06_V06Y_0,Jhajjar,2017,12,1,2,5,1,10,1,0
2_02,0,1,0,0,0,0,1,0,2_02_06_V06Y_0,Jhajjar,2018,1,1,0,1,1,6,1,0
2_02,0,1,0,0,0,0,1,0,2_02_06_V06Y_0,Jhajjar,2018,2,1,1,2,2,7,1,0
2_02,0,1,0,0,0,0,1,0,2_02_06_V06Y_0,Jhajjar,2018,3,2,1,1,5,11,1,0
2_03,0,1,0,0,0,0,0,0,2_03_01_V02Y_0,Jhajjar,2017,3,2,0,0,0,2,1,0
2_03,0,1,0,0,0,0,0,0,2_03_01_V02Y_0,Jhajjar,2017,4,1,2,0,0,3,1,0
2_03,0,1,0,0,0,0,0,0,2_03_01_V02Y_0,Jhajjar,2017,6,0,0,1,0,1,1,0
2_03,0,1,0,0,0,0,0,0,2_03_01_V02Y_0,Jhajjar,2017,7,0,0,2,2,4,1,0
2_03,0,1,0,0,0,0,0,0,2_03_01_V02Y_0,Jhajjar,2017,8,0,0,0,0,2,1,0
2_03,0,1,0,0,0,0,0,0,2_03_01_V02Y_0,Jhajjar,2017,9,2,0,0,2,4,1,0
2_03,0,1,0,0,0,0,0,0,2_03_01_V02Y_0,Jhajjar,2017,10,1,2,0,0,3,1,0
2_03,0,1,0,0,0,0,0,0,2_03_01_V02Y_0,Jhajjar,2017,11,1,0,1,1,3,1,0
2_03,0,1,0,0,0,0,0,0,2_03_01_V02Y_0,Jhajjar,2017,12,1,1,2,0,4,1,0
2_03,0,1,0,0,0,0,0,0,2_03_01_V02Y_0,Jhajjar,2018,1,1,1,0,0,2,1,0
2_03,0,1,0,0,0,0,0,0,2_03_01_V02Y_0,Jhajjar,2018,2,0,1,0,0,1,1,0
2_03,0,1,0,0,0,0,0,0,2_03_01_V02Y_0,Jhajjar,2018,3,0,0,3,0,3,1,0
2_03,0,0,1,0,0,0,0,0,2_03_02_V01Y_0,Jhajjar,2017,3,9,4,5,1,19,0,1
2_03,0,0,1,0,0,0,0,0,2_03_02_V01Y_0,Jhajjar,2017,4,3,9,7,2,22,0,1
2_03,0,0,1,0,0,0,0,0,2_03_02_V01Y_0,Jhajjar,2017,5,4,5,11,8,30,0,1
2_03,0,0,1,0,0,0,0,0,2_03_02_V01Y_0,Jhajjar,2017,6,3,3,3,5,15,0,1
2_03,0,0,1,0,0,0,0,0,2_03_02_V01Y_0,Jhajjar,2017,7,5,2,4,7,19,0,1
2_03,0,0,1,0,0,0,0,0,2_03_02_V01Y_0,Jhajjar,2017,8,3,4,1,4,16,0,1
2_03,0,0,1,0,0,0,0,0,2_03_02_V01Y_0,Jhajjar,2017,9,8,2,4,8,24,0,1
2_03,0,0,1,0,0,0,0,0,2_03_02_V01Y_0,Jhajjar,2017,10,7,6,2,4,19,0,1
2_03,0,0,1,0,0,0,0,0,2_03_02_V01Y_0,Jhajjar,2017,11,2,6,6,3,17,0,1
2_03,0,0,1,0,0,0,0,0,2_03_02_V01Y_0,Jhajjar,2017,12,6,3,2,3,18,0,1
2_03,0,0,1,0,0,0,0,0,2_03_02_V01Y_0,Jhajjar,2018,1,2,5,4,3,20,0,1
2_03,0,0,1,0,0,0,0,0,2_03_02_V01Y_0,Jhajjar,2018,2,10,6,2,3,28,0,1
2_03,0,0,1,0,0,0,0,0,2_03_02_V01Y_0,Jhajjar,2018,3,5,7,7,4,27,0,1
2_03,1,0,0,0,0,0,0,0,2_03_04_V02Y_0,Jhajjar,2017,3,2,4,5,1,12,0,1
2_03,1,0,0,0,0,0,0,0,2_03_04_V02Y_0,Jhajjar,2017,5,4,4,0,0,9,0,1
2_03,1,0,0,0,0,0,0,0,2_03_04_V02Y_0,Jhajjar,2017,6,,,,,1,0,1
2_03,1,0,0,0,0,0,0,0,2_03_04_V02Y_0,Jhajjar,2017,8,0,3,0,1,6,0,1
2_03,1,0,0,0,0,0,0,0,2_03_04_V02Y_0,Jhajjar,2017,9,1,2,3,3,9,0,1
2_03,1,0,0,0,0,0,0,0,2_03_04_V02Y_0,Jhajjar,2017,10,4,2,4,3,12,0,1
2_03,1,0,0,0,0,0,0,0,2_03_04_V02Y_0,Jhajjar,2017,11,7,5,2,3,17,0,1
2_03,1,0,0,0,0,0,0,0,2_03_04_V02Y_0,Jhajjar,2017,12,1,4,5,0,12,0,1
2_03,1,0,0,0,0,0,0,0,2_03_04_V02Y_0,Jhajjar,2018,1,3,3,2,1,11,0,1
2_03,1,0,0,0,0,0,0,0,2_03_04_V02Y_0,Jhajjar,2018,2,3,3,3,2,11,0,1
2_03,1,0,0,0,0,0,0,0,2_03_04_V02Y_0,Jhajjar,2018,3,3,3,5,2,13,0,1
2_03,1,0,0,0,0,0,0,0,2_03_04_V03Y_0,Jhajjar,2017,3,3,1,1,1,6,0,1
2_03,1,0,0,0,0,0,0,0,2_03_04_V03Y_0,Jhajjar,2017,4,3,2,1,2,7,0,1
2_03,1,0,0,0,0,0,0,0,2_03_04_V03Y_0,Jhajjar,2017,5,8,5,1,0,18,0,1
2_03,1,0,0,0,0,0,0,0,2_03_04_V03Y_0,Jhajjar,2017,6,8,5,1,2,21,0,1
2_03,1,0,0,0,0,0,0,0,2_03_04_V03Y_0,Jhajjar,2017,7,2,4,2,4,15,0,1
2_03,1,0,0,0,0,0,0,0,2_03_04_V03Y_0,Jhajjar,2017,8,9,1,3,4,17,0,1
2_03,1,0,0,0,0,0,0,0,2_03_04_V03Y_0,Jhajjar,2017,9,3,7,5,3,21,0,1
2_03,1,0,0,0,0,0,0,0,2_03_04_V03Y_0,Jhajjar,2017,10,2,5,6,4,20,0,1
2_03,1,0,0,0,0,0,0,0,2_03_04_V03Y_0,Jhajjar,2017,11,7,4,4,5,22,0,1
2_03,1,0,0,0,0,0,0,0,2_03_04_V03Y_0,Jhajjar,2017,12,6,9,1,2,20,0,1
2_03,1,0,0,0,0,0,0,0,2_03_04_V03Y_0,Jhajjar,2018,1,6,2,3,1,18,0,1
2_03,1,0,0,0,0,0,0,0,2_03_04_V03Y_0,Jhajjar,2018,2,8,9,5,6,33,0,1
2_03,1,0,0,0,0,0,0,0,2_03_04_V03Y_0,Jhajjar,2018,3,5,5,8,5,28,0,1
2_04,0,0,1,0,0,0,0,1,2_04_01_V01Y_0,Jhajjar,2017,3,7,8,5,12,34,0,1
2_04,0,0,1,0,0,0,0,1,2_04_01_V01Y_0,Jhajjar,2017,4,6,7,9,6,32,0,1
2_04,0,0,1,0,0,0,0,1,2_04_01_V01Y_0,Jhajjar,2017,5,9,5,7,13,38,0,1
2_04,0,0,1,0,0,0,0,1,2_04_01_V01Y_0,Jhajjar,2017,6,9,5,6,12,37,0,1
2_04,0,0,1,0,0,0,0,1,2_04_01_V01Y_0,Jhajjar,2017,7,9,15,9,14,48,0,1
2_04,0,0,1,0,0,0,0,1,2_04_01_V01Y_0,Jhajjar,2017,8,12,10,13,12,51,0,1
2_04,0,0,1,0,0,0,0,1,2_04_01_V01Y_0,Jhajjar,2017,9,6,11,11,8,37,0,1
2_04,0,0,1,0,0,0,0,1,2_04_01_V01Y_0,Jhajjar,2017,10,13,7,13,9,42,0,1
2_04,0,0,1,0,0,0,0,1,2_04_01_V01Y_0,Jhajjar,2017,11,7,10,4,8,34,0,1
2_04,0,0,1,0,0,0,0,1,2_04_01_V01Y_0,Jhajjar,2017,12,16,12,12,5,54,0,1
2_04,0,0,1,0,0,0,0,1,2_04_01_V01Y_0,Jhajjar,2018,1,12,9,8,10,49,0,1
2_04,0,0,1,0,0,0,0,1,2_04_01_V01Y_0,Jhajjar,2018,2,17,15,11,9,57,0,1
2_04,0,0,1,0,0,0,0,1,2_04_01_V01Y_0,Jhajjar,2018,3,14,17,16,9,64,0,1
2_04,1,0,0,0,0,0,0,1,2_04_02_V01Y_0,Jhajjar,2017,3,4,3,5,2,14,1,0
2_04,1,0,0,0,0,0,0,1,2_04_02_V01Y_0,Jhajjar,2017,4,3,3,5,4,16,1,0
2_04,1,0,0,0,0,0,0,1,2_04_02_V01Y_0,Jhajjar,2017,5,4,4,1,8,17,1,0
2_04,1,0,0,0,0,0,0,1,2_04_02_V01Y_0,Jhajjar,2017,6,1,4,3,5,13,1,0
2_04,1,0,0,0,0,0,0,1,2_04_02_V01Y_0,Jhajjar,2017,7,2,2,3,7,14,1,0
2_04,1,0,0,0,0,0,0,1,2_04_02_V01Y_0,Jhajjar,2017,8,6,1,3,6,22,1,0
2_04,1,0,0,0,0,0,0,1,2_04_02_V01Y_0,Jhajjar,2017,9,5,6,2,6,22,1,0
2_04,1,0,0,0,0,0,0,1,2_04_02_V01Y_0,Jhajjar,2017,10,6,5,5,1,19,1,0
2_04,1,0,0,0,0,0,0,1,2_04_02_V01Y_0,Jhajjar,2017,11,1,7,6,4,20,1,0
2_04,1,0,0,0,0,0,0,1,2_04_02_V01Y_0,Jhajjar,2017,12,6,3,7,4,27,1,0
2_04,1,0,0,0,0,0,0,1,2_04_02_V01Y_0,Jhajjar,2018,1,4,5,3,2,18,1,0
2_04,1,0,0,0,0,0,0,1,2_04_02_V01Y_0,Jhajjar,2018,2,5,4,5,1,18,1,0
2_04,1,0,0,0,0,0,0,1,2_04_02_V01Y_0,Jhajjar,2018,3,5,3,5,4,23,1,0
2_04,0,1,0,0,0,0,1,0,2_04_04_V02Y_0,Jhajjar,2017,3,5,3,0,1,8,0,1
2_04,0,1,0,0,0,0,1,0,2_04_04_V02Y_0,Jhajjar,2017,4,2,3,3,0,9,0,1
2_04,0,1,0,0,0,0,1,0,2_04_04_V02Y_0,Jhajjar,2017,5,2,3,1,2,8,0,1
2_04,0,1,0,0,0,0,1,0,2_04_04_V02Y_0,Jhajjar,2017,6,1,3,3,2,12,0,1
2_04,0,1,0,0,0,0,1,0,2_04_04_V02Y_0,Jhajjar,2017,7,4,2,4,3,13,0,1
2_04,0,1,0,0,0,0,1,0,2_04_04_V02Y_0,Jhajjar,2017,8,0,3,0,0,3,0,1
2_04,0,1,0,0,0,0,1,0,2_04_04_V02Y_0,Jhajjar,2017,9,4,1,5,3,12,0,1
2_04,0,1,0,0,0,0,1,0,2_04_04_V02Y_0,Jhajjar,2017,10,2,1,1,3,9,0,1
2_04,0,1,0,0,0,0,1,0,2_04_04_V02Y_0,Jhajjar,2017,11,2,6,2,4,15,0,1
2_04,0,1,0,0,0,0,1,0,2_04_04_V02Y_0,Jhajjar,2017,12,3,3,3,1,10,0,1
2_04,0,1,0,0,0,0,1,0,2_04_04_V02Y_0,Jhajjar,2018,1,2,4,2,1,8,0,1
2_04,0,1,0,0,0,0,1,0,2_04_04_V02Y_0,Jhajjar,2018,2,2,4,2,5,16,0,1
2_05,0,1,0,0,0,0,0,0,2_05_01_V01Y_1,Jhajjar,2017,3,2,6,5,5,18,0,0
2_05,0,1,0,0,0,0,0,0,2_05_01_V01Y_1,Jhajjar,2017,4,1,0,6,2,9,0,0
2_05,0,1,0,0,0,0,0,0,2_05_01_V01Y_1,Jhajjar,2017,5,4,3,1,6,14,0,0
2_05,0,1,0,0,0,0,0,0,2_05_01_V01Y_1,Jhajjar,2017,6,3,1,3,3,10,0,0
2_05,0,1,0,0,0,0,0,0,2_05_01_V01Y_1,Jhajjar,2017,7,5,2,2,3,12,0,0
2_05,0,1,0,0,0,0,0,0,2_05_01_V01Y_1,Jhajjar,2017,8,2,5,2,2,11,0,0
2_05,0,1,0,0,0,0,0,0,2_05_01_V01Y_1,Jhajjar,2017,9,2,2,6,7,18,0,0
2_05,0,1,0,0,0,0,0,0,2_05_01_V01Y_1,Jhajjar,2017,10,5,3,3,2,13,0,0
2_05,0,1,0,0,0,0,0,0,2_05_01_V01Y_1,Jhajjar,2017,11,3,2,3,4,12,0,0
2_05,0,1,0,0,0,0,0,0,2_05_01_V01Y_1,Jhajjar,2017,12,2,4,5,2,17,0,0
2_05,0,1,0,0,0,0,0,0,2_05_01_V01Y_1,Jhajjar,2018,1,3,3,4,0,12,0,0
2_05,0,1,0,0,0,0,0,0,2_05_01_V01Y_1,Jhajjar,2018,2,2,2,3,7,18,0,0
2_05,0,1,0,0,0,0,0,0,2_05_01_V01Y_1,Jhajjar,2018,3,1,3,2,3,15,0,0
2_05,0,1,0,0,0,0,0,0,2_05_01_V02Y_0,Jhajjar,2017,3,4,3,2,1,10,0,0
2_05,0,1,0,0,0,0,0,0,2_05_01_V02Y_0,Jhajjar,2017,4,0,3,0,2,6,0,0
2_05,0,1,0,0,0,0,0,0,2_05_01_V02Y_0,Jhajjar,2017,5,3,1,4,1,10,0,0
2_05,0,1,0,0,0,0,0,0,2_05_01_V02Y_0,Jhajjar,2017,6,1,0,1,6,7,0,0
2_05,0,1,0,0,0,0,0,0,2_05_01_V02Y_0,Jhajjar,2017,7,1,2,3,0,7,0,0
2_05,0,1,0,0,0,0,0,0,2_05_01_V02Y_0,Jhajjar,2017,8,1,2,1,2,6,0,0
2_05,0,1,0,0,0,0,0,0,2_05_01_V02Y_0,Jhajjar,2017,9,2,0,2,3,7,0,0
2_05,0,1,0,0,0,0,0,0,2_05_01_V02Y_0,Jhajjar,2017,10,2,2,0,0,4,0,0
2_05,0,1,0,0,0,0,0,0,2_05_01_V02Y_0,Jhajjar,2017,11,1,3,1,3,8,0,0
2_05,0,1,0,0,0,0,0,0,2_05_01_V02Y_0,Jhajjar,2017,12,1,3,3,1,10,0,0
2_05,0,1,0,0,0,0,0,0,2_05_01_V02Y_0,Jhajjar,2018,1,0,1,3,2,7,0,0
2_05,0,1,0,0,0,0,0,0,2_05_01_V02Y_0,Jhajjar,2018,2,2,0,2,3,9,0,0
2_05,0,1,0,0,0,0,0,0,2_05_01_V02Y_0,Jhajjar,2018,3,1,1,0,0,6,0,0
2_05,0,0,0,1,0,0,0,0,2_05_04_V01Y_0,Jhajjar,2017,3,1,2,0,2,5,1,0
2_05,0,0,0,1,0,0,0,0,2_05_04_V01Y_0,Jhajjar,2017,4,1,0,0,0,1,1,0
2_05,0,0,0,1,0,0,0,0,2_05_04_V01Y_0,Jhajjar,2017,5,1,5,3,2,11,1,0
2_05,0,0,0,1,0,0,0,0,2_05_04_V01Y_0,Jhajjar,2017,6,3,2,5,2,12,1,0
2_05,0,0,0,1,0,0,0,0,2_05_04_V01Y_0,Jhajjar,2017,7,1,3,2,2,8,1,0
2_05,0,0,0,1,0,0,0,0,2_05_04_V01Y_0,Jhajjar,2017,8,1,0,0,1,2,1,0
2_05,0,0,0,1,0,0,0,0,2_05_04_V01Y_0,Jhajjar,2017,9,0,3,1,0,3,1,0
2_05,0,0,0,1,0,0,0,0,2_05_04_V01Y_0,Jhajjar,2017,10,1,1,2,1,4,1,0
2_05,0,0,0,1,0,0,0,0,2_05_04_V01Y_0,Jhajjar,2017,11,4,1,0,2,7,1,0
2_05,0,0,0,1,0,0,0,0,2_05_04_V01Y_0,Jhajjar,2017,12,2,1,2,2,7,1,0
2_05,0,0,0,1,0,0,0,0,2_05_04_V01Y_0,Jhajjar,2018,1,0,2,1,1,5,1,0
2_05,0,0,0,1,0,0,0,0,2_05_04_V01Y_0,Jhajjar,2018,2,1,1,0,2,5,1,0
2_05,0,0,0,1,0,0,0,0,2_05_04_V01Y_0,Jhajjar,2018,3,0,1,1,1,2,1,0
2_05,0,0,1,0,0,0,0,0,2_05_05_V02Y_0,Jhajjar,2017,3,3,3,2,3,11,1,0
2_05,0,0,1,0,0,0,0,0,2_05_05_V02Y_0,Jhajjar,2017,4,8,4,4,3,20,1,0
2_05,0,0,1,0,0,0,0,0,2_05_05_V02Y_0,Jhajjar,2017,5,4,8,7,5,27,1,0
2_05,0,0,1,0,0,0,0,0,2_05_05_V02Y_0,Jhajjar,2017,6,6,3,5,5,22,1,0
2_05,0,0,1,0,0,0,0,0,2_05_05_V02Y_0,Jhajjar,2017,7,7,3,6,1,17,1,0
2_05,0,0,1,0,0,0,0,0,2_05_05_V02Y_0,Jhajjar,2017,8,3,4,0,5,12,1,0
2_05,0,0,1,0,0,0,0,0,2_05_05_V02Y_0,Jhajjar,2017,9,6,7,6,2,21,1,0
2_05,0,0,1,0,0,0,0,0,2_05_05_V02Y_0,Jhajjar,2017,10,8,8,7,3,26,1,0
2_05,0,0,1,0,0,0,0,0,2_05_05_V02Y_0,Jhajjar,2017,11,5,6,4,4,20,1,0
2_05,0,0,1,0,0,0,0,0,2_05_05_V02Y_0,Jhajjar,2017,12,9,3,8,5,27,1,0
2_05,0,0,1,0,0,0,0,0,2_05_05_V02Y_0,Jhajjar,2018,1,6,7,4,1,23,1,0
2_05,0,0,1,0,0,0,0,0,2_05_05_V02Y_0,Jhajjar,2018,2,6,4,4,8,28,1,0
2_05,0,0,1,0,0,0,0,0,2_05_05_V02Y_0,Jhajjar,2018,3,7,8,6,5,27,1,0
2_05,1,0,0,0,0,0,0,0,2_05_06_V01Y_0,Jhajjar,2017,3,0,1,2,0,3,0,1
2_05,1,0,0,0,0,0,0,0,2_05_06_V01Y_0,Jhajjar,2017,4,0,1,1,2,6,0,1
2_05,1,0,0,0,0,0,0,0,2_05_06_V01Y_0,Jhajjar,2017,5,0,0,1,1,2,0,1
2_05,1,0,0,0,0,0,0,0,2_05_06_V01Y_0,Jhajjar,2017,6,1,0,0,5,6,0,1
2_05,1,0,0,0,0,0,0,0,2_05_06_V01Y_0,Jhajjar,2017,7,2,0,0,3,6,0,1
2_05,1,0,0,0,0,0,0,0,2_05_06_V01Y_0,Jhajjar,2017,8,2,0,0,2,4,0,1
2_05,1,0,0,0,0,0,0,0,2_05_06_V01Y_0,Jhajjar,2017,9,2,3,2,3,10,0,1
2_05,1,0,0,0,0,0,0,0,2_05_06_V01Y_0,Jhajjar,2017,10,1,2,2,1,6,0,1
2_05,1,0,0,0,0,0,0,0,2_05_06_V01Y_0,Jhajjar,2017,11,2,2,1,0,5,0,1
2_05,1,0,0,0,0,0,0,0,2_05_06_V01Y_0,Jhajjar,2017,12,3,1,2,0,6,0,1
2_05,1,0,0,0,0,0,0,0,2_05_06_V01Y_0,Jhajjar,2018,1,1,3,2,1,7,0,1
2_05,1,0,0,0,0,0,0,0,2_05_06_V01Y_0,Jhajjar,2018,2,0,2,4,0,7,0,1
2_05,1,0,0,0,0,0,0,0,2_05_06_V01Y_0,Jhajjar,2018,3,2,1,1,2,8,0,1
2_05,0,0,0,1,0,0,0,0,2_05_06_V02Y_0,Jhajjar,2017,3,2,5,1,0,8,0,1
2_05,0,0,0,1,0,0,0,0,2_05_06_V02Y_0,Jhajjar,2017,4,4,3,8,2,18,0,1
2_05,0,0,0,1,0,0,0,0,2_05_06_V02Y_0,Jhajjar,2017,5,4,5,6,4,19,0,1
2_05,0,0,0,1,0,0,0,0,2_05_06_V02Y_0,Jhajjar,2017,6,4,3,2,4,13,0,1
2_05,0,0,0,1,0,0,0,0,2_05_06_V02Y_0,Jhajjar,2017,7,2,3,4,5,14,0,1
2_05,0,0,0,1,0,0,0,0,2_05_06_V02Y_0,Jhajjar,2017,8,5,0,0,3,8,0,1
2_05,0,0,0,1,0,0,0,0,2_05_06_V02Y_0,Jhajjar,2017,9,3,4,3,7,17,0,1
2_05,0,0,0,1,0,0,0,0,2_05_06_V02Y_0,Jhajjar,2017,10,4,0,3,6,14,0,1
2_05,0,0,0,1,0,0,0,0,2_05_06_V02Y_0,Jhajjar,2017,11,1,6,1,6,14,0,1
2_05,0,0,0,1,0,0,0,0,2_05_06_V02Y_0,Jhajjar,2017,12,2,2,5,1,13,0,1
2_05,0,0,0,1,0,0,0,0,2_05_06_V02Y_0,Jhajjar,2018,1,1,0,0,3,9,0,1
2_05,0,0,0,1,0,0,0,0,2_05_06_V02Y_0,Jhajjar,2018,2,4,2,0,2,14,0,1
2_05,0,0,0,1,0,0,0,0,2_05_06_V02Y_0,Jhajjar,2018,3,3,4,3,2,16,0,1
2_06,0,1,0,0,0,0,0,0,2_06_01_V01Y_1,Jhajjar,2017,3,6,6,5,4,21,1,0
2_06,0,1,0,0,0,0,0,0,2_06_01_V01Y_1,Jhajjar,2017,4,10,16,10,13,53,1,0
2_06,0,1,0,0,0,0,0,0,2_06_01_V01Y_1,Jhajjar,2017,5,7,12,13,8,40,1,0
2_06,0,1,0,0,0,0,0,0,2_06_01_V01Y_1,Jhajjar,2017,6,9,10,13,10,46,1,0
2_06,0,1,0,0,0,0,0,0,2_06_01_V01Y_1,Jhajjar,2017,7,8,13,11,14,47,1,0
2_06,0,1,0,0,0,0,0,0,2_06_01_V01Y_1,Jhajjar,2017,8,5,6,10,6,28,1,0
2_06,0,1,0,0,0,0,0,0,2_06_01_V01Y_1,Jhajjar,2017,9,8,8,7,14,42,1,0
2_06,0,1,0,0,0,0,0,0,2_06_01_V01Y_1,Jhajjar,2017,10,8,10,5,12,42,1,0
2_06,0,1,0,0,0,0,0,0,2_06_01_V01Y_1,Jhajjar,2017,11,15,7,10,9,46,1,0
2_06,0,1,0,0,0,0,0,0,2_06_01_V01Y_1,Jhajjar,2017,12,13,11,12,9,49,1,0
2_06,0,1,0,0,0,0,0,0,2_06_01_V01Y_1,Jhajjar,2018,1,7,13,10,9,44,1,0
2_06,0,1,0,0,0,0,0,0,2_06_01_V01Y_1,Jhajjar,2018,2,8,12,11,4,47,1,0
2_06,0,1,0,0,0,0,0,0,2_06_01_V01Y_1,Jhajjar,2018,3,11,7,9,9,45,1,0
2_06,0,1,0,0,0,0,0,0,2_06_02_V01Y_1,Jhajjar,2017,3,1,7,4,2,15,0,1
2_06,0,1,0,0,0,0,0,0,2_06_02_V01Y_1,Jhajjar,2017,4,10,5,7,6,32,0,1
2_06,0,1,0,0,0,0,0,0,2_06_02_V01Y_1,Jhajjar,2017,5,5,9,4,3,21,0,1
2_06,0,1,0,0,0,0,0,0,2_06_02_V01Y_1,Jhajjar,2017,6,7,5,9,12,37,0,1
2_06,0,1,0,0,0,0,0,0,2_06_02_V01Y_1,Jhajjar,2017,7,5,5,6,13,31,0,1
2_06,0,1,0,0,0,0,0,0,2_06_02_V01Y_1,Jhajjar,2017,8,3,3,3,4,13,0,1
2_06,0,1,0,0,0,0,0,0,2_06_02_V01Y_1,Jhajjar,2017,9,6,6,5,12,31,0,1
2_06,0,1,0,0,0,0,0,0,2_06_02_V01Y_1,Jhajjar,2017,10,5,7,4,7,29,0,1
2_06,0,1,0,0,0,0,0,0,2_06_02_V01Y_1,Jhajjar,2017,11,5,6,9,8,33,0,1
2_06,0,1,0,0,0,0,0,0,2_06_02_V01Y_1,Jhajjar,2017,12,14,6,5,5,39,0,1
2_06,0,1,0,0,0,0,0,0,2_06_02_V01Y_1,Jhajjar,2018,1,7,11,6,3,34,0,1
2_06,0,1,0,0,0,0,0,0,2_06_02_V01Y_1,Jhajjar,2018,2,8,7,12,6,46,0,1
2_06,0,1,0,0,0,0,0,0,2_06_02_V01Y_1,Jhajjar,2018,3,9,7,7,3,34,0,1
2_06,1,0,0,0,0,0,0,0,2_06_03_V01Y_0,Jhajjar,2017,3,1,1,1,1,4,1,0
2_06,1,0,0,0,0,0,0,0,2_06_03_V01Y_0,Jhajjar,2017,4,8,8,2,1,20,1,0
2_06,1,0,0,0,0,0,0,0,2_06_03_V01Y_0,Jhajjar,2017,5,4,2,5,3,14,1,0
2_06,1,0,0,0,0,0,0,0,2_06_03_V01Y_0,Jhajjar,2017,6,2,3,2,4,11,1,0
2_06,1,0,0,0,0,0,0,0,2_06_03_V01Y_0,Jhajjar,2017,7,1,6,3,5,15,1,0
2_06,1,0,0,0,0,0,0,0,2_06_03_V01Y_0,Jhajjar,2017,8,3,1,6,3,13,1,0
2_06,1,0,0,0,0,0,0,0,2_06_03_V01Y_0,Jhajjar,2017,9,5,1,3,5,16,1,0
2_06,1,0,0,0,0,0,0,0,2_06_03_V01Y_0,Jhajjar,2017,10,5,4,2,3,15,1,0
2_06,1,0,0,0,0,0,0,0,2_06_03_V01Y_0,Jhajjar,2017,11,7,3,5,4,21,1,0
2_06,1,0,0,0,0,0,0,0,2_06_03_V01Y_0,Jhajjar,2017,12,3,6,4,3,17,1,0
2_06,1,0,0,0,0,0,0,0,2_06_03_V01Y_0,Jhajjar,2018,1,5,5,4,2,14,1,0
2_06,1,0,0,0,0,0,0,0,2_06_03_V01Y_0,Jhajjar,2018,2,4,4,4,2,20,1,0
2_06,1,0,0,0,0,0,0,0,2_06_03_V01Y_0,Jhajjar,2018,3,6,7,3,1,19,1,0
2_07,0,1,0,0,0,0,0,0,2_07_01_V01Y_0,Jhajjar,2017,3,2,0,2,0,4,1,0
2_07,0,1,0,0,0,0,0,0,2_07_01_V01Y_0,Jhajjar,2017,4,3,2,2,7,14,1,0
2_07,0,1,0,0,0,0,0,0,2_07_01_V01Y_0,Jhajjar,2017,5,3,3,3,4,13,1,0
2_07,0,1,0,0,0,0,0,0,2_07_01_V01Y_0,Jhajjar,2017,6,2,1,3,1,7,1,0
2_07,0,1,0,0,0,0,0,0,2_07_01_V01Y_0,Jhajjar,2017,7,3,0,0,4,7,1,0
2_07,0,1,0,0,0,0,0,0,2_07_01_V01Y_0,Jhajjar,2017,8,3,4,0,5,13,1,0
2_07,0,1,0,0,0,0,0,0,2_07_01_V01Y_0,Jhajjar,2017,9,2,2,4,2,12,1,0
2_07,0,1,0,0,0,0,0,0,2_07_01_V01Y_0,Jhajjar,2017,10,2,1,1,2,5,1,0
2_07,0,1,0,0,0,0,0,0,2_07_01_V01Y_0,Jhajjar,2017,11,1,2,2,3,9,1,0
2_07,0,1,0,0,0,0,0,0,2_07_01_V01Y_0,Jhajjar,2017,12,3,4,4,1,17,1,0
2_07,0,1,0,0,0,0,0,0,2_07_01_V01Y_0,Jhajjar,2018,1,5,4,3,0,13,1,0
2_07,0,1,0,0,0,0,0,0,2_07_01_V01Y_0,Jhajjar,2018,2,3,2,2,3,12,1,0
2_07,0,1,0,0,0,0,0,0,2_07_01_V01Y_0,Jhajjar,2018,3,5,3,1,2,17,1,0
2_07,0,0,0,1,0,0,0,0,2_07_03_V01Y_0,Jhajjar,2017,3,1,2,4,2,8,0,0
2_07,0,0,0,1,0,0,0,0,2_07_03_V01Y_0,Jhajjar,2017,4,2,6,1,0,10,0,0
2_07,0,0,0,1,0,0,0,0,2_07_03_V01Y_0,Jhajjar,2017,5,2,1,4,2,10,0,0
2_07,0,0,0,1,0,0,0,0,2_07_03_V01Y_0,Jhajjar,2017,6,4,2,1,4,11,0,0
2_07,0,0,0,1,0,0,0,0,2_07_03_V01Y_0,Jhajjar,2017,7,5,6,2,1,18,0,0
2_07,0,0,0,1,0,0,0,0,2_07_03_V01Y_0,Jhajjar,2017,8,3,1,7,2,16,0,0
2_07,0,0,0,1,0,0,0,0,2_07_03_V01Y_0,Jhajjar,2017,9,6,6,1,4,19,0,0
2_07,0,0,0,1,0,0,0,0,2_07_03_V01Y_0,Jhajjar,2017,10,3,3,4,3,14,0,0
2_07,0,0,0,1,0,0,0,0,2_07_03_V01Y_0,Jhajjar,2017,11,7,6,2,2,18,0,0
2_07,0,0,0,1,0,0,0,0,2_07_03_V01Y_0,Jhajjar,2017,12,3,4,5,2,17,0,0
2_07,0,0,0,1,0,0,0,0,2_07_03_V01Y_0,Jhajjar,2018,1,3,5,3,1,15,0,0
2_07,0,0,0,1,0,0,0,0,2_07_03_V01Y_0,Jhajjar,2018,2,0,1,2,2,11,0,0
2_07,0,0,0,1,0,0,0,0,2_07_03_V01Y_0,Jhajjar,2018,3,4,4,2,6,16,0,0
2_07,0,1,0,0,0,0,0,0,2_07_03_V02Y_0,Jhajjar,2017,3,2,0,4,2,9,0,0
2_07,0,1,0,0,0,0,0,0,2_07_03_V02Y_0,Jhajjar,2017,4,4,3,0,1,8,0,0
2_07,0,1,0,0,0,0,0,0,2_07_03_V02Y_0,Jhajjar,2017,5,0,5,3,3,10,0,0
2_07,0,1,0,0,0,0,0,0,2_07_03_V02Y_0,Jhajjar,2017,6,3,2,5,1,11,0,0
2_07,0,1,0,0,0,0,0,0,2_07_03_V02Y_0,Jhajjar,2017,7,0,0,2,0,2,0,0
2_07,0,1,0,0,0,0,0,0,2_07_03_V02Y_0,Jhajjar,2017,8,2,1,0,1,4,0,0
2_07,0,1,0,0,0,0,0,0,2_07_03_V02Y_0,Jhajjar,2017,9,0,3,1,3,7,0,0
2_07,0,1,0,0,0,0,0,0,2_07_03_V02Y_0,Jhajjar,2017,10,3,1,3,4,13,0,0
2_07,0,1,0,0,0,0,0,0,2_07_03_V02Y_0,Jhajjar,2017,11,1,2,3,2,8,0,0
2_07,0,1,0,0,0,0,0,0,2_07_03_V02Y_0,Jhajjar,2017,12,5,1,1,2,13,0,0
2_07,0,1,0,0,0,0,0,0,2_07_03_V02Y_0,Jhajjar,2018,1,3,3,0,0,7,0,0
2_07,0,1,0,0,0,0,0,0,2_07_03_V02Y_0,Jhajjar,2018,2,4,2,4,2,14,0,0
2_07,0,1,0,0,0,0,0,0,2_07_03_V02Y_0,Jhajjar,2018,3,1,3,1,3,8,0,0
2_08,1,0,0,0,0,0,1,0,2_08_01_V01Y_0,Jhajjar,2017,3,0,1,4,0,5,1,0
2_08,1,0,0,0,0,0,1,0,2_08_01_V01Y_0,Jhajjar,2017,4,2,0,0,0,2,1,0
2_08,1,0,0,0,0,0,1,0,2_08_01_V01Y_0,Jhajjar,2017,5,0,2,0,2,4,1,0
2_08,1,0,0,0,0,0,1,0,2_08_01_V01Y_0,Jhajjar,2017,6,0,1,0,0,1,1,0
2_08,1,0,0,0,0,0,1,0,2_08_01_V01Y_0,Jhajjar,2017,7,1,0,1,2,4,1,0
2_08,1,0,0,0,0,0,1,0,2_08_01_V01Y_0,Jhajjar,2017,8,0,1,1,0,2,1,0
2_08,1,0,0,0,0,0,1,0,2_08_01_V01Y_0,Jhajjar,2017,9,0,0,1,2,6,1,0
2_08,1,0,0,0,0,0,1,0,2_08_01_V01Y_0,Jhajjar,2017,10,3,0,0,1,4,1,0
2_08,1,0,0,0,0,0,1,0,2_08_01_V01Y_0,Jhajjar,2017,11,1,2,0,0,3,1,0
2_08,1,0,0,0,0,0,1,0,2_08_01_V01Y_0,Jhajjar,2017,12,2,1,1,1,5,1,0
2_08,1,0,0,0,0,0,1,0,2_08_01_V01Y_0,Jhajjar,2018,1,0,0,2,1,3,1,0
2_08,1,0,0,0,0,0,1,0,2_08_01_V01Y_0,Jhajjar,2018,2,0,1,4,0,5,1,0
2_08,1,0,0,0,0,0,1,0,2_08_01_V01Y_0,Jhajjar,2018,3,2,1,0,1,6,1,0
2_08,0,0,1,0,0,0,1,0,2_08_01_V02Y_0,Jhajjar,2017,3,9,5,6,2,22,1,0
2_08,0,0,1,0,0,0,1,0,2_08_01_V02Y_0,Jhajjar,2017,4,3,4,5,6,16,1,0
2_08,0,0,1,0,0,0,1,0,2_08_01_V02Y_0,Jhajjar,2017,5,4,4,5,3,16,1,0
2_08,0,0,1,0,0,0,1,0,2_08_01_V02Y_0,Jhajjar,2017,6,0,6,4,5,15,1,0
2_08,0,0,1,0,0,0,1,0,2_08_01_V02Y_0,Jhajjar,2017,7,3,0,5,3,12,1,0
2_08,0,0,1,0,0,0,1,0,2_08_01_V02Y_0,Jhajjar,2017,8,4,2,1,8,17,1,0
2_08,0,0,1,0,0,0,1,0,2_08_01_V02Y_0,Jhajjar,2017,9,2,2,2,4,13,1,0
2_08,0,0,1,0,0,0,1,0,2_08_01_V02Y_0,Jhajjar,2017,10,4,4,2,5,17,1,0
2_08,0,0,1,0,0,0,1,0,2_08_01_V02Y_0,Jhajjar,2017,11,6,6,5,4,22,1,0
2_08,0,0,1,0,0,0,1,0,2_08_01_V02Y_0,Jhajjar,2017,12,8,8,5,4,26,1,0
2_08,0,0,1,0,0,0,1,0,2_08_01_V02Y_0,Jhajjar,2018,1,2,5,5,1,16,1,0
2_08,0,0,1,0,0,0,1,0,2_08_01_V02Y_0,Jhajjar,2018,2,2,6,6,2,20,1,0
2_08,0,0,1,0,0,0,1,0,2_08_01_V02Y_0,Jhajjar,2018,3,3,1,7,3,20,1,0
2_08,1,0,0,0,0,0,1,0,2_08_03_V01Y_0,Jhajjar,2017,3,8,8,9,7,33,0,1
2_08,1,0,0,0,0,0,1,0,2_08_03_V01Y_0,Jhajjar,2017,4,10,9,6,12,37,0,1
2_08,1,0,0,0,0,0,1,0,2_08_03_V01Y_0,Jhajjar,2017,5,10,9,12,6,38,0,1
2_08,1,0,0,0,0,0,1,0,2_08_03_V01Y_0,Jhajjar,2017,6,1,10,10,11,35,0,1
2_08,1,0,0,0,0,0,1,0,2_08_03_V01Y_0,Jhajjar,2017,7,6,4,12,12,36,0,1
2_08,1,0,0,0,0,0,1,0,2_08_03_V01Y_0,Jhajjar,2017,8,7,6,4,7,26,0,1
2_08,1,0,0,0,0,0,1,0,2_08_03_V01Y_0,Jhajjar,2017,9,6,10,6,8,32,0,1
2_08,1,0,0,0,0,0,1,0,2_08_03_V01Y_0,Jhajjar,2017,10,8,5,8,5,32,0,1
2_08,1,0,0,0,0,0,1,0,2_08_03_V01Y_0,Jhajjar,2017,11,10,7,4,12,38,0,1
2_08,1,0,0,0,0,0,1,0,2_08_03_V01Y_0,Jhajjar,2017,12,14,7,4,7,34,0,1
2_08,1,0,0,0,0,0,1,0,2_08_03_V01Y_0,Jhajjar,2018,1,4,5,5,7,27,0,1
2_08,1,0,0,0,0,0,1,0,2_08_03_V01Y_0,Jhajjar,2018,2,12,14,9,8,51,0,1
2_08,1,0,0,0,0,0,1,0,2_08_03_V01Y_0,Jhajjar,2018,3,9,10,13,5,37,0,1
2_08,0,0,0,1,1,0,0,0,2_08_04_V01Y_0,Jhajjar,2017,3,1,1,0,2,4,1,0
2_08,0,0,0,1,1,0,0,0,2_08_04_V01Y_0,Jhajjar,2017,4,1,1,1,0,3,1,0
2_08,0,0,0,1,1,0,0,0,2_08_04_V01Y_0,Jhajjar,2017,5,3,2,2,2,9,1,0
2_08,0,0,0,1,1,0,0,0,2_08_04_V01Y_0,Jhajjar,2017,6,1,3,2,3,9,1,0
2_08,0,0,0,1,1,0,0,0,2_08_04_V01Y_0,Jhajjar,2017,7,3,3,2,5,13,1,0
2_08,0,0,0,1,1,0,0,0,2_08_04_V01Y_0,Jhajjar,2017,8,2,4,3,3,12,1,0
2_08,0,0,0,1,1,0,0,0,2_08_04_V01Y_0,Jhajjar,2017,9,5,1,4,4,13,1,0
2_08,0,0,0,1,1,0,0,0,2_08_04_V01Y_0,Jhajjar,2017,10,3,3,2,3,11,1,0
2_08,0,0,0,1,1,0,0,0,2_08_04_V01Y_0,Jhajjar,2017,11,7,4,4,4,20,1,0
2_08,0,0,0,1,1,0,0,0,2_08_04_V01Y_0,Jhajjar,2017,12,8,6,3,1,21,1,0
2_08,0,0,0,1,1,0,0,0,2_08_04_V01Y_0,Jhajjar,2018,1,3,8,5,4,23,1,0
2_08,0,0,0,1,1,0,0,0,2_08_04_V01Y_0,Jhajjar,2018,2,9,5,8,4,28,1,0
2_08,0,0,0,1,1,0,0,0,2_08_04_V01Y_0,Jhajjar,2018,3,4,11,6,4,27,1,0
2_09,1,0,0,0,0,0,0,0,2_09_01_V01Y_0,Jhajjar,2017,3,4,1,4,3,12,1,0
2_09,1,0,0,0,0,0,0,0,2_09_01_V01Y_0,Jhajjar,2017,4,3,2,3,1,9,1,0
2_09,1,0,0,0,0,0,0,0,2_09_01_V01Y_0,Jhajjar,2017,5,2,3,2,2,9,1,0
2_09,1,0,0,0,0,0,0,0,2_09_01_V01Y_0,Jhajjar,2017,6,4,4,3,3,14,1,0
2_09,1,0,0,0,0,0,0,0,2_09_01_V01Y_0,Jhajjar,2017,7,5,3,4,4,16,1,0
2_09,1,0,0,0,0,0,0,0,2_09_01_V01Y_0,Jhajjar,2017,8,2,5,3,4,14,1,0
2_09,1,0,0,0,0,0,0,0,2_09_01_V01Y_0,Jhajjar,2017,9,1,2,5,3,13,1,0
2_09,1,0,0,0,0,0,0,0,2_09_01_V01Y_0,Jhajjar,2017,10,11,1,2,2,20,1,0
2_09,1,0,0,0,0,0,0,0,2_09_01_V01Y_0,Jhajjar,2017,11,3,10,1,2,27,1,0
2_09,1,0,0,0,0,0,0,0,2_09_01_V01Y_0,Jhajjar,2017,12,3,3,5,0,14,1,0
2_09,1,0,0,0,0,0,0,0,2_09_01_V01Y_0,Jhajjar,2018,1,1,3,6,3,25,1,0
2_09,1,0,0,0,0,0,0,0,2_09_01_V01Y_0,Jhajjar,2018,2,4,3,2,5,27,1,0
2_09,1,0,0,0,0,0,0,0,2_09_01_V01Y_0,Jhajjar,2018,3,1,4,5,3,18,1,0
2_09,1,0,0,0,0,0,0,0,2_09_01_V02Y_0,Jhajjar,2017,3,5,4,1,3,16,1,0
2_09,1,0,0,0,0,0,0,0,2_09_01_V02Y_0,Jhajjar,2017,4,2,5,5,6,18,1,0
2_09,1,0,0,0,0,0,0,0,2_09_01_V02Y_0,Jhajjar,2017,5,4,2,6,1,15,1,0
2_09,1,0,0,0,0,0,0,0,2_09_01_V02Y_0,Jhajjar,2017,6,0,5,3,4,11,1,0
2_09,1,0,0,0,0,0,0,0,2_09_01_V02Y_0,Jhajjar,2017,7,1,1,3,3,8,1,0
2_09,1,0,0,0,0,0,0,0,2_09_01_V02Y_0,Jhajjar,2017,8,2,2,2,3,9,1,0
2_09,1,0,0,0,0,0,0,0,2_09_01_V02Y_0,Jhajjar,2017,9,5,3,3,4,15,1,0
2_09,1,0,0,0,0,0,0,0,2_09_01_V02Y_0,Jhajjar,2017,10,3,4,3,6,24,1,0
2_09,1,0,0,0,0,0,0,0,2_09_01_V02Y_0,Jhajjar,2017,11,1,3,4,7,28,1,0
2_09,1,0,0,0,0,0,0,0,2_09_01_V02Y_0,Jhajjar,2017,12,1,0,4,0,14,1,0
2_09,1,0,0,0,0,0,0,0,2_09_01_V02Y_0,Jhajjar,2018,1,5,1,0,4,20,1,0
2_09,1,0,0,0,0,0,0,0,2_09_01_V02Y_0,Jhajjar,2018,2,3,5,1,1,12,1,0
2_09,1,0,0,0,0,0,0,0,2_09_01_V02Y_0,Jhajjar,2018,3,3,6,4,4,22,1,0
2_09,0,0,0,1,0,0,0,0,2_09_02_V02Y_0,Jhajjar,2017,3,4,3,5,2,14,0,0
2_09,0,0,0,1,0,0,0,0,2_09_02_V02Y_0,Jhajjar,2017,4,6,3,5,6,20,0,0
2_09,0,0,0,1,0,0,0,0,2_09_02_V02Y_0,Jhajjar,2017,5,1,5,1,3,10,0,0
2_09,0,0,0,1,0,0,0,0,2_09_02_V02Y_0,Jhajjar,2017,6,2,6,5,9,24,0,0
2_09,0,0,0,1,0,0,0,0,2_09_02_V02Y_0,Jhajjar,2017,7,4,2,3,3,11,0,0
2_09,0,0,0,1,0,0,0,0,2_09_02_V02Y_0,Jhajjar,2017,8,1,1,1,7,10,0,0
2_09,0,0,0,1,0,0,0,0,2_09_02_V02Y_0,Jhajjar,2017,9,6,3,6,8,25,0,0
2_09,0,0,0,1,0,0,0,0,2_09_02_V02Y_0,Jhajjar,2017,10,10,8,10,9,41,0,0
2_09,0,0,0,1,0,0,0,0,2_09_02_V02Y_0,Jhajjar,2017,11,12,8,3,6,29,0,0
2_09,0,0,0,1,0,0,0,0,2_09_02_V02Y_0,Jhajjar,2017,12,7,10,9,3,33,0,0
2_09,0,0,0,1,0,0,0,0,2_09_02_V02Y_0,Jhajjar,2018,1,2,6,8,3,25,0,0
2_09,0,0,0,1,0,0,0,0,2_09_02_V02Y_0,Jhajjar,2018,2,7,2,7,6,31,0,0
2_09,0,0,0,1,0,0,0,0,2_09_02_V02Y_0,Jhajjar,2018,3,1,7,7,2,28,0,0
2_09,0,0,1,0,0,0,0,0,2_09_03_V03Y_0,Jhajjar,2017,3,4,0,2,4,10,0,0
2_09,0,0,1,0,0,0,0,0,2_09_03_V03Y_0,Jhajjar,2017,4,2,2,0,2,6,0,0
2_09,0,0,1,0,0,0,0,0,2_09_03_V03Y_0,Jhajjar,2017,5,1,4,1,2,7,0,0
2_09,0,0,1,0,0,0,0,0,2_09_03_V03Y_0,Jhajjar,2017,6,3,1,3,2,9,0,0
2_09,0,0,1,0,0,0,0,0,2_09_03_V03Y_0,Jhajjar,2017,7,1,4,1,2,9,0,0
2_09,0,0,1,0,0,0,0,0,2_09_03_V03Y_0,Jhajjar,2017,8,1,0,3,0,4,0,0
2_09,0,0,1,0,0,0,0,0,2_09_03_V03Y_0,Jhajjar,2017,9,4,1,0,0,5,0,0
2_09,0,0,1,0,0,0,0,0,2_09_03_V03Y_0,Jhajjar,2017,10,4,1,1,4,10,0,0
2_09,0,0,1,0,0,0,0,0,2_09_03_V03Y_0,Jhajjar,2017,11,5,3,0,0,9,0,0
2_09,0,0,1,0,0,0,0,0,2_09_03_V03Y_0,Jhajjar,2017,12,0,7,3,1,14,0,0
2_09,0,0,1,0,0,0,0,0,2_09_03_V03Y_0,Jhajjar,2018,1,3,1,7,3,14,0,0
2_09,0,0,1,0,0,0,0,0,2_09_03_V03Y_0,Jhajjar,2018,2,6,2,2,2,13,0,0
2_09,0,0,1,0,0,0,0,0,2_09_03_V03Y_0,Jhajjar,2018,3,2,5,0,0,8,0,0
2_09,1,0,0,0,0,0,0,0,2_09_03_V05Y_0,Jhajjar,2017,3,0,0,0,1,1,0,0
2_09,1,0,0,0,0,0,0,0,2_09_03_V05Y_0,Jhajjar,2017,4,4,2,3,7,14,0,0
2_09,1,0,0,0,0,0,0,0,2_09_03_V05Y_0,Jhajjar,2017,5,4,2,0,3,10,0,0
2_09,1,0,0,0,0,0,0,0,2_09_03_V05Y_0,Jhajjar,2017,6,3,2,2,2,10,0,0
2_09,1,0,0,0,0,0,0,0,2_09_03_V05Y_0,Jhajjar,2017,7,0,3,2,1,6,0,0
2_09,1,0,0,0,0,0,0,0,2_09_03_V05Y_0,Jhajjar,2017,8,2,1,4,5,11,0,0
2_09,1,0,0,0,0,0,0,0,2_09_03_V05Y_0,Jhajjar,2017,9,1,2,0,1,5,0,0
2_09,1,0,0,0,0,0,0,0,2_09_03_V05Y_0,Jhajjar,2017,10,5,0,3,0,8,0,0
2_09,1,0,0,0,0,0,0,0,2_09_03_V05Y_0,Jhajjar,2017,11,2,4,0,0,7,0,0
2_09,1,0,0,0,0,0,0,0,2_09_03_V05Y_0,Jhajjar,2017,12,4,3,3,3,16,0,0
2_09,1,0,0,0,0,0,0,0,2_09_03_V05Y_0,Jhajjar,2018,1,4,2,7,2,16,0,0
2_09,1,0,0,0,0,0,0,0,2_09_03_V05Y_0,Jhajjar,2018,2,5,3,4,2,21,0,0
2_09,1,0,0,0,0,0,0,0,2_09_03_V05Y_0,Jhajjar,2018,3,5,3,2,1,12,0,0
2_10,0,0,0,1,0,0,0,0,2_10_01_V02Y_0,Jhajjar,2017,3,1,3,0,2,6,0,0
2_10,0,0,0,1,0,0,0,0,2_10_01_V02Y_0,Jhajjar,2017,4,2,0,0,4,6,0,0
2_10,0,0,0,1,0,0,0,0,2_10_01_V02Y_0,Jhajjar,2017,5,0,3,2,3,9,0,0
2_10,0,0,0,1,0,0,0,0,2_10_01_V02Y_0,Jhajjar,2017,6,1,0,2,1,4,0,0
2_10,0,0,0,1,0,0,0,0,2_10_01_V02Y_0,Jhajjar,2017,7,1,1,2,5,10,0,0
2_10,0,0,0,1,0,0,0,0,2_10_01_V02Y_0,Jhajjar,2017,8,2,1,1,4,9,0,0
2_10,0,0,0,1,0,0,0,0,2_10_01_V02Y_0,Jhajjar,2017,9,3,0,1,3,9,0,0
2_10,0,0,0,1,0,0,0,0,2_10_01_V02Y_0,Jhajjar,2017,10,5,3,0,3,13,0,0
2_10,0,0,0,1,0,0,0,0,2_10_01_V02Y_0,Jhajjar,2017,11,6,4,3,2,17,0,0
2_10,0,0,0,1,0,0,0,0,2_10_01_V02Y_0,Jhajjar,2017,12,2,6,4,1,14,0,0
2_10,0,0,0,1,0,0,0,0,2_10_01_V02Y_0,Jhajjar,2018,1,1,3,2,0,7,0,0
2_10,0,0,0,1,0,0,0,0,2_10_01_V02Y_0,Jhajjar,2018,2,3,2,7,1,13,0,0
2_10,0,0,0,1,0,0,0,0,2_10_01_V02Y_0,Jhajjar,2018,3,0,2,2,1,7,0,0
2_10,0,1,0,0,0,0,0,0,2_10_02_V01Y_0,Jhajjar,2017,3,4,2,5,1,12,0,0
2_10,0,1,0,0,0,0,0,0,2_10_02_V01Y_0,Jhajjar,2017,4,1,3,3,2,12,0,0
2_10,0,1,0,0,0,0,0,0,2_10_02_V01Y_0,Jhajjar,2017,5,3,2,4,4,17,0,0
2_10,0,1,0,0,0,0,0,0,2_10_02_V01Y_0,Jhajjar,2017,6,2,2,5,9,21,0,0
2_10,0,1,0,0,0,0,0,0,2_10_02_V01Y_0,Jhajjar,2017,7,4,4,2,4,15,0,0
2_10,0,1,0,0,0,0,0,0,2_10_02_V01Y_0,Jhajjar,2017,8,3,3,3,5,16,0,0
2_10,0,1,0,0,0,0,0,0,2_10_02_V01Y_0,Jhajjar,2017,9,0,3,2,5,13,0,0
2_10,0,1,0,0,0,0,0,0,2_10_02_V01Y_0,Jhajjar,2017,10,2,1,4,3,12,0,0
2_10,0,1,0,0,0,0,0,0,2_10_02_V01Y_0,Jhajjar,2017,11,5,2,1,3,13,0,0
2_10,0,1,0,0,0,0,0,0,2_10_02_V01Y_0,Jhajjar,2017,12,5,8,3,3,22,0,0
2_10,0,1,0,0,0,0,0,0,2_10_02_V01Y_0,Jhajjar,2018,1,6,2,5,3,19,0,0
2_10,0,1,0,0,0,0,0,0,2_10_02_V01Y_0,Jhajjar,2018,2,5,6,5,5,32,0,0
2_10,0,1,0,0,0,0,0,0,2_10_02_V01Y_0,Jhajjar,2018,3,3,6,1,3,16,0,0
2_11,0,0,0,1,0,0,0,1,2_11_01_V01Y_0,Jhajjar,2017,3,2,2,3,0,6,0,0
2_11,0,0,0,1,0,0,0,1,2_11_01_V01Y_0,Jhajjar,2017,4,1,1,1,2,5,0,0
2_11,0,0,0,1,0,0,0,1,2_11_01_V01Y_0,Jhajjar,2017,5,1,1,1,4,7,0,0
2_11,0,0,0,1,0,0,0,1,2_11_01_V01Y_0,Jhajjar,2017,6,3,0,1,2,6,0,0
2_11,0,0,0,1,0,0,0,1,2_11_01_V01Y_0,Jhajjar,2017,7,0,6,0,2,8,0,0
2_11,0,0,0,1,0,0,0,1,2_11_01_V01Y_0,Jhajjar,2017,8,0,1,5,3,9,0,0
2_11,0,0,0,1,0,0,0,1,2_11_01_V01Y_0,Jhajjar,2017,10,5,0,0,1,6,0,0
2_11,0,0,0,1,0,0,0,1,2_11_01_V01Y_0,Jhajjar,2017,11,3,4,1,1,12,0,0
2_11,0,0,0,1,0,0,0,1,2_11_01_V01Y_0,Jhajjar,2017,12,3,3,4,1,13,0,0
2_11,0,0,0,1,0,0,0,1,2_11_01_V01Y_0,Jhajjar,2018,1,2,4,3,3,12,0,0
2_11,0,0,0,1,0,0,0,1,2_11_01_V01Y_0,Jhajjar,2018,2,1,3,6,3,14,0,0
2_11,0,0,0,1,0,0,0,1,2_11_01_V01Y_0,Jhajjar,2018,3,2,1,3,0,6,0,0
2_11,0,0,1,0,0,0,1,0,2_11_02_V02Y_0,Jhajjar,2017,3,2,3,5,0,10,0,0
2_11,0,1,0,0,0,0,1,0,2_11_03_V02Y_1,Jhajjar,2017,3,8,5,10,4,29,0,1
2_11,0,1,0,0,0,0,1,0,2_11_03_V02Y_1,Jhajjar,2017,4,6,8,7,8,31,0,1
2_11,0,1,0,0,0,0,1,0,2_11_03_V02Y_1,Jhajjar,2017,5,10,7,9,5,33,0,1
2_11,0,1,0,0,0,0,1,0,2_11_03_V02Y_1,Jhajjar,2017,6,0,1,1,0,4,0,1
2_11,0,1,0,0,0,1,0,0,2_11_04_V01Y_1,Jhajjar,2017,3,4,6,7,1,18,1,0
2_11,0,1,0,0,0,1,0,0,2_11_04_V01Y_1,Jhajjar,2017,4,3,5,6,5,19,1,0
2_11,0,1,0,0,0,1,0,0,2_11_04_V01Y_1,Jhajjar,2017,5,6,2,4,8,20,1,0
2_11,0,1,0,0,0,1,0,0,2_11_04_V01Y_1,Jhajjar,2017,6,5,3,7,4,20,1,0
2_11,0,1,0,0,0,1,0,0,2_11_04_V01Y_1,Jhajjar,2017,7,6,4,3,7,19,1,0
2_11,0,1,0,0,0,1,0,0,2_11_04_V01Y_1,Jhajjar,2017,8,12,5,4,13,34,1,0
2_11,0,1,0,0,0,1,0,0,2_11_04_V01Y_1,Jhajjar,2017,9,12,9,5,9,29,1,0
2_11,0,1,0,0,0,1,0,0,2_11_04_V01Y_1,Jhajjar,2017,10,6,4,7,8,32,1,0
2_11,0,1,0,0,0,1,0,0,2_11_04_V01Y_1,Jhajjar,2017,11,10,7,3,7,28,1,0
2_11,0,1,0,0,0,1,0,0,2_11_04_V01Y_1,Jhajjar,2017,12,3,6,3,4,18,1,0
2_11,0,1,0,0,0,1,0,0,2_11_04_V01Y_1,Jhajjar,2018,1,0,3,7,4,14,1,0
2_11,0,1,0,0,0,1,0,0,2_11_04_V01Y_1,Jhajjar,2018,2,15,8,6,4,42,1,0
2_11,0,1,0,0,0,1,0,0,2_11_04_V01Y_1,Jhajjar,2018,3,8,9,7,3,34,1,0
2_11,0,1,0,0,0,1,0,0,2_11_05_V01Y_1,Jhajjar,2017,3,4,3,11,10,28,0,1
2_11,0,1,0,0,0,1,0,0,2_11_05_V01Y_1,Jhajjar,2017,4,5,6,4,6,22,0,1
2_11,0,1,0,0,0,1,0,0,2_11_05_V01Y_1,Jhajjar,2017,5,2,6,7,12,32,0,1
2_11,0,1,0,0,0,1,0,0,2_11_05_V01Y_1,Jhajjar,2017,6,3,5,7,7,22,0,1
2_11,0,1,0,0,0,1,0,0,2_11_05_V01Y_1,Jhajjar,2017,7,8,2,3,9,22,0,1
2_12,0,0,0,1,0,0,0,0,2_12_02_V01Y_0,Jhajjar,2017,3,2,1,0,0,3,1,0
2_12,0,0,0,1,0,0,0,0,2_12_02_V01Y_0,Jhajjar,2017,4,1,2,5,5,13,1,0
2_12,0,0,0,1,0,0,0,0,2_12_02_V01Y_0,Jhajjar,2017,5,2,3,1,5,12,1,0
2_12,0,0,0,1,0,0,0,0,2_12_02_V01Y_0,Jhajjar,2017,6,1,0,1,3,5,1,0
2_12,0,0,0,1,0,0,0,0,2_12_02_V01Y_0,Jhajjar,2017,7,1,5,3,6,15,1,0
2_12,0,0,0,1,0,0,0,0,2_12_02_V01Y_0,Jhajjar,2017,8,2,1,4,3,11,1,0
2_12,0,0,0,1,0,0,0,0,2_12_02_V01Y_0,Jhajjar,2017,9,4,1,3,2,9,1,0
2_12,0,0,0,1,0,0,0,0,2_12_02_V01Y_0,Jhajjar,2017,10,5,3,1,4,13,1,0
2_12,0,0,0,1,0,0,0,0,2_12_02_V01Y_0,Jhajjar,2017,11,2,5,3,2,14,1,0
2_12,0,0,0,1,0,0,0,0,2_12_02_V01Y_0,Jhajjar,2017,12,2,2,4,0,11,1,0
2_12,0,0,0,1,0,0,0,0,2_12_02_V01Y_0,Jhajjar,2018,1,1,3,3,4,17,1,0
2_12,0,0,0,1,0,0,0,0,2_12_02_V01Y_0,Jhajjar,2018,2,7,1,3,4,16,1,0
2_12,0,0,0,1,0,0,0,0,2_12_02_V01Y_0,Jhajjar,2018,3,2,3,0,1,6,1,0
2_12,1,0,0,0,0,0,0,0,2_12_03_V01Y_0,Jhajjar,2017,3,3,4,9,2,21,0,1
2_12,1,0,0,0,0,0,0,0,2_12_03_V01Y_0,Jhajjar,2017,4,4,5,1,5,16,0,1
2_12,1,0,0,0,0,0,0,0,2_12_03_V01Y_0,Jhajjar,2017,5,10,12,4,10,38,0,1
2_12,1,0,0,0,0,0,0,0,2_12_03_V01Y_0,Jhajjar,2017,6,9,8,14,10,41,0,1
2_12,1,0,0,0,0,0,0,0,2_12_03_V01Y_0,Jhajjar,2017,7,7,10,7,15,39,0,1
2_12,1,0,0,0,0,0,0,0,2_12_03_V01Y_0,Jhajjar,2017,8,8,9,6,14,39,0,1
2_12,1,0,0,0,0,0,0,0,2_12_03_V01Y_0,Jhajjar,2017,9,9,8,10,11,41,0,1
2_12,1,0,0,0,0,0,0,0,2_12_03_V01Y_0,Jhajjar,2017,10,16,12,8,6,48,0,1
2_12,1,0,0,0,0,0,0,0,2_12_03_V01Y_0,Jhajjar,2017,11,5,11,8,11,39,0,1
2_12,1,0,0,0,0,0,0,0,2_12_03_V01Y_0,Jhajjar,2017,12,16,6,9,12,46,0,1
2_12,1,0,0,0,0,0,0,0,2_12_03_V01Y_0,Jhajjar,2018,1,6,13,11,11,56,0,1
2_12,1,0,0,0,0,0,0,0,2_12_03_V01Y_0,Jhajjar,2018,2,8,10,13,8,43,0,1
2_12,1,0,0,0,0,0,0,0,2_12_03_V01Y_0,Jhajjar,2018,3,10,12,8,10,43,0,1
2_12,0,1,0,0,0,0,0,0,2_12_04_V01Y_0,Jhajjar,2017,7,0,2,0,2,4,0,1
2_12,0,1,0,0,0,0,0,0,2_12_04_V01Y_0,Jhajjar,2017,8,3,0,3,3,9,0,1
2_12,0,1,0,0,0,0,0,0,2_12_04_V01Y_0,Jhajjar,2017,9,4,4,0,2,10,0,1
2_12,0,1,0,0,0,0,0,0,2_12_04_V01Y_0,Jhajjar,2017,10,2,3,4,1,10,0,1
2_12,0,1,0,0,0,0,0,0,2_12_04_V01Y_0,Jhajjar,2017,11,0,3,3,3,9,0,1
2_12,0,1,0,0,0,0,0,0,2_12_04_V01Y_0,Jhajjar,2017,12,1,0,2,5,8,0,1
2_12,0,1,0,0,0,0,0,0,2_12_04_V01Y_0,Jhajjar,2018,1,1,1,2,1,5,0,1
2_12,0,1,0,0,0,0,0,0,2_12_04_V01Y_0,Jhajjar,2018,2,0,2,1,0,3,0,1
2_12,0,1,0,0,0,0,0,0,2_12_04_V01Y_0,Jhajjar,2018,3,1,1,0,1,4,0,1
2_12,0,0,1,0,0,0,0,0,2_12_06_V02Y_0,Jhajjar,2017,4,1,0,0,1,2,0,0
2_12,0,0,1,0,0,0,0,0,2_12_06_V02Y_0,Jhajjar,2017,5,1,1,1,1,4,0,0
2_12,0,0,1,0,0,0,0,0,2_12_06_V02Y_0,Jhajjar,2017,6,0,0,1,7,8,0,0
2_12,0,0,1,0,0,0,0,0,2_12_06_V02Y_0,Jhajjar,2017,7,1,1,1,1,4,0,0
2_12,0,0,1,0,0,0,0,0,2_12_06_V02Y_0,Jhajjar,2017,8,4,1,1,1,7,0,0
2_12,0,0,1,0,0,0,0,0,2_12_06_V02Y_0,Jhajjar,2017,9,2,2,1,3,10,0,0
2_12,0,0,1,0,0,0,0,0,2_12_06_V02Y_0,Jhajjar,2017,10,2,1,2,1,6,0,0
2_12,0,0,1,0,0,0,0,0,2_12_06_V02Y_0,Jhajjar,2017,11,3,4,2,2,12,0,0
2_12,0,0,1,0,0,0,0,0,2_12_06_V02Y_0,Jhajjar,2017,12,1,3,1,0,5,0,0
2_12,0,0,1,0,0,0,0,0,2_12_06_V02Y_0,Jhajjar,2018,1,1,2,5,0,8,0,0
2_12,0,0,1,0,0,0,0,0,2_12_06_V02Y_0,Jhajjar,2018,2,1,1,1,2,6,0,0
2_12,0,0,1,0,0,0,0,0,2_12_06_V02Y_0,Jhajjar,2018,3,2,1,1,2,6,0,0
2_12,0,0,1,0,0,0,0,0,2_12_06_V03Y_0,Jhajjar,2017,3,1,1,0,0,1,0,0
2_12,0,0,1,0,0,0,0,0,2_12_06_V03Y_0,Jhajjar,2017,4,0,1,2,1,4,0,0
2_12,0,0,1,0,0,0,0,0,2_12_06_V03Y_0,Jhajjar,2017,5,2,1,2,1,5,0,0
2_12,0,0,1,0,0,0,0,0,2_12_06_V03Y_0,Jhajjar,2017,6,0,0,0,3,4,0,0
2_12,0,0,1,0,0,0,0,0,2_12_06_V03Y_0,Jhajjar,2017,7,0,0,1,3,4,0,0
2_12,0,0,1,0,0,0,0,0,2_12_06_V03Y_0,Jhajjar,2017,8,0,0,1,0,1,0,0
2_12,0,0,1,0,0,0,0,0,2_12_06_V03Y_0,Jhajjar,2017,9,1,0,1,1,4,0,0
2_12,0,0,1,0,0,0,0,0,2_12_06_V03Y_0,Jhajjar,2017,10,4,2,0,3,10,0,0
2_12,0,0,1,0,0,0,0,0,2_12_06_V03Y_0,Jhajjar,2017,11,0,1,1,0,3,0,0
2_12,0,0,1,0,0,0,0,0,2_12_06_V03Y_0,Jhajjar,2017,12,0,0,4,0,4,0,0
2_12,0,0,1,0,0,0,0,0,2_12_06_V03Y_0,Jhajjar,2018,1,1,1,1,1,5,0,0
2_12,0,0,1,0,0,0,0,0,2_12_06_V03Y_0,Jhajjar,2018,2,2,1,0,1,4,0,0
2_12,0,0,1,0,0,0,0,0,2_12_06_V03Y_0,Jhajjar,2018,3,0,3,0,0,3,0,0
2_13,0,0,1,0,0,0,1,0,2_13_01_V01Y_0,Jhajjar,2017,3,9,3,7,8,28,0,0
2_13,0,0,1,0,0,0,1,0,2_13_01_V01Y_0,Jhajjar,2017,4,8,8,3,2,24,0,0
2_13,0,0,1,0,0,0,1,0,2_13_01_V01Y_0,Jhajjar,2017,5,9,8,7,4,29,0,0
2_13,0,0,1,0,0,0,1,0,2_13_01_V01Y_0,Jhajjar,2017,6,6,6,5,8,25,0,0
2_13,0,0,1,0,0,0,1,0,2_13_01_V01Y_0,Jhajjar,2017,7,2,8,5,7,22,0,0
2_13,0,0,1,0,0,0,1,0,2_13_01_V01Y_0,Jhajjar,2017,8,8,2,6,6,24,0,0
2_13,0,0,1,0,0,0,1,0,2_13_01_V01Y_0,Jhajjar,2017,9,3,7,3,9,23,0,0
2_13,0,0,1,0,0,0,1,0,2_13_01_V01Y_0,Jhajjar,2017,10,3,6,6,2,21,0,0
2_13,0,0,1,0,0,0,1,0,2_13_01_V01Y_0,Jhajjar,2017,11,12,2,5,8,33,0,0
2_13,0,0,1,0,0,0,1,0,2_13_01_V01Y_0,Jhajjar,2017,12,10,3,2,2,19,0,0
2_13,0,0,1,0,0,0,1,0,2_13_01_V01Y_0,Jhajjar,2018,1,7,10,5,3,26,0,0
2_13,0,0,1,0,0,0,1,0,2_13_01_V01Y_0,Jhajjar,2018,2,10,14,8,6,45,0,0
2_13,0,0,1,0,0,0,1,0,2_13_01_V01Y_0,Jhajjar,2018,3,9,11,11,5,41,0,0
2_13,1,0,0,0,0,1,0,0,2_13_02_V03Y_0,Jhajjar,2017,3,11,4,10,0,25,1,0
2_13,1,0,0,0,0,1,0,0,2_13_02_V03Y_0,Jhajjar,2017,4,7,9,3,2,25,1,0
2_13,1,0,0,0,0,1,0,0,2_13_02_V03Y_0,Jhajjar,2017,5,5,4,4,6,19,1,0
2_13,1,0,0,0,0,1,0,0,2_13_02_V03Y_0,Jhajjar,2017,6,3,4,2,3,13,1,0
2_13,1,0,0,0,0,1,0,0,2_13_02_V03Y_0,Jhajjar,2017,7,8,6,7,10,31,1,0
2_13,1,0,0,0,0,1,0,0,2_13_02_V03Y_0,Jhajjar,2017,8,2,7,9,8,26,1,0
2_13,1,0,0,0,0,1,0,0,2_13_02_V03Y_0,Jhajjar,2017,9,7,2,7,4,21,1,0
2_13,1,0,0,0,0,1,0,0,2_13_02_V03Y_0,Jhajjar,2017,10,5,6,3,4,17,1,0
2_13,1,0,0,0,0,1,0,0,2_13_02_V03Y_0,Jhajjar,2017,11,1,2,3,7,16,1,0
2_13,1,0,0,0,0,1,0,0,2_13_02_V03Y_0,Jhajjar,2017,12,6,4,3,5,17,1,0
2_13,1,0,0,0,0,1,0,0,2_13_02_V03Y_0,Jhajjar,2018,1,6,8,0,2,16,1,0
2_13,1,0,0,0,0,1,0,0,2_13_02_V03Y_0,Jhajjar,2018,2,8,8,7,5,32,1,0
2_13,1,0,0,0,0,1,0,0,2_13_02_V03Y_0,Jhajjar,2018,3,4,7,5,3,23,1,0
2_13,0,1,0,0,0,1,0,0,2_13_02_V04Y_0,Jhajjar,2017,5,1,1,1,3,6,1,0
2_13,0,1,0,0,0,1,0,0,2_13_02_V04Y_0,Jhajjar,2017,6,1,4,2,2,10,1,0
2_13,0,1,0,0,0,1,0,0,2_13_02_V04Y_0,Jhajjar,2017,7,0,0,0,0,1,1,0
2_13,0,1,0,0,0,1,0,0,2_13_02_V04Y_0,Jhajjar,2017,9,2,0,0,0,2,1,0
2_13,0,1,0,0,0,1,0,0,2_13_02_V04Y_0,Jhajjar,2017,10,4,3,3,6,14,1,0
2_13,0,1,0,0,0,1,0,0,2_13_02_V04Y_0,Jhajjar,2017,11,1,3,3,1,8,1,0
2_13,0,1,0,0,0,1,0,0,2_13_02_V04Y_0,Jhajjar,2017,12,2,2,2,2,9,1,0
2_13,0,1,0,0,0,1,0,0,2_13_02_V04Y_0,Jhajjar,2018,1,1,3,1,2,7,1,0
2_13,0,1,0,0,0,1,0,0,2_13_02_V04Y_0,Jhajjar,2018,2,5,1,3,1,11,1,0
2_13,0,1,0,0,0,1,0,0,2_13_02_V04Y_0,Jhajjar,2018,3,6,2,3,3,14,1,0
2_13,0,0,1,0,0,1,0,0,2_13_04_V02Y_0,Jhajjar,2017,3,2,0,1,2,5,0,1
2_13,0,0,1,0,0,1,0,0,2_13_04_V02Y_0,Jhajjar,2017,4,2,1,2,3,8,0,1
2_13,0,0,1,0,0,1,0,0,2_13_04_V02Y_0,Jhajjar,2017,5,0,2,1,3,7,0,1
2_13,0,0,1,0,0,1,0,0,2_13_04_V02Y_0,Jhajjar,2017,6,2,0,2,1,5,0,1
2_13,0,0,1,0,0,1,0,0,2_13_04_V02Y_0,Jhajjar,2017,7,3,1,0,0,5,0,1
2_13,0,0,1,0,0,1,0,0,2_13_04_V02Y_0,Jhajjar,2017,8,1,3,2,0,8,0,1
2_13,0,0,1,0,0,1,0,0,2_13_04_V02Y_0,Jhajjar,2017,9,1,3,4,3,12,0,1
2_13,0,0,1,0,0,1,0,0,2_13_04_V02Y_0,Jhajjar,2017,10,0,1,4,0,5,0,1
2_13,0,0,1,0,0,1,0,0,2_13_04_V02Y_0,Jhajjar,2017,11,0,0,1,3,7,0,1
2_13,0,0,1,0,0,1,0,0,2_13_04_V02Y_0,Jhajjar,2017,12,2,0,0,0,12,0,1
2_13,0,0,1,0,0,1,0,0,2_13_04_V02Y_0,Jhajjar,2018,1,1,2,0,2,7,0,1
2_13,0,0,1,0,0,1,0,0,2_13_04_V02Y_0,Jhajjar,2018,2,1,1,2,1,5,0,1
2_13,0,0,1,0,0,1,0,0,2_13_04_V02Y_0,Jhajjar,2018,3,1,1,1,4,8,0,1
2_14,0,0,1,0,0,0,0,0,2_14_01_V01Y_1,Jhajjar,2017,3,13,7,8,6,36,0,0
2_14,0,0,1,0,0,0,0,0,2_14_01_V01Y_1,Jhajjar,2017,4,10,10,10,12,42,0,0
2_14,0,0,1,0,0,0,0,0,2_14_01_V01Y_1,Jhajjar,2017,5,8,8,10,20,51,0,0
2_14,0,0,1,0,0,0,0,0,2_14_01_V01Y_1,Jhajjar,2017,6,10,8,13,16,48,0,0
2_14,0,0,1,0,0,0,0,0,2_14_01_V01Y_1,Jhajjar,2017,7,7,13,7,10,37,0,0
2_14,0,0,1,0,0,0,0,0,2_14_01_V01Y_1,Jhajjar,2017,8,5,10,5,7,28,0,0
2_14,0,0,1,0,0,0,0,0,2_14_01_V01Y_1,Jhajjar,2017,9,17,3,15,13,51,0,0
2_14,0,0,1,0,0,0,0,0,2_14_01_V01Y_1,Jhajjar,2017,10,7,14,7,11,44,0,0
2_14,0,0,1,0,0,0,0,0,2_14_01_V01Y_1,Jhajjar,2017,11,16,8,9,12,48,0,0
2_14,0,0,1,0,0,0,0,0,2_14_01_V01Y_1,Jhajjar,2017,12,16,8,12,12,58,0,0
2_14,0,0,1,0,0,0,0,0,2_14_01_V01Y_1,Jhajjar,2018,1,12,18,9,7,52,0,0
2_14,0,0,1,0,0,0,0,0,2_14_01_V01Y_1,Jhajjar,2018,2,15,19,15,15,81,0,0
2_14,0,0,1,0,0,0,0,0,2_14_01_V01Y_1,Jhajjar,2018,3,8,10,17,8,61,0,0
2_14,1,0,0,0,0,0,0,0,2_14_04_V01Y_0,Jhajjar,2017,3,1,0,4,1,7,1,0
2_14,1,0,0,0,0,0,0,0,2_14_04_V01Y_0,Jhajjar,2017,4,4,4,4,2,14,1,0
2_14,1,0,0,0,0,0,0,0,2_14_04_V01Y_0,Jhajjar,2017,5,3,1,3,6,14,1,0
2_14,1,0,0,0,0,0,0,0,2_14_04_V01Y_0,Jhajjar,2017,6,0,4,1,4,11,1,0
2_14,1,0,0,0,0,0,0,0,2_14_04_V01Y_0,Jhajjar,2017,7,5,1,8,3,22,1,0
2_14,1,0,0,0,0,0,0,0,2_14_04_V01Y_0,Jhajjar,2017,8,5,2,1,4,15,1,0
2_14,1,0,0,0,0,0,0,0,2_14_04_V01Y_0,Jhajjar,2017,9,5,4,4,6,20,1,0
2_14,1,0,0,0,0,0,0,0,2_14_04_V01Y_0,Jhajjar,2017,10,4,5,3,3,17,1,0
2_14,1,0,0,0,0,0,0,0,2_14_04_V01Y_0,Jhajjar,2017,11,2,4,2,4,12,1,0
2_14,1,0,0,0,0,0,0,0,2_14_04_V01Y_0,Jhajjar,2017,12,5,3,7,6,23,1,0
2_14,1,0,0,0,0,0,0,0,2_14_04_V01Y_0,Jhajjar,2018,1,5,5,1,3,14,1,0
2_14,1,0,0,0,0,0,0,0,2_14_04_V01Y_0,Jhajjar,2018,2,7,2,6,3,28,1,0
2_14,1,0,0,0,0,0,0,0,2_14_04_V01Y_0,Jhajjar,2018,3,6,7,2,2,22,1,0
2_14,0,0,1,0,0,0,0,0,2_14_05_V01Y_0,Jhajjar,2017,3,1,0,0,0,1,1,0
2_14,0,0,1,0,0,0,0,0,2_14_05_V01Y_0,Jhajjar,2017,4,4,5,2,7,17,1,0
2_14,0,0,1,0,0,0,0,0,2_14_05_V01Y_0,Jhajjar,2017,5,1,9,4,3,18,1,0
2_14,0,0,1,0,0,0,0,0,2_14_05_V01Y_0,Jhajjar,2017,6,3,0,8,6,17,1,0
2_14,0,0,1,0,0,0,0,0,2_14_05_V01Y_0,Jhajjar,2017,7,2,5,1,3,14,1,0
2_14,0,0,1,0,0,0,0,0,2_14_05_V01Y_0,Jhajjar,2017,8,0,0,3,1,4,1,0
2_14,0,0,1,0,0,0,0,0,2_14_05_V01Y_0,Jhajjar,2017,9,6,0,3,11,23,1,0
2_14,0,0,1,0,0,0,0,0,2_14_05_V01Y_0,Jhajjar,2017,10,6,6,0,2,18,1,0
2_14,0,0,1,0,0,0,0,0,2_14_05_V01Y_0,Jhajjar,2017,11,7,6,6,8,28,1,0
2_14,0,0,1,0,0,0,0,0,2_14_05_V01Y_0,Jhajjar,2017,12,2,8,6,1,19,1,0
2_14,0,0,1,0,0,0,0,0,2_14_05_V01Y_0,Jhajjar,2018,1,3,1,8,4,21,1,0
2_14,0,0,1,0,0,0,0,0,2_14_05_V01Y_0,Jhajjar,2018,2,5,2,0,4,14,1,0
2_14,0,0,1,0,0,0,0,0,2_14_05_V01Y_0,Jhajjar,2018,3,1,7,3,3,20,1,0
2_15,0,0,0,1,1,0,0,0,2_15_01_V01Y_0,Jhajjar,2017,3,11,5,3,6,29,1,0
2_15,0,0,0,1,1,0,0,0,2_15_01_V01Y_0,Jhajjar,2017,4,11,10,6,3,35,1,0
2_15,0,0,0,1,1,0,0,0,2_15_01_V01Y_0,Jhajjar,2017,5,2,9,8,4,27,1,0
2_15,0,0,0,1,1,0,0,0,2_15_01_V01Y_0,Jhajjar,2017,6,10,5,10,9,35,1,0
2_15,0,0,0,1,1,0,0,0,2_15_01_V01Y_0,Jhajjar,2017,7,5,8,4,9,26,1,0
2_15,0,0,0,1,1,0,0,0,2_15_01_V01Y_0,Jhajjar,2017,8,5,5,7,2,20,1,0
2_15,0,0,0,1,1,0,0,0,2_15_01_V01Y_0,Jhajjar,2017,9,10,5,5,3,26,1,0
2_15,0,0,0,1,1,0,0,0,2_15_01_V01Y_0,Jhajjar,2017,10,11,5,7,6,29,1,0
2_15,0,0,0,1,1,0,0,0,2_15_01_V01Y_0,Jhajjar,2017,11,3,10,8,9,35,1,0
2_15,0,0,0,1,1,0,0,0,2_15_01_V01Y_0,Jhajjar,2017,12,15,4,10,4,36,1,0
2_15,0,0,0,1,1,0,0,0,2_15_01_V01Y_0,Jhajjar,2018,1,10,10,5,6,37,1,0
2_15,0,0,0,1,1,0,0,0,2_15_01_V01Y_0,Jhajjar,2018,2,7,8,7,10,45,1,0
2_15,0,0,0,1,1,0,0,0,2_15_01_V01Y_0,Jhajjar,2018,3,5,6,8,5,30,1,0
2_15,0,0,1,0,1,0,0,0,2_15_02_V01Y_0,Jhajjar,2017,3,6,8,7,6,27,0,1
2_15,0,0,1,0,1,0,0,0,2_15_02_V01Y_0,Jhajjar,2017,4,6,7,6,6,27,0,1
2_15,0,0,1,0,1,0,0,0,2_15_02_V01Y_0,Jhajjar,2017,5,4,3,5,5,16,0,1
2_15,0,0,1,0,1,0,0,0,2_15_02_V01Y_0,Jhajjar,2017,6,4,3,6,13,25,0,1
2_15,0,0,1,0,1,0,0,0,2_15_02_V01Y_0,Jhajjar,2017,7,4,2,4,9,19,0,1
2_15,0,0,1,0,1,0,0,0,2_15_02_V01Y_0,Jhajjar,2017,8,4,2,2,8,18,0,1
2_15,0,0,1,0,1,0,0,0,2_15_02_V01Y_0,Jhajjar,2017,9,5,6,3,6,22,0,1
2_15,0,0,1,0,1,0,0,0,2_15_02_V01Y_0,Jhajjar,2017,10,3,5,3,6,20,0,1
2_15,0,0,1,0,1,0,0,0,2_15_02_V01Y_0,Jhajjar,2017,11,7,5,4,6,22,0,1
2_15,0,0,1,0,1,0,0,0,2_15_02_V01Y_0,Jhajjar,2017,12,9,8,4,5,28,0,1
2_15,0,0,1,0,1,0,0,0,2_15_02_V01Y_0,Jhajjar,2018,1,9,7,5,2,29,0,1
2_15,0,0,1,0,1,0,0,0,2_15_02_V01Y_0,Jhajjar,2018,2,9,10,7,4,39,0,1
2_15,0,0,1,0,1,0,0,0,2_15_02_V01Y_0,Jhajjar,2018,3,8,9,5,2,39,0,1
2_15,1,0,0,0,0,1,0,0,2_15_05_V02Y_0,Jhajjar,2017,3,6,5,8,2,20,1,0
2_15,1,0,0,0,0,1,0,0,2_15_05_V02Y_0,Jhajjar,2017,4,1,5,6,5,17,1,0
2_15,1,0,0,0,0,1,0,0,2_15_05_V02Y_0,Jhajjar,2017,5,1,7,3,4,16,1,0
2_15,1,0,0,0,0,1,0,0,2_15_05_V02Y_0,Jhajjar,2017,6,2,3,13,8,27,1,0
2_15,1,0,0,0,0,1,0,0,2_15_05_V02Y_0,Jhajjar,2017,7,4,3,5,12,27,1,0
2_15,1,0,0,0,0,1,0,0,2_15_05_V02Y_0,Jhajjar,2017,8,3,5,3,4,15,1,0
2_15,1,0,0,0,0,1,0,0,2_15_05_V02Y_0,Jhajjar,2017,9,5,3,5,7,20,1,0
2_15,1,0,0,0,0,1,0,0,2_15_05_V02Y_0,Jhajjar,2017,10,4,8,3,4,20,1,0
2_15,1,0,0,0,0,1,0,0,2_15_05_V02Y_0,Jhajjar,2017,11,4,3,5,8,22,1,0
2_15,1,0,0,0,0,1,0,0,2_15_05_V02Y_0,Jhajjar,2017,12,7,3,7,8,28,1,0
2_15,1,0,0,0,0,1,0,0,2_15_05_V02Y_0,Jhajjar,2018,1,8,3,3,4,21,1,0
2_15,1,0,0,0,0,1,0,0,2_15_05_V02Y_0,Jhajjar,2018,2,10,8,4,4,29,1,0
2_15,1,0,0,0,0,1,0,0,2_15_05_V02Y_0,Jhajjar,2018,3,4,10,4,3,27,1,0
2_15,0,1,0,0,0,0,1,0,2_15_06_V01Y_0,Jhajjar,2017,3,1,4,5,1,13,0,0
2_15,0,1,0,0,0,0,1,0,2_15_06_V01Y_0,Jhajjar,2017,4,6,4,3,0,13,0,0
2_15,0,1,0,0,0,0,1,0,2_15_06_V01Y_0,Jhajjar,2017,5,9,10,4,4,28,0,0
2_15,0,1,0,0,0,0,1,0,2_15_06_V01Y_0,Jhajjar,2017,6,5,6,10,5,28,0,0
2_15,0,1,0,0,0,0,1,0,2_15_06_V01Y_0,Jhajjar,2017,7,5,5,10,7,27,0,0
2_15,0,1,0,0,0,0,1,0,2_15_06_V01Y_0,Jhajjar,2017,8,4,8,4,14,32,0,0
2_15,0,1,0,0,0,0,1,0,2_15_06_V01Y_0,Jhajjar,2017,9,5,2,10,7,25,0,0
2_15,0,1,0,0,0,0,1,0,2_15_06_V01Y_0,Jhajjar,2017,10,9,4,3,6,23,0,0
2_15,0,1,0,0,0,0,1,0,2_15_06_V01Y_0,Jhajjar,2017,11,6,7,6,6,25,0,0
2_15,0,1,0,0,0,0,1,0,2_15_06_V01Y_0,Jhajjar,2017,12,5,9,7,6,29,0,0
2_15,0,1,0,0,0,0,1,0,2_15_06_V01Y_0,Jhajjar,2018,1,5,6,8,7,35,0,0
2_15,0,1,0,0,0,0,1,0,2_15_06_V01Y_0,Jhajjar,2018,2,6,3,5,9,30,0,0
2_15,0,1,0,0,0,0,1,0,2_15_06_V01Y_0,Jhajjar,2018,3,7,4,3,5,23,0,0
2_16,1,0,0,0,0,0,1,0,2_16_02_V01Y_0,Jhajjar,2017,3,4,10,10,4,30,0,1
2_16,1,0,0,0,0,0,1,0,2_16_02_V01Y_0,Jhajjar,2017,4,7,3,10,6,28,0,1
2_16,1,0,0,0,0,0,1,0,2_16_02_V01Y_0,Jhajjar,2017,5,5,5,1,3,16,0,1
2_16,1,0,0,0,0,0,1,0,2_16_02_V01Y_0,Jhajjar,2017,6,3,6,5,15,32,0,1
2_16,1,0,0,0,0,0,1,0,2_16_02_V01Y_0,Jhajjar,2017,7,6,2,6,9,28,0,1
2_16,1,0,0,0,0,0,1,0,2_16_02_V01Y_0,Jhajjar,2017,8,8,5,2,10,27,0,1
2_16,1,0,0,0,0,0,1,0,2_16_02_V01Y_0,Jhajjar,2017,9,10,9,5,9,37,0,1
2_16,1,0,0,0,0,0,1,0,2_16_02_V01Y_0,Jhajjar,2017,10,7,6,6,5,28,0,1
2_16,1,0,0,0,0,0,1,0,2_16_02_V01Y_0,Jhajjar,2017,11,6,10,6,1,31,0,1
2_16,1,0,0,0,0,0,1,0,2_16_02_V01Y_0,Jhajjar,2017,12,14,4,9,6,39,0,1
2_16,1,0,0,0,0,0,1,0,2_16_02_V01Y_0,Jhajjar,2018,1,5,7,7,6,28,0,1
2_16,1,0,0,0,0,0,1,0,2_16_02_V01Y_0,Jhajjar,2018,2,4,11,8,2,40,0,1
2_16,1,0,0,0,0,0,1,0,2_16_02_V01Y_0,Jhajjar,2018,3,6,6,12,4,33,0,1
2_16,0,0,1,0,0,0,0,1,2_16_04_V01Y_0,Jhajjar,2017,3,17,17,11,11,59,0,0
2_16,0,0,1,0,0,0,0,1,2_16_04_V01Y_0,Jhajjar,2017,4,13,13,9,13,50,0,0
2_16,0,0,1,0,0,0,0,1,2_16_04_V01Y_0,Jhajjar,2017,5,9,8,13,12,43,0,0
2_16,0,0,1,0,0,0,0,1,2_16_04_V01Y_0,Jhajjar,2017,6,9,10,10,11,41,0,0
2_16,0,0,1,0,0,0,0,1,2_16_04_V01Y_0,Jhajjar,2017,7,7,9,7,6,30,0,0
2_16,0,0,1,0,0,0,0,1,2_16_04_V01Y_0,Jhajjar,2017,8,4,9,4,6,23,0,0
2_16,0,0,1,0,0,0,0,1,2_16_04_V01Y_0,Jhajjar,2017,9,20,9,11,14,57,0,0
2_16,0,0,1,0,0,0,0,1,2_16_04_V01Y_0,Jhajjar,2017,10,20,9,5,14,45,0,0
2_16,0,0,1,0,0,0,0,1,2_16_04_V01Y_0,Jhajjar,2017,11,9,16,13,10,57,0,0
2_16,0,0,1,0,0,0,0,1,2_16_04_V01Y_0,Jhajjar,2017,12,16,17,18,12,62,0,0
2_16,0,0,1,0,0,0,0,1,2_16_04_V01Y_0,Jhajjar,2018,1,5,8,12,5,31,0,0
2_16,0,0,1,0,0,0,0,1,2_16_04_V01Y_0,Jhajjar,2018,2,9,7,15,6,40,0,0
2_16,0,0,1,0,0,0,0,1,2_16_04_V01Y_0,Jhajjar,2018,3,16,14,11,5,49,0,0
2_17,0,1,0,0,0,0,0,0,2_17_01_V02Y_0,Jhajjar,2017,3,3,1,2,2,8,0,1
2_17,0,1,0,0,0,0,0,0,2_17_01_V02Y_0,Jhajjar,2017,4,1,2,0,2,5,0,1
2_17,0,1,0,0,0,0,0,0,2_17_01_V02Y_0,Jhajjar,2017,5,2,2,1,1,6,0,1
2_17,0,1,0,0,0,0,0,0,2_17_01_V02Y_0,Jhajjar,2017,6,1,2,2,1,6,0,1
2_17,0,1,0,0,0,0,0,0,2_17_01_V02Y_0,Jhajjar,2017,7,1,1,3,0,5,0,1
2_17,0,1,0,0,0,0,0,0,2_17_01_V02Y_0,Jhajjar,2017,8,0,0,1,2,3,0,1
2_17,0,1,0,0,0,0,0,0,2_17_01_V02Y_0,Jhajjar,2017,9,2,0,0,1,3,0,1
2_17,0,1,0,0,0,0,0,0,2_17_01_V02Y_0,Jhajjar,2017,10,0,2,1,1,3,0,1
2_17,0,1,0,0,0,0,0,0,2_17_01_V02Y_0,Jhajjar,2017,11,3,0,2,2,7,0,1
2_17,0,1,0,0,0,0,0,0,2_17_01_V02Y_0,Jhajjar,2017,12,3,2,0,0,7,0,1
2_17,0,1,0,0,0,0,0,0,2_17_01_V02Y_0,Jhajjar,2018,1,1,3,2,3,9,0,1
2_17,0,1,0,0,0,0,0,0,2_17_01_V02Y_0,Jhajjar,2018,2,4,1,1,0,7,0,1
2_17,0,1,0,0,0,0,0,0,2_17_01_V02Y_0,Jhajjar,2018,3,1,3,2,1,7,0,1
2_17,0,0,0,1,0,0,0,0,2_17_02_V02Y_0,Jhajjar,2017,4,0,5,0,1,6,0,0
2_17,0,0,0,1,0,0,0,0,2_17_02_V02Y_0,Jhajjar,2017,5,0,0,5,1,6,0,0
2_17,0,0,0,1,0,0,0,0,2_17_02_V02Y_0,Jhajjar,2017,6,2,0,0,2,4,0,0
2_17,0,0,0,1,0,0,0,0,2_17_02_V02Y_0,Jhajjar,2017,7,1,1,0,3,5,0,0
2_17,0,0,0,1,0,0,0,0,2_17_02_V02Y_0,Jhajjar,2017,8,2,1,1,2,7,0,0
2_17,0,0,0,1,0,0,0,0,2_17_02_V02Y_0,Jhajjar,2017,9,1,2,0,0,3,0,0
2_17,0,0,0,1,0,0,0,0,2_17_02_V02Y_0,Jhajjar,2017,10,1,0,2,0,3,0,0
2_17,0,0,0,1,0,0,0,0,2_17_02_V02Y_0,Jhajjar,2017,11,1,1,0,2,5,0,0
2_17,0,0,0,1,0,0,0,0,2_17_02_V02Y_0,Jhajjar,2017,12,3,2,1,1,9,0,0
2_17,0,0,0,1,0,0,0,0,2_17_02_V02Y_0,Jhajjar,2018,1,1,2,4,1,9,0,0
2_17,0,0,0,1,0,0,0,0,2_17_02_V02Y_0,Jhajjar,2018,2,1,0,2,0,5,0,0
2_17,0,0,0,1,0,0,0,0,2_17_05_V01Y_0,Jhajjar,2017,3,0,2,0,1,3,0,1
2_17,0,0,0,1,0,0,0,0,2_17_05_V01Y_0,Jhajjar,2017,4,0,0,2,0,2,0,1
2_17,0,0,0,1,0,0,0,0,2_17_05_V01Y_0,Jhajjar,2017,5,0,0,0,1,1,0,1
2_17,0,0,0,1,0,0,0,0,2_17_05_V01Y_0,Jhajjar,2017,6,3,0,0,0,3,0,1
2_17,0,0,0,1,0,0,0,0,2_17_05_V01Y_0,Jhajjar,2017,7,1,3,0,1,5,0,1
2_17,0,0,0,1,0,0,0,0,2_17_05_V01Y_0,Jhajjar,2017,8,0,0,1,1,2,0,1
2_17,0,0,0,1,0,0,0,0,2_17_05_V01Y_0,Jhajjar,2017,9,2,1,2,2,7,0,1
2_17,0,0,0,1,0,0,0,0,2_17_05_V01Y_0,Jhajjar,2017,10,0,2,1,0,4,0,1
2_17,0,0,0,1,0,0,0,0,2_17_05_V01Y_0,Jhajjar,2017,11,1,1,0,0,2,0,1
2_17,0,0,0,1,0,0,0,0,2_17_05_V01Y_0,Jhajjar,2018,1,1,2,0,1,5,0,1
2_17,0,0,0,1,0,0,0,0,2_17_05_V01Y_0,Jhajjar,2018,2,0,0,2,1,4,0,1
2_17,0,0,0,1,0,0,0,0,2_17_05_V01Y_0,Jhajjar,2018,3,2,1,1,2,6,0,1
2_17,0,0,0,1,0,0,0,0,2_17_05_V03Y_0,Jhajjar,2017,3,0,4,0,2,6,0,1
2_17,0,0,0,1,0,0,0,0,2_17_05_V03Y_0,Jhajjar,2017,4,0,0,4,1,6,0,1
2_17,0,0,0,1,0,0,0,0,2_17_05_V03Y_0,Jhajjar,2017,5,2,0,0,3,5,0,1
2_17,0,0,0,1,0,0,0,0,2_17_05_V03Y_0,Jhajjar,2017,6,0,1,0,1,3,0,1
2_17,0,0,0,1,0,0,0,0,2_17_05_V03Y_0,Jhajjar,2017,7,2,1,2,4,9,0,1
2_17,0,0,0,1,0,0,0,0,2_17_05_V03Y_0,Jhajjar,2017,8,1,1,1,2,5,0,1
2_17,0,0,0,1,0,0,0,0,2_17_05_V03Y_0,Jhajjar,2017,9,4,1,1,1,8,0,1
2_17,0,0,0,1,0,0,0,0,2_17_05_V03Y_0,Jhajjar,2017,10,3,4,1,1,9,0,1
2_17,0,0,0,1,0,0,0,0,2_17_05_V03Y_0,Jhajjar,2017,11,1,2,2,1,7,0,1
2_17,0,0,0,1,0,0,0,0,2_17_05_V03Y_0,Jhajjar,2017,12,2,2,3,0,10,0,1
2_17,0,0,0,1,0,0,0,0,2_17_05_V03Y_0,Jhajjar,2018,1,1,1,2,2,9,0,1
2_17,0,0,0,1,0,0,0,0,2_17_05_V03Y_0,Jhajjar,2018,2,4,2,0,1,12,0,1
2_17,0,0,0,1,0,0,0,0,2_17_05_V03Y_0,Jhajjar,2018,3,0,4,1,0,5,0,1
2_17,0,1,0,0,0,0,0,0,2_17_05_V05Y_0,Jhajjar,2017,4,2,1,1,2,7,0,1
2_17,0,1,0,0,0,0,0,0,2_17_05_V05Y_0,Jhajjar,2017,5,1,2,2,3,8,0,1
2_17,0,1,0,0,0,0,0,0,2_17_05_V05Y_0,Jhajjar,2017,6,1,0,1,4,6,0,1
2_17,0,1,0,0,0,0,0,0,2_17_05_V05Y_0,Jhajjar,2017,7,2,2,0,2,6,0,1
2_17,0,1,0,0,0,0,0,0,2_17_05_V05Y_0,Jhajjar,2017,8,1,2,2,2,8,0,1
2_17,0,1,0,0,0,0,0,0,2_17_05_V05Y_0,Jhajjar,2017,9,2,2,1,4,10,0,1
2_17,0,1,0,0,0,0,0,0,2_17_05_V05Y_0,Jhajjar,2017,10,2,2,2,0,6,0,1
2_17,0,1,0,0,0,0,0,0,2_17_05_V05Y_0,Jhajjar,2017,11,1,3,2,2,9,0,1
2_17,0,1,0,0,0,0,0,0,2_17_05_V05Y_0,Jhajjar,2017,12,0,0,0,1,1,0,1
2_17,0,1,0,0,0,0,0,0,2_17_05_V05Y_0,Jhajjar,2018,1,6,2,1,0,12,0,1
2_17,0,1,0,0,0,0,0,0,2_17_05_V05Y_0,Jhajjar,2018,2,10,3,3,2,21,0,1
2_17,0,1,0,0,0,0,0,0,2_17_05_V05Y_0,Jhajjar,2018,3,1,11,3,1,19,0,1
2_18,1,0,0,0,0,0,1,0,2_18_02_V01Y_0,Jhajjar,2017,3,6,4,3,6,20,1,0
2_18,1,0,0,0,0,0,1,0,2_18_02_V01Y_0,Jhajjar,2017,4,1,2,5,3,11,1,0
2_18,1,0,0,0,0,0,1,0,2_18_02_V01Y_0,Jhajjar,2017,5,1,0,1,1,4,1,0
2_18,1,0,0,0,0,0,1,0,2_18_02_V01Y_0,Jhajjar,2017,6,0,2,1,1,5,1,0
2_18,1,0,0,0,0,0,1,0,2_18_02_V01Y_0,Jhajjar,2017,7,3,2,2,12,20,1,0
2_18,1,0,0,0,0,0,1,0,2_18_02_V01Y_0,Jhajjar,2017,8,3,2,1,0,8,1,0
2_18,1,0,0,0,0,0,1,0,2_18_02_V01Y_0,Jhajjar,2017,9,7,3,2,3,20,1,0
2_18,1,0,0,0,0,0,1,0,2_18_02_V01Y_0,Jhajjar,2017,10,3,9,3,2,19,1,0
2_18,1,0,0,0,0,0,1,0,2_18_02_V01Y_0,Jhajjar,2017,12,0,6,2,2,11,1,0
2_18,1,0,0,0,0,0,1,0,2_18_02_V01Y_0,Jhajjar,2018,1,1,1,1,0,3,1,0
2_18,1,0,0,0,0,0,1,0,2_18_02_V01Y_0,Jhajjar,2018,2,5,2,6,6,20,1,0
2_18,1,0,0,0,0,0,1,0,2_18_02_V01Y_0,Jhajjar,2018,3,4,0,0,3,8,1,0
2_18,0,0,1,0,0,0,0,1,2_18_04_V01Y_0,Jhajjar,2017,3,2,3,6,7,20,1,0
2_18,0,0,1,0,0,0,0,1,2_18_04_V01Y_0,Jhajjar,2017,4,2,2,6,3,16,1,0
2_18,0,0,1,0,0,0,0,1,2_18_04_V01Y_0,Jhajjar,2017,5,3,2,2,0,7,1,0
2_18,0,0,1,0,0,0,0,1,2_18_04_V01Y_0,Jhajjar,2017,6,2,3,4,5,15,1,0
2_18,0,0,1,0,0,0,0,1,2_18_04_V01Y_0,Jhajjar,2017,7,2,3,2,8,16,1,0
2_18,0,0,1,0,0,0,0,1,2_18_04_V01Y_0,Jhajjar,2017,8,5,0,5,2,16,1,0
2_18,0,0,1,0,0,0,0,1,2_18_04_V01Y_0,Jhajjar,2017,9,9,4,1,1,17,1,0
2_18,0,0,1,0,0,0,0,1,2_18_04_V01Y_0,Jhajjar,2017,10,8,10,6,7,34,1,0
2_18,0,0,1,0,0,0,0,1,2_18_04_V01Y_0,Jhajjar,2017,11,6,4,7,3,23,1,0
2_18,0,0,1,0,0,0,0,1,2_18_04_V01Y_0,Jhajjar,2017,12,2,3,3,3,21,1,0
2_18,0,0,1,0,0,0,0,1,2_18_04_V01Y_0,Jhajjar,2018,1,6,7,0,1,19,1,0
2_18,0,0,1,0,0,0,0,1,2_18_04_V01Y_0,Jhajjar,2018,2,5,8,7,2,26,1,0
2_18,0,0,1,0,0,0,0,1,2_18_04_V01Y_0,Jhajjar,2018,3,4,7,7,9,34,1,0
2_19,0,1,0,0,0,0,0,1,2_19_01_V01Y_0,Jhajjar,2017,3,3,10,5,2,23,0,0
2_19,0,1,0,0,0,0,0,1,2_19_01_V01Y_0,Jhajjar,2017,4,7,5,15,11,41,0,0
2_19,0,1,0,0,0,0,0,1,2_19_01_V01Y_0,Jhajjar,2017,5,4,5,2,6,17,0,0
2_19,0,1,0,0,0,0,0,1,2_19_01_V01Y_0,Jhajjar,2017,6,9,5,6,5,25,0,0
2_19,0,1,0,0,0,0,0,1,2_19_01_V01Y_0,Jhajjar,2017,7,4,8,3,7,24,0,0
2_19,0,1,0,0,0,0,0,1,2_19_01_V01Y_0,Jhajjar,2017,8,2,8,6,7,25,0,0
2_19,0,1,0,0,0,0,0,1,2_19_01_V01Y_0,Jhajjar,2017,9,11,6,8,8,33,0,0
2_19,0,1,0,0,0,0,0,1,2_19_01_V01Y_0,Jhajjar,2017,10,6,5,6,5,23,0,0
2_19,0,1,0,0,0,0,0,1,2_19_01_V01Y_0,Jhajjar,2017,11,9,7,5,6,29,0,0
2_19,0,1,0,0,0,0,0,1,2_19_01_V01Y_0,Jhajjar,2017,12,10,17,7,5,39,0,0
2_19,0,1,0,0,0,0,0,1,2_19_01_V01Y_0,Jhajjar,2018,1,4,5,10,3,30,0,0
2_19,0,1,0,0,0,0,0,1,2_19_01_V01Y_0,Jhajjar,2018,2,11,5,6,5,32,0,0
2_19,0,1,0,0,0,0,0,1,2_19_01_V01Y_0,Jhajjar,2018,3,8,7,4,5,24,0,0
2_19,0,0,0,1,1,0,0,0,2_19_02_V01Y_0,Jhajjar,2017,3,1,5,8,2,17,0,0
2_19,0,0,0,1,1,0,0,0,2_19_02_V01Y_0,Jhajjar,2017,4,5,5,5,5,21,0,0
2_19,0,0,0,1,1,0,0,0,2_19_02_V01Y_0,Jhajjar,2017,5,7,6,7,5,25,0,0
2_19,0,0,0,1,1,0,0,0,2_19_02_V01Y_0,Jhajjar,2017,6,1,6,3,6,15,0,0
2_19,0,0,0,1,1,0,0,0,2_19_02_V01Y_0,Jhajjar,2017,7,8,4,7,5,24,0,0
2_19,0,0,0,1,1,0,0,0,2_19_02_V01Y_0,Jhajjar,2017,8,4,5,3,5,17,0,0
2_19,0,0,0,1,1,0,0,0,2_19_02_V01Y_0,Jhajjar,2017,9,3,4,5,7,20,0,0
2_19,0,0,0,1,1,0,0,0,2_19_02_V01Y_0,Jhajjar,2017,10,7,0,5,4,19,0,0
2_19,0,0,0,1,1,0,0,0,2_19_02_V01Y_0,Jhajjar,2017,11,10,6,3,5,25,0,0
2_19,0,0,0,1,1,0,0,0,2_19_02_V01Y_0,Jhajjar,2017,12,9,10,6,5,31,0,0
2_19,0,0,0,1,1,0,0,0,2_19_02_V01Y_0,Jhajjar,2018,1,5,7,4,4,27,0,0
2_19,0,0,0,1,1,0,0,0,2_19_02_V01Y_0,Jhajjar,2018,2,5,5,10,5,31,0,0
2_19,0,0,0,1,1,0,0,0,2_19_02_V01Y_0,Jhajjar,2018,3,9,10,6,7,34,0,0
2_19,0,0,1,0,0,1,0,0,2_19_04_V01Y_0,Jhajjar,2017,3,2,8,17,6,33,0,0
2_19,0,0,1,0,0,1,0,0,2_19_04_V01Y_0,Jhajjar,2017,4,10,5,13,7,37,0,0
2_19,0,0,1,0,0,1,0,0,2_19_04_V01Y_0,Jhajjar,2017,5,5,10,5,15,35,0,0
2_19,0,0,1,0,0,1,0,0,2_19_04_V01Y_0,Jhajjar,2017,6,13,4,9,4,30,0,0
2_19,0,0,1,0,0,1,0,0,2_19_04_V01Y_0,Jhajjar,2017,7,8,6,5,15,35,0,0
2_19,0,0,1,0,0,1,0,0,2_19_04_V01Y_0,Jhajjar,2017,8,6,8,3,12,30,0,0
2_19,0,0,1,0,0,1,0,0,2_19_04_V01Y_0,Jhajjar,2017,9,6,6,8,10,31,0,0
2_19,0,0,1,0,0,1,0,0,2_19_04_V01Y_0,Jhajjar,2017,10,11,6,6,7,32,0,0
2_19,0,0,1,0,0,1,0,0,2_19_04_V01Y_0,Jhajjar,2017,11,11,9,4,7,30,0,0
2_19,0,0,1,0,0,1,0,0,2_19_04_V01Y_0,Jhajjar,2017,12,10,12,11,8,43,0,0
2_19,0,0,1,0,0,1,0,0,2_19_04_V01Y_0,Jhajjar,2018,1,7,8,5,3,43,0,0
2_19,0,0,1,0,0,1,0,0,2_19_04_V01Y_0,Jhajjar,2018,2,13,10,7,8,47,0,0
2_19,0,0,1,0,0,1,0,0,2_19_04_V01Y_0,Jhajjar,2018,3,14,12,12,2,43,0,0
2_20,0,0,0,1,0,0,1,0,2_20_01_V01Y_0,Jhajjar,2017,3,1,0,1,1,3,0,1
2_20,0,0,0,1,0,0,1,0,2_20_01_V01Y_0,Jhajjar,2017,4,3,1,1,3,8,0,1
2_20,0,0,0,1,0,0,1,0,2_20_01_V01Y_0,Jhajjar,2017,5,0,4,0,2,6,0,1
2_20,0,0,0,1,0,0,1,0,2_20_01_V01Y_0,Jhajjar,2017,6,0,0,3,0,3,0,1
2_20,0,0,0,1,0,0,1,0,2_20_01_V01Y_0,Jhajjar,2017,7,2,0,1,1,4,0,1
2_20,0,0,0,1,0,0,1,0,2_20_01_V01Y_0,Jhajjar,2017,8,3,1,0,1,5,0,1
2_20,0,0,0,1,0,0,1,0,2_20_01_V01Y_0,Jhajjar,2017,9,1,2,1,2,6,0,1
2_20,0,0,0,1,0,0,1,0,2_20_01_V01Y_0,Jhajjar,2017,10,2,3,2,2,9,0,1
2_20,0,0,0,1,0,0,1,0,2_20_01_V01Y_0,Jhajjar,2017,11,1,0,4,0,5,0,1
2_20,0,0,0,1,0,0,1,0,2_20_01_V01Y_0,Jhajjar,2017,12,0,3,0,1,5,0,1
2_20,0,0,0,1,0,0,1,0,2_20_01_V01Y_0,Jhajjar,2018,2,6,0,3,1,10,0,1
2_20,0,0,0,1,0,0,1,0,2_20_01_V01Y_0,Jhajjar,2018,3,0,3,0,2,5,0,1
2_20,0,0,0,1,0,0,1,0,2_20_02_V03Y_0,Jhajjar,2017,3,3,1,3,5,12,0,1
2_20,0,0,0,1,0,0,1,0,2_20_02_V03Y_0,Jhajjar,2017,4,2,3,5,4,15,0,1
2_20,0,0,0,1,0,0,1,0,2_20_02_V03Y_0,Jhajjar,2017,5,4,3,3,4,17,0,1
2_20,0,0,0,1,0,0,1,0,2_20_02_V03Y_0,Jhajjar,2017,6,2,4,1,1,9,0,1
2_20,0,0,0,1,0,0,1,0,2_20_02_V03Y_0,Jhajjar,2017,7,2,0,2,2,8,0,1
2_20,0,0,0,1,0,0,1,0,2_20_02_V03Y_0,Jhajjar,2017,8,0,2,1,0,4,0,1
2_20,0,0,0,1,0,0,1,0,2_20_02_V03Y_0,Jhajjar,2017,9,2,1,2,2,10,0,1
2_20,0,0,0,1,0,0,1,0,2_20_02_V03Y_0,Jhajjar,2017,10,5,2,1,2,11,0,1
2_20,0,0,0,1,0,0,1,0,2_20_02_V03Y_0,Jhajjar,2017,11,3,4,2,2,11,0,1
2_20,0,0,0,1,0,0,1,0,2_20_02_V03Y_0,Jhajjar,2017,12,5,3,5,1,19,0,1
2_20,0,0,0,1,0,0,1,0,2_20_02_V03Y_0,Jhajjar,2018,1,1,2,4,5,15,0,1
2_20,0,0,0,1,0,0,1,0,2_20_02_V03Y_0,Jhajjar,2018,2,4,6,2,1,16,0,1
2_20,0,0,0,1,0,0,1,0,2_20_02_V03Y_0,Jhajjar,2018,3,2,3,6,1,14,0,1
2_20,0,0,0,1,0,0,1,0,2_20_02_V03Y_0,Jhajjar,2022,7,1,0,0,0,1,0,1
2_20,0,1,0,0,1,0,0,0,2_20_03_V01Y_1,Jhajjar,2017,3,4,3,6,8,23,0,1
2_20,0,1,0,0,1,0,0,0,2_20_03_V01Y_1,Jhajjar,2017,4,3,5,1,6,16,0,1
2_20,0,1,0,0,1,0,0,0,2_20_03_V01Y_1,Jhajjar,2017,5,5,1,8,12,28,0,1
2_20,0,1,0,0,1,0,0,0,2_20_03_V01Y_1,Jhajjar,2017,6,7,5,3,10,26,0,1
2_20,0,1,0,0,1,0,0,0,2_20_03_V01Y_1,Jhajjar,2017,7,6,5,4,8,24,0,1
2_20,0,1,0,0,1,0,0,0,2_20_03_V01Y_1,Jhajjar,2017,8,2,6,5,9,22,0,1
2_20,0,1,0,0,1,0,0,0,2_20_03_V01Y_1,Jhajjar,2017,9,8,5,7,7,30,0,1
2_20,0,1,0,0,1,0,0,0,2_20_03_V01Y_1,Jhajjar,2017,10,7,5,3,5,19,0,1
2_20,0,1,0,0,1,0,0,0,2_20_03_V01Y_1,Jhajjar,2017,11,13,8,6,5,30,0,1
2_20,0,1,0,0,1,0,0,0,2_20_03_V01Y_1,Jhajjar,2017,12,7,6,6,6,29,0,1
2_20,0,1,0,0,1,0,0,0,2_20_03_V01Y_1,Jhajjar,2018,1,4,10,5,2,28,0,1
2_20,0,1,0,0,1,0,0,0,2_20_03_V01Y_1,Jhajjar,2018,2,8,7,13,3,39,0,1
2_20,0,1,0,0,1,0,0,0,2_20_03_V01Y_1,Jhajjar,2018,3,5,9,8,5,34,0,1
2_21,0,1,0,0,0,0,0,0,2_21_06_V01Y_0,Jhajjar,2017,6,0,1,0,1,2,1,0
2_21,0,1,0,0,0,0,0,0,2_21_06_V01Y_0,Jhajjar,2017,7,2,2,1,3,8,1,0
2_21,0,1,0,0,0,0,0,0,2_21_06_V01Y_0,Jhajjar,2017,8,3,1,3,0,6,1,0
2_21,0,1,0,0,0,0,0,0,2_21_06_V01Y_0,Jhajjar,2017,9,0,3,3,1,7,1,0
2_21,0,1,0,0,0,0,0,0,2_21_06_V01Y_0,Jhajjar,2017,10,3,2,1,2,8,1,0
2_21,0,1,0,0,0,0,0,0,2_21_06_V01Y_0,Jhajjar,2017,11,1,1,5,3,10,1,0
2_21,0,1,0,0,0,0,0,0,2_21_06_V01Y_0,Jhajjar,2017,12,3,1,5,1,10,1,0
2_21,0,1,0,0,0,0,0,0,2_21_06_V01Y_0,Jhajjar,2018,1,1,4,2,2,9,1,0
2_21,0,1,0,0,0,0,0,0,2_21_06_V01Y_0,Jhajjar,2018,2,0,1,3,0,4,1,0
2_21,0,1,0,0,0,0,0,0,2_21_06_V01Y_0,Jhajjar,2018,3,1,0,3,5,10,1,0
2_21,0,0,0,1,0,0,0,0,2_21_07_V01Y_0,Jhajjar,2017,3,3,2,3,2,9,0,1
2_21,0,0,0,1,0,0,0,0,2_21_07_V01Y_0,Jhajjar,2017,4,4,3,3,0,9,0,1
2_21,0,0,0,1,0,0,0,0,2_21_07_V01Y_0,Jhajjar,2017,5,0,3,4,2,10,0,1
2_21,0,0,0,1,0,0,0,0,2_21_07_V01Y_0,Jhajjar,2017,6,1,0,2,5,8,0,1
2_21,0,0,0,1,0,0,0,0,2_21_07_V01Y_0,Jhajjar,2017,7,2,6,0,3,13,0,1
2_21,0,0,0,1,0,0,0,0,2_21_07_V01Y_0,Jhajjar,2017,8,3,2,6,3,14,0,1
2_21,0,0,0,1,0,0,0,0,2_21_07_V01Y_0,Jhajjar,2017,9,3,5,2,3,15,0,1
2_21,0,0,0,1,0,0,0,0,2_21_07_V01Y_0,Jhajjar,2017,10,6,2,3,2,13,0,1
2_21,0,0,0,1,0,0,0,0,2_21_07_V01Y_0,Jhajjar,2017,11,1,4,2,3,11,0,1
2_21,0,0,0,1,0,0,0,0,2_21_07_V01Y_0,Jhajjar,2017,12,4,4,5,1,16,0,1
2_21,0,0,0,1,0,0,0,0,2_21_07_V01Y_0,Jhajjar,2018,1,4,1,6,2,14,0,1
2_21,0,0,0,1,0,0,0,0,2_21_07_V01Y_0,Jhajjar,2018,2,3,5,2,3,15,0,1
2_21,0,0,0,1,0,0,0,0,2_21_07_V01Y_0,Jhajjar,2018,3,6,4,1,3,19,0,1
2_22,0,0,0,1,1,0,0,0,2_22_01_V03Y_0,Jhajjar,2017,3,0,0,1,1,2,0,0
2_22,0,0,0,1,1,0,0,0,2_22_01_V03Y_0,Jhajjar,2017,4,2,0,2,4,8,0,0
2_22,0,0,0,1,1,0,0,0,2_22_01_V03Y_0,Jhajjar,2017,6,0,0,1,1,3,0,0
2_22,0,0,0,1,1,0,0,0,2_22_01_V03Y_0,Jhajjar,2017,7,1,0,0,0,1,0,0
2_22,0,0,0,1,1,0,0,0,2_22_01_V03Y_0,Jhajjar,2017,8,1,1,0,1,4,0,0
2_22,0,0,0,1,1,0,0,0,2_22_01_V03Y_0,Jhajjar,2017,9,0,1,1,0,2,0,0
2_22,0,0,0,1,1,0,0,0,2_22_01_V03Y_0,Jhajjar,2017,10,1,0,0,0,1,0,0
2_22,0,0,0,1,1,0,0,0,2_22_01_V03Y_0,Jhajjar,2017,11,2,3,0,0,5,0,0
2_22,0,0,0,1,1,0,0,0,2_22_01_V03Y_0,Jhajjar,2017,12,3,1,3,0,7,0,0
2_22,0,0,0,1,1,0,0,0,2_22_01_V03Y_0,Jhajjar,2018,1,0,3,1,0,4,0,0
2_22,0,0,0,1,1,0,0,0,2_22_01_V03Y_0,Jhajjar,2018,2,4,0,1,0,5,0,0
2_22,0,0,0,1,1,0,0,0,2_22_01_V03Y_0,Jhajjar,2018,3,1,3,1,2,7,0,0
2_22,0,1,0,0,0,0,1,0,2_22_02_V03Y_0,Jhajjar,2017,3,1,0,1,1,3,0,0
2_22,0,1,0,0,0,0,1,0,2_22_02_V03Y_0,Jhajjar,2017,4,0,1,0,1,2,0,0
2_22,0,1,0,0,0,0,1,0,2_22_02_V03Y_0,Jhajjar,2017,5,1,0,1,0,2,0,0
2_22,0,1,0,0,0,0,1,0,2_22_02_V03Y_0,Jhajjar,2017,6,0,1,0,0,1,0,0
2_22,0,1,0,0,0,0,1,0,2_22_02_V03Y_0,Jhajjar,2017,7,1,0,1,2,4,0,0
2_22,0,1,0,0,0,0,1,0,2_22_02_V03Y_0,Jhajjar,2017,9,1,0,0,0,1,0,0
2_22,0,1,0,0,0,0,1,0,2_22_02_V03Y_0,Jhajjar,2017,10,1,1,0,0,2,0,0
2_22,0,1,0,0,0,0,1,0,2_22_02_V03Y_0,Jhajjar,2017,11,2,1,1,1,5,0,0
2_22,0,1,0,0,0,0,1,0,2_22_02_V03Y_0,Jhajjar,2017,12,1,3,1,1,6,0,0
2_22,0,1,0,0,0,0,1,0,2_22_02_V03Y_0,Jhajjar,2018,1,0,0,1,0,3,0,0
2_22,0,1,0,0,0,0,1,0,2_22_02_V03Y_0,Jhajjar,2018,2,0,1,1,0,2,0,0
2_22,0,1,0,0,0,0,1,0,2_22_02_V03Y_0,Jhajjar,2018,3,0,0,1,2,4,0,0
2_22,1,0,0,0,0,0,1,0,2_22_02_V05Y_0,Jhajjar,2017,3,3,6,1,5,15,0,0
2_22,1,0,0,0,0,0,1,0,2_22_02_V05Y_0,Jhajjar,2017,4,0,1,5,0,6,0,0
2_22,1,0,0,0,0,0,1,0,2_22_02_V05Y_0,Jhajjar,2017,5,0,2,3,2,7,0,0
2_22,1,0,0,0,0,0,1,0,2_22_02_V05Y_0,Jhajjar,2017,6,0,0,1,0,1,0,0
2_22,1,0,0,0,0,0,1,0,2_22_02_V05Y_0,Jhajjar,2017,7,2,0,1,3,6,0,0
2_22,1,0,0,0,0,0,1,0,2_22_02_V05Y_0,Jhajjar,2017,8,2,2,1,1,6,0,0
2_22,1,0,0,0,0,0,1,0,2_22_02_V05Y_0,Jhajjar,2017,9,3,2,2,6,13,0,0
2_22,1,0,0,0,0,0,1,0,2_22_02_V05Y_0,Jhajjar,2017,10,3,4,3,3,14,0,0
2_22,1,0,0,0,0,0,1,0,2_22_02_V05Y_0,Jhajjar,2017,11,0,2,0,2,5,0,0
2_22,1,0,0,0,0,0,1,0,2_22_02_V05Y_0,Jhajjar,2017,12,9,0,4,1,19,0,0
2_22,1,0,0,0,0,0,1,0,2_22_02_V05Y_0,Jhajjar,2018,1,6,4,2,0,12,0,0
2_22,1,0,0,0,0,0,1,0,2_22_02_V05Y_0,Jhajjar,2018,2,1,7,2,0,10,0,0
2_22,1,0,0,0,0,0,1,0,2_22_02_V05Y_0,Jhajjar,2018,3,1,5,7,2,16,0,0
2_22,0,0,0,1,0,1,0,0,2_22_03_V02Y_0,Jhajjar,2017,3,0,1,2,1,4,0,1
2_22,0,0,0,1,0,1,0,0,2_22_03_V02Y_0,Jhajjar,2017,4,0,0,1,1,2,0,1
2_22,0,0,0,1,0,1,0,0,2_22_03_V02Y_0,Jhajjar,2017,5,2,0,0,0,2,0,1
2_22,0,0,0,1,0,1,0,0,2_22_03_V02Y_0,Jhajjar,2017,6,1,1,0,0,2,0,1
2_22,0,0,0,1,0,1,0,0,2_22_03_V02Y_0,Jhajjar,2017,7,0,2,1,3,7,0,1
2_22,0,0,0,1,0,1,0,0,2_22_03_V02Y_0,Jhajjar,2017,8,1,0,0,1,5,0,1
2_22,0,0,0,1,0,1,0,0,2_22_03_V02Y_0,Jhajjar,2017,9,1,0,0,0,1,0,1
2_22,0,0,0,1,0,1,0,0,2_22_03_V02Y_0,Jhajjar,2017,10,1,1,0,0,3,0,1
2_22,0,0,0,1,0,1,0,0,2_22_03_V02Y_0,Jhajjar,2017,11,4,1,1,0,7,0,1
2_22,0,0,0,1,0,1,0,0,2_22_03_V02Y_0,Jhajjar,2017,12,1,4,0,1,7,0,1
2_22,0,0,0,1,0,1,0,0,2_22_03_V02Y_0,Jhajjar,2018,1,0,3,5,1,11,0,1
2_22,0,0,0,1,0,1,0,0,2_22_03_V02Y_0,Jhajjar,2018,2,0,1,2,1,3,0,1
2_22,0,0,0,1,0,1,0,0,2_22_03_V02Y_0,Jhajjar,2018,3,2,0,3,1,9,0,1
2_23,0,0,1,0,0,0,0,0,2_23_01_V02Y_0,Jhajjar,2017,3,3,1,3,1,8,0,1
2_23,0,0,1,0,0,0,0,0,2_23_01_V02Y_0,Jhajjar,2017,4,1,3,0,1,5,0,1
2_23,0,0,1,0,0,0,0,0,2_23_01_V02Y_0,Jhajjar,2017,5,2,1,3,2,8,0,1
2_23,0,0,1,0,0,0,0,0,2_23_01_V02Y_0,Jhajjar,2017,6,0,3,2,4,10,0,1
2_23,0,0,1,0,0,0,0,0,2_23_01_V02Y_0,Jhajjar,2017,7,0,0,3,1,4,0,1
2_23,0,0,1,0,0,0,0,0,2_23_01_V02Y_0,Jhajjar,2017,8,3,0,1,4,8,0,1
2_23,0,0,1,0,0,0,0,0,2_23_01_V02Y_0,Jhajjar,2017,9,4,3,0,1,8,0,1
2_23,0,0,1,0,0,0,0,0,2_23_01_V02Y_0,Jhajjar,2017,10,1,3,3,2,11,0,1
2_23,0,0,1,0,0,0,0,0,2_23_01_V02Y_0,Jhajjar,2017,11,0,2,3,1,6,0,1
2_23,0,0,1,0,0,0,0,0,2_23_01_V02Y_0,Jhajjar,2017,12,1,0,2,1,7,0,1
2_23,0,0,1,0,0,0,0,0,2_23_01_V02Y_0,Jhajjar,2018,1,0,0,0,2,7,0,1
2_23,0,0,1,0,0,0,0,0,2_23_01_V02Y_0,Jhajjar,2018,2,7,0,0,0,7,0,1
2_23,0,0,1,0,0,0,0,0,2_23_01_V02Y_0,Jhajjar,2018,3,0,7,1,3,14,0,1
2_23,0,1,0,0,0,0,0,0,2_23_02_V02Y_0,Jhajjar,2017,3,0,0,2,4,6,0,0
2_23,0,1,0,0,0,0,0,0,2_23_02_V02Y_0,Jhajjar,2017,4,2,1,0,2,5,0,0
2_23,0,1,0,0,0,0,0,0,2_23_02_V02Y_0,Jhajjar,2017,5,0,2,1,2,5,0,0
2_23,0,1,0,0,0,0,0,0,2_23_02_V02Y_0,Jhajjar,2017,6,1,1,1,0,4,0,0
2_23,0,1,0,0,0,0,0,0,2_23_02_V02Y_0,Jhajjar,2017,7,2,2,1,1,6,0,0
2_23,0,1,0,0,0,0,0,0,2_23_02_V02Y_0,Jhajjar,2017,8,1,2,2,1,6,0,0
2_23,0,1,0,0,0,0,0,0,2_23_02_V02Y_0,Jhajjar,2017,9,0,2,2,0,5,0,0
2_23,0,1,0,0,0,0,0,0,2_23_02_V02Y_0,Jhajjar,2017,10,3,0,2,0,10,0,0
2_23,0,1,0,0,0,0,0,0,2_23_02_V02Y_0,Jhajjar,2017,11,2,1,0,0,4,0,0
2_23,0,1,0,0,0,0,0,0,2_23_02_V02Y_0,Jhajjar,2017,12,1,2,1,2,10,0,0
2_23,0,1,0,0,0,0,0,0,2_23_02_V02Y_0,Jhajjar,2018,1,2,1,3,0,9,0,0
2_23,0,1,0,0,0,0,0,0,2_23_02_V02Y_0,Jhajjar,2018,2,0,2,1,2,6,0,0
2_23,0,1,0,0,0,0,0,0,2_23_02_V02Y_0,Jhajjar,2018,3,1,0,2,4,9,0,0
2_23,0,0,1,0,0,0,0,0,2_23_03_V02Y_0,Jhajjar,2017,3,1,2,1,3,6,0,0
2_23,0,0,1,0,0,0,0,0,2_23_03_V02Y_0,Jhajjar,2017,4,2,1,0,4,8,0,0
2_23,0,0,1,0,0,0,0,0,2_23_03_V02Y_0,Jhajjar,2017,5,1,1,2,4,9,0,0
2_23,0,0,1,0,0,0,0,0,2_23_03_V02Y_0,Jhajjar,2017,6,1,0,1,5,7,0,0
2_23,0,0,1,0,0,0,0,0,2_23_03_V02Y_0,Jhajjar,2017,7,0,2,0,3,6,0,0
2_23,0,0,1,0,0,0,0,0,2_23_03_V02Y_0,Jhajjar,2017,8,0,0,3,1,5,0,0
2_23,0,0,1,0,0,0,0,0,2_23_03_V02Y_0,Jhajjar,2017,9,3,0,0,2,7,0,0
2_23,0,0,1,0,0,0,0,0,2_23_03_V02Y_0,Jhajjar,2017,10,3,3,0,1,8,0,0
2_23,0,0,1,0,0,0,0,0,2_23_03_V02Y_0,Jhajjar,2017,11,1,2,2,2,8,0,0
2_23,0,0,1,0,0,0,0,0,2_23_03_V02Y_0,Jhajjar,2017,12,2,1,2,0,8,0,0
2_23,0,0,1,0,0,0,0,0,2_23_03_V02Y_0,Jhajjar,2018,1,2,2,1,1,7,0,0
2_23,0,0,1,0,0,0,0,0,2_23_03_V02Y_0,Jhajjar,2018,2,2,2,4,2,11,0,0
2_23,0,0,1,0,0,0,0,0,2_23_03_V02Y_0,Jhajjar,2018,3,1,1,2,0,9,0,0
2_23,0,0,1,0,0,0,0,0,2_23_03_V03Y_0,Jhajjar,2017,3,1,1,2,2,6,0,0
2_23,0,0,1,0,0,0,0,0,2_23_03_V03Y_0,Jhajjar,2017,4,3,1,5,4,13,0,0
2_23,0,0,1,0,0,0,0,0,2_23_03_V03Y_0,Jhajjar,2017,5,2,4,1,0,8,0,0
2_23,0,0,1,0,0,0,0,0,2_23_03_V03Y_0,Jhajjar,2017,6,1,1,5,1,9,0,0
2_23,0,0,1,0,0,0,0,0,2_23_03_V03Y_0,Jhajjar,2017,7,0,1,1,2,4,0,0
2_23,0,0,1,0,0,0,0,0,2_23_03_V03Y_0,Jhajjar,2017,8,2,1,0,3,7,0,0
2_23,0,0,1,0,0,0,0,0,2_23_03_V03Y_0,Jhajjar,2017,9,1,2,1,6,12,0,0
2_23,0,0,1,0,0,0,0,0,2_23_03_V03Y_0,Jhajjar,2017,10,7,2,2,2,14,0,0
2_23,0,0,1,0,0,0,0,0,2_23_03_V03Y_0,Jhajjar,2017,11,0,5,1,3,10,0,0
2_23,0,0,1,0,0,0,0,0,2_23_03_V03Y_0,Jhajjar,2017,12,3,0,5,2,14,0,0
2_23,0,0,1,0,0,0,0,0,2_23_03_V03Y_0,Jhajjar,2018,1,3,3,1,1,11,0,0
2_23,0,0,1,0,0,0,0,0,2_23_03_V03Y_0,Jhajjar,2018,2,0,3,3,1,8,0,0
2_23,0,0,1,0,0,0,0,0,2_23_03_V03Y_0,Jhajjar,2018,3,4,1,3,1,11,0,0
2_23,0,0,0,1,0,0,0,0,2_23_04_V01Y_0,Jhajjar,2017,3,0,0,1,0,1,0,0
2_23,0,0,0,1,0,0,0,0,2_23_04_V01Y_0,Jhajjar,2017,4,1,0,0,2,3,0,0
2_23,0,0,0,1,0,0,0,0,2_23_04_V01Y_0,Jhajjar,2017,5,1,1,0,1,3,0,0
2_23,0,0,0,1,0,0,0,0,2_23_04_V01Y_0,Jhajjar,2017,7,0,1,1,0,2,0,0
2_23,0,0,0,1,0,0,0,0,2_23_04_V01Y_0,Jhajjar,2017,8,0,1,1,1,3,0,0
2_23,0,0,0,1,0,0,0,0,2_23_04_V01Y_0,Jhajjar,2017,9,0,0,1,0,1,0,0
2_23,0,0,0,1,0,0,0,0,2_23_04_V01Y_0,Jhajjar,2017,11,0,0,0,0,1,0,0
2_23,0,0,0,1,0,0,0,0,2_23_04_V01Y_0,Jhajjar,2017,12,1,0,0,1,2,0,0
2_23,0,0,0,1,0,0,0,0,2_23_04_V01Y_0,Jhajjar,2018,1,1,1,0,0,2,0,0
2_23,0,0,0,1,0,0,0,0,2_23_04_V01Y_0,Jhajjar,2018,2,0,0,1,1,3,0,0
2_23,0,0,0,1,0,0,0,0,2_23_04_V01Y_0,Jhajjar,2018,3,2,1,0,0,3,0,0
2_23,0,0,1,0,0,0,0,0,2_23_04_V02Y_0,Jhajjar,2017,3,0,0,2,1,3,0,0
2_23,0,0,1,0,0,0,0,0,2_23_04_V02Y_0,Jhajjar,2017,4,3,2,0,2,8,0,0
2_23,0,0,1,0,0,0,0,0,2_23_04_V02Y_0,Jhajjar,2017,5,2,2,1,2,7,0,0
2_23,0,0,1,0,0,0,0,0,2_23_04_V02Y_0,Jhajjar,2017,6,1,2,2,0,4,0,0
2_23,0,0,1,0,0,0,0,0,2_23_04_V02Y_0,Jhajjar,2017,7,1,2,2,4,9,0,0
2_23,0,0,1,0,0,0,0,0,2_23_04_V02Y_0,Jhajjar,2017,8,1,2,1,1,5,0,0
2_23,0,0,1,0,0,0,0,0,2_23_04_V02Y_0,Jhajjar,2017,9,2,1,2,1,6,0,0
2_23,0,0,1,0,0,0,0,0,2_23_04_V02Y_0,Jhajjar,2017,10,2,1,3,1,7,0,0
2_23,0,0,1,0,0,0,0,0,2_23_04_V02Y_0,Jhajjar,2017,11,0,3,1,1,7,0,0
2_23,0,0,1,0,0,0,0,0,2_23_04_V02Y_0,Jhajjar,2017,12,1,0,3,3,9,0,0
2_23,0,0,1,0,0,0,0,0,2_23_04_V02Y_0,Jhajjar,2018,1,2,3,0,2,9,0,0
2_23,0,0,1,0,0,0,0,0,2_23_04_V02Y_0,Jhajjar,2018,2,1,1,3,0,6,0,0
2_23,0,0,1,0,0,0,0,0,2_23_04_V02Y_0,Jhajjar,2018,3,2,5,1,1,10,0,0
2_24,1,0,0,0,0,0,0,0,2_24_04_V02Y_0,Jhajjar,2017,3,3,3,1,1,8,1,0
2_24,1,0,0,0,0,0,0,0,2_24_04_V02Y_0,Jhajjar,2017,4,5,4,3,5,17,1,0
2_24,1,0,0,0,0,0,0,0,2_24_04_V02Y_0,Jhajjar,2017,5,3,6,5,5,19,1,0
2_24,1,0,0,0,0,0,0,0,2_24_04_V02Y_0,Jhajjar,2017,6,4,2,5,8,19,1,0
2_24,1,0,0,0,0,0,0,0,2_24_04_V02Y_0,Jhajjar,2017,7,2,3,5,4,14,1,0
2_24,1,0,0,0,0,0,0,0,2_24_04_V02Y_0,Jhajjar,2017,8,2,2,3,7,14,1,0
2_24,1,0,0,0,0,0,0,0,2_24_04_V02Y_0,Jhajjar,2017,9,4,3,2,5,14,1,0
2_24,1,0,0,0,0,0,0,0,2_24_04_V02Y_0,Jhajjar,2017,10,3,4,2,3,13,1,0
2_24,1,0,0,0,0,0,0,0,2_24_04_V02Y_0,Jhajjar,2017,11,2,3,5,4,18,1,0
2_24,1,0,0,0,0,0,0,0,2_24_04_V02Y_0,Jhajjar,2017,12,4,4,2,7,22,1,0
2_24,1,0,0,0,0,0,0,0,2_24_04_V02Y_0,Jhajjar,2018,1,6,2,3,1,17,1,0
2_24,1,0,0,0,0,0,0,0,2_24_04_V02Y_0,Jhajjar,2018,2,5,6,2,2,18,1,0
2_24,1,0,0,0,0,0,0,0,2_24_04_V02Y_0,Jhajjar,2018,3,3,6,9,3,24,1,0
2_24,0,0,1,0,0,0,0,0,2_24_05_V01Y_0,Jhajjar,2017,3,3,5,2,3,13,1,0
2_24,0,0,1,0,0,0,0,0,2_24_05_V01Y_0,Jhajjar,2017,4,3,3,5,1,12,1,0
2_24,0,0,1,0,0,0,0,0,2_24_05_V01Y_0,Jhajjar,2017,5,2,1,3,3,11,1,0
2_24,0,0,1,0,0,0,0,0,2_24_05_V01Y_0,Jhajjar,2017,6,1,2,1,2,8,1,0
2_24,0,0,1,0,0,0,0,0,2_24_05_V01Y_0,Jhajjar,2017,7,3,2,1,4,11,1,0
2_24,0,0,1,0,0,0,0,0,2_24_05_V01Y_0,Jhajjar,2017,8,2,1,2,3,8,1,0
2_24,0,0,1,0,0,0,0,0,2_24_05_V01Y_0,Jhajjar,2017,9,1,4,1,1,8,1,0
2_24,0,0,1,0,0,0,0,0,2_24_05_V01Y_0,Jhajjar,2017,10,4,1,4,4,15,1,0
2_24,0,0,1,0,0,0,0,0,2_24_05_V01Y_0,Jhajjar,2017,11,3,3,1,5,12,1,0
2_24,0,0,1,0,0,0,0,0,2_24_05_V01Y_0,Jhajjar,2017,12,5,3,2,2,16,1,0
2_24,0,0,1,0,0,0,0,0,2_24_05_V01Y_0,Jhajjar,2018,1,5,4,3,0,14,1,0
2_24,0,0,1,0,0,0,0,0,2_24_05_V01Y_0,Jhajjar,2018,2,3,5,4,1,14,1,0
2_24,0,0,1,0,0,0,0,0,2_24_05_V01Y_0,Jhajjar,2018,3,5,3,4,4,20,1,0
2_25,0,0,0,1,0,0,0,0,2_25_02_V02Y_0,Jhajjar,2017,3,4,4,3,2,13,0,1
2_25,0,0,0,1,0,0,0,0,2_25_02_V02Y_0,Jhajjar,2017,4,2,2,4,1,10,0,1
2_25,0,0,0,1,0,0,0,0,2_25_02_V02Y_0,Jhajjar,2017,5,0,2,1,2,5,0,1
2_25,0,0,0,1,0,0,0,0,2_25_02_V02Y_0,Jhajjar,2017,6,3,2,2,4,11,0,1
2_25,0,0,0,1,0,0,0,0,2_25_02_V02Y_0,Jhajjar,2017,7,0,2,3,2,7,0,1
2_25,0,0,0,1,0,0,0,0,2_25_02_V02Y_0,Jhajjar,2017,8,2,0,0,3,7,0,1
2_25,0,0,0,1,0,0,0,0,2_25_02_V02Y_0,Jhajjar,2017,9,3,2,2,5,13,0,1
2_25,0,0,0,1,0,0,0,0,2_25_02_V02Y_0,Jhajjar,2017,10,2,4,2,2,11,0,1
2_25,0,0,0,1,0,0,0,0,2_25_02_V02Y_0,Jhajjar,2017,11,1,0,3,3,11,0,1
2_25,0,0,0,1,0,0,0,0,2_25_02_V02Y_0,Jhajjar,2017,12,3,2,0,2,10,0,1
2_25,0,0,0,1,0,0,0,0,2_25_02_V02Y_0,Jhajjar,2018,1,2,3,2,0,9,0,1
2_25,0,0,0,1,0,0,0,0,2_25_02_V02Y_0,Jhajjar,2018,2,3,3,3,1,13,0,1
2_25,0,0,0,1,0,0,0,0,2_25_02_V02Y_0,Jhajjar,2018,3,0,2,2,3,11,0,1
2_25,0,0,1,0,0,0,0,0,2_25_03_V02Y_0,Jhajjar,2017,3,1,2,1,0,8,0,1
2_25,0,0,1,0,0,0,0,0,2_25_03_V02Y_0,Jhajjar,2017,4,2,1,2,0,6,0,1
2_25,0,0,1,0,0,0,0,0,2_25_03_V02Y_0,Jhajjar,2017,5,3,1,1,0,7,0,1
2_25,0,0,1,0,0,0,0,0,2_25_03_V02Y_0,Jhajjar,2017,6,2,5,1,4,12,0,1
2_25,0,0,1,0,0,0,0,0,2_25_03_V02Y_0,Jhajjar,2017,7,2,3,4,1,10,0,1
2_25,0,0,1,0,0,0,0,0,2_25_03_V02Y_0,Jhajjar,2017,8,1,0,0,2,6,0,1
2_25,0,0,1,0,0,0,0,0,2_25_03_V02Y_0,Jhajjar,2017,9,1,4,3,0,9,0,1
2_25,0,0,1,0,0,0,0,0,2_25_03_V02Y_0,Jhajjar,2017,10,2,1,4,2,9,0,1
2_25,0,0,1,0,0,0,0,0,2_25_03_V02Y_0,Jhajjar,2017,11,0,0,2,3,5,0,1
2_25,0,0,1,0,0,0,0,0,2_25_03_V02Y_0,Jhajjar,2017,12,3,1,0,1,7,0,1
2_25,0,0,1,0,0,0,0,0,2_25_03_V02Y_0,Jhajjar,2018,1,3,4,2,3,12,0,1
2_25,0,0,1,0,0,0,0,0,2_25_03_V02Y_0,Jhajjar,2018,2,4,1,3,2,14,0,1
2_25,0,0,1,0,0,0,0,0,2_25_03_V02Y_0,Jhajjar,2018,3,1,4,1,2,10,0,1
2_25,1,0,0,0,0,0,0,0,2_25_04_V01Y_0,Jhajjar,2017,3,1,1,0,2,4,0,1
2_25,1,0,0,0,0,0,0,0,2_25_04_V01Y_0,Jhajjar,2017,4,3,1,1,2,11,0,1
2_25,1,0,0,0,0,0,0,0,2_25_04_V01Y_0,Jhajjar,2017,5,1,2,1,1,5,0,1
2_25,1,0,0,0,0,0,0,0,2_25_04_V01Y_0,Jhajjar,2017,6,2,1,2,1,6,0,1
2_25,1,0,0,0,0,0,0,0,2_25_04_V01Y_0,Jhajjar,2017,7,0,1,2,2,6,0,1
2_25,1,0,0,0,0,0,0,0,2_25_04_V01Y_0,Jhajjar,2017,8,2,0,1,0,3,0,1
2_25,1,0,0,0,0,0,0,0,2_25_04_V01Y_0,Jhajjar,2017,9,1,1,1,0,3,0,1
2_25,1,0,0,0,0,0,0,0,2_25_04_V01Y_0,Jhajjar,2017,10,2,2,1,1,8,0,1
2_25,1,0,0,0,0,0,0,0,2_25_04_V01Y_0,Jhajjar,2017,11,1,4,0,1,6,0,1
2_25,1,0,0,0,0,0,0,0,2_25_04_V01Y_0,Jhajjar,2017,12,1,1,2,2,7,0,1
2_25,1,0,0,0,0,0,0,0,2_25_04_V01Y_0,Jhajjar,2018,1,0,1,1,1,4,0,1
2_25,1,0,0,0,0,0,0,0,2_25_04_V01Y_0,Jhajjar,2018,2,0,1,2,1,6,0,1
2_25,1,0,0,0,0,0,0,0,2_25_04_V01Y_0,Jhajjar,2018,3,2,1,4,2,7,0,1
2_25,1,0,0,0,0,0,0,0,2_25_04_V02Y_0,Jhajjar,2017,3,4,1,2,1,8,0,1
2_25,1,0,0,0,0,0,0,0,2_25_04_V02Y_0,Jhajjar,2017,4,0,2,1,3,8,0,1
2_25,1,0,0,0,0,0,0,0,2_25_04_V02Y_0,Jhajjar,2017,5,3,3,2,7,16,0,1
2_25,1,0,0,0,0,0,0,0,2_25_04_V02Y_0,Jhajjar,2017,6,4,6,6,13,29,0,1
2_25,1,0,0,0,0,0,0,0,2_25_04_V02Y_0,Jhajjar,2017,7,5,4,4,8,21,0,1
2_25,1,0,0,0,0,0,0,0,2_25_04_V02Y_0,Jhajjar,2017,8,3,3,4,3,14,0,1
2_25,1,0,0,0,0,0,0,0,2_25_04_V02Y_0,Jhajjar,2017,9,3,1,4,2,11,0,1
2_25,1,0,0,0,0,0,0,0,2_25_04_V02Y_0,Jhajjar,2017,10,4,5,2,3,21,0,1
2_25,1,0,0,0,0,0,0,0,2_25_04_V02Y_0,Jhajjar,2017,11,7,4,6,4,26,0,1
2_25,1,0,0,0,0,0,0,0,2_25_04_V02Y_0,Jhajjar,2017,12,10,8,4,6,35,0,1
2_25,1,0,0,0,0,0,0,0,2_25_04_V02Y_0,Jhajjar,2018,1,3,7,6,1,24,0,1
2_25,1,0,0,0,0,0,0,0,2_25_04_V02Y_0,Jhajjar,2018,2,4,3,9,4,30,0,1
2_25,1,0,0,0,0,0,0,0,2_25_04_V02Y_0,Jhajjar,2018,3,0,6,5,4,22,0,1
3_01,0,1,0,0,1,0,0,0,3_01_02_V03Y_0,Mewat,2017,1,0,4,1,0,6,0,0
3_01,0,1,0,0,1,0,0,0,3_01_02_V03Y_0,Mewat,2017,3,4,0,2,1,6,0,0
3_01,0,1,0,0,1,0,0,0,3_01_02_V03Y_0,Mewat,2017,5,2,2,1,1,7,0,0
3_01,0,1,0,0,1,0,0,0,3_01_02_V03Y_0,Mewat,2017,6,1,0,2,0,5,0,0
3_01,0,1,0,0,1,0,0,0,3_01_02_V03Y_0,Mewat,2017,7,0,1,2,5,12,0,0
3_01,0,1,0,0,1,0,0,0,3_01_02_V03Y_0,Mewat,2017,8,3,1,0,0,4,0,0
3_01,0,1,0,0,1,0,0,0,3_01_02_V03Y_0,Mewat,2017,9,3,2,2,1,11,0,0
3_01,0,1,0,0,1,0,0,0,3_01_02_V03Y_0,Mewat,2017,10,2,4,1,2,15,0,0
3_01,0,1,0,0,1,0,0,0,3_01_02_V03Y_0,Mewat,2017,11,7,4,3,2,15,0,0
3_01,0,1,0,0,1,0,0,0,3_01_02_V03Y_0,Mewat,2017,12,0,1,0,0,12,0,0
3_01,0,1,0,0,1,0,0,0,3_01_02_V03Y_0,Mewat,2018,1,0,3,1,0,7,0,0
3_01,0,1,0,0,1,0,0,0,3_01_02_V03Y_0,Mewat,2018,2,0,0,2,2,5,0,0
3_01,0,1,0,0,1,0,0,0,3_01_02_V03Y_0,Mewat,2018,3,0,0,0,0,1,0,0
3_01,0,1,0,0,1,0,0,0,3_01_04_V02Y_0,Mewat,2017,1,28,22,16,8,83,1,0
3_01,0,1,0,0,1,0,0,0,3_01_04_V02Y_0,Mewat,2017,2,44,36,13,6,107,1,0
3_01,0,1,0,0,1,0,0,0,3_01_04_V02Y_0,Mewat,2017,3,3,8,10,3,29,1,0
3_01,0,1,0,0,1,0,0,0,3_01_04_V02Y_0,Mewat,2017,4,10,17,7,3,45,1,0
3_01,0,1,0,0,1,0,0,0,3_01_04_V02Y_0,Mewat,2017,5,15,17,9,12,57,1,0
3_01,0,1,0,0,1,0,0,0,3_01_04_V02Y_0,Mewat,2017,6,5,4,5,4,23,1,0
3_01,0,1,0,0,1,0,0,0,3_01_04_V02Y_0,Mewat,2017,7,24,15,8,20,75,1,0
3_01,0,1,0,0,1,0,0,0,3_01_04_V02Y_0,Mewat,2017,8,24,22,16,12,90,1,0
3_01,0,1,0,0,1,0,0,0,3_01_04_V02Y_0,Mewat,2017,9,7,10,9,7,39,1,0
3_01,0,1,0,0,1,0,0,0,3_01_04_V02Y_0,Mewat,2017,10,33,16,26,28,108,1,0
3_01,0,1,0,0,1,0,0,0,3_01_04_V02Y_0,Mewat,2017,11,30,17,11,17,82,1,0
3_01,0,1,0,0,1,0,0,0,3_01_04_V02Y_0,Mewat,2017,12,31,30,24,18,113,1,0
3_01,0,1,0,0,1,0,0,0,3_01_04_V02Y_0,Mewat,2018,1,21,21,10,13,70,1,0
3_01,0,1,0,0,1,0,0,0,3_01_04_V02Y_0,Mewat,2018,2,16,14,17,10,64,1,0
3_01,0,1,0,0,1,0,0,0,3_01_04_V02Y_0,Mewat,2018,3,0,1,0,0,1,1,0
3_01,0,0,0,1,1,0,0,0,3_01_04_V03Y_0,Mewat,2017,2,8,4,1,1,15,1,0
3_01,0,0,0,1,1,0,0,0,3_01_04_V03Y_0,Mewat,2017,3,3,4,2,1,12,1,0
3_01,0,0,0,1,1,0,0,0,3_01_04_V03Y_0,Mewat,2017,4,2,3,0,2,6,1,0
3_01,0,0,0,1,1,0,0,0,3_01_04_V03Y_0,Mewat,2017,5,8,3,6,1,21,1,0
3_01,0,0,0,1,1,0,0,0,3_01_04_V03Y_0,Mewat,2017,6,0,0,0,0,1,1,0
3_01,0,0,0,1,1,0,0,0,3_01_04_V03Y_0,Mewat,2017,7,5,4,1,3,15,1,0
3_01,0,0,0,1,1,0,0,0,3_01_04_V03Y_0,Mewat,2017,8,4,3,2,1,11,1,0
3_01,0,0,0,1,1,0,0,0,3_01_04_V03Y_0,Mewat,2017,9,2,1,0,2,4,1,0
3_01,0,0,0,1,1,0,0,0,3_01_04_V03Y_0,Mewat,2017,10,13,11,5,11,34,1,0
3_01,0,0,0,1,1,0,0,0,3_01_04_V03Y_0,Mewat,2017,11,8,4,3,3,20,1,0
3_01,0,0,0,1,1,0,0,0,3_01_04_V03Y_0,Mewat,2017,12,8,11,10,5,31,1,0
3_01,0,0,0,1,1,0,0,0,3_01_04_V03Y_0,Mewat,2018,1,4,2,4,2,13,1,0
3_01,0,0,0,1,1,0,0,0,3_01_04_V03Y_0,Mewat,2018,2,1,1,0,1,4,1,0
3_01,0,0,0,1,1,0,0,0,3_01_04_V03Y_0,Mewat,2018,3,0,2,3,4,8,1,0
3_02,0,0,0,1,0,0,0,0,3_02_01_V14Y_0,Mewat,2017,1,10,6,9,4,30,0,1
3_02,0,0,0,1,0,0,0,0,3_02_01_V14Y_0,Mewat,2017,2,5,7,4,3,20,0,1
3_02,0,0,0,1,0,0,0,0,3_02_01_V14Y_0,Mewat,2017,4,5,4,4,5,18,0,1
3_02,0,0,0,1,0,0,0,0,3_02_01_V14Y_0,Mewat,2017,5,1,6,4,4,13,0,1
3_02,0,0,0,1,0,0,0,0,3_02_01_V14Y_0,Mewat,2017,6,2,2,3,2,10,0,1
3_02,0,0,0,1,0,0,0,0,3_02_01_V14Y_0,Mewat,2017,7,6,2,4,8,20,0,1
3_02,0,0,0,1,0,0,0,0,3_02_01_V14Y_0,Mewat,2017,8,3,6,5,7,25,0,1
3_02,0,0,0,1,0,0,0,0,3_02_01_V14Y_0,Mewat,2017,9,3,1,1,5,15,0,1
3_02,0,0,0,1,0,0,0,0,3_02_01_V14Y_0,Mewat,2017,10,11,3,5,6,31,0,1
3_02,0,0,0,1,0,0,0,0,3_02_01_V14Y_0,Mewat,2017,11,0,2,2,4,6,0,1
3_02,0,0,0,1,0,0,0,0,3_02_01_V14Y_0,Mewat,2017,12,6,8,3,1,25,0,1
3_02,0,0,0,1,0,0,0,0,3_02_01_V14Y_0,Mewat,2018,1,3,6,5,1,20,0,1
3_02,0,0,0,1,0,0,0,0,3_02_01_V14Y_0,Mewat,2018,2,6,5,7,5,31,0,1
3_02,0,0,1,0,0,0,0,0,3_02_02_V01Y_0,Mewat,2017,1,11,5,7,4,29,0,0
3_02,0,0,1,0,0,0,0,0,3_02_02_V01Y_0,Mewat,2017,2,12,12,7,3,44,0,0
3_02,0,0,1,0,0,0,0,0,3_02_02_V01Y_0,Mewat,2017,3,12,4,7,3,29,0,0
3_02,0,0,1,0,0,0,0,0,3_02_02_V01Y_0,Mewat,2017,4,10,11,1,1,28,0,0
3_02,0,0,1,0,0,0,0,0,3_02_02_V01Y_0,Mewat,2017,5,16,12,9,11,47,0,0
3_02,0,0,1,0,0,0,0,0,3_02_02_V01Y_0,Mewat,2017,6,4,5,11,7,26,0,0
3_02,0,0,1,0,0,0,0,0,3_02_02_V01Y_0,Mewat,2017,7,7,6,7,3,28,0,0
3_02,0,0,1,0,0,0,0,0,3_02_02_V01Y_0,Mewat,2017,8,13,11,6,11,45,0,0
3_02,0,0,1,0,0,0,0,0,3_02_02_V01Y_0,Mewat,2017,9,6,9,8,5,34,0,0
3_02,0,0,1,0,0,0,0,0,3_02_02_V01Y_0,Mewat,2017,10,34,17,10,19,89,0,0
3_02,0,0,1,0,0,0,0,0,3_02_02_V01Y_0,Mewat,2017,11,25,21,12,13,74,0,0
3_02,0,0,1,0,0,0,0,0,3_02_02_V01Y_0,Mewat,2017,12,16,20,8,6,59,0,0
3_02,0,0,1,0,0,0,0,0,3_02_02_V01Y_0,Mewat,2018,1,13,15,18,9,63,0,0
3_02,0,0,1,0,0,0,0,0,3_02_02_V01Y_0,Mewat,2018,2,11,14,9,6,43,0,0
3_02,0,0,1,0,0,0,0,0,3_02_02_V01Y_0,Mewat,2018,3,4,4,9,2,24,0,0
3_02,0,0,1,0,0,0,0,0,3_02_06_V04Y_0,Mewat,2017,2,2,2,2,2,9,0,1
3_02,0,0,1,0,0,0,0,0,3_02_06_V04Y_0,Mewat,2017,4,2,1,0,1,6,0,1
3_02,0,0,1,0,0,0,0,0,3_02_06_V04Y_0,Mewat,2017,5,6,3,3,1,15,0,1
3_02,0,0,1,0,0,0,0,0,3_02_06_V04Y_0,Mewat,2017,6,2,1,0,1,5,0,1
3_02,0,0,1,0,0,0,0,0,3_02_06_V04Y_0,Mewat,2017,7,3,4,2,0,10,0,1
3_02,0,0,1,0,0,0,0,0,3_02_06_V04Y_0,Mewat,2017,8,2,0,2,0,6,0,1
3_02,0,0,1,0,0,0,0,0,3_02_06_V04Y_0,Mewat,2017,9,3,0,0,1,7,0,1
3_02,0,0,1,0,0,0,0,0,3_02_06_V04Y_0,Mewat,2017,12,5,0,1,0,10,0,1
3_02,0,0,1,0,0,0,0,0,3_02_06_V04Y_0,Mewat,2018,1,10,5,1,5,20,0,1
3_02,0,0,1,0,0,0,0,0,3_02_06_V04Y_0,Mewat,2018,2,5,5,2,1,11,0,1
3_02,0,0,0,1,0,0,0,0,3_02_06_V06Y_0,Mewat,2017,1,10,9,9,4,38,0,1
3_02,0,0,0,1,0,0,0,0,3_02_06_V06Y_0,Mewat,2017,2,15,14,7,4,40,0,1
3_02,0,0,0,1,0,0,0,0,3_02_06_V06Y_0,Mewat,2017,3,5,8,7,0,22,0,1
3_02,0,0,0,1,0,0,0,0,3_02_06_V06Y_0,Mewat,2017,4,7,5,4,9,28,0,1
3_02,0,0,0,1,0,0,0,0,3_02_06_V06Y_0,Mewat,2017,5,15,15,10,25,66,0,1
3_02,0,0,0,1,0,0,0,0,3_02_06_V06Y_0,Mewat,2017,6,3,2,7,8,22,0,1
3_02,0,0,0,1,0,0,0,0,3_02_06_V06Y_0,Mewat,2017,7,12,8,6,4,36,0,1
3_02,0,0,0,1,0,0,0,0,3_02_06_V06Y_0,Mewat,2017,8,5,9,6,5,37,0,1
3_02,0,0,0,1,0,0,0,0,3_02_06_V06Y_0,Mewat,2017,9,10,1,4,6,26,0,1
3_02,0,0,0,1,0,0,0,0,3_02_06_V06Y_0,Mewat,2017,12,31,5,7,13,67,0,1
3_02,0,0,0,1,0,0,0,0,3_02_06_V06Y_0,Mewat,2018,1,23,21,7,12,79,0,1
3_02,0,0,0,1,0,0,0,0,3_02_06_V06Y_0,Mewat,2018,2,7,11,11,12,46,0,1
3_02,0,0,0,1,0,0,0,0,3_02_06_V06Y_0,Mewat,2018,3,0,3,2,1,6,0,1
3_02,0,1,0,0,0,0,0,0,3_02_07_V10Y_0,Mewat,2017,2,8,5,24,4,53,1,0
3_02,0,1,0,0,0,0,0,0,3_02_07_V10Y_0,Mewat,2017,3,6,1,4,5,18,1,0
3_02,0,1,0,0,0,0,0,0,3_02_07_V10Y_0,Mewat,2017,4,10,10,3,4,28,1,0
3_02,0,1,0,0,0,0,0,0,3_02_07_V10Y_0,Mewat,2017,5,11,9,13,13,44,1,0
3_02,0,1,0,0,0,0,0,0,3_02_07_V10Y_0,Mewat,2017,6,3,6,9,14,35,1,0
3_02,0,1,0,0,0,0,0,0,3_02_07_V10Y_0,Mewat,2017,7,6,7,6,15,37,1,0
3_02,0,1,0,0,0,0,0,0,3_02_07_V10Y_0,Mewat,2017,8,7,4,10,5,35,1,0
3_02,0,1,0,0,0,0,0,0,3_02_07_V10Y_0,Mewat,2017,9,8,2,3,5,24,1,0
3_02,0,1,0,0,0,0,0,0,3_02_07_V10Y_0,Mewat,2017,10,20,18,13,10,59,1,0
3_02,0,1,0,0,0,0,0,0,3_02_07_V10Y_0,Mewat,2017,11,4,13,4,7,35,1,0
3_02,0,1,0,0,0,0,0,0,3_02_07_V10Y_0,Mewat,2017,12,6,5,10,1,32,1,0
3_02,0,1,0,0,0,0,0,0,3_02_07_V10Y_0,Mewat,2018,1,11,9,8,8,64,1,0
3_02,0,1,0,0,0,0,0,0,3_02_07_V10Y_0,Mewat,2018,2,9,5,4,2,29,1,0
3_02,0,1,0,0,0,0,0,0,3_02_07_V10Y_0,Mewat,2018,3,5,4,8,2,26,1,0
3_02,1,0,0,0,0,0,0,0,3_02_08_V02Y_0,Mewat,2017,1,22,30,12,11,87,1,0
3_02,1,0,0,0,0,0,0,0,3_02_08_V02Y_0,Mewat,2017,2,31,25,32,21,113,1,0
3_02,1,0,0,0,0,0,0,0,3_02_08_V02Y_0,Mewat,2017,3,15,12,15,16,56,1,0
3_02,1,0,0,0,0,0,0,0,3_02_08_V02Y_0,Mewat,2017,4,28,20,21,13,81,1,0
3_02,1,0,0,0,0,0,0,0,3_02_08_V02Y_0,Mewat,2017,5,50,42,31,31,159,1,0
3_02,1,0,0,0,0,0,0,0,3_02_08_V02Y_0,Mewat,2017,6,14,20,25,21,91,1,0
3_02,1,0,0,0,0,0,0,0,3_02_08_V02Y_0,Mewat,2017,7,47,41,35,29,160,1,0
3_02,1,0,0,0,0,0,0,0,3_02_08_V02Y_0,Mewat,2017,8,34,32,35,23,132,1,0
3_02,1,0,0,0,0,0,0,0,3_02_08_V02Y_0,Mewat,2017,9,36,28,22,28,127,1,0
3_02,1,0,0,0,0,0,0,0,3_02_08_V02Y_0,Mewat,2017,10,68,42,39,43,240,1,0
3_02,1,0,0,0,0,0,0,0,3_02_08_V02Y_0,Mewat,2017,11,32,50,30,33,162,1,0
3_02,1,0,0,0,0,0,0,0,3_02_08_V02Y_0,Mewat,2017,12,46,38,36,24,179,1,0
3_02,1,0,0,0,0,0,0,0,3_02_08_V02Y_0,Mewat,2018,1,36,18,22,14,115,1,0
3_02,1,0,0,0,0,0,0,0,3_02_08_V02Y_0,Mewat,2018,2,40,51,27,23,172,1,0
3_02,1,0,0,0,0,0,0,0,3_02_08_V02Y_0,Mewat,2018,3,3,2,1,1,8,1,0
3_03,0,1,0,0,0,0,1,0,3_03_05_V02Y_0,Mewat,2017,1,3,2,3,2,12,1,0
3_03,0,1,0,0,0,0,1,0,3_03_05_V02Y_0,Mewat,2017,2,3,3,3,2,12,1,0
3_03,0,1,0,0,0,0,1,0,3_03_05_V02Y_0,Mewat,2017,3,2,1,5,3,10,1,0
3_03,0,1,0,0,0,0,1,0,3_03_05_V02Y_0,Mewat,2017,4,1,2,1,2,6,1,0
3_03,0,1,0,0,0,0,1,0,3_03_05_V02Y_0,Mewat,2017,5,3,3,4,3,13,1,0
3_03,0,1,0,0,0,0,1,0,3_03_05_V02Y_0,Mewat,2017,6,0,2,4,4,11,1,0
3_03,0,1,0,0,0,0,1,0,3_03_05_V02Y_0,Mewat,2017,7,1,2,0,2,9,1,0
3_03,0,1,0,0,0,0,1,0,3_03_05_V02Y_0,Mewat,2017,8,2,1,1,3,12,1,0
3_03,0,1,0,0,0,0,1,0,3_03_05_V02Y_0,Mewat,2017,9,7,1,3,2,16,1,0
3_03,0,1,0,0,0,0,1,0,3_03_05_V02Y_0,Mewat,2017,10,2,4,1,1,15,1,0
3_03,0,1,0,0,0,0,1,0,3_03_05_V02Y_0,Mewat,2017,11,6,7,5,5,27,1,0
3_03,0,1,0,0,0,0,1,0,3_03_05_V02Y_0,Mewat,2017,12,3,3,6,1,18,1,0
3_03,0,1,0,0,0,0,1,0,3_03_05_V02Y_0,Mewat,2018,1,5,2,6,0,15,1,0
3_03,0,1,0,0,0,0,1,0,3_03_05_V02Y_0,Mewat,2018,2,3,4,2,2,14,1,0
3_03,0,1,0,0,0,0,1,0,3_03_05_V02Y_0,Mewat,2018,3,1,0,1,1,4,1,0
3_03,0,0,1,0,0,0,1,0,3_03_05_V05Y_0,Mewat,2017,1,6,0,2,2,11,1,0
3_03,0,0,1,0,0,0,1,0,3_03_05_V05Y_0,Mewat,2017,2,0,3,2,4,10,1,0
3_03,0,0,1,0,0,0,1,0,3_03_05_V05Y_0,Mewat,2017,3,2,4,0,3,11,1,0
3_03,0,0,1,0,0,0,1,0,3_03_05_V05Y_0,Mewat,2017,4,5,3,1,2,13,1,0
3_03,0,0,1,0,0,0,1,0,3_03_05_V05Y_0,Mewat,2017,5,3,5,4,6,20,1,0
3_03,0,0,1,0,0,0,1,0,3_03_05_V05Y_0,Mewat,2017,6,0,3,7,1,11,1,0
3_03,0,0,1,0,0,0,1,0,3_03_05_V05Y_0,Mewat,2017,7,3,2,3,2,11,1,0
3_03,0,0,1,0,0,0,1,0,3_03_05_V05Y_0,Mewat,2017,8,1,3,0,1,7,1,0
3_03,0,0,1,0,0,0,1,0,3_03_05_V05Y_0,Mewat,2017,9,1,1,2,3,12,1,0
3_03,0,0,1,0,0,0,1,0,3_03_05_V05Y_0,Mewat,2017,10,5,1,3,3,13,1,0
3_03,0,0,1,0,0,0,1,0,3_03_05_V05Y_0,Mewat,2017,11,3,2,1,4,14,1,0
3_03,0,0,1,0,0,0,1,0,3_03_05_V05Y_0,Mewat,2017,12,1,4,3,3,12,1,0
3_03,0,0,1,0,0,0,1,0,3_03_05_V05Y_0,Mewat,2018,1,1,1,0,2,5,1,0
3_03,0,0,1,0,0,0,1,0,3_03_05_V05Y_0,Mewat,2018,2,4,3,2,2,13,1,0
3_04,0,0,0,1,0,0,0,0,3_04_04_V01Y_0,Mewat,2017,2,3,3,0,2,9,0,1
3_04,0,0,0,1,0,0,0,0,3_04_04_V01Y_0,Mewat,2017,4,0,1,3,0,4,0,1
3_04,0,0,0,1,0,0,0,0,3_04_04_V01Y_0,Mewat,2017,6,0,1,1,3,5,0,1
3_04,0,0,0,1,0,0,0,0,3_04_04_V01Y_0,Mewat,2017,8,0,0,1,0,2,0,1
3_04,0,0,0,1,0,0,0,0,3_04_04_V01Y_0,Mewat,2017,10,0,1,0,2,4,0,1
3_04,0,1,0,0,0,0,0,0,3_04_04_V02Y_0,Mewat,2017,1,4,0,1,1,6,0,1
3_04,0,1,0,0,0,0,0,0,3_04_04_V02Y_0,Mewat,2017,2,4,2,3,0,9,0,1
3_04,0,1,0,0,0,0,0,0,3_04_04_V02Y_0,Mewat,2017,3,2,1,0,1,4,0,1
3_04,0,1,0,0,0,0,0,0,3_04_04_V02Y_0,Mewat,2017,4,0,1,0,2,3,0,1
3_04,0,1,0,0,0,0,0,0,3_04_04_V02Y_0,Mewat,2017,5,0,1,0,1,2,0,1
3_04,0,1,0,0,0,0,0,0,3_04_04_V02Y_0,Mewat,2017,6,1,0,1,2,4,0,1
3_04,0,1,0,0,0,0,0,0,3_04_04_V02Y_0,Mewat,2017,7,2,0,0,1,3,0,1
3_04,0,1,0,0,0,0,0,0,3_04_04_V02Y_0,Mewat,2017,8,3,1,2,2,12,0,1
3_04,0,1,0,0,0,0,0,0,3_04_04_V02Y_0,Mewat,2017,9,1,1,1,0,3,0,1
3_04,0,1,0,0,0,0,0,0,3_04_04_V02Y_0,Mewat,2017,10,2,0,0,1,3,0,1
3_05,0,0,0,1,0,0,0,0,3_05_03_V05Y_0,Mewat,2017,1,4,6,1,1,16,1,0
3_05,0,0,0,1,0,0,0,0,3_05_03_V05Y_0,Mewat,2017,2,14,9,9,0,49,1,0
3_05,0,0,0,1,0,0,0,0,3_05_03_V05Y_0,Mewat,2017,3,5,3,1,0,11,1,0
3_05,0,0,0,1,0,0,0,0,3_05_03_V05Y_0,Mewat,2017,4,8,0,1,0,12,1,0
3_05,0,0,0,1,0,0,0,0,3_05_03_V05Y_0,Mewat,2017,5,14,12,8,7,42,1,0
3_05,0,0,0,1,0,0,0,0,3_05_03_V05Y_0,Mewat,2017,6,8,3,1,2,16,1,0
3_05,0,0,0,1,0,0,0,0,3_05_03_V05Y_0,Mewat,2017,7,7,10,6,11,55,1,0
3_05,0,0,0,1,0,0,0,0,3_05_03_V05Y_0,Mewat,2017,8,21,9,9,5,62,1,0
3_05,0,0,0,1,0,0,0,0,3_05_03_V05Y_0,Mewat,2017,9,5,3,3,0,30,1,0
3_05,0,0,0,1,0,0,0,0,3_05_03_V05Y_0,Mewat,2017,10,9,9,3,7,31,1,0
3_05,0,0,0,1,0,0,0,0,3_05_03_V05Y_0,Mewat,2017,11,34,13,14,18,92,1,0
3_05,0,0,0,1,0,0,0,0,3_05_03_V05Y_0,Mewat,2017,12,18,20,8,5,57,1,0
3_05,0,0,0,1,0,0,0,0,3_05_03_V05Y_0,Mewat,2018,1,4,10,3,6,34,1,0
3_05,0,0,0,1,0,0,0,0,3_05_03_V05Y_0,Mewat,2018,2,12,8,10,4,47,1,0
3_05,0,0,0,1,0,0,0,0,3_05_03_V05Y_0,Mewat,2018,3,1,1,5,2,11,1,0
3_05,0,0,1,0,0,0,0,0,3_05_04_V03Y_0,Mewat,2017,1,2,3,3,1,12,0,1
3_05,0,0,1,0,0,0,0,0,3_05_04_V03Y_0,Mewat,2017,2,2,0,2,0,5,0,1
3_05,0,0,1,0,0,0,0,0,3_05_04_V03Y_0,Mewat,2017,3,1,0,0,0,6,0,1
3_05,0,0,1,0,0,0,0,0,3_05_04_V03Y_0,Mewat,2017,4,1,2,0,1,4,0,1
3_05,0,0,1,0,0,0,0,0,3_05_04_V03Y_0,Mewat,2017,5,3,3,2,2,9,0,1
3_05,0,0,1,0,0,0,0,0,3_05_04_V03Y_0,Mewat,2017,6,0,0,0,0,1,0,1
3_05,0,0,1,0,0,0,0,0,3_05_04_V03Y_0,Mewat,2017,7,6,1,0,5,11,0,1
3_05,0,0,1,0,0,0,0,0,3_05_04_V03Y_0,Mewat,2017,8,0,2,0,1,4,0,1
3_05,0,0,1,0,0,0,0,0,3_05_04_V03Y_0,Mewat,2017,10,0,2,1,2,8,0,1
3_05,0,0,1,0,0,0,0,0,3_05_04_V03Y_0,Mewat,2017,11,0,2,0,0,3,0,1
3_05,0,0,1,0,0,0,0,0,3_05_04_V03Y_0,Mewat,2017,12,1,0,1,0,4,0,1
3_05,0,0,1,0,0,0,0,0,3_05_04_V03Y_0,Mewat,2018,1,1,1,0,0,7,0,1
3_05,0,0,0,1,0,0,0,0,3_05_04_V06Y_0,Mewat,2017,1,7,3,1,2,12,0,1
3_05,0,0,0,1,0,0,0,0,3_05_04_V06Y_0,Mewat,2017,2,12,9,4,1,26,0,1
3_05,0,0,0,1,0,0,0,0,3_05_04_V06Y_0,Mewat,2017,3,1,0,0,1,2,0,1
3_05,0,0,0,1,0,0,0,0,3_05_04_V06Y_0,Mewat,2017,4,3,1,0,0,7,0,1
3_05,0,0,0,1,0,0,0,0,3_05_04_V06Y_0,Mewat,2017,5,8,9,8,5,29,0,1
3_05,0,0,0,1,0,0,0,0,3_05_04_V06Y_0,Mewat,2017,6,4,7,1,0,17,0,1
3_05,0,0,0,1,0,0,0,0,3_05_04_V06Y_0,Mewat,2017,7,16,3,6,4,33,0,1
3_05,0,0,0,1,0,0,0,0,3_05_04_V06Y_0,Mewat,2017,8,11,6,4,5,26,0,1
3_05,0,0,0,1,0,0,0,0,3_05_04_V06Y_0,Mewat,2017,9,6,6,3,6,24,0,1
3_05,0,0,0,1,0,0,0,0,3_05_04_V06Y_0,Mewat,2017,10,24,12,6,14,54,0,1
3_05,0,0,0,1,0,0,0,0,3_05_04_V06Y_0,Mewat,2017,11,7,13,2,6,32,0,1
3_05,0,0,0,1,0,0,0,0,3_05_04_V06Y_0,Mewat,2017,12,8,2,5,1,16,0,1
3_05,0,0,0,1,0,0,0,0,3_05_04_V06Y_0,Mewat,2018,1,8,4,4,0,19,0,1
3_06,0,0,0,1,0,0,1,0,3_06_01_V03Y_0,Mewat,2017,1,27,18,4,3,52,0,0
3_06,0,0,0,1,0,0,1,0,3_06_01_V03Y_0,Mewat,2017,2,19,6,3,3,31,0,0
3_06,0,0,0,1,0,0,1,0,3_06_01_V03Y_0,Mewat,2017,3,2,2,0,1,4,0,0
3_06,0,0,0,1,0,0,1,0,3_06_01_V03Y_0,Mewat,2017,4,4,1,2,1,8,0,0
3_06,0,0,0,1,0,0,1,0,3_06_01_V03Y_0,Mewat,2017,5,17,15,2,6,41,0,0
3_06,0,0,0,1,0,0,1,0,3_06_01_V03Y_0,Mewat,2017,6,6,3,2,2,17,0,0
3_06,0,0,0,1,0,0,1,0,3_06_01_V03Y_0,Mewat,2017,7,17,10,7,9,39,0,0
3_06,0,0,0,1,0,0,1,0,3_06_01_V03Y_0,Mewat,2017,8,18,8,7,10,37,0,0
3_06,0,0,0,1,0,0,1,0,3_06_01_V03Y_0,Mewat,2017,9,7,4,2,1,14,0,0
3_06,0,0,0,1,0,0,1,0,3_06_01_V03Y_0,Mewat,2017,10,36,28,3,18,84,0,0
3_06,0,0,0,1,0,0,1,0,3_06_01_V03Y_0,Mewat,2017,11,18,17,6,4,54,0,0
3_06,0,0,0,1,0,0,1,0,3_06_01_V03Y_0,Mewat,2017,12,8,7,7,4,24,0,0
3_06,0,0,0,1,0,0,1,0,3_06_01_V03Y_0,Mewat,2018,1,14,17,12,4,52,0,0
3_06,0,0,0,1,0,0,1,0,3_06_01_V03Y_0,Mewat,2018,2,8,5,4,1,23,0,0
3_06,0,0,0,1,0,0,1,0,3_06_01_V03Y_0,Mewat,2018,3,5,3,2,1,12,0,0
3_06,1,0,0,0,0,0,1,0,3_06_01_V04Y_0,Mewat,2017,2,16,5,2,5,26,0,0
3_06,1,0,0,0,0,0,1,0,3_06_01_V04Y_0,Mewat,2017,3,1,0,0,0,2,0,0
3_06,1,0,0,0,0,0,1,0,3_06_01_V04Y_0,Mewat,2017,4,1,2,0,1,5,0,0
3_06,1,0,0,0,0,0,1,0,3_06_01_V04Y_0,Mewat,2017,5,3,1,2,1,7,0,0
3_06,1,0,0,0,0,0,1,0,3_06_01_V04Y_0,Mewat,2017,6,1,0,0,0,2,0,0
3_06,1,0,0,0,0,0,1,0,3_06_01_V04Y_0,Mewat,2017,7,4,1,1,2,11,0,0
3_06,1,0,0,0,0,0,1,0,3_06_01_V04Y_0,Mewat,2017,8,2,2,2,3,8,0,0
3_06,1,0,0,0,0,0,1,0,3_06_01_V04Y_0,Mewat,2017,9,1,1,0,0,4,0,0
3_06,1,0,0,0,0,0,1,0,3_06_01_V04Y_0,Mewat,2017,10,6,1,3,5,15,0,0
3_06,1,0,0,0,0,0,1,0,3_06_01_V04Y_0,Mewat,2017,11,6,6,1,2,15,0,0
3_06,1,0,0,0,0,0,1,0,3_06_01_V04Y_0,Mewat,2017,12,9,7,3,2,26,0,0
3_06,1,0,0,0,0,0,1,0,3_06_01_V04Y_0,Mewat,2018,1,3,3,1,0,7,0,0
3_06,1,0,0,0,0,0,1,0,3_06_01_V04Y_0,Mewat,2018,2,3,3,3,2,10,0,0
3_06,0,0,0,1,0,0,0,1,3_06_03_V04Y_0,Mewat,2017,1,5,3,4,0,14,0,0
3_06,0,0,0,1,0,0,0,1,3_06_03_V04Y_0,Mewat,2017,2,1,0,0,0,2,0,0
3_06,0,0,0,1,0,0,0,1,3_06_03_V04Y_0,Mewat,2017,4,2,1,2,2,7,0,0
3_06,0,0,0,1,0,0,0,1,3_06_03_V04Y_0,Mewat,2017,5,2,2,1,1,6,0,0
3_06,0,0,0,1,0,0,0,1,3_06_03_V04Y_0,Mewat,2017,6,0,2,0,0,2,0,0
3_06,0,0,0,1,0,0,0,1,3_06_03_V04Y_0,Mewat,2017,7,3,1,1,2,7,0,0
3_06,0,0,0,1,0,0,0,1,3_06_03_V04Y_0,Mewat,2017,8,0,2,1,0,4,0,0
3_06,0,0,0,1,0,0,0,1,3_06_03_V04Y_0,Mewat,2017,9,1,1,0,0,2,0,0
3_06,0,0,0,1,0,0,0,1,3_06_03_V04Y_0,Mewat,2017,10,7,2,1,5,14,0,0
3_06,0,0,0,1,0,0,0,1,3_06_03_V04Y_0,Mewat,2017,11,2,1,2,2,8,0,0
3_06,0,0,0,1,0,0,0,1,3_06_03_V04Y_0,Mewat,2017,12,2,1,2,2,8,0,0
3_06,0,0,0,1,0,0,0,1,3_06_03_V04Y_0,Mewat,2018,1,0,2,0,1,4,0,0
3_06,0,0,0,1,0,0,0,1,3_06_03_V04Y_0,Mewat,2018,2,3,0,2,3,7,0,0
3_06,0,0,1,0,1,0,0,0,3_06_04_V03Y_0,Mewat,2017,1,4,6,0,2,10,0,0
3_06,0,0,1,0,1,0,0,0,3_06_04_V03Y_0,Mewat,2017,2,3,6,3,0,13,0,0
3_06,0,0,1,0,1,0,0,0,3_06_04_V03Y_0,Mewat,2017,5,3,1,1,0,8,0,0
3_06,0,0,1,0,1,0,0,0,3_06_04_V03Y_0,Mewat,2017,7,1,2,1,0,4,0,0
3_06,0,0,1,0,1,0,0,0,3_06_04_V03Y_0,Mewat,2017,8,2,0,0,2,3,0,0
3_06,0,0,1,0,1,0,0,0,3_06_04_V03Y_0,Mewat,2017,9,0,0,0,0,1,0,0
3_06,0,0,1,0,1,0,0,0,3_06_04_V03Y_0,Mewat,2017,10,2,1,0,0,6,0,0
3_06,0,0,1,0,1,0,0,0,3_06_04_V03Y_0,Mewat,2017,11,0,0,0,0,3,0,0
3_06,0,0,1,0,1,0,0,0,3_06_04_V03Y_0,Mewat,2017,12,4,0,1,1,8,0,0
3_06,0,0,1,0,1,0,0,0,3_06_04_V03Y_0,Mewat,2018,1,1,1,0,0,3,0,0
3_06,1,0,0,0,1,0,0,0,3_06_04_V11Y_0,Mewat,2017,1,2,3,0,0,5,0,0
3_06,1,0,0,0,1,0,0,0,3_06_04_V11Y_0,Mewat,2017,2,1,0,1,0,2,0,0
3_06,1,0,0,0,1,0,0,0,3_06_04_V11Y_0,Mewat,2017,5,2,0,0,0,2,0,0
3_06,1,0,0,0,1,0,0,0,3_06_04_V11Y_0,Mewat,2017,7,2,1,0,0,3,0,0
3_06,1,0,0,0,1,0,0,0,3_06_04_V11Y_0,Mewat,2017,8,0,2,1,1,4,0,0
3_06,1,0,0,0,1,0,0,0,3_06_04_V11Y_0,Mewat,2017,9,3,1,2,0,6,0,0
3_06,1,0,0,0,1,0,0,0,3_06_04_V11Y_0,Mewat,2017,10,5,3,0,1,10,0,0
3_06,1,0,0,0,1,0,0,0,3_06_04_V11Y_0,Mewat,2017,11,2,1,0,0,3,0,0
3_06,1,0,0,0,1,0,0,0,3_06_04_V11Y_0,Mewat,2017,12,2,0,1,0,3,0,0
3_06,1,0,0,0,1,0,0,0,3_06_04_V11Y_0,Mewat,2018,1,3,2,0,0,6,0,0
3_06,1,0,0,0,1,0,0,0,3_06_04_V11Y_0,Mewat,2018,2,2,4,3,2,11,0,0
3_06,0,1,0,0,0,0,1,0,3_06_06_V06Y_0,Mewat,2017,1,0,0,1,0,2,0,1
3_06,0,1,0,0,0,0,1,0,3_06_06_V06Y_0,Mewat,2017,2,10,15,10,6,37,0,1
3_06,0,1,0,0,0,0,1,0,3_06_06_V06Y_0,Mewat,2017,3,2,4,2,3,11,0,1
3_06,0,1,0,0,0,0,1,0,3_06_06_V06Y_0,Mewat,2017,4,7,1,2,1,11,0,1
3_06,0,1,0,0,0,0,1,0,3_06_06_V06Y_0,Mewat,2017,5,7,7,4,7,27,0,1
3_06,0,1,0,0,0,0,1,0,3_06_06_V06Y_0,Mewat,2017,6,4,2,5,1,14,0,1
3_06,0,1,0,0,0,0,1,0,3_06_06_V06Y_0,Mewat,2017,7,5,8,8,12,28,0,1
3_06,0,1,0,0,0,0,1,0,3_06_06_V06Y_0,Mewat,2017,8,4,7,8,6,25,0,1
3_06,0,1,0,0,0,0,1,0,3_06_06_V06Y_0,Mewat,2017,9,5,3,3,1,18,0,1
3_06,0,1,0,0,0,0,1,0,3_06_06_V06Y_0,Mewat,2017,10,16,8,11,15,51,0,1
3_06,0,1,0,0,0,0,1,0,3_06_06_V06Y_0,Mewat,2017,11,10,15,8,9,41,0,1
3_06,0,1,0,0,0,0,1,0,3_06_06_V06Y_0,Mewat,2017,12,5,5,8,1,22,0,1
3_06,0,1,0,0,0,0,1,0,3_06_06_V06Y_0,Mewat,2018,1,2,9,5,3,22,0,1
3_06,0,1,0,0,0,0,1,0,3_06_06_V06Y_0,Mewat,2018,2,2,4,5,3,14,0,1
3_06,0,1,0,0,0,0,1,0,3_06_06_V06Y_0,Mewat,2018,3,3,2,6,2,14,0,1
3_07,1,0,0,0,1,0,0,0,3_07_05_V01Y_0,Mewat,2017,2,2,2,2,0,7,0,1
3_07,1,0,0,0,1,0,0,0,3_07_05_V01Y_0,Mewat,2017,3,2,3,2,6,13,0,1
3_07,1,0,0,0,1,0,0,0,3_07_05_V01Y_0,Mewat,2017,4,1,1,0,0,3,0,1
3_07,1,0,0,0,1,0,0,0,3_07_05_V01Y_0,Mewat,2017,5,3,5,3,10,21,0,1
3_07,1,0,0,0,1,0,0,0,3_07_05_V01Y_0,Mewat,2017,6,12,9,8,9,47,0,1
3_07,1,0,0,0,1,0,0,0,3_07_05_V01Y_0,Mewat,2017,7,24,9,12,23,72,0,1
3_07,1,0,0,0,1,0,0,0,3_07_05_V01Y_0,Mewat,2017,8,22,15,4,10,68,0,1
3_07,1,0,0,0,1,0,0,0,3_07_05_V01Y_0,Mewat,2017,9,12,5,4,12,48,0,1
3_07,1,0,0,0,1,0,0,0,3_07_05_V01Y_0,Mewat,2017,10,51,16,6,21,97,0,1
3_07,1,0,0,0,1,0,0,0,3_07_05_V01Y_0,Mewat,2017,11,36,9,7,8,79,0,1
3_07,1,0,0,0,1,0,0,0,3_07_05_V01Y_0,Mewat,2017,12,25,17,5,4,62,0,1
3_07,1,0,0,0,1,0,0,0,3_07_05_V01Y_0,Mewat,2018,1,20,14,12,10,68,0,1
3_07,1,0,0,0,1,0,0,0,3_07_05_V01Y_0,Mewat,2018,2,11,9,8,5,42,0,1
3_07,1,0,0,0,1,0,0,0,3_07_05_V01Y_0,Mewat,2018,3,5,0,0,0,7,0,1
3_07,0,0,1,0,0,0,1,0,3_07_06_V05Y_0,Mewat,2017,3,1,2,1,0,3,0,1
3_07,0,0,1,0,0,0,1,0,3_07_06_V05Y_0,Mewat,2017,5,2,4,1,6,13,0,1
3_07,0,0,1,0,0,0,1,0,3_07_06_V05Y_0,Mewat,2017,7,4,1,3,4,13,0,1
3_07,0,0,1,0,0,0,1,0,3_07_06_V05Y_0,Mewat,2017,8,6,0,0,0,8,0,1
3_07,0,0,1,0,0,0,1,0,3_07_06_V05Y_0,Mewat,2017,11,0,0,0,0,2,0,1
3_07,0,0,1,0,0,0,1,0,3_07_06_V05Y_0,Mewat,2017,12,3,0,0,0,4,0,1
3_07,0,0,1,0,0,0,1,0,3_07_06_V05Y_0,Mewat,2018,1,2,2,0,0,8,0,1
3_07,0,0,0,1,0,1,0,0,3_07_08_V04Y_0,Mewat,2017,5,11,17,3,7,34,0,1
3_07,0,0,0,1,0,1,0,0,3_07_08_V04Y_0,Mewat,2017,7,7,2,5,7,17,0,1
3_07,0,0,0,1,0,1,0,0,3_07_08_V04Y_0,Mewat,2017,8,,,,,1,0,1
3_07,0,0,0,1,0,1,0,0,3_07_08_V04Y_0,Mewat,2017,10,,,,,1,0,1
3_08,0,0,1,0,0,0,1,0,3_08_01_V03Y_0,Mewat,2017,1,0,1,0,0,1,0,0
3_08,0,0,1,0,0,0,1,0,3_08_01_V03Y_0,Mewat,2017,2,4,1,2,1,7,0,0
3_08,0,0,1,0,0,0,1,0,3_08_01_V03Y_0,Mewat,2017,4,2,0,0,0,5,0,0
3_08,1,0,0,0,0,1,0,0,3_08_03_V02Y_0,Mewat,2017,2,2,0,0,1,4,0,0
3_08,1,0,0,0,0,1,0,0,3_08_03_V02Y_0,Mewat,2017,3,0,0,0,0,1,0,0
3_08,1,0,0,0,0,1,0,0,3_08_03_V02Y_0,Mewat,2017,4,1,1,0,0,5,0,0
3_08,1,0,0,0,0,1,0,0,3_08_03_V02Y_0,Mewat,2017,5,0,3,0,0,3,0,0
3_08,1,0,0,0,0,1,0,0,3_08_03_V02Y_0,Mewat,2017,6,2,0,3,0,5,0,0
3_08,1,0,0,0,0,1,0,0,3_08_03_V02Y_0,Mewat,2017,8,1,0,0,0,3,0,0
3_08,1,0,0,0,0,1,0,0,3_08_03_V02Y_0,Mewat,2017,10,1,1,0,1,2,0,0
3_08,1,0,0,0,0,1,0,0,3_08_03_V02Y_0,Mewat,2017,11,1,1,0,0,6,0,0
3_08,1,0,0,0,0,1,0,0,3_08_04_V04Y_0,Mewat,2017,1,9,2,3,0,15,0,0
3_08,1,0,0,0,0,1,0,0,3_08_04_V04Y_0,Mewat,2017,2,2,0,2,0,5,0,0
3_08,1,0,0,0,0,1,0,0,3_08_04_V04Y_0,Mewat,2017,5,2,0,1,0,5,0,0
3_08,1,0,0,0,0,1,0,0,3_08_04_V04Y_0,Mewat,2017,6,1,1,0,0,2,0,0
3_08,1,0,0,0,0,1,0,0,3_08_04_V04Y_0,Mewat,2017,7,3,3,1,0,7,0,0
3_08,1,0,0,0,0,1,0,0,3_08_04_V04Y_0,Mewat,2017,8,0,1,0,0,1,0,0
3_08,1,0,0,0,0,1,0,0,3_08_04_V04Y_0,Mewat,2017,9,10,2,1,0,17,0,0
3_08,1,0,0,0,0,1,0,0,3_08_04_V04Y_0,Mewat,2017,10,0,1,1,0,3,0,0
3_08,1,0,0,0,0,1,0,0,3_08_04_V04Y_0,Mewat,2017,11,1,0,1,2,5,0,0
3_08,1,0,0,0,0,1,0,0,3_08_04_V04Y_0,Mewat,2017,12,3,1,1,4,9,0,0
3_08,0,0,1,0,0,1,0,0,3_08_04_V05Y_0,Mewat,2017,1,5,0,0,0,6,0,0
3_08,0,0,1,0,0,1,0,0,3_08_04_V05Y_0,Mewat,2017,2,4,0,2,2,8,0,0
3_08,0,0,1,0,0,1,0,0,3_08_04_V05Y_0,Mewat,2017,3,0,2,0,0,4,0,0
3_08,0,0,1,0,0,1,0,0,3_08_04_V05Y_0,Mewat,2017,4,1,0,0,1,2,0,0
3_08,0,0,1,0,0,1,0,0,3_08_04_V05Y_0,Mewat,2017,5,6,0,0,2,9,0,0
3_08,0,0,1,0,0,1,0,0,3_08_04_V05Y_0,Mewat,2017,6,3,0,0,0,6,0,0
3_08,0,0,1,0,0,1,0,0,3_08_04_V05Y_0,Mewat,2017,7,10,0,0,0,16,0,0
3_08,0,0,1,0,0,1,0,0,3_08_04_V05Y_0,Mewat,2017,8,13,2,1,0,27,0,0
3_08,0,0,1,0,0,1,0,0,3_08_04_V05Y_0,Mewat,2017,9,9,1,0,0,13,0,0
3_08,0,0,1,0,0,1,0,0,3_08_04_V05Y_0,Mewat,2017,10,12,5,2,1,27,0,0
3_08,0,0,1,0,0,1,0,0,3_08_04_V05Y_0,Mewat,2017,11,13,1,2,1,20,0,0
3_08,0,0,1,0,0,1,0,0,3_08_04_V05Y_0,Mewat,2017,12,14,3,3,1,32,0,0
3_08,0,0,1,0,0,1,0,0,3_08_04_V05Y_0,Mewat,2018,1,7,4,1,0,18,0,0
3_08,0,0,1,0,0,1,0,0,3_08_04_V05Y_0,Mewat,2018,2,6,2,4,1,13,0,0
3_09,0,0,0,1,0,0,1,0,3_09_02_V04Y_0,Mewat,2017,1,3,2,1,1,6,0,0
3_09,0,0,0,1,0,0,1,0,3_09_02_V04Y_0,Mewat,2017,2,6,3,2,1,12,0,0
3_09,0,0,0,1,0,0,1,0,3_09_02_V04Y_0,Mewat,2017,4,4,5,3,3,15,0,0
3_09,0,0,0,1,0,0,1,0,3_09_02_V04Y_0,Mewat,2017,5,1,3,5,0,10,0,0
3_09,0,0,0,1,0,0,1,0,3_09_02_V04Y_0,Mewat,2017,6,0,0,3,0,4,0,0
3_09,0,0,0,1,0,0,1,0,3_09_02_V04Y_0,Mewat,2017,7,2,1,0,2,6,0,0
3_09,0,0,0,1,0,0,1,0,3_09_02_V04Y_0,Mewat,2017,8,1,2,0,1,6,0,0
3_09,0,0,0,1,0,0,1,0,3_09_02_V04Y_0,Mewat,2017,9,4,0,2,4,14,0,0
3_09,0,0,0,1,0,0,1,0,3_09_02_V04Y_0,Mewat,2017,10,2,3,1,0,9,0,0
3_09,0,0,0,1,0,0,1,0,3_09_02_V04Y_0,Mewat,2017,11,5,0,1,3,10,0,0
3_09,0,0,0,1,0,0,1,0,3_09_02_V04Y_0,Mewat,2017,12,3,5,1,2,13,0,0
3_09,0,0,0,1,0,0,1,0,3_09_02_V04Y_0,Mewat,2018,1,2,1,6,2,10,0,0
3_09,0,0,0,1,0,0,1,0,3_09_02_V04Y_0,Mewat,2018,2,3,2,1,0,6,0,0
3_09,0,0,1,0,1,0,0,0,3_09_03_V06Y_0,Mewat,2017,1,2,1,1,0,8,0,0
3_09,0,0,1,0,1,0,0,0,3_09_03_V06Y_0,Mewat,2017,2,1,1,0,1,5,0,0
3_09,0,0,1,0,1,0,0,0,3_09_03_V06Y_0,Mewat,2017,3,2,0,0,0,2,0,0
3_09,0,0,1,0,1,0,0,0,3_09_03_V06Y_0,Mewat,2017,4,1,3,0,0,6,0,0
3_09,0,0,1,0,1,0,0,0,3_09_03_V06Y_0,Mewat,2017,5,2,0,3,0,5,0,0
3_09,0,0,1,0,1,0,0,0,3_09_03_V06Y_0,Mewat,2017,6,0,0,0,0,1,0,0
3_09,0,0,1,0,1,0,0,0,3_09_03_V06Y_0,Mewat,2017,7,1,0,0,0,1,0,0
3_09,0,0,1,0,1,0,0,0,3_09_03_V06Y_0,Mewat,2017,8,0,1,0,1,3,0,0
3_09,0,0,1,0,1,0,0,0,3_09_03_V06Y_0,Mewat,2017,9,1,0,0,0,2,0,0
3_09,0,0,1,0,1,0,0,0,3_09_03_V06Y_0,Mewat,2017,10,9,6,1,2,22,0,0
3_09,0,0,1,0,1,0,0,0,3_09_03_V06Y_0,Mewat,2017,11,5,6,0,1,13,0,0
3_09,0,0,1,0,1,0,0,0,3_09_03_V06Y_0,Mewat,2017,12,5,5,5,1,16,0,0
3_09,0,0,1,0,1,0,0,0,3_09_03_V06Y_0,Mewat,2018,1,1,4,4,2,10,0,0
3_09,0,0,1,0,1,0,0,0,3_09_03_V06Y_0,Mewat,2018,2,0,0,0,0,1,0,0
3_09,0,1,0,0,0,0,0,1,3_09_06_V03Y_0,Mewat,2017,1,11,9,6,8,39,0,1
3_09,0,1,0,0,0,0,0,1,3_09_06_V03Y_0,Mewat,2017,2,15,20,17,5,62,0,1
3_09,0,1,0,0,0,0,0,1,3_09_06_V03Y_0,Mewat,2017,3,6,9,9,4,34,0,1
3_09,0,1,0,0,0,0,0,1,3_09_06_V03Y_0,Mewat,2017,4,10,6,7,10,40,0,1
3_09,0,1,0,0,0,0,0,1,3_09_06_V03Y_0,Mewat,2017,5,11,10,11,7,44,0,1
3_09,0,1,0,0,0,0,0,1,3_09_06_V03Y_0,Mewat,2017,6,8,9,6,10,41,0,1
3_09,0,1,0,0,0,0,0,1,3_09_06_V03Y_0,Mewat,2017,7,16,10,10,16,67,0,1
3_09,0,1,0,0,0,0,0,1,3_09_06_V03Y_0,Mewat,2017,8,11,10,13,9,60,0,1
3_09,0,1,0,0,0,0,0,1,3_09_06_V03Y_0,Mewat,2017,9,12,4,10,5,44,0,1
3_09,0,1,0,0,0,0,0,1,3_09_06_V03Y_0,Mewat,2017,10,26,22,10,14,88,0,1
3_09,0,1,0,0,0,0,0,1,3_09_06_V03Y_0,Mewat,2017,11,12,21,10,14,72,0,1
3_09,0,1,0,0,0,0,0,1,3_09_06_V03Y_0,Mewat,2017,12,15,12,19,9,80,0,1
3_09,0,1,0,0,0,0,0,1,3_09_06_V03Y_0,Mewat,2018,1,11,7,6,8,42,0,1
3_09,0,1,0,0,0,0,0,1,3_09_06_V03Y_0,Mewat,2018,2,13,10,10,8,58,0,1
3_09,0,1,0,0,0,0,0,1,3_09_06_V03Y_0,Mewat,2018,3,6,1,4,2,21,0,1
3_10,1,0,0,0,0,0,0,0,3_10_02_V01Y_0,Mewat,2017,1,1,0,2,0,4,0,1
3_10,1,0,0,0,0,0,0,0,3_10_02_V01Y_0,Mewat,2017,2,15,11,1,4,43,0,1
3_10,1,0,0,0,0,0,0,0,3_10_02_V01Y_0,Mewat,2017,3,3,4,4,1,16,0,1
3_10,1,0,0,0,0,0,0,0,3_10_02_V01Y_0,Mewat,2017,4,0,2,0,0,2,0,1
3_10,1,0,0,0,0,0,0,0,3_10_02_V01Y_0,Mewat,2017,5,8,4,4,3,20,0,1
3_10,1,0,0,0,0,0,0,0,3_10_02_V01Y_0,Mewat,2017,6,,,,,1,0,1
3_10,1,0,0,0,0,0,0,0,3_10_02_V01Y_0,Mewat,2017,7,9,7,5,3,32,0,1
3_10,1,0,0,0,0,0,0,0,3_10_02_V01Y_0,Mewat,2017,8,5,6,5,3,19,0,1
3_10,1,0,0,0,0,0,0,0,3_10_02_V01Y_0,Mewat,2017,9,1,1,1,2,9,0,1
3_10,1,0,0,0,0,0,0,0,3_10_02_V01Y_0,Mewat,2017,10,15,7,3,2,38,0,1
3_10,1,0,0,0,0,0,0,0,3_10_02_V01Y_0,Mewat,2017,11,10,3,8,7,39,0,1
3_10,1,0,0,0,0,0,0,0,3_10_02_V01Y_0,Mewat,2017,12,7,6,5,2,23,0,1
3_10,1,0,0,0,0,0,0,0,3_10_02_V01Y_0,Mewat,2018,1,15,3,6,8,42,0,1
3_10,1,0,0,0,0,0,0,0,3_10_02_V01Y_0,Mewat,2018,2,4,6,6,3,23,0,1
3_10,1,0,0,0,0,0,0,0,3_10_02_V01Y_0,Mewat,2018,3,2,1,2,2,7,0,1
3_10,1,0,0,0,0,0,0,0,3_10_02_V03Y_0,Mewat,2017,1,3,3,2,3,11,0,1
3_10,1,0,0,0,0,0,0,0,3_10_02_V03Y_0,Mewat,2017,2,12,4,4,3,26,0,1
3_10,1,0,0,0,0,0,0,0,3_10_02_V03Y_0,Mewat,2017,4,1,5,1,0,9,0,1
3_10,1,0,0,0,0,0,0,0,3_10_02_V03Y_0,Mewat,2017,5,5,3,4,2,16,0,1
3_10,1,0,0,0,0,0,0,0,3_10_02_V03Y_0,Mewat,2017,6,1,0,2,0,4,0,1
3_10,1,0,0,0,0,0,0,0,3_10_02_V03Y_0,Mewat,2017,7,2,6,2,1,15,0,1
3_10,1,0,0,0,0,0,0,0,3_10_02_V03Y_0,Mewat,2017,8,12,2,1,4,16,0,1
3_10,1,0,0,0,0,0,0,0,3_10_02_V03Y_0,Mewat,2017,9,3,0,0,0,7,0,1
3_10,1,0,0,0,0,0,0,0,3_10_02_V03Y_0,Mewat,2017,10,4,5,2,3,25,0,1
3_10,1,0,0,0,0,0,0,0,3_10_02_V03Y_0,Mewat,2017,11,5,5,9,10,31,0,1
3_10,1,0,0,0,0,0,0,0,3_10_02_V03Y_0,Mewat,2017,12,3,3,2,1,13,0,1
3_10,1,0,0,0,0,0,0,0,3_10_02_V03Y_0,Mewat,2018,1,7,7,12,7,31,0,1
3_10,1,0,0,0,0,0,0,0,3_10_02_V03Y_0,Mewat,2018,2,0,5,1,0,7,0,1
3_10,0,0,1,0,0,0,0,0,3_10_03_V01Y_0,Mewat,2017,1,21,10,9,4,57,1,0
3_10,0,0,1,0,0,0,0,0,3_10_03_V01Y_0,Mewat,2017,2,29,27,15,16,100,1,0
3_10,0,0,1,0,0,0,0,0,3_10_03_V01Y_0,Mewat,2017,3,11,8,6,4,32,1,0
3_10,0,0,1,0,0,0,0,0,3_10_03_V01Y_0,Mewat,2017,4,15,10,8,7,45,1,0
3_10,0,0,1,0,0,0,0,0,3_10_03_V01Y_0,Mewat,2017,5,27,18,11,17,77,1,0
3_10,0,0,1,0,0,0,0,0,3_10_03_V01Y_0,Mewat,2017,6,11,8,10,11,42,1,0
3_10,0,0,1,0,0,0,0,0,3_10_03_V01Y_0,Mewat,2017,7,28,17,18,24,105,1,0
3_10,0,0,1,0,0,0,0,0,3_10_03_V01Y_0,Mewat,2017,8,27,17,14,19,95,1,0
3_10,0,0,1,0,0,0,0,0,3_10_03_V01Y_0,Mewat,2017,9,11,7,8,10,56,1,0
3_10,0,0,1,0,0,0,0,0,3_10_03_V01Y_0,Mewat,2017,10,53,21,18,23,144,1,0
3_10,0,0,1,0,0,0,0,0,3_10_03_V01Y_0,Mewat,2017,11,45,39,20,37,158,1,0
3_10,0,0,1,0,0,0,0,0,3_10_03_V01Y_0,Mewat,2017,12,34,35,24,12,125,1,0
3_10,0,0,1,0,0,0,0,0,3_10_03_V01Y_0,Mewat,2018,1,16,8,11,4,53,1,0
3_10,0,0,1,0,0,0,0,0,3_10_03_V01Y_0,Mewat,2018,2,1,1,0,2,5,1,0
3_10,0,1,0,0,0,0,0,0,3_10_05_V06Y_0,Mewat,2017,2,11,6,1,1,21,1,0
3_10,0,1,0,0,0,0,0,0,3_10_05_V06Y_0,Mewat,2017,3,0,2,2,0,4,1,0
3_10,0,1,0,0,0,0,0,0,3_10_05_V06Y_0,Mewat,2017,5,6,1,0,0,10,1,0
3_10,0,1,0,0,0,0,0,0,3_10_05_V06Y_0,Mewat,2017,6,1,0,0,0,4,1,0
3_10,0,1,0,0,0,0,0,0,3_10_05_V06Y_0,Mewat,2017,7,4,2,1,2,13,1,0
3_10,0,1,0,0,0,0,0,0,3_10_05_V06Y_0,Mewat,2017,8,3,4,0,1,9,1,0
3_10,0,1,0,0,0,0,0,0,3_10_05_V06Y_0,Mewat,2017,9,2,2,1,1,9,1,0
3_10,0,1,0,0,0,0,0,0,3_10_05_V06Y_0,Mewat,2017,10,4,2,5,2,15,1,0
3_10,0,1,0,0,0,0,0,0,3_10_05_V06Y_0,Mewat,2017,11,9,5,5,6,28,1,0
3_10,0,1,0,0,0,0,0,0,3_10_05_V06Y_0,Mewat,2017,12,2,7,2,1,11,1,0
3_10,0,1,0,0,0,0,0,0,3_10_05_V06Y_0,Mewat,2018,1,1,1,2,2,4,1,0
3_11,0,1,0,0,0,0,0,0,3_11_01_V02Y_0,Mewat,2017,2,5,1,1,1,9,1,0
3_11,0,1,0,0,0,0,0,0,3_11_01_V02Y_0,Mewat,2017,3,6,4,2,1,16,1,0
3_11,0,1,0,0,0,0,0,0,3_11_01_V02Y_0,Mewat,2017,4,3,4,0,0,7,1,0
3_11,0,1,0,0,0,0,0,0,3_11_01_V02Y_0,Mewat,2017,5,3,3,4,2,15,1,0
3_11,0,1,0,0,0,0,0,0,3_11_01_V02Y_0,Mewat,2017,7,1,0,0,0,1,1,0
3_11,0,1,0,0,0,0,0,0,3_11_01_V02Y_0,Mewat,2017,9,,,,,1,1,0
3_11,0,1,0,0,0,0,0,0,3_11_01_V02Y_0,Mewat,2017,10,6,1,2,2,11,1,0
3_11,0,1,0,0,0,0,0,0,3_11_01_V02Y_0,Mewat,2017,11,2,2,0,0,6,1,0
3_11,0,1,0,0,0,0,0,0,3_11_01_V02Y_0,Mewat,2017,12,0,0,0,0,1,1,0
3_11,0,1,0,0,0,0,0,0,3_11_01_V02Y_0,Mewat,2018,1,1,0,0,0,1,1,0
3_11,0,1,0,0,0,0,0,0,3_11_01_V02Y_0,Mewat,2018,2,5,1,1,1,11,1,0
3_11,0,1,0,0,0,0,0,0,3_11_01_V02Y_0,Mewat,2018,3,2,1,2,1,4,1,0
3_11,0,0,1,0,0,0,0,0,3_11_01_V05Y_0,Mewat,2017,1,7,1,3,3,14,1,0
3_11,0,0,1,0,0,0,0,0,3_11_01_V05Y_0,Mewat,2017,2,1,8,1,0,10,1,0
3_11,0,0,1,0,0,0,0,0,3_11_01_V05Y_0,Mewat,2017,3,2,1,3,0,9,1,0
3_11,0,0,1,0,0,0,0,0,3_11_01_V05Y_0,Mewat,2017,5,4,3,6,0,15,1,0
3_11,0,0,1,0,0,0,0,0,3_11_01_V05Y_0,Mewat,2017,6,0,1,3,0,5,1,0
3_11,0,0,1,0,0,0,0,0,3_11_01_V05Y_0,Mewat,2017,7,4,1,2,0,11,1,0
3_11,0,0,1,0,0,0,0,0,3_11_01_V05Y_0,Mewat,2017,10,0,1,1,0,9,1,0
3_11,0,0,1,0,0,0,0,0,3_11_01_V05Y_0,Mewat,2017,11,6,3,0,0,10,1,0
3_11,0,0,1,0,0,0,0,0,3_11_01_V05Y_0,Mewat,2017,12,1,1,0,0,2,1,0
3_11,0,0,1,0,0,0,0,0,3_11_01_V05Y_0,Mewat,2018,1,0,1,0,0,1,1,0
3_12,0,1,0,0,0,1,0,0,3_12_01_V06Y_1,Mewat,2017,2,0,1,3,0,6,1,0
3_12,0,1,0,0,0,1,0,0,3_12_01_V06Y_1,Mewat,2017,3,3,0,0,2,11,1,0
3_12,0,1,0,0,0,1,0,0,3_12_01_V06Y_1,Mewat,2017,5,0,1,1,0,4,1,0
3_12,0,1,0,0,0,1,0,0,3_12_01_V06Y_1,Mewat,2017,6,2,0,1,1,4,1,0
3_12,0,1,0,0,0,1,0,0,3_12_01_V06Y_1,Mewat,2017,7,4,1,0,1,8,1,0
3_12,0,1,0,0,0,1,0,0,3_12_01_V06Y_1,Mewat,2017,8,3,1,1,0,7,1,0
3_12,0,1,0,0,0,1,0,0,3_12_01_V06Y_1,Mewat,2017,9,0,1,0,0,2,1,0
3_12,0,1,0,0,0,1,0,0,3_12_01_V06Y_1,Mewat,2017,10,6,6,1,6,17,1,0
3_12,0,1,0,0,0,1,0,0,3_12_01_V06Y_1,Mewat,2017,11,3,5,5,2,16,1,0
3_12,0,1,0,0,0,1,0,0,3_12_01_V06Y_1,Mewat,2017,12,1,3,3,2,18,1,0
3_12,0,1,0,0,0,1,0,0,3_12_01_V06Y_1,Mewat,2018,1,4,1,2,2,13,1,0
3_12,0,1,0,0,0,1,0,0,3_12_01_V06Y_1,Mewat,2018,2,2,0,0,0,3,1,0
3_12,0,1,0,0,0,1,0,0,3_12_01_V06Y_1,Mewat,2018,3,2,1,0,0,8,1,0
3_12,1,0,0,0,0,0,0,1,3_12_02_V01Y_0,Mewat,2017,1,5,2,4,2,16,0,0
3_12,1,0,0,0,0,0,0,1,3_12_02_V01Y_0,Mewat,2017,2,1,0,0,1,5,0,0
3_12,1,0,0,0,0,0,0,1,3_12_02_V01Y_0,Mewat,2017,4,0,0,0,0,1,0,0
3_12,1,0,0,0,0,0,0,1,3_12_02_V01Y_0,Mewat,2017,7,6,0,1,4,14,0,0
3_12,1,0,0,0,0,0,0,1,3_12_02_V01Y_0,Mewat,2017,8,6,1,0,3,13,0,0
3_12,1,0,0,0,0,0,0,1,3_12_02_V01Y_0,Mewat,2017,9,2,2,0,1,5,0,0
3_12,1,0,0,0,0,0,0,1,3_12_02_V01Y_0,Mewat,2017,10,3,1,0,0,12,0,0
3_12,1,0,0,0,0,0,0,1,3_12_02_V01Y_0,Mewat,2017,11,2,2,0,0,5,0,0
3_12,1,0,0,0,0,0,0,1,3_12_02_V01Y_0,Mewat,2017,12,3,0,0,0,6,0,0
3_12,1,0,0,0,0,0,0,1,3_12_02_V01Y_0,Mewat,2018,1,5,4,3,1,14,0,0
3_12,1,0,0,0,0,0,0,1,3_12_02_V01Y_0,Mewat,2018,2,1,1,1,0,3,0,0
3_12,1,0,0,0,0,0,0,1,3_12_02_V01Y_0,Mewat,2018,3,1,2,4,4,7,0,0
3_12,1,0,0,0,0,0,0,1,3_12_02_V07Y_0,Mewat,2017,1,3,0,0,0,4,0,0
3_12,1,0,0,0,0,0,0,1,3_12_02_V07Y_0,Mewat,2017,2,0,1,2,0,5,0,0
3_12,1,0,0,0,0,0,0,1,3_12_02_V07Y_0,Mewat,2017,3,2,0,0,0,2,0,0
3_12,1,0,0,0,0,0,0,1,3_12_02_V07Y_0,Mewat,2017,4,0,1,1,0,3,0,0
3_12,1,0,0,0,0,0,0,1,3_12_02_V07Y_0,Mewat,2017,5,2,0,1,1,5,0,0
3_12,1,0,0,0,0,0,0,1,3_12_02_V07Y_0,Mewat,2017,7,2,0,0,1,3,0,0
3_12,1,0,0,0,0,0,0,1,3_12_02_V07Y_0,Mewat,2017,8,4,2,0,1,11,0,0
3_12,1,0,0,0,0,0,0,1,3_12_02_V07Y_0,Mewat,2017,9,2,0,0,0,3,0,0
3_12,1,0,0,0,0,0,0,1,3_12_02_V07Y_0,Mewat,2017,10,6,2,2,1,21,0,0
3_12,1,0,0,0,0,0,0,1,3_12_02_V07Y_0,Mewat,2017,11,4,2,0,0,10,0,0
3_12,1,0,0,0,0,0,0,1,3_12_02_V07Y_0,Mewat,2017,12,6,3,1,0,16,0,0
3_12,1,0,0,0,0,0,0,1,3_12_02_V07Y_0,Mewat,2018,1,3,8,4,3,25,0,0
3_12,0,0,0,1,0,0,1,0,3_12_03_V02Y_0,Mewat,2017,1,6,3,3,3,17,0,0
3_12,0,0,0,1,0,0,1,0,3_12_03_V02Y_0,Mewat,2017,2,8,9,6,2,27,0,0
3_12,0,0,0,1,0,0,1,0,3_12_03_V02Y_0,Mewat,2017,3,2,0,0,1,3,0,0
3_12,0,0,0,1,0,0,1,0,3_12_03_V02Y_0,Mewat,2017,4,0,3,1,0,4,0,0
3_12,0,0,0,1,0,0,1,0,3_12_03_V02Y_0,Mewat,2017,5,10,4,4,2,21,0,0
3_12,0,0,0,1,0,0,1,0,3_12_03_V02Y_0,Mewat,2017,6,2,1,3,1,6,0,0
3_12,0,0,0,1,0,0,1,0,3_12_03_V02Y_0,Mewat,2017,7,6,2,6,6,22,0,0
3_12,0,0,0,1,0,0,1,0,3_12_03_V02Y_0,Mewat,2017,8,9,4,2,3,26,0,0
3_12,0,0,0,1,0,0,1,0,3_12_03_V02Y_0,Mewat,2017,9,5,2,0,1,8,0,0
3_12,0,0,0,1,0,0,1,0,3_12_03_V02Y_0,Mewat,2017,10,11,3,1,4,25,0,0
3_12,0,0,0,1,0,0,1,0,3_12_03_V02Y_0,Mewat,2017,11,8,5,3,3,22,0,0
3_12,0,0,0,1,0,0,1,0,3_12_03_V02Y_0,Mewat,2017,12,3,1,0,0,6,0,0
3_12,0,0,0,1,0,0,1,0,3_12_03_V02Y_0,Mewat,2018,1,0,3,2,1,7,0,0
3_12,0,0,1,0,0,0,1,0,3_12_06_V01Y_0,Mewat,2017,1,4,3,7,1,17,1,0
3_12,0,0,1,0,0,0,1,0,3_12_06_V01Y_0,Mewat,2017,2,16,13,2,3,38,1,0
3_12,0,0,1,0,0,0,1,0,3_12_06_V01Y_0,Mewat,2017,3,3,8,4,5,17,1,0
3_12,0,0,1,0,0,0,1,0,3_12_06_V01Y_0,Mewat,2017,5,9,2,9,5,28,1,0
3_12,0,0,1,0,0,0,1,0,3_12_06_V01Y_0,Mewat,2017,6,3,6,0,5,17,1,0
3_12,0,0,1,0,0,0,1,0,3_12_06_V01Y_0,Mewat,2017,7,6,3,5,5,19,1,0
3_12,0,0,1,0,0,0,1,0,3_12_06_V01Y_0,Mewat,2017,8,5,3,0,4,14,1,0
3_12,0,0,1,0,0,0,1,0,3_12_06_V01Y_0,Mewat,2017,9,3,4,0,1,10,1,0
3_12,0,0,1,0,0,0,1,0,3_12_06_V01Y_0,Mewat,2017,10,12,6,7,8,35,1,0
3_12,0,0,1,0,0,0,1,0,3_12_06_V01Y_0,Mewat,2017,11,13,10,2,3,35,1,0
3_12,0,0,1,0,0,0,1,0,3_12_06_V01Y_0,Mewat,2017,12,10,5,5,0,29,1,0
3_12,0,0,1,0,0,0,1,0,3_12_06_V01Y_0,Mewat,2018,1,11,8,2,5,29,1,0
3_12,0,0,1,0,0,0,1,0,3_12_06_V01Y_0,Mewat,2018,2,5,5,1,0,13,1,0
3_13,1,0,0,0,0,0,0,0,3_13_01_V01Y_0,Mewat,2017,1,17,5,5,6,36,0,0
3_13,1,0,0,0,0,0,0,0,3_13_01_V01Y_0,Mewat,2017,2,23,10,4,8,47,0,0
3_13,1,0,0,0,0,0,0,0,3_13_01_V01Y_0,Mewat,2017,3,5,3,1,5,14,0,0
3_13,1,0,0,0,0,0,0,0,3_13_01_V01Y_0,Mewat,2017,4,5,3,3,2,11,0,0
3_13,1,0,0,0,0,0,0,0,3_13_01_V01Y_0,Mewat,2017,5,30,17,10,3,60,0,0
3_13,1,0,0,0,0,0,0,0,3_13_01_V01Y_0,Mewat,2017,6,7,9,6,1,29,0,0
3_13,1,0,0,0,0,0,0,0,3_13_01_V01Y_0,Mewat,2017,7,11,12,9,14,50,0,0
3_13,1,0,0,0,0,0,0,0,3_13_01_V01Y_0,Mewat,2017,8,17,5,1,12,40,0,0
3_13,1,0,0,0,0,0,0,0,3_13_01_V01Y_0,Mewat,2017,9,9,3,2,4,23,0,0
3_13,1,0,0,0,0,0,0,0,3_13_01_V01Y_0,Mewat,2017,10,4,6,0,6,22,0,0
3_13,1,0,0,0,0,0,0,0,3_13_01_V01Y_0,Mewat,2017,11,13,7,5,6,34,0,0
3_13,1,0,0,0,0,0,0,0,3_13_01_V01Y_0,Mewat,2017,12,12,7,6,6,34,0,0
3_13,1,0,0,0,0,0,0,0,3_13_01_V01Y_0,Mewat,2018,1,28,13,13,14,64,0,0
3_13,1,0,0,0,0,0,0,0,3_13_01_V01Y_0,Mewat,2018,2,16,4,8,4,38,0,0
3_13,0,0,0,1,0,0,0,0,3_13_02_V01Y_0,Mewat,2017,1,4,2,0,3,9,1,0
3_13,0,0,0,1,0,0,0,0,3_13_02_V01Y_0,Mewat,2017,2,13,7,2,0,28,1,0
3_13,0,0,0,1,0,0,0,0,3_13_02_V01Y_0,Mewat,2017,3,6,1,1,1,9,1,0
3_13,0,0,0,1,0,0,0,0,3_13_02_V01Y_0,Mewat,2017,4,6,7,3,8,25,1,0
3_13,0,0,0,1,0,0,0,0,3_13_02_V01Y_0,Mewat,2017,5,1,1,3,2,8,1,0
3_13,0,0,0,1,0,0,0,0,3_13_02_V01Y_0,Mewat,2017,6,8,6,3,5,24,1,0
3_13,0,0,0,1,0,0,0,0,3_13_02_V01Y_0,Mewat,2017,7,10,4,7,7,32,1,0
3_13,0,0,0,1,0,0,0,0,3_13_02_V01Y_0,Mewat,2017,8,13,9,4,9,34,1,0
3_13,0,0,0,1,0,0,0,0,3_13_02_V01Y_0,Mewat,2017,9,14,12,5,5,43,1,0
3_13,0,0,0,1,0,0,0,0,3_13_02_V01Y_0,Mewat,2017,10,10,1,3,5,33,1,0
3_13,0,0,0,1,0,0,0,0,3_13_02_V01Y_0,Mewat,2017,11,30,11,11,19,74,1,0
3_13,0,0,0,1,0,0,0,0,3_13_02_V01Y_0,Mewat,2017,12,19,12,4,4,53,1,0
3_13,0,0,0,1,0,0,0,0,3_13_02_V01Y_0,Mewat,2018,1,10,11,3,6,33,1,0
3_13,0,0,0,1,0,0,0,0,3_13_02_V01Y_0,Mewat,2018,2,18,25,8,7,66,1,0
3_13,0,0,0,1,0,0,0,0,3_13_02_V01Y_0,Mewat,2018,3,2,2,2,0,6,1,0
3_13,0,1,0,0,0,0,0,0,3_13_03_V01Y_0,Mewat,2017,1,4,6,2,1,12,0,1
3_13,0,1,0,0,0,0,0,0,3_13_03_V01Y_0,Mewat,2017,2,1,1,4,0,7,0,1
3_13,0,1,0,0,0,0,0,0,3_13_03_V01Y_0,Mewat,2017,3,1,2,0,0,4,0,1
3_13,0,1,0,0,0,0,0,0,3_13_03_V01Y_0,Mewat,2017,5,8,1,3,4,14,0,1
3_13,0,1,0,0,0,0,0,0,3_13_03_V01Y_0,Mewat,2017,6,0,5,0,2,8,0,1
3_13,0,1,0,0,0,0,0,0,3_13_03_V01Y_0,Mewat,2017,7,3,5,4,0,16,0,1
3_13,0,1,0,0,0,0,0,0,3_13_03_V01Y_0,Mewat,2017,8,5,2,1,1,10,0,1
3_13,0,1,0,0,0,0,0,0,3_13_03_V01Y_0,Mewat,2017,9,0,0,0,1,3,0,1
3_13,0,1,0,0,0,0,0,0,3_13_03_V01Y_0,Mewat,2017,10,5,2,2,1,12,0,1
3_13,0,1,0,0,0,0,0,0,3_13_03_V01Y_0,Mewat,2017,11,4,0,0,0,4,0,1
3_13,0,1,0,0,0,0,0,0,3_13_03_V01Y_0,Mewat,2017,12,6,7,4,3,19,0,1
3_13,1,0,0,0,0,0,0,0,3_13_04_V04Y_0,Mewat,2017,1,5,6,4,2,17,1,0
3_13,1,0,0,0,0,0,0,0,3_13_04_V04Y_0,Mewat,2017,2,12,10,16,7,48,1,0
3_13,1,0,0,0,0,0,0,0,3_13_04_V04Y_0,Mewat,2017,3,19,14,9,8,50,1,0
3_13,1,0,0,0,0,0,0,0,3_13_04_V04Y_0,Mewat,2017,4,12,12,7,8,40,1,0
3_13,1,0,0,0,0,0,0,0,3_13_04_V04Y_0,Mewat,2017,5,12,20,18,15,65,1,0
3_13,1,0,0,0,0,0,0,0,3_13_04_V04Y_0,Mewat,2017,6,8,9,11,16,44,1,0
3_13,1,0,0,0,0,0,0,0,3_13_04_V04Y_0,Mewat,2017,7,14,9,16,17,54,1,0
3_13,1,0,0,0,0,0,0,0,3_13_04_V04Y_0,Mewat,2017,8,12,10,10,16,51,1,0
3_13,1,0,0,0,0,0,0,0,3_13_04_V04Y_0,Mewat,2017,9,12,11,8,9,45,1,0
3_13,1,0,0,0,0,0,0,0,3_13_04_V04Y_0,Mewat,2017,10,14,14,13,17,63,1,0
3_13,1,0,0,0,0,0,0,0,3_13_04_V04Y_0,Mewat,2017,11,19,10,12,18,59,1,0
3_13,1,0,0,0,0,0,0,0,3_13_04_V04Y_0,Mewat,2017,12,16,22,16,9,72,1,0
3_13,1,0,0,0,0,0,0,0,3_13_04_V04Y_0,Mewat,2018,1,15,7,15,13,54,1,0
3_13,1,0,0,0,0,0,0,0,3_13_04_V04Y_0,Mewat,2018,2,19,21,5,10,67,1,0
3_13,1,0,0,0,0,0,0,0,3_13_04_V04Y_0,Mewat,2018,3,2,5,2,1,11,1,0
4_01,0,1,0,0,0,0,0,0,4_01_01_V01Y_0,Palwal,2017,1,22,17,27,12,82,1,0
4_01,0,1,0,0,0,0,0,0,4_01_01_V01Y_0,Palwal,2017,2,17,9,7,11,47,1,0
4_01,0,1,0,0,0,0,0,0,4_01_01_V01Y_0,Palwal,2017,3,20,20,16,8,68,1,0
4_01,0,1,0,0,0,0,0,0,4_01_01_V01Y_0,Palwal,2017,4,23,22,22,13,85,1,0
4_01,0,1,0,0,0,0,0,0,4_01_01_V01Y_0,Palwal,2017,5,17,17,16,20,75,1,0
4_01,0,1,0,0,0,0,0,0,4_01_01_V01Y_0,Palwal,2017,6,15,26,16,24,78,1,0
4_01,0,1,0,0,0,0,0,0,4_01_01_V01Y_0,Palwal,2017,7,21,23,22,14,79,1,0
4_01,0,1,0,0,0,0,0,0,4_01_01_V01Y_0,Palwal,2017,8,25,21,24,18,92,1,0
4_01,0,1,0,0,0,0,0,0,4_01_01_V01Y_0,Palwal,2017,9,12,15,23,26,84,1,0
4_01,0,1,0,0,0,0,0,0,4_01_01_V01Y_0,Palwal,2017,10,16,14,19,18,86,1,0
4_01,0,1,0,0,0,0,0,0,4_01_01_V01Y_0,Palwal,2017,11,19,14,17,15,85,1,0
4_01,0,1,0,0,0,0,0,0,4_01_01_V01Y_0,Palwal,2017,12,23,23,14,22,89,1,0
4_01,0,1,0,0,0,0,0,0,4_01_01_V01Y_0,Palwal,2018,1,20,14,21,12,81,1,0
4_01,0,1,0,0,0,0,0,0,4_01_01_V01Y_0,Palwal,2018,2,18,26,19,14,105,1,0
4_01,0,1,0,0,0,0,0,0,4_01_01_V01Y_0,Palwal,2018,3,20,14,23,25,106,1,0
4_01,0,0,1,0,0,0,0,0,4_01_02_V01Y_0,Palwal,2017,1,2,6,1,3,12,1,0
4_01,0,0,1,0,0,0,0,0,4_01_02_V01Y_0,Palwal,2017,2,4,2,3,5,14,1,0
4_01,0,0,1,0,0,0,0,0,4_01_02_V01Y_0,Palwal,2017,3,2,4,3,2,10,1,0
4_01,0,0,1,0,0,0,0,0,4_01_02_V01Y_0,Palwal,2017,4,4,1,2,3,11,1,0
4_01,0,0,1,0,0,0,0,0,4_01_02_V01Y_0,Palwal,2017,5,2,5,3,2,12,1,0
4_01,0,0,1,0,0,0,0,0,4_01_02_V01Y_0,Palwal,2017,6,3,2,2,2,9,1,0
4_01,0,0,1,0,0,0,0,0,4_01_02_V01Y_0,Palwal,2017,7,3,2,4,1,10,1,0
4_01,0,0,1,0,0,0,0,0,4_01_02_V01Y_0,Palwal,2017,8,2,3,2,0,8,1,0
4_01,0,0,1,0,0,0,0,0,4_01_02_V01Y_0,Palwal,2017,9,2,2,3,4,13,1,0
4_01,0,0,1,0,0,0,0,0,4_01_02_V01Y_0,Palwal,2017,10,3,2,2,3,12,1,0
4_01,0,0,1,0,0,0,0,0,4_01_02_V01Y_0,Palwal,2017,11,3,2,2,3,10,1,0
4_01,0,0,1,0,0,0,0,0,4_01_02_V01Y_0,Palwal,2017,12,4,5,3,4,19,1,0
4_01,0,0,1,0,0,0,0,0,4_01_02_V01Y_0,Palwal,2018,1,5,2,5,1,17,1,0
4_01,0,0,1,0,0,0,0,0,4_01_02_V01Y_0,Palwal,2018,2,2,4,1,3,12,1,0
4_01,0,0,1,0,0,0,0,0,4_01_02_V01Y_0,Palwal,2018,3,0,4,3,3,12,1,0
4_01,0,0,0,1,0,0,0,0,4_01_03_V06Y_0,Palwal,2017,1,1,6,4,1,12,1,0
4_01,0,0,0,1,0,0,0,0,4_01_03_V06Y_0,Palwal,2017,2,0,1,5,0,6,1,0
4_01,0,0,0,1,0,0,0,0,4_01_03_V06Y_0,Palwal,2017,3,2,0,1,1,5,1,0
4_01,0,0,0,1,0,0,0,0,4_01_03_V06Y_0,Palwal,2017,4,2,1,1,0,6,1,0
4_01,0,0,0,1,0,0,0,0,4_01_03_V06Y_0,Palwal,2017,5,2,2,1,2,7,1,0
4_01,0,0,0,1,0,0,0,0,4_01_03_V06Y_0,Palwal,2017,6,1,2,2,2,7,1,0
4_01,0,0,0,1,0,0,0,0,4_01_03_V06Y_0,Palwal,2017,7,2,2,1,7,12,1,0
4_01,0,0,0,1,0,0,0,0,4_01_03_V06Y_0,Palwal,2017,8,1,2,0,1,4,1,0
4_01,0,0,0,1,0,0,0,0,4_01_03_V06Y_0,Palwal,2017,9,3,1,3,3,9,1,0
4_01,0,0,0,1,0,0,0,0,4_01_03_V06Y_0,Palwal,2017,10,2,3,1,0,7,1,0
4_01,0,0,0,1,0,0,0,0,4_01_03_V06Y_0,Palwal,2017,11,4,1,1,0,6,1,0
4_01,0,0,0,1,0,0,0,0,4_01_03_V06Y_0,Palwal,2017,12,1,5,3,4,13,1,0
4_01,0,0,0,1,0,0,0,0,4_01_03_V06Y_0,Palwal,2018,1,1,2,6,1,14,1,0
4_01,0,0,0,1,0,0,0,0,4_01_03_V06Y_0,Palwal,2018,2,1,2,1,0,7,1,0
4_01,0,0,0,1,0,0,0,0,4_01_03_V06Y_0,Palwal,2018,3,5,0,3,3,12,1,0
4_02,0,0,1,0,1,0,0,0,4_02_01_V02Y_0,Palwal,2017,1,7,6,4,3,21,1,0
4_02,0,0,1,0,1,0,0,0,4_02_01_V02Y_0,Palwal,2017,2,4,9,3,2,18,1,0
4_02,0,0,1,0,1,0,0,0,4_02_01_V02Y_0,Palwal,2017,3,4,6,7,2,23,1,0
4_02,0,0,1,0,1,0,0,0,4_02_01_V02Y_0,Palwal,2017,4,5,2,4,6,17,1,0
4_02,0,0,1,0,1,0,0,0,4_02_01_V02Y_0,Palwal,2017,5,4,5,4,1,13,1,0
4_02,0,0,1,0,1,0,0,0,4_02_01_V02Y_0,Palwal,2017,6,1,5,4,7,17,1,0
4_02,0,0,1,0,1,0,0,0,4_02_01_V02Y_0,Palwal,2017,7,4,3,4,5,17,1,0
4_02,0,0,1,0,1,0,0,0,4_02_01_V02Y_0,Palwal,2017,8,9,3,1,6,21,1,0
4_02,0,0,1,0,1,0,0,0,4_02_01_V02Y_0,Palwal,2017,9,6,5,4,3,18,1,0
4_02,0,0,1,0,1,0,0,0,4_02_01_V02Y_0,Palwal,2017,10,6,9,6,5,26,1,0
4_02,0,0,1,0,1,0,0,0,4_02_01_V02Y_0,Palwal,2017,11,0,0,0,1,1,1,0
4_02,0,0,1,0,1,0,0,0,4_02_01_V02Y_0,Palwal,2017,12,4,6,7,7,27,1,0
4_02,0,0,1,0,1,0,0,0,4_02_01_V02Y_0,Palwal,2018,1,3,4,8,3,21,1,0
4_02,0,0,1,0,1,0,0,0,4_02_01_V02Y_0,Palwal,2018,2,3,4,3,1,14,1,0
4_02,0,0,1,0,1,0,0,0,4_02_01_V02Y_0,Palwal,2018,3,4,1,5,4,21,1,0
4_02,1,0,0,0,1,0,0,0,4_02_01_V04Y_0,Palwal,2017,1,6,1,4,4,15,1,0
4_02,1,0,0,0,1,0,0,0,4_02_01_V04Y_0,Palwal,2017,2,2,3,3,2,10,1,0
4_02,1,0,0,0,1,0,0,0,4_02_01_V04Y_0,Palwal,2017,3,1,3,5,3,13,1,0
4_02,1,0,0,0,1,0,0,0,4_02_01_V04Y_0,Palwal,2017,4,1,2,7,7,17,1,0
4_02,1,0,0,0,1,0,0,0,4_02_01_V04Y_0,Palwal,2017,5,2,2,3,4,13,1,0
4_02,1,0,0,0,1,0,0,0,4_02_01_V04Y_0,Palwal,2017,6,2,4,1,4,14,1,0
4_02,1,0,0,0,1,0,0,0,4_02_01_V04Y_0,Palwal,2017,7,1,3,3,3,13,1,0
4_02,1,0,0,0,1,0,0,0,4_02_01_V04Y_0,Palwal,2017,8,5,2,6,5,25,1,0
4_02,1,0,0,0,1,0,0,0,4_02_01_V04Y_0,Palwal,2017,9,6,1,1,5,20,1,0
4_02,1,0,0,0,1,0,0,0,4_02_01_V04Y_0,Palwal,2017,10,3,2,1,1,9,1,0
4_02,1,0,0,0,1,0,0,0,4_02_01_V04Y_0,Palwal,2017,11,8,4,4,1,20,1,0
4_02,1,0,0,0,1,0,0,0,4_02_01_V04Y_0,Palwal,2017,12,3,12,3,1,24,1,0
4_02,1,0,0,0,1,0,0,0,4_02_01_V04Y_0,Palwal,2018,1,4,1,1,5,15,1,0
4_02,1,0,0,0,1,0,0,0,4_02_01_V04Y_0,Palwal,2018,2,2,5,5,2,15,1,0
4_02,1,0,0,0,1,0,0,0,4_02_01_V04Y_0,Palwal,2018,3,3,4,5,0,13,1,0
4_02,1,0,0,0,0,1,0,0,4_02_03_V03Y_0,Palwal,2017,1,1,1,3,0,5,0,0
4_02,1,0,0,0,0,1,0,0,4_02_03_V03Y_0,Palwal,2017,2,1,1,1,0,3,0,0
4_02,1,0,0,0,0,1,0,0,4_02_03_V03Y_0,Palwal,2017,3,1,0,0,0,1,0,0
4_02,1,0,0,0,0,1,0,0,4_02_03_V03Y_0,Palwal,2017,4,0,1,0,2,2,0,0
4_02,1,0,0,0,0,1,0,0,4_02_03_V03Y_0,Palwal,2017,5,0,1,0,0,1,0,0
4_02,1,0,0,0,0,1,0,0,4_02_03_V03Y_0,Palwal,2017,6,3,0,1,0,4,0,0
4_02,1,0,0,0,0,1,0,0,4_02_03_V03Y_0,Palwal,2017,7,1,2,1,3,6,0,0
4_02,1,0,0,0,0,1,0,0,4_02_03_V03Y_0,Palwal,2017,8,1,2,1,0,6,0,0
4_02,1,0,0,0,0,1,0,0,4_02_03_V03Y_0,Palwal,2017,9,1,2,2,1,8,0,0
4_02,1,0,0,0,0,1,0,0,4_02_03_V03Y_0,Palwal,2017,10,1,1,2,0,4,0,0
4_02,1,0,0,0,0,1,0,0,4_02_03_V03Y_0,Palwal,2017,11,1,1,0,1,3,0,0
4_02,1,0,0,0,0,1,0,0,4_02_03_V03Y_0,Palwal,2017,12,0,0,1,0,2,0,0
4_02,1,0,0,0,0,1,0,0,4_02_03_V03Y_0,Palwal,2018,1,1,0,1,0,2,0,0
4_02,1,0,0,0,0,1,0,0,4_02_03_V03Y_0,Palwal,2018,2,1,1,0,2,6,0,0
4_02,1,0,0,0,0,1,0,0,4_02_03_V03Y_0,Palwal,2018,3,3,1,0,2,7,0,0
4_03,1,0,0,0,0,0,0,0,4_03_01_V02Y_0,Palwal,2017,1,1,0,0,1,3,0,0
4_03,1,0,0,0,0,0,0,0,4_03_01_V02Y_0,Palwal,2017,2,3,2,0,1,6,0,0
4_03,1,0,0,0,0,0,0,0,4_03_01_V02Y_0,Palwal,2017,4,1,4,1,1,6,0,0
4_03,1,0,0,0,0,0,0,0,4_03_01_V02Y_0,Palwal,2017,5,1,0,3,0,3,0,0
4_03,1,0,0,0,0,0,0,0,4_03_01_V02Y_0,Palwal,2017,6,0,0,0,0,1,0,0
4_03,1,0,0,0,0,0,0,0,4_03_01_V02Y_0,Palwal,2017,7,2,3,1,2,9,0,0
4_03,1,0,0,0,0,0,0,0,4_03_01_V02Y_0,Palwal,2017,8,1,1,1,0,5,0,0
4_03,1,0,0,0,0,0,0,0,4_03_01_V02Y_0,Palwal,2017,9,2,0,3,2,10,0,0
4_03,1,0,0,0,0,0,0,0,4_03_01_V02Y_0,Palwal,2017,10,2,2,0,1,6,0,0
4_03,1,0,0,0,0,0,0,0,4_03_01_V02Y_0,Palwal,2017,11,4,0,2,3,10,0,0
4_03,1,0,0,0,0,0,0,0,4_03_01_V02Y_0,Palwal,2017,12,3,4,1,1,13,0,0
4_03,1,0,0,0,0,0,0,0,4_03_01_V02Y_0,Palwal,2018,1,,,,,1,0,0
4_03,1,0,0,0,0,0,0,0,4_03_01_V02Y_0,Palwal,2018,2,7,2,4,1,15,0,0
4_03,1,0,0,0,0,0,0,0,4_03_04_V01Y_0,Palwal,2017,1,2,3,1,1,8,0,1
4_03,1,0,0,0,0,0,0,0,4_03_04_V01Y_0,Palwal,2017,2,2,4,3,1,10,0,1
4_03,1,0,0,0,0,0,0,0,4_03_04_V01Y_0,Palwal,2017,3,1,3,2,2,9,0,1
4_03,1,0,0,0,0,0,0,0,4_03_04_V01Y_0,Palwal,2017,4,1,2,4,2,9,0,1
4_03,1,0,0,0,0,0,0,0,4_03_04_V01Y_0,Palwal,2017,5,1,1,1,6,10,0,1
4_03,1,0,0,0,0,0,0,0,4_03_04_V01Y_0,Palwal,2017,6,2,2,3,3,11,0,1
4_03,1,0,0,0,0,0,0,0,4_03_04_V01Y_0,Palwal,2017,7,5,2,2,2,12,0,1
4_03,1,0,0,0,0,0,0,0,4_03_04_V01Y_0,Palwal,2017,8,3,4,2,2,12,0,1
4_03,1,0,0,0,0,0,0,0,4_03_04_V01Y_0,Palwal,2017,9,4,4,3,3,15,0,1
4_03,1,0,0,0,0,0,0,0,4_03_04_V01Y_0,Palwal,2017,10,2,2,3,4,14,0,1
4_03,1,0,0,0,0,0,0,0,4_03_04_V01Y_0,Palwal,2017,11,2,4,4,1,15,0,1
4_03,1,0,0,0,0,0,0,0,4_03_04_V01Y_0,Palwal,2017,12,5,1,3,3,17,0,1
4_03,1,0,0,0,0,0,0,0,4_03_04_V01Y_0,Palwal,2018,1,0,1,0,1,6,0,1
4_03,1,0,0,0,0,0,0,0,4_03_04_V01Y_0,Palwal,2018,2,2,5,2,2,15,0,1
4_03,1,0,0,0,0,0,0,0,4_03_04_V01Y_0,Palwal,2018,3,6,2,3,5,22,0,1
4_03,0,1,0,0,0,0,0,0,4_03_06_V01Y_0,Palwal,2017,1,3,2,2,3,14,1,0
4_03,0,1,0,0,0,0,0,0,4_03_06_V01Y_0,Palwal,2017,2,4,2,1,2,10,1,0
4_03,0,1,0,0,0,0,0,0,4_03_06_V01Y_0,Palwal,2017,3,5,5,1,0,12,1,0
4_03,0,1,0,0,0,0,0,0,4_03_06_V01Y_0,Palwal,2017,4,1,4,4,3,13,1,0
4_03,0,1,0,0,0,0,0,0,4_03_06_V01Y_0,Palwal,2017,5,1,4,3,1,10,1,0
4_03,0,1,0,0,0,0,0,0,4_03_06_V01Y_0,Palwal,2017,6,3,0,6,3,14,1,0
4_03,0,1,0,0,0,0,0,0,4_03_06_V01Y_0,Palwal,2017,7,4,2,2,2,12,1,0
4_03,0,1,0,0,0,0,0,0,4_03_06_V01Y_0,Palwal,2017,8,1,4,1,2,10,1,0
4_03,0,1,0,0,0,0,0,0,4_03_06_V01Y_0,Palwal,2017,10,4,1,0,1,15,1,0
4_03,0,1,0,0,0,0,0,0,4_03_06_V01Y_0,Palwal,2017,11,0,4,2,4,11,1,0
4_03,0,1,0,0,0,0,0,0,4_03_06_V01Y_0,Palwal,2017,12,0,0,7,0,10,1,0
4_03,0,1,0,0,0,0,0,0,4_03_06_V01Y_0,Palwal,2018,1,,,,,1,1,0
4_03,0,1,0,0,0,0,0,0,4_03_06_V01Y_0,Palwal,2018,3,,,,,1,1,0
4_03,0,0,1,0,0,0,0,0,4_03_06_V04Y_0,Palwal,2017,1,17,10,6,6,40,1,0
4_03,0,0,1,0,0,0,0,0,4_03_06_V04Y_0,Palwal,2017,2,11,15,10,8,48,1,0
4_03,0,0,1,0,0,0,0,0,4_03_06_V04Y_0,Palwal,2017,3,12,7,11,1,33,1,0
4_03,0,0,1,0,0,0,0,0,4_03_06_V04Y_0,Palwal,2017,4,9,16,9,3,38,1,0
4_03,0,0,1,0,0,0,0,0,4_03_06_V04Y_0,Palwal,2017,5,6,11,14,9,40,1,0
4_03,0,0,1,0,0,0,0,0,4_03_06_V04Y_0,Palwal,2017,6,4,9,10,6,31,1,0
4_03,0,0,1,0,0,0,0,0,4_03_06_V04Y_0,Palwal,2017,7,6,5,10,4,33,1,0
4_03,0,0,1,0,0,0,0,0,4_03_06_V04Y_0,Palwal,2017,8,8,5,7,7,28,1,0
4_03,0,0,1,0,0,0,0,0,4_03_06_V04Y_0,Palwal,2017,9,6,4,2,3,25,1,0
4_03,0,0,1,0,0,0,0,0,4_03_06_V04Y_0,Palwal,2017,10,8,1,1,1,28,1,0
4_03,0,0,1,0,0,0,0,0,4_03_06_V04Y_0,Palwal,2017,11,11,12,5,10,42,1,0
4_03,0,0,1,0,0,0,0,0,4_03_06_V04Y_0,Palwal,2017,12,7,6,2,5,23,1,0
4_03,0,0,1,0,0,0,0,0,4_03_06_V04Y_0,Palwal,2018,1,3,2,1,2,11,1,0
4_03,0,0,1,0,0,0,0,0,4_03_06_V04Y_0,Palwal,2018,2,16,13,11,5,53,1,0
4_03,0,0,1,0,0,0,0,0,4_03_06_V04Y_0,Palwal,2018,3,10,15,10,7,44,1,0
4_04,0,0,0,1,0,0,1,0,4_04_02_V01Y_0,Palwal,2017,1,26,28,22,11,92,1,0
4_04,0,0,0,1,0,0,1,0,4_04_02_V01Y_0,Palwal,2017,2,17,32,26,15,94,1,0
4_04,0,0,0,1,0,0,1,0,4_04_02_V01Y_0,Palwal,2017,3,19,16,22,9,68,1,0
4_04,0,0,0,1,0,0,1,0,4_04_02_V01Y_0,Palwal,2017,4,25,20,18,13,81,1,0
4_04,0,0,0,1,0,0,1,0,4_04_02_V01Y_0,Palwal,2017,5,19,18,17,24,78,1,0
4_04,0,0,0,1,0,0,1,0,4_04_02_V01Y_0,Palwal,2017,6,11,13,16,26,71,1,0
4_04,0,0,0,1,0,0,1,0,4_04_02_V01Y_0,Palwal,2017,7,14,12,19,23,73,1,0
4_04,0,0,0,1,0,0,1,0,4_04_02_V01Y_0,Palwal,2017,8,18,16,20,17,77,1,0
4_04,0,0,0,1,0,0,1,0,4_04_02_V01Y_0,Palwal,2017,9,19,14,15,21,89,1,0
4_04,0,0,0,1,0,0,1,0,4_04_02_V01Y_0,Palwal,2017,10,26,22,10,15,86,1,0
4_04,0,0,0,1,0,0,1,0,4_04_02_V01Y_0,Palwal,2017,11,10,14,10,7,60,1,0
4_04,0,0,0,1,0,0,1,0,4_04_02_V01Y_0,Palwal,2017,12,20,17,13,19,75,1,0
4_04,0,0,0,1,0,0,1,0,4_04_02_V01Y_0,Palwal,2018,1,21,13,14,19,80,1,0
4_04,0,0,0,1,0,0,1,0,4_04_02_V01Y_0,Palwal,2018,2,23,23,21,11,109,1,0
4_04,0,0,0,1,0,0,1,0,4_04_02_V01Y_0,Palwal,2018,3,17,19,19,15,96,1,0
4_04,1,0,0,0,0,1,0,0,4_04_05_V06Y_0,Palwal,2017,1,1,2,4,2,11,0,0
4_04,1,0,0,0,0,1,0,0,4_04_05_V06Y_0,Palwal,2017,2,2,1,2,2,7,0,0
4_04,1,0,0,0,0,1,0,0,4_04_05_V06Y_0,Palwal,2017,3,2,2,2,0,10,0,0
4_04,1,0,0,0,0,1,0,0,4_04_05_V06Y_0,Palwal,2017,4,2,2,3,3,10,0,0
4_04,1,0,0,0,0,1,0,0,4_04_05_V06Y_0,Palwal,2017,5,3,1,3,5,14,0,0
4_04,1,0,0,0,0,1,0,0,4_04_05_V06Y_0,Palwal,2017,6,4,4,1,1,12,0,0
4_04,1,0,0,0,0,1,0,0,4_04_05_V06Y_0,Palwal,2017,7,1,4,3,3,12,0,0
4_04,1,0,0,0,0,1,0,0,4_04_05_V06Y_0,Palwal,2017,8,3,0,1,0,5,0,0
4_04,1,0,0,0,0,1,0,0,4_04_05_V06Y_0,Palwal,2017,9,1,4,2,2,12,0,0
4_04,1,0,0,0,0,1,0,0,4_04_05_V06Y_0,Palwal,2017,10,5,1,3,4,16,0,0
4_04,1,0,0,0,0,1,0,0,4_04_05_V06Y_0,Palwal,2017,11,5,3,3,4,20,0,0
4_04,1,0,0,0,0,1,0,0,4_04_05_V06Y_0,Palwal,2017,12,4,4,4,1,15,0,0
4_04,1,0,0,0,0,1,0,0,4_04_05_V06Y_0,Palwal,2018,1,3,4,6,2,20,0,0
4_04,1,0,0,0,0,1,0,0,4_04_05_V06Y_0,Palwal,2018,2,6,3,3,3,16,0,0
4_04,1,0,0,0,0,1,0,0,4_04_05_V06Y_0,Palwal,2018,3,1,3,3,3,16,0,0
4_05,0,0,0,1,0,1,0,0,4_05_01_V02Y_0,Palwal,2017,1,0,2,1,2,6,1,0
4_05,0,0,0,1,0,1,0,0,4_05_01_V02Y_0,Palwal,2017,2,4,2,3,3,13,1,0
4_05,0,0,0,1,0,1,0,0,4_05_01_V02Y_0,Palwal,2017,3,5,1,3,0,10,1,0
4_05,0,0,0,1,0,1,0,0,4_05_01_V02Y_0,Palwal,2017,4,3,4,1,0,10,1,0
4_05,0,0,0,1,0,1,0,0,4_05_01_V02Y_0,Palwal,2017,5,2,4,2,4,13,1,0
4_05,0,0,0,1,0,1,0,0,4_05_01_V02Y_0,Palwal,2017,6,1,1,0,1,5,1,0
4_05,0,0,0,1,0,1,0,0,4_05_01_V02Y_0,Palwal,2017,7,4,1,5,2,13,1,0
4_05,0,0,0,1,0,1,0,0,4_05_01_V02Y_0,Palwal,2017,8,0,1,0,0,1,1,0
4_05,0,0,0,1,0,1,0,0,4_05_01_V02Y_0,Palwal,2017,9,2,4,3,1,7,1,0
4_05,0,0,0,1,0,1,0,0,4_05_01_V02Y_0,Palwal,2017,10,8,5,2,3,20,1,0
4_05,0,0,0,1,0,1,0,0,4_05_01_V02Y_0,Palwal,2017,11,7,9,4,2,25,1,0
4_05,0,0,0,1,0,1,0,0,4_05_01_V02Y_0,Palwal,2017,12,3,8,10,2,23,1,0
4_05,0,0,0,1,0,1,0,0,4_05_01_V02Y_0,Palwal,2018,1,0,2,5,2,11,1,0
4_05,0,0,0,1,0,1,0,0,4_05_01_V02Y_0,Palwal,2018,2,1,0,1,2,5,1,0
4_05,0,0,0,1,0,1,0,0,4_05_01_V02Y_0,Palwal,2018,3,1,1,1,0,5,1,0
4_05,0,0,0,1,0,1,0,0,4_05_01_V03Y_0,Palwal,2017,1,2,6,1,2,12,1,0
4_05,0,0,0,1,0,1,0,0,4_05_01_V03Y_0,Palwal,2017,2,3,2,5,0,10,1,0
4_05,0,0,0,1,0,1,0,0,4_05_01_V03Y_0,Palwal,2017,3,3,2,5,1,12,1,0
4_05,0,0,0,1,0,1,0,0,4_05_01_V03Y_0,Palwal,2017,4,1,2,3,4,10,1,0
4_05,0,0,0,1,0,1,0,0,4_05_01_V03Y_0,Palwal,2017,5,1,3,2,1,8,1,0
4_05,0,0,0,1,0,1,0,0,4_05_01_V03Y_0,Palwal,2017,6,1,0,0,0,1,1,0
4_05,0,0,0,1,0,1,0,0,4_05_01_V03Y_0,Palwal,2017,7,3,1,2,4,10,1,0
4_05,0,0,0,1,0,1,0,0,4_05_01_V03Y_0,Palwal,2017,8,3,3,2,2,13,1,0
4_05,0,0,0,1,0,1,0,0,4_05_01_V03Y_0,Palwal,2017,9,3,5,2,1,12,1,0
4_05,0,0,0,1,0,1,0,0,4_05_01_V03Y_0,Palwal,2017,10,5,1,1,0,10,1,0
4_05,0,0,0,1,0,1,0,0,4_05_01_V03Y_0,Palwal,2017,11,1,4,2,1,8,1,0
4_05,0,0,0,1,0,1,0,0,4_05_01_V03Y_0,Palwal,2017,12,7,5,8,2,25,1,0
4_05,0,0,0,1,0,1,0,0,4_05_01_V03Y_0,Palwal,2018,1,1,0,1,2,7,1,0
4_05,0,0,0,1,0,1,0,0,4_05_01_V03Y_0,Palwal,2018,2,4,6,3,2,17,1,0
4_05,0,0,0,1,0,1,0,0,4_05_01_V03Y_0,Palwal,2018,3,2,2,6,1,12,1,0
4_05,0,0,1,0,0,1,0,0,4_05_01_V04Y_0,Palwal,2017,1,2,12,4,4,23,1,0
4_05,0,0,1,0,0,1,0,0,4_05_01_V04Y_0,Palwal,2017,2,3,0,9,0,13,1,0
4_05,0,0,1,0,0,1,0,0,4_05_01_V04Y_0,Palwal,2017,3,0,0,2,0,2,1,0
4_05,0,0,1,0,0,1,0,0,4_05_01_V04Y_0,Palwal,2017,4,3,1,0,3,9,1,0
4_05,0,0,1,0,0,1,0,0,4_05_01_V04Y_0,Palwal,2017,5,5,5,4,5,17,1,0
4_05,0,0,1,0,0,1,0,0,4_05_01_V04Y_0,Palwal,2017,6,1,1,3,5,10,1,0
4_05,0,0,1,0,0,1,0,0,4_05_01_V04Y_0,Palwal,2017,7,5,1,4,2,12,1,0
4_05,0,0,1,0,0,1,0,0,4_05_01_V04Y_0,Palwal,2017,8,4,3,6,3,14,1,0
4_05,0,0,1,0,0,1,0,0,4_05_01_V04Y_0,Palwal,2017,9,5,4,5,4,16,1,0
4_05,0,0,1,0,0,1,0,0,4_05_01_V04Y_0,Palwal,2017,11,3,7,2,0,8,1,0
4_05,0,0,1,0,0,1,0,0,4_05_01_V04Y_0,Palwal,2017,12,3,3,7,2,17,1,0
4_05,0,0,1,0,0,1,0,0,4_05_01_V04Y_0,Palwal,2018,1,5,5,4,4,19,1,0
4_05,0,0,1,0,0,1,0,0,4_05_01_V04Y_0,Palwal,2018,2,0,1,0,1,7,1,0
4_05,0,0,1,0,0,1,0,0,4_05_01_V04Y_0,Palwal,2018,3,3,3,5,2,15,1,0
4_05,0,0,1,0,0,0,1,0,4_05_02_V01Y_0,Palwal,2017,1,25,30,15,14,99,0,0
4_05,0,0,1,0,0,0,1,0,4_05_02_V01Y_0,Palwal,2017,2,20,15,14,6,58,0,0
4_05,0,0,1,0,0,0,1,0,4_05_02_V01Y_0,Palwal,2017,3,21,19,22,11,83,0,0
4_05,0,0,1,0,0,0,1,0,4_05_02_V01Y_0,Palwal,2017,4,18,21,15,14,73,0,0
4_05,0,0,1,0,0,0,1,0,4_05_02_V01Y_0,Palwal,2017,5,14,23,13,6,62,0,0
4_05,0,0,1,0,0,0,1,0,4_05_02_V01Y_0,Palwal,2017,6,10,8,18,13,51,0,0
4_05,0,0,1,0,0,0,1,0,4_05_02_V01Y_0,Palwal,2017,7,20,14,16,16,73,0,0
4_05,0,0,1,0,0,0,1,0,4_05_02_V01Y_0,Palwal,2017,8,11,12,9,15,60,0,0
4_05,0,0,1,0,0,0,1,0,4_05_02_V01Y_0,Palwal,2017,9,23,16,12,13,74,0,0
4_05,0,0,1,0,0,0,1,0,4_05_02_V01Y_0,Palwal,2017,10,27,25,17,14,100,0,0
4_05,0,0,1,0,0,0,1,0,4_05_02_V01Y_0,Palwal,2017,11,15,11,9,10,53,0,0
4_05,0,0,1,0,0,0,1,0,4_05_02_V01Y_0,Palwal,2017,12,34,22,30,19,138,0,0
4_05,0,0,1,0,0,0,1,0,4_05_02_V01Y_0,Palwal,2018,1,17,21,10,7,70,0,0
4_05,0,0,1,0,0,0,1,0,4_05_02_V01Y_0,Palwal,2018,2,30,21,21,9,106,0,0
4_05,0,0,1,0,0,0,1,0,4_05_02_V01Y_0,Palwal,2018,3,19,34,20,17,110,0,0
4_05,1,0,0,0,1,0,0,0,4_05_03_V01Y_0,Palwal,2017,1,29,31,31,20,118,0,0
4_05,1,0,0,0,1,0,0,0,4_05_03_V01Y_0,Palwal,2017,2,20,17,16,6,64,0,0
4_05,1,0,0,0,1,0,0,0,4_05_03_V01Y_0,Palwal,2017,3,17,25,20,24,89,0,0
4_05,1,0,0,0,1,0,0,0,4_05_03_V01Y_0,Palwal,2017,4,22,15,32,26,99,0,0
4_05,1,0,0,0,1,0,0,0,4_05_03_V01Y_0,Palwal,2017,5,24,26,27,22,99,0,0
4_05,1,0,0,0,1,0,0,0,4_05_03_V01Y_0,Palwal,2017,6,14,16,22,27,78,0,0
4_05,1,0,0,0,1,0,0,0,4_05_03_V01Y_0,Palwal,2017,7,13,13,15,23,70,0,0
4_05,1,0,0,0,1,0,0,0,4_05_03_V01Y_0,Palwal,2017,8,21,12,11,24,85,0,0
4_05,1,0,0,0,1,0,0,0,4_05_03_V01Y_0,Palwal,2017,9,29,20,14,19,105,0,0
4_05,1,0,0,0,1,0,0,0,4_05_03_V01Y_0,Palwal,2017,10,34,23,14,23,121,0,0
4_05,1,0,0,0,1,0,0,0,4_05_03_V01Y_0,Palwal,2017,11,29,30,26,23,142,0,0
4_05,1,0,0,0,1,0,0,0,4_05_03_V01Y_0,Palwal,2017,12,35,28,32,15,141,0,0
4_05,1,0,0,0,1,0,0,0,4_05_03_V01Y_0,Palwal,2018,1,22,27,15,18,103,0,0
4_05,1,0,0,0,1,0,0,0,4_05_03_V01Y_0,Palwal,2018,2,17,16,17,4,78,0,0
4_05,1,0,0,0,1,0,0,0,4_05_03_V01Y_0,Palwal,2018,3,21,21,28,16,109,0,0
4_05,0,1,0,0,0,0,0,1,4_05_06_V03Y_0,Palwal,2016,12,0,1,2,0,3,0,0
4_05,0,1,0,0,0,0,0,1,4_05_06_V03Y_0,Palwal,2017,1,2,0,1,1,5,0,0
4_05,0,1,0,0,0,0,0,1,4_05_06_V03Y_0,Palwal,2017,2,0,2,0,1,3,0,0
4_05,0,1,0,0,0,0,0,1,4_05_06_V03Y_0,Palwal,2017,3,0,0,2,0,2,0,0
4_05,0,1,0,0,0,0,0,1,4_05_06_V03Y_0,Palwal,2017,4,1,1,0,1,3,0,0
4_05,0,1,0,0,0,0,0,1,4_05_06_V03Y_0,Palwal,2017,5,1,1,1,2,6,0,0
4_05,0,1,0,0,0,0,0,1,4_05_06_V03Y_0,Palwal,2017,7,1,1,1,2,6,0,0
4_05,0,1,0,0,0,0,0,1,4_05_06_V03Y_0,Palwal,2017,8,2,0,1,1,6,0,0
4_05,0,1,0,0,0,0,0,1,4_05_06_V03Y_0,Palwal,2017,9,0,3,0,3,7,0,0
4_05,0,1,0,0,0,0,0,1,4_05_06_V03Y_0,Palwal,2017,10,1,0,3,1,7,0,0
4_05,0,1,0,0,0,0,0,1,4_05_06_V03Y_0,Palwal,2017,11,2,0,0,0,3,0,0
4_05,0,1,0,0,0,0,0,1,4_05_06_V03Y_0,Palwal,2017,12,3,2,0,0,6,0,0
4_05,0,1,0,0,0,0,0,1,4_05_06_V03Y_0,Palwal,2018,1,0,2,2,0,4,0,0
4_05,0,1,0,0,0,0,0,1,4_05_06_V03Y_0,Palwal,2018,2,1,2,2,0,6,0,0
4_05,0,1,0,0,0,0,0,1,4_05_06_V03Y_0,Palwal,2018,3,2,1,1,1,6,0,0
4_06,0,1,0,0,1,0,0,0,4_06_01_V01Y_0,Palwal,2017,1,27,12,18,0,61,0,1
4_06,0,1,0,0,1,0,0,0,4_06_01_V01Y_0,Palwal,2017,2,6,17,10,5,40,0,1
4_06,0,1,0,0,1,0,0,0,4_06_01_V01Y_0,Palwal,2017,3,5,3,1,3,12,0,1
4_06,0,1,0,0,1,0,0,0,4_06_01_V01Y_0,Palwal,2017,4,3,1,2,1,7,0,1
4_06,0,1,0,0,1,0,0,0,4_06_01_V01Y_0,Palwal,2017,5,6,3,4,2,20,0,1
4_06,0,1,0,0,1,0,0,0,4_06_01_V01Y_0,Palwal,2017,6,6,2,2,1,12,0,1
4_06,0,1,0,0,1,0,0,0,4_06_01_V01Y_0,Palwal,2017,7,10,8,5,11,32,0,1
4_06,0,1,0,0,1,0,0,0,4_06_01_V01Y_0,Palwal,2017,8,7,16,4,4,29,0,1
4_06,0,1,0,0,1,0,0,0,4_06_01_V01Y_0,Palwal,2017,9,4,2,1,3,11,0,1
4_06,0,1,0,0,1,0,0,0,4_06_01_V01Y_0,Palwal,2017,10,8,4,8,5,31,0,1
4_06,0,1,0,0,1,0,0,0,4_06_01_V01Y_0,Palwal,2017,11,5,12,8,7,34,0,1
4_06,0,1,0,0,1,0,0,0,4_06_01_V01Y_0,Palwal,2017,12,8,4,8,3,21,0,1
4_06,0,1,0,0,1,0,0,0,4_06_01_V01Y_0,Palwal,2018,1,8,6,4,5,27,0,1
4_06,0,1,0,0,1,0,0,0,4_06_01_V01Y_0,Palwal,2018,2,2,4,1,2,7,0,1
4_06,0,1,0,0,1,0,0,0,4_06_01_V01Y_0,Palwal,2018,3,7,4,3,3,15,0,1
4_06,0,0,1,0,0,0,0,1,4_06_02_V02Y_0,Palwal,2016,12,1,2,3,1,7,0,1
4_06,0,0,1,0,0,0,0,1,4_06_02_V02Y_0,Palwal,2017,1,11,8,5,4,34,0,1
4_06,0,0,1,0,0,0,0,1,4_06_02_V02Y_0,Palwal,2017,3,4,1,2,1,5,0,1
4_06,0,0,1,0,0,0,0,1,4_06_02_V02Y_0,Palwal,2017,5,4,3,10,3,21,0,1
4_06,0,0,1,0,0,0,0,1,4_06_02_V02Y_0,Palwal,2017,6,10,6,10,7,42,0,1
4_06,0,0,1,0,0,0,0,1,4_06_02_V02Y_0,Palwal,2017,7,11,8,4,15,45,0,1
4_06,0,0,1,0,0,0,0,1,4_06_02_V02Y_0,Palwal,2017,8,7,13,10,10,47,0,1
4_06,0,0,1,0,0,0,0,1,4_06_02_V02Y_0,Palwal,2017,9,22,10,8,12,63,0,1
4_06,0,0,1,0,0,0,0,1,4_06_02_V02Y_0,Palwal,2017,10,14,19,8,12,62,0,1
4_06,0,0,1,0,0,0,0,1,4_06_02_V02Y_0,Palwal,2017,11,9,8,12,8,46,0,1
4_06,0,0,1,0,0,0,0,1,4_06_02_V02Y_0,Palwal,2017,12,10,17,14,9,62,0,1
4_06,0,0,1,0,0,0,0,1,4_06_02_V02Y_0,Palwal,2018,1,11,5,7,10,40,0,1
4_06,0,0,1,0,0,0,0,1,4_06_02_V02Y_0,Palwal,2018,2,9,17,12,8,61,0,1
4_06,0,0,1,0,0,0,0,1,4_06_02_V02Y_0,Palwal,2018,3,8,8,15,3,56,0,1
4_07,0,1,0,0,1,0,0,0,4_07_01_V01Y_0,Palwal,2016,12,3,7,7,3,23,1,0
4_07,0,1,0,0,1,0,0,0,4_07_01_V01Y_0,Palwal,2017,1,25,20,26,21,106,1,0
4_07,0,1,0,0,1,0,0,0,4_07_01_V01Y_0,Palwal,2017,2,18,16,22,7,73,1,0
4_07,0,1,0,0,1,0,0,0,4_07_01_V01Y_0,Palwal,2017,3,9,18,13,6,50,1,0
4_07,0,1,0,0,1,0,0,0,4_07_01_V01Y_0,Palwal,2017,4,31,24,22,25,109,1,0
4_07,0,1,0,0,1,0,0,0,4_07_01_V01Y_0,Palwal,2017,5,14,22,12,24,78,1,0
4_07,0,1,0,0,1,0,0,0,4_07_01_V01Y_0,Palwal,2017,6,14,6,15,14,57,1,0
4_07,0,1,0,0,1,0,0,0,4_07_01_V01Y_0,Palwal,2017,7,16,18,20,30,86,1,0
4_07,0,1,0,0,1,0,0,0,4_07_01_V01Y_0,Palwal,2017,8,17,18,14,8,62,1,0
4_07,0,1,0,0,1,0,0,0,4_07_01_V01Y_0,Palwal,2017,9,22,13,18,12,73,1,0
4_07,0,1,0,0,1,0,0,0,4_07_01_V01Y_0,Palwal,2017,10,30,27,19,20,112,1,0
4_07,0,1,0,0,1,0,0,0,4_07_01_V01Y_0,Palwal,2017,11,20,26,24,17,108,1,0
4_07,0,1,0,0,1,0,0,0,4_07_01_V01Y_0,Palwal,2017,12,20,14,19,7,70,1,0
4_07,0,1,0,0,1,0,0,0,4_07_01_V01Y_0,Palwal,2018,1,18,17,11,10,67,1,0
4_07,0,1,0,0,1,0,0,0,4_07_01_V01Y_0,Palwal,2018,2,9,8,9,8,34,1,0
4_07,0,1,0,0,1,0,0,0,4_07_01_V01Y_0,Palwal,2018,3,15,20,15,8,77,1,0
4_07,0,1,0,0,0,0,1,0,4_07_06_V01Y_0,Palwal,2017,1,7,9,5,3,25,0,0
4_07,0,1,0,0,0,0,1,0,4_07_06_V01Y_0,Palwal,2017,2,5,7,11,2,29,0,0
4_07,0,1,0,0,0,0,1,0,4_07_06_V01Y_0,Palwal,2017,3,0,4,6,2,13,0,0
4_07,0,1,0,0,0,0,1,0,4_07_06_V01Y_0,Palwal,2017,4,7,3,6,5,19,0,0
4_07,0,1,0,0,0,0,1,0,4_07_06_V01Y_0,Palwal,2017,5,7,12,4,8,29,0,0
4_07,0,1,0,0,0,0,1,0,4_07_06_V01Y_0,Palwal,2017,6,1,7,7,7,22,0,0
4_07,0,1,0,0,0,0,1,0,4_07_06_V01Y_0,Palwal,2017,7,4,1,5,6,15,0,0
4_07,0,1,0,0,0,0,1,0,4_07_06_V01Y_0,Palwal,2017,8,11,3,5,11,31,0,0
4_07,0,1,0,0,0,0,1,0,4_07_06_V01Y_0,Palwal,2017,9,3,3,3,2,12,0,0
4_07,0,1,0,0,0,0,1,0,4_07_06_V01Y_0,Palwal,2017,10,15,14,9,7,49,0,0
4_07,0,1,0,0,0,0,1,0,4_07_06_V01Y_0,Palwal,2017,11,5,8,4,5,26,0,0
4_07,0,1,0,0,0,0,1,0,4_07_06_V01Y_0,Palwal,2017,12,17,8,8,3,39,0,0
4_07,0,1,0,0,0,0,1,0,4_07_06_V01Y_0,Palwal,2018,1,1,1,1,2,10,0,0
4_07,0,1,0,0,0,0,1,0,4_07_06_V01Y_0,Palwal,2018,2,8,10,8,3,38,0,0
4_07,0,1,0,0,0,0,1,0,4_07_06_V01Y_0,Palwal,2018,3,4,9,8,9,36,0,0
4_07,0,1,0,0,0,0,0,1,4_07_07_V04Y_0,Palwal,2016,12,12,10,4,4,36,0,1
4_07,0,1,0,0,0,0,0,1,4_07_07_V04Y_0,Palwal,2017,1,22,32,29,15,103,0,1
4_07,0,1,0,0,0,0,0,1,4_07_07_V04Y_0,Palwal,2017,2,26,22,26,11,86,0,1
4_07,0,1,0,0,0,0,0,1,4_07_07_V04Y_0,Palwal,2017,3,24,22,28,9,78,0,1
4_07,0,1,0,0,0,0,0,1,4_07_07_V04Y_0,Palwal,2017,4,11,25,23,22,83,0,1
4_07,0,1,0,0,0,0,0,1,4_07_07_V04Y_0,Palwal,2017,5,14,22,25,20,80,0,1
4_07,0,1,0,0,0,0,0,1,4_07_07_V04Y_0,Palwal,2017,6,14,13,23,12,69,0,1
4_07,0,1,0,0,0,0,0,1,4_07_07_V04Y_0,Palwal,2017,7,14,8,15,22,65,0,1
4_07,0,1,0,0,0,0,0,1,4_07_07_V04Y_0,Palwal,2017,8,30,10,11,27,83,0,1
4_07,0,1,0,0,0,0,0,1,4_07_07_V04Y_0,Palwal,2017,9,25,30,8,26,101,0,1
4_07,0,1,0,0,0,0,0,1,4_07_07_V04Y_0,Palwal,2017,10,19,22,24,18,99,0,1
4_07,0,1,0,0,0,0,0,1,4_07_07_V04Y_0,Palwal,2017,11,12,9,15,6,53,0,1
4_07,0,1,0,0,0,0,0,1,4_07_07_V04Y_0,Palwal,2017,12,17,15,16,16,87,0,1
4_07,0,1,0,0,0,0,0,1,4_07_07_V04Y_0,Palwal,2018,1,16,7,6,4,36,0,1
4_07,0,1,0,0,0,0,0,1,4_07_07_V04Y_0,Palwal,2018,2,18,13,12,4,59,0,1
4_07,0,1,0,0,0,0,0,1,4_07_07_V04Y_0,Palwal,2018,3,5,8,2,4,25,0,1
4_08,0,0,0,1,0,0,0,0,4_08_02_V01Y_0,Palwal,2017,1,3,2,2,0,8,0,1
4_08,0,0,0,1,0,0,0,0,4_08_02_V01Y_0,Palwal,2017,2,1,2,1,0,4,0,1
4_08,0,0,0,1,0,0,0,0,4_08_02_V01Y_0,Palwal,2017,3,3,1,2,1,7,0,1
4_08,0,0,0,1,0,0,0,0,4_08_02_V01Y_0,Palwal,2017,4,1,1,1,0,3,0,1
4_08,0,0,0,1,0,0,0,0,4_08_02_V01Y_0,Palwal,2017,5,1,2,2,1,8,0,1
4_08,0,0,0,1,0,0,0,0,4_08_02_V01Y_0,Palwal,2017,6,1,1,0,1,3,0,1
4_08,0,0,0,1,0,0,0,0,4_08_02_V01Y_0,Palwal,2017,12,3,1,0,2,6,0,1
4_08,0,0,0,1,0,0,0,0,4_08_02_V01Y_0,Palwal,2018,2,0,3,1,4,7,0,1
4_08,0,0,0,1,0,0,0,0,4_08_02_V01Y_0,Palwal,2018,3,1,1,1,0,5,0,1
4_08,0,1,0,0,0,0,0,0,4_08_02_V03Y_0,Palwal,2017,1,8,3,1,1,13,0,1
4_08,0,1,0,0,0,0,0,0,4_08_02_V03Y_0,Palwal,2017,2,7,9,5,1,23,0,1
4_08,0,1,0,0,0,0,0,0,4_08_02_V03Y_0,Palwal,2017,3,6,5,5,2,19,0,1
4_08,0,1,0,0,0,0,0,0,4_08_02_V03Y_0,Palwal,2017,4,6,7,2,5,23,0,1
4_08,0,1,0,0,0,0,0,0,4_08_02_V03Y_0,Palwal,2017,5,3,8,6,5,24,0,1
4_08,0,1,0,0,0,0,0,0,4_08_02_V03Y_0,Palwal,2017,6,0,1,4,3,8,0,1
4_08,0,1,0,0,0,0,0,0,4_08_02_V03Y_0,Palwal,2017,8,0,2,0,1,3,0,1
4_08,0,1,0,0,0,0,0,0,4_08_02_V03Y_0,Palwal,2017,9,1,2,0,1,4,0,1
4_08,0,1,0,0,0,0,0,0,4_08_02_V03Y_0,Palwal,2017,12,9,2,3,4,20,0,1
4_08,0,1,0,0,0,0,0,0,4_08_02_V03Y_0,Palwal,2018,1,4,5,3,1,13,0,1
4_08,0,1,0,0,0,0,0,0,4_08_02_V03Y_0,Palwal,2018,2,2,2,1,2,11,0,1
4_08,0,1,0,0,0,0,0,0,4_08_02_V03Y_0,Palwal,2018,3,4,2,4,4,14,0,1
4_08,1,0,0,0,0,0,0,0,4_08_03_V01Y_1,Palwal,2017,1,5,6,5,6,23,0,1
4_08,1,0,0,0,0,0,0,0,4_08_03_V01Y_1,Palwal,2017,2,9,10,11,6,38,0,1
4_08,1,0,0,0,0,0,0,0,4_08_03_V01Y_1,Palwal,2017,3,13,10,11,7,43,0,1
4_08,1,0,0,0,0,0,0,0,4_08_03_V01Y_1,Palwal,2017,4,14,12,4,9,39,0,1
4_08,1,0,0,0,0,0,0,0,4_08_03_V01Y_1,Palwal,2017,5,11,14,13,9,47,0,1
4_08,1,0,0,0,0,0,0,0,4_08_03_V01Y_1,Palwal,2017,6,2,15,14,14,50,0,1
4_08,1,0,0,0,0,0,0,0,4_08_03_V01Y_1,Palwal,2017,7,16,4,18,8,54,0,1
4_08,1,0,0,0,0,0,0,0,4_08_03_V01Y_1,Palwal,2017,8,7,12,3,7,41,0,1
4_08,1,0,0,0,0,0,0,0,4_08_03_V01Y_1,Palwal,2017,9,13,9,13,10,50,0,1
4_08,1,0,0,0,0,0,0,0,4_08_03_V01Y_1,Palwal,2017,10,14,7,7,10,43,0,1
4_08,1,0,0,0,0,0,0,0,4_08_03_V01Y_1,Palwal,2017,11,10,10,3,6,35,0,1
4_08,1,0,0,0,0,0,0,0,4_08_03_V01Y_1,Palwal,2017,12,4,4,2,3,14,0,1
4_08,1,0,0,0,0,0,0,0,4_08_03_V01Y_1,Palwal,2018,1,5,8,6,6,31,0,1
4_08,1,0,0,0,0,0,0,0,4_08_03_V01Y_1,Palwal,2018,2,5,6,5,4,26,0,1
4_08,1,0,0,0,0,0,0,0,4_08_03_V01Y_1,Palwal,2018,3,10,12,9,8,47,0,1
4_08,0,0,0,1,0,0,0,0,4_08_04_V02Y_0,Palwal,2017,1,10,4,11,8,35,0,0
4_08,0,0,0,1,0,0,0,0,4_08_04_V02Y_0,Palwal,2017,2,5,10,6,5,29,0,0
4_08,0,0,0,1,0,0,0,0,4_08_04_V02Y_0,Palwal,2017,3,10,8,10,5,37,0,0
4_08,0,0,0,1,0,0,0,0,4_08_04_V02Y_0,Palwal,2017,4,9,7,9,6,33,0,0
4_08,0,0,0,1,0,0,0,0,4_08_04_V02Y_0,Palwal,2017,5,3,7,9,13,34,0,0
4_08,0,0,0,1,0,0,0,0,4_08_04_V02Y_0,Palwal,2017,6,4,6,5,9,27,0,0
4_08,0,0,0,1,0,0,0,0,4_08_04_V02Y_0,Palwal,2017,7,7,1,5,7,23,0,0
4_08,0,0,0,1,0,0,0,0,4_08_04_V02Y_0,Palwal,2017,8,7,3,4,3,20,0,0
4_08,0,0,0,1,0,0,0,0,4_08_04_V02Y_0,Palwal,2017,9,5,9,6,14,38,0,0
4_08,0,0,0,1,0,0,0,0,4_08_04_V02Y_0,Palwal,2017,10,9,4,7,7,31,0,0
4_08,0,0,0,1,0,0,0,0,4_08_04_V02Y_0,Palwal,2017,11,4,6,7,3,28,0,0
4_08,0,0,0,1,0,0,0,0,4_08_04_V02Y_0,Palwal,2017,12,10,7,5,6,36,0,0
4_08,0,0,0,1,0,0,0,0,4_08_04_V02Y_0,Palwal,2018,1,7,9,2,4,30,0,0
4_08,0,0,0,1,0,0,0,0,4_08_04_V02Y_0,Palwal,2018,2,7,10,8,4,39,0,0
4_08,0,0,0,1,0,0,0,0,4_08_04_V02Y_0,Palwal,2018,3,7,5,12,7,41,0,0
4_10,0,1,0,0,0,0,0,0,4_10_01_V05Y_0,Palwal,2017,1,5,6,8,2,22,0,1
4_10,0,1,0,0,0,0,0,0,4_10_01_V05Y_0,Palwal,2017,2,0,3,6,4,11,0,1
4_10,0,1,0,0,0,0,0,0,4_10_01_V05Y_0,Palwal,2017,3,2,3,4,2,12,0,1
4_10,0,1,0,0,0,0,0,0,4_10_01_V05Y_0,Palwal,2017,4,1,2,2,3,9,0,1
4_10,0,1,0,0,0,0,0,0,4_10_01_V05Y_0,Palwal,2017,5,2,0,1,2,5,0,1
4_10,0,1,0,0,0,0,0,0,4_10_01_V05Y_0,Palwal,2017,6,1,2,3,6,11,0,1
4_10,0,1,0,0,0,0,0,0,4_10_01_V05Y_0,Palwal,2017,7,1,1,1,5,11,0,1
4_10,0,1,0,0,0,0,0,0,4_10_01_V05Y_0,Palwal,2017,8,4,1,2,1,9,0,1
4_10,0,1,0,0,0,0,0,0,4_10_01_V05Y_0,Palwal,2017,9,2,2,1,3,11,0,1
4_10,0,1,0,0,0,0,0,0,4_10_01_V05Y_0,Palwal,2017,10,2,4,0,2,11,0,1
4_10,0,1,0,0,0,0,0,0,4_10_01_V05Y_0,Palwal,2017,11,6,3,6,2,21,0,1
4_10,0,1,0,0,0,0,0,0,4_10_01_V05Y_0,Palwal,2017,12,4,6,1,2,23,0,1
4_10,0,1,0,0,0,0,0,0,4_10_01_V05Y_0,Palwal,2018,1,4,4,6,3,26,0,1
4_10,0,1,0,0,0,0,0,0,4_10_01_V05Y_0,Palwal,2018,2,4,7,4,2,21,0,1
4_10,0,1,0,0,0,0,0,0,4_10_01_V05Y_0,Palwal,2018,3,1,0,4,3,24,0,1
4_10,1,0,0,0,0,0,0,0,4_10_01_V08Y_0,Palwal,2017,1,2,3,3,1,9,0,1
4_10,1,0,0,0,0,0,0,0,4_10_01_V08Y_0,Palwal,2017,2,3,1,5,2,14,0,1
4_10,1,0,0,0,0,0,0,0,4_10_01_V08Y_0,Palwal,2017,3,5,4,2,2,18,0,1
4_10,1,0,0,0,0,0,0,0,4_10_01_V08Y_0,Palwal,2017,4,3,4,2,2,15,0,1
4_10,1,0,0,0,0,0,0,0,4_10_01_V08Y_0,Palwal,2017,5,3,1,0,1,19,0,1
4_10,1,0,0,0,0,0,0,0,4_10_01_V08Y_0,Palwal,2017,6,3,5,3,8,23,0,1
4_10,1,0,0,0,0,0,0,0,4_10_01_V08Y_0,Palwal,2017,7,1,2,3,3,12,0,1
4_10,1,0,0,0,0,0,0,0,4_10_01_V08Y_0,Palwal,2017,8,7,3,5,2,26,0,1
4_10,1,0,0,0,0,0,0,0,4_10_01_V08Y_0,Palwal,2017,9,5,7,5,1,22,0,1
4_10,1,0,0,0,0,0,0,0,4_10_01_V08Y_0,Palwal,2017,10,2,4,6,4,25,0,1
4_10,1,0,0,0,0,0,0,0,4_10_01_V08Y_0,Palwal,2017,11,2,1,5,5,21,0,1
4_10,1,0,0,0,0,0,0,0,4_10_01_V08Y_0,Palwal,2017,12,8,2,1,7,29,0,1
4_10,1,0,0,0,0,0,0,0,4_10_01_V08Y_0,Palwal,2018,1,0,9,3,5,22,0,1
4_10,1,0,0,0,0,0,0,0,4_10_01_V08Y_0,Palwal,2018,2,4,1,7,1,17,0,1
4_10,1,0,0,0,0,0,0,0,4_10_01_V08Y_0,Palwal,2018,3,1,0,0,1,3,0,1
4_10,0,0,1,0,0,0,0,0,4_10_02_V04Y_1,Palwal,2017,1,4,9,2,3,18,1,0
4_10,0,0,1,0,0,0,0,0,4_10_02_V04Y_1,Palwal,2017,2,3,5,7,3,18,1,0
4_10,0,0,1,0,0,0,0,0,4_10_02_V04Y_1,Palwal,2017,3,5,2,1,2,11,1,0
4_10,0,0,1,0,0,0,0,0,4_10_02_V04Y_1,Palwal,2017,4,3,2,8,1,19,1,0
4_10,0,0,1,0,0,0,0,0,4_10_02_V04Y_1,Palwal,2017,5,6,1,3,4,14,1,0
4_10,0,0,1,0,0,0,0,0,4_10_02_V06Y_0,Palwal,2017,1,2,7,7,1,21,1,0
4_10,0,0,1,0,0,0,0,0,4_10_02_V06Y_0,Palwal,2017,2,3,6,11,3,22,1,0
4_10,0,0,1,0,0,0,0,0,4_10_02_V06Y_0,Palwal,2017,3,1,3,3,0,7,1,0
4_10,0,0,1,0,0,0,0,0,4_10_02_V06Y_0,Palwal,2017,4,7,0,3,8,18,1,0
4_10,0,0,1,0,0,0,0,0,4_10_02_V06Y_0,Palwal,2017,5,2,8,4,2,35,1,0
4_10,0,0,1,0,0,0,0,0,4_10_02_V06Y_0,Palwal,2017,6,3,4,6,15,37,1,0
4_10,0,0,1,0,0,0,0,0,4_10_02_V06Y_0,Palwal,2017,7,5,1,2,2,16,1,0
4_10,0,0,1,0,0,0,0,0,4_10_02_V06Y_0,Palwal,2017,8,2,7,2,8,31,1,0
4_10,0,0,1,0,0,0,0,0,4_10_02_V06Y_0,Palwal,2017,9,0,0,2,1,5,1,0
4_10,0,0,1,0,0,0,0,0,4_10_02_V06Y_0,Palwal,2017,10,5,1,1,1,11,1,0
4_10,0,0,1,0,0,0,0,0,4_10_02_V06Y_0,Palwal,2017,11,8,6,2,2,26,1,0
4_10,0,0,1,0,0,0,0,0,4_10_02_V06Y_0,Palwal,2017,12,11,7,6,4,34,1,0
4_10,0,0,1,0,0,0,0,0,4_10_02_V06Y_0,Palwal,2018,1,7,9,5,4,42,1,0
4_10,0,0,1,0,0,0,0,0,4_10_02_V06Y_0,Palwal,2018,2,2,6,11,3,33,1,0
4_10,0,0,1,0,0,0,0,0,4_10_02_V06Y_0,Palwal,2018,3,0,3,9,3,20,1,0
4_11,0,0,1,0,0,0,0,1,4_11_01_V03Y_0,Palwal,2016,12,1,2,1,2,7,0,0
4_11,0,0,1,0,0,0,0,1,4_11_01_V03Y_0,Palwal,2017,1,1,1,2,0,4,0,0
4_11,0,0,1,0,0,0,0,1,4_11_01_V03Y_0,Palwal,2017,2,0,1,0,1,2,0,0
4_11,0,0,1,0,0,0,0,1,4_11_01_V03Y_0,Palwal,2017,3,0,1,2,1,4,0,0
4_11,0,0,1,0,0,0,0,1,4_11_01_V03Y_0,Palwal,2017,5,1,0,0,1,2,0,0
4_11,0,0,1,0,0,0,0,1,4_11_01_V03Y_0,Palwal,2017,7,0,0,0,1,1,0,0
4_11,0,0,1,0,0,0,0,1,4_11_01_V03Y_0,Palwal,2017,8,0,0,0,1,1,0,0
4_11,0,0,1,0,0,0,0,1,4_11_01_V03Y_0,Palwal,2017,9,2,1,1,1,4,0,0
4_11,0,0,1,0,0,0,0,1,4_11_01_V03Y_0,Palwal,2017,10,3,2,0,0,5,0,0
4_11,0,0,1,0,0,0,0,1,4_11_01_V03Y_0,Palwal,2017,12,1,2,1,0,6,0,0
4_11,0,0,0,1,0,1,0,0,4_11_02_V05Y_0,Palwal,2017,2,3,6,3,4,16,0,1
4_11,0,0,0,1,0,1,0,0,4_11_02_V05Y_0,Palwal,2017,3,3,2,6,1,12,0,1
4_11,0,0,0,1,0,1,0,0,4_11_02_V05Y_0,Palwal,2017,10,7,7,1,2,18,0,1
4_11,0,0,0,1,0,1,0,0,4_11_02_V05Y_0,Palwal,2017,11,5,4,1,3,15,0,1
4_11,0,0,0,1,0,1,0,0,4_11_02_V05Y_0,Palwal,2017,12,3,5,9,3,22,0,1
4_11,0,0,0,1,0,1,0,0,4_11_02_V05Y_0,Palwal,2018,2,5,5,5,1,22,0,1
4_11,0,0,1,0,0,1,0,0,4_11_03_V03Y_0,Palwal,2017,1,0,2,0,0,4,0,1
4_11,0,0,1,0,0,1,0,0,4_11_03_V03Y_0,Palwal,2017,2,2,2,1,0,5,0,1
4_11,0,0,1,0,0,1,0,0,4_11_03_V03Y_0,Palwal,2017,4,0,0,0,2,2,0,1
4_11,0,0,1,0,0,1,0,0,4_11_03_V03Y_0,Palwal,2017,5,1,3,0,1,5,0,1
4_11,0,0,1,0,0,1,0,0,4_11_03_V03Y_0,Palwal,2017,7,0,0,0,1,1,0,1
4_11,0,0,1,0,0,1,0,0,4_11_03_V03Y_0,Palwal,2017,8,1,0,0,1,2,0,1
4_11,0,0,1,0,0,1,0,0,4_11_03_V03Y_0,Palwal,2017,10,1,0,0,0,4,0,1
4_11,0,0,1,0,0,1,0,0,4_11_03_V03Y_0,Palwal,2017,12,4,2,0,1,6,0,1
4_11,0,0,1,0,0,1,0,0,4_11_03_V03Y_0,Palwal,2018,2,0,2,0,0,3,0,1
4_11,0,0,1,0,0,1,0,0,4_11_03_V03Y_0,Palwal,2018,3,1,3,5,1,11,0,1
4_11,0,0,0,1,0,1,0,0,4_11_03_V04Y_0,Palwal,2017,1,0,3,2,1,6,0,1
4_11,0,0,0,1,0,1,0,0,4_11_03_V04Y_0,Palwal,2017,2,1,0,5,2,8,0,1
4_11,0,0,0,1,0,1,0,0,4_11_03_V04Y_0,Palwal,2017,3,1,0,0,1,2,0,1
4_11,0,0,0,1,0,1,0,0,4_11_03_V04Y_0,Palwal,2017,4,1,0,0,2,3,0,1
4_11,0,0,0,1,0,1,0,0,4_11_03_V04Y_0,Palwal,2017,5,0,0,0,0,1,0,1
4_11,0,0,0,1,0,1,0,0,4_11_03_V04Y_0,Palwal,2017,6,1,3,0,1,5,0,1
4_11,0,0,0,1,0,1,0,0,4_11_03_V04Y_0,Palwal,2017,7,2,1,2,1,8,0,1
4_11,0,0,0,1,0,1,0,0,4_11_03_V04Y_0,Palwal,2017,8,1,1,1,2,8,0,1
4_11,0,0,0,1,0,1,0,0,4_11_03_V04Y_0,Palwal,2017,9,2,1,1,0,4,0,1
4_11,0,0,0,1,0,1,0,0,4_11_03_V04Y_0,Palwal,2017,10,0,1,1,1,6,0,1
4_11,0,0,0,1,0,1,0,0,4_11_03_V04Y_0,Palwal,2017,11,3,2,1,2,9,0,1
4_11,0,0,0,1,0,1,0,0,4_11_03_V04Y_0,Palwal,2017,12,2,1,2,1,10,0,1
4_11,0,0,0,1,0,1,0,0,4_11_03_V04Y_0,Palwal,2018,2,2,1,3,1,8,0,1
4_11,0,0,0,1,0,1,0,0,4_11_03_V04Y_0,Palwal,2018,3,1,1,1,0,4,0,1
4_12,0,0,1,0,0,0,0,0,4_12_02_V02Y_0,Palwal,2017,1,24,29,26,9,103,1,0
4_12,0,0,1,0,0,0,0,0,4_12_02_V02Y_0,Palwal,2017,2,21,32,28,12,98,1,0
4_12,0,0,1,0,0,0,0,0,4_12_02_V02Y_0,Palwal,2017,3,19,22,30,22,94,1,0
4_12,0,0,1,0,0,0,0,0,4_12_02_V02Y_0,Palwal,2017,4,17,18,33,19,91,1,0
4_12,0,0,1,0,0,0,0,0,4_12_02_V02Y_0,Palwal,2017,5,11,14,22,22,75,1,0
4_12,0,0,1,0,0,0,0,0,4_12_02_V02Y_0,Palwal,2017,6,17,10,17,23,74,1,0
4_12,0,0,1,0,0,0,0,0,4_12_02_V02Y_0,Palwal,2017,7,15,14,6,15,52,1,0
4_12,0,0,1,0,0,0,0,0,4_12_02_V02Y_0,Palwal,2017,8,11,12,11,23,66,1,0
4_12,0,0,1,0,0,0,0,0,4_12_02_V02Y_0,Palwal,2017,9,18,13,11,13,62,1,0
4_12,0,0,1,0,0,0,0,0,4_12_02_V02Y_0,Palwal,2017,10,34,17,18,29,118,1,0
4_12,0,0,1,0,0,0,0,0,4_12_02_V02Y_0,Palwal,2017,11,24,22,25,12,96,1,0
4_12,0,0,1,0,0,0,0,0,4_12_02_V02Y_0,Palwal,2017,12,16,23,23,11,92,1,0
4_12,0,0,1,0,0,0,0,0,4_12_02_V02Y_0,Palwal,2018,1,13,12,15,11,67,1,0
4_12,0,0,1,0,0,0,0,0,4_12_02_V02Y_0,Palwal,2018,2,15,15,16,12,79,1,0
4_12,0,0,1,0,0,0,0,0,4_12_02_V02Y_0,Palwal,2018,3,14,9,9,4,53,1,0
4_12,0,0,0,1,0,0,0,0,4_12_04_V09Y_0,Palwal,2017,1,1,1,0,0,5,1,0
4_12,0,0,0,1,0,0,0,0,4_12_04_V09Y_0,Palwal,2017,2,4,2,0,1,6,1,0
4_12,0,0,0,1,0,0,0,0,4_12_04_V09Y_0,Palwal,2017,3,0,2,1,1,4,1,0
4_12,0,0,0,1,0,0,0,0,4_12_04_V09Y_0,Palwal,2017,4,2,0,2,2,8,1,0
4_12,0,0,0,1,0,0,0,0,4_12_04_V09Y_0,Palwal,2017,5,1,1,0,1,3,1,0
4_12,0,0,0,1,0,0,0,0,4_12_04_V09Y_0,Palwal,2017,6,0,1,1,1,4,1,0
4_12,0,0,0,1,0,0,0,0,4_12_04_V09Y_0,Palwal,2017,7,0,1,0,0,1,1,0
4_12,0,0,0,1,0,0,0,0,4_12_04_V09Y_0,Palwal,2017,8,0,0,1,0,1,1,0
4_12,0,0,0,1,0,0,0,0,4_12_04_V09Y_0,Palwal,2017,12,2,0,2,0,7,1,0
4_12,0,0,0,1,0,0,0,0,4_12_04_V09Y_0,Palwal,2018,1,0,1,2,0,4,1,0
4_12,0,0,0,1,0,0,0,0,4_12_04_V09Y_0,Palwal,2018,2,9,3,3,0,16,1,0
4_12,0,0,0,1,0,0,0,0,4_12_04_V09Y_0,Palwal,2018,3,0,3,2,0,5,1,0
4_12,0,1,0,0,0,0,0,0,4_12_05_V09Y_0,Palwal,2017,2,2,8,6,1,16,1,0
4_12,0,1,0,0,0,0,0,0,4_12_05_V09Y_0,Palwal,2017,3,3,3,6,2,14,1,0
4_12,0,1,0,0,0,0,0,0,4_12_05_V09Y_0,Palwal,2017,4,1,2,4,0,7,1,0
4_12,0,1,0,0,0,0,0,0,4_12_05_V09Y_0,Palwal,2017,5,2,1,2,1,6,1,0
4_12,0,1,0,0,0,0,0,0,4_12_05_V09Y_0,Palwal,2017,6,0,2,1,3,6,1,0
4_12,0,1,0,0,0,0,0,0,4_12_05_V09Y_0,Palwal,2017,7,3,0,2,8,13,1,0
4_12,0,1,0,0,0,0,0,0,4_12_05_V09Y_0,Palwal,2017,8,3,4,0,3,10,1,0
4_12,0,1,0,0,0,0,0,0,4_12_05_V09Y_0,Palwal,2017,9,1,1,1,4,13,1,0
4_13,1,0,0,0,0,0,0,0,4_13_01_V02Y_0,Palwal,2017,1,9,6,1,1,21,0,1
4_13,1,0,0,0,0,0,0,0,4_13_01_V02Y_0,Palwal,2017,2,7,5,4,0,17,0,1
4_13,1,0,0,0,0,0,0,0,4_13_01_V02Y_0,Palwal,2017,4,1,0,2,0,3,0,1
4_13,1,0,0,0,0,0,0,0,4_13_01_V02Y_0,Palwal,2017,5,1,0,0,2,3,0,1
4_13,1,0,0,0,0,0,0,0,4_13_01_V02Y_0,Palwal,2017,6,3,1,1,1,8,0,1
4_13,1,0,0,0,0,0,0,0,4_13_01_V02Y_0,Palwal,2017,7,3,5,1,0,12,0,1
4_13,1,0,0,0,0,0,0,0,4_13_01_V02Y_0,Palwal,2017,8,3,5,4,2,15,0,1
4_13,1,0,0,0,0,0,0,0,4_13_01_V02Y_0,Palwal,2017,9,1,0,4,2,7,0,1
4_13,1,0,0,0,0,0,0,0,4_13_01_V02Y_0,Palwal,2017,10,6,1,3,3,14,0,1
4_13,1,0,0,0,0,0,0,0,4_13_01_V02Y_0,Palwal,2017,11,3,3,1,3,9,0,1
4_13,1,0,0,0,0,0,0,0,4_13_01_V02Y_0,Palwal,2017,12,4,5,4,6,17,0,1
4_13,1,0,0,0,0,0,0,0,4_13_01_V02Y_0,Palwal,2018,1,5,4,4,5,20,0,1
4_13,1,0,0,0,0,0,0,0,4_13_01_V02Y_0,Palwal,2018,2,8,3,3,2,18,0,1
4_13,1,0,0,0,0,0,0,0,4_13_01_V02Y_0,Palwal,2018,3,0,8,1,2,9,0,1
4_13,1,0,0,0,0,0,0,0,4_13_02_V06Y_0,Palwal,2017,1,12,16,6,8,40,1,0
4_13,1,0,0,0,0,0,0,0,4_13_02_V06Y_0,Palwal,2017,2,3,4,11,4,21,1,0
4_13,1,0,0,0,0,0,0,0,4_13_02_V06Y_0,Palwal,2017,3,1,1,1,1,4,1,0
4_13,1,0,0,0,0,0,0,0,4_13_02_V06Y_0,Palwal,2017,5,11,7,9,10,34,1,0
4_13,1,0,0,0,0,0,0,0,4_13_02_V06Y_0,Palwal,2017,6,3,5,1,3,15,1,0
4_13,1,0,0,0,0,0,0,0,4_13_02_V06Y_0,Palwal,2017,7,14,4,10,4,35,1,0
4_13,1,0,0,0,0,0,0,0,4_13_02_V06Y_0,Palwal,2017,8,13,14,8,10,42,1,0
4_13,1,0,0,0,0,0,0,0,4_13_02_V06Y_0,Palwal,2017,9,9,10,11,7,37,1,0
4_13,1,0,0,0,0,0,0,0,4_13_02_V06Y_0,Palwal,2017,10,9,0,3,2,13,1,0
4_13,1,0,0,0,0,0,0,0,4_13_02_V06Y_0,Palwal,2017,11,13,9,16,8,45,1,0
4_13,1,0,0,0,0,0,0,0,4_13_02_V06Y_0,Palwal,2017,12,12,16,7,3,43,1,0
5_01,1,0,0,0,0,0,0,0,5_01_01_V01Y_0,Panipat,2017,3,16,9,12,7,46,1,0
5_01,1,0,0,0,0,0,0,0,5_01_01_V01Y_0,Panipat,2017,4,12,10,11,17,49,1,0
5_01,1,0,0,0,0,0,0,0,5_01_01_V01Y_0,Panipat,2017,5,7,14,7,9,37,1,0
5_01,1,0,0,0,0,0,0,0,5_01_01_V01Y_0,Panipat,2017,6,12,7,9,10,39,1,0
5_01,1,0,0,0,0,0,0,0,5_01_01_V01Y_0,Panipat,2017,7,18,14,13,16,63,1,0
5_01,1,0,0,0,0,0,0,0,5_01_01_V01Y_0,Panipat,2017,8,7,9,12,10,41,1,0
5_01,1,0,0,0,0,0,0,0,5_01_01_V01Y_0,Panipat,2017,9,15,10,11,6,47,1,0
5_01,1,0,0,0,0,0,0,0,5_01_01_V01Y_0,Panipat,2017,10,15,12,9,8,53,1,0
5_01,1,0,0,0,0,0,0,0,5_01_01_V01Y_0,Panipat,2017,11,17,16,9,16,66,1,0
5_01,1,0,0,0,0,0,0,0,5_01_01_V01Y_0,Panipat,2017,12,16,13,13,12,61,1,0
5_01,1,0,0,0,0,0,0,0,5_01_01_V01Y_0,Panipat,2018,1,13,15,17,5,51,1,0
5_01,1,0,0,0,0,0,0,0,5_01_01_V01Y_0,Panipat,2018,2,11,17,14,14,72,1,0
5_01,1,0,0,0,0,0,0,0,5_01_01_V01Y_0,Panipat,2018,3,12,9,13,9,62,1,0
5_01,0,1,0,0,0,0,0,0,5_01_04_V01Y_0,Panipat,2017,3,16,10,13,14,54,0,0
5_01,0,1,0,0,0,0,0,0,5_01_04_V01Y_0,Panipat,2017,4,17,18,11,20,67,0,0
5_01,0,1,0,0,0,0,0,0,5_01_04_V01Y_0,Panipat,2017,5,15,11,17,9,55,0,0
5_01,0,1,0,0,0,0,0,0,5_01_04_V01Y_0,Panipat,2017,6,13,12,12,18,61,0,0
5_01,0,1,0,0,0,0,0,0,5_01_04_V01Y_0,Panipat,2017,7,9,12,10,18,59,0,0
5_01,0,1,0,0,0,0,0,0,5_01_04_V01Y_0,Panipat,2017,8,5,6,15,10,49,0,0
5_01,0,1,0,0,0,0,0,0,5_01_04_V01Y_0,Panipat,2017,9,20,6,9,10,52,0,0
5_01,0,1,0,0,0,0,0,0,5_01_04_V01Y_0,Panipat,2017,10,10,8,3,8,47,0,0
5_01,0,1,0,0,0,0,0,0,5_01_04_V01Y_0,Panipat,2017,11,15,12,4,12,58,0,0
5_01,0,1,0,0,0,0,0,0,5_01_04_V01Y_0,Panipat,2017,12,14,15,15,17,81,0,0
5_01,0,1,0,0,0,0,0,0,5_01_04_V01Y_0,Panipat,2018,1,8,9,8,9,47,0,0
5_01,0,1,0,0,0,0,0,0,5_01_04_V01Y_0,Panipat,2018,2,25,11,15,17,106,0,0
5_01,0,1,0,0,0,0,0,0,5_01_04_V01Y_0,Panipat,2018,3,9,21,11,4,64,0,0
5_01,0,0,0,1,0,0,0,0,5_01_06_V01Y_0,Panipat,2017,3,1,1,1,0,3,0,0
5_01,0,0,0,1,0,0,0,0,5_01_06_V01Y_0,Panipat,2017,4,2,1,1,0,4,0,0
5_01,0,0,0,1,0,0,0,0,5_01_06_V01Y_0,Panipat,2017,5,0,2,3,0,4,0,0
5_01,0,0,0,1,0,0,0,0,5_01_06_V01Y_0,Panipat,2017,6,0,0,2,0,1,0,0
5_01,0,0,0,1,0,0,0,0,5_01_06_V01Y_0,Panipat,2017,7,0,2,0,2,3,0,0
5_01,0,0,0,1,0,0,0,0,5_01_06_V01Y_0,Panipat,2017,8,0,0,1,1,1,0,0
5_01,0,0,0,1,0,0,0,0,5_01_06_V01Y_0,Panipat,2017,9,1,1,1,1,3,0,0
5_01,0,0,0,1,0,0,0,0,5_01_06_V01Y_0,Panipat,2017,10,0,1,0,1,2,0,0
5_01,0,0,0,1,0,0,0,0,5_01_06_V01Y_0,Panipat,2017,11,1,0,1,0,4,0,0
5_01,0,0,0,1,0,0,0,0,5_01_06_V01Y_0,Panipat,2017,12,3,0,1,2,5,0,0
5_01,0,0,0,1,0,0,0,0,5_01_06_V01Y_0,Panipat,2018,1,1,4,0,1,6,0,0
5_01,0,0,0,1,0,0,0,0,5_01_06_V01Y_0,Panipat,2018,2,3,1,3,1,8,0,0
5_01,0,0,0,1,0,0,0,0,5_01_06_V01Y_0,Panipat,2018,3,2,4,2,0,10,0,0
5_01,0,0,1,0,0,0,0,0,5_01_06_V02Y_0,Panipat,2017,3,7,2,4,4,17,0,0
5_01,0,0,1,0,0,0,0,0,5_01_06_V02Y_0,Panipat,2017,4,4,6,4,3,17,0,0
5_01,0,0,1,0,0,0,0,0,5_01_06_V02Y_0,Panipat,2017,5,6,5,5,3,19,0,0
5_01,0,0,1,0,0,0,0,0,5_01_06_V02Y_0,Panipat,2017,6,4,3,2,5,14,0,0
5_01,0,0,1,0,0,0,0,0,5_01_06_V02Y_0,Panipat,2017,7,8,7,5,11,31,0,0
5_01,0,0,1,0,0,0,0,0,5_01_06_V02Y_0,Panipat,2017,8,7,5,3,1,16,0,0
5_01,0,0,1,0,0,0,0,0,5_01_06_V02Y_0,Panipat,2017,9,9,6,7,4,27,0,0
5_01,0,0,1,0,0,0,0,0,5_01_06_V02Y_0,Panipat,2017,10,4,6,8,4,25,0,0
5_01,0,0,1,0,0,0,0,0,5_01_06_V02Y_0,Panipat,2017,11,3,8,5,2,22,0,0
5_01,0,0,1,0,0,0,0,0,5_01_06_V02Y_0,Panipat,2017,12,9,3,8,2,27,0,0
5_01,0,0,1,0,0,0,0,0,5_01_06_V02Y_0,Panipat,2018,1,3,4,1,4,16,0,0
5_01,0,0,1,0,0,0,0,0,5_01_06_V02Y_0,Panipat,2018,2,7,6,6,4,27,0,0
5_01,0,0,1,0,0,0,0,0,5_01_06_V02Y_0,Panipat,2018,3,10,4,7,8,31,0,0
5_02,0,1,0,0,0,0,0,0,5_02_01_V01Y_0,Panipat,2017,3,13,8,10,8,46,0,0
5_02,0,1,0,0,0,0,0,0,5_02_01_V01Y_0,Panipat,2017,4,12,7,9,5,38,0,0
5_02,0,1,0,0,0,0,0,0,5_02_01_V01Y_0,Panipat,2017,5,11,18,8,14,51,0,0
5_02,0,1,0,0,0,0,0,0,5_02_01_V01Y_0,Panipat,2017,6,12,11,11,7,44,0,0
5_02,0,1,0,0,0,0,0,0,5_02_01_V01Y_0,Panipat,2017,7,7,8,7,8,35,0,0
5_02,0,1,0,0,0,0,0,0,5_02_01_V01Y_0,Panipat,2017,8,3,9,6,11,31,0,0
5_02,0,1,0,0,0,0,0,0,5_02_01_V01Y_0,Panipat,2017,9,11,6,11,12,46,0,0
5_02,0,1,0,0,0,0,0,0,5_02_01_V01Y_0,Panipat,2017,10,6,4,8,6,31,0,0
5_02,0,1,0,0,0,0,0,0,5_02_01_V01Y_0,Panipat,2017,11,8,9,2,19,50,0,0
5_02,0,1,0,0,0,0,0,0,5_02_01_V01Y_0,Panipat,2017,12,7,8,4,7,33,0,0
5_02,0,1,0,0,0,0,0,0,5_02_01_V01Y_0,Panipat,2018,1,15,8,7,9,44,0,0
5_02,0,1,0,0,0,0,0,0,5_02_01_V01Y_0,Panipat,2018,2,17,5,8,9,48,0,0
5_02,0,1,0,0,0,0,0,0,5_02_01_V01Y_0,Panipat,2018,3,9,14,7,16,55,0,0
5_03,1,0,0,0,1,0,0,0,5_03_02_V01Y_0,Panipat,2017,2,8,12,3,1,25,1,0
5_03,1,0,0,0,1,0,0,0,5_03_02_V01Y_0,Panipat,2017,3,19,24,35,16,96,1,0
5_03,1,0,0,0,1,0,0,0,5_03_02_V01Y_0,Panipat,2017,4,11,24,14,15,66,1,0
5_03,1,0,0,0,1,0,0,0,5_03_02_V01Y_0,Panipat,2017,5,15,16,22,18,74,1,0
5_03,1,0,0,0,1,0,0,0,5_03_02_V01Y_0,Panipat,2017,6,13,16,16,26,71,1,0
5_03,1,0,0,0,1,0,0,0,5_03_02_V01Y_0,Panipat,2017,7,20,12,23,16,72,1,0
5_03,1,0,0,0,1,0,0,0,5_03_02_V01Y_0,Panipat,2017,8,16,18,11,31,84,1,0
5_03,1,0,0,0,1,0,0,0,5_03_02_V01Y_0,Panipat,2017,9,20,17,14,15,74,1,0
5_03,1,0,0,0,1,0,0,0,5_03_02_V01Y_0,Panipat,2017,10,19,14,14,19,84,1,0
5_03,1,0,0,0,1,0,0,0,5_03_02_V01Y_0,Panipat,2017,11,24,18,18,24,97,1,0
5_03,1,0,0,0,1,0,0,0,5_03_02_V01Y_0,Panipat,2017,12,21,17,19,10,84,1,0
5_03,1,0,0,0,1,0,0,0,5_03_02_V01Y_0,Panipat,2018,1,13,12,8,7,54,1,0
5_03,1,0,0,0,1,0,0,0,5_03_02_V01Y_0,Panipat,2018,2,25,18,21,13,101,1,0
5_03,1,0,0,0,1,0,0,0,5_03_02_V01Y_0,Panipat,2018,3,21,28,17,25,111,1,0
5_03,0,1,0,0,0,0,0,1,5_03_03_V01Y_0,Panipat,2017,2,0,1,1,0,1,0,1
5_03,0,1,0,0,0,0,0,1,5_03_03_V01Y_0,Panipat,2017,3,1,6,5,4,16,0,1
5_03,0,1,0,0,0,0,0,1,5_03_03_V01Y_0,Panipat,2017,4,9,2,7,1,20,0,1
5_03,0,1,0,0,0,0,0,1,5_03_03_V01Y_0,Panipat,2017,5,2,7,2,5,16,0,1
5_03,0,1,0,0,0,0,0,1,5_03_03_V01Y_0,Panipat,2017,6,3,2,6,1,13,0,1
5_03,0,1,0,0,0,0,0,1,5_03_03_V01Y_0,Panipat,2017,7,3,4,4,7,18,0,1
5_03,0,1,0,0,0,0,0,1,5_03_03_V01Y_0,Panipat,2017,8,2,1,6,2,11,0,1
5_03,0,1,0,0,0,0,0,1,5_03_03_V01Y_0,Panipat,2017,9,3,2,1,2,11,0,1
5_03,0,1,0,0,0,0,0,1,5_03_03_V01Y_0,Panipat,2017,12,3,5,5,7,21,0,1
5_03,0,1,0,0,0,0,0,1,5_03_03_V01Y_0,Panipat,2018,1,13,7,10,0,32,0,1
5_03,0,1,0,0,0,0,0,1,5_03_03_V01Y_0,Panipat,2018,2,2,12,7,4,29,0,1
5_03,0,1,0,0,0,0,0,1,5_03_03_V01Y_0,Panipat,2018,3,7,1,11,2,22,0,1
5_03,0,0,0,1,0,0,0,1,5_03_03_V06Y_0,Panipat,2017,2,0,1,0,0,1,0,1
5_03,0,0,0,1,0,0,0,1,5_03_03_V06Y_0,Panipat,2017,3,4,7,6,2,20,0,1
5_03,0,0,0,1,0,0,0,1,5_03_03_V06Y_0,Panipat,2017,4,6,3,7,6,23,0,1
5_03,0,0,0,1,0,0,0,1,5_03_03_V06Y_0,Panipat,2017,5,3,3,4,4,14,0,1
5_03,0,0,0,1,0,0,0,1,5_03_03_V06Y_0,Panipat,2017,6,8,5,2,2,18,0,1
5_03,0,0,0,1,0,0,0,1,5_03_03_V06Y_0,Panipat,2017,7,6,5,5,6,22,0,1
5_03,0,0,0,1,0,0,0,1,5_03_03_V06Y_0,Panipat,2017,8,4,9,4,1,19,0,1
5_03,0,0,0,1,0,0,0,1,5_03_03_V06Y_0,Panipat,2017,9,7,4,8,9,30,0,1
5_03,0,0,0,1,0,0,0,1,5_03_03_V06Y_0,Panipat,2017,10,6,8,5,4,25,0,1
5_03,0,0,0,1,0,0,0,1,5_03_03_V06Y_0,Panipat,2017,11,3,6,8,6,31,0,1
5_03,0,0,0,1,0,0,0,1,5_03_03_V06Y_0,Panipat,2017,12,10,3,8,1,25,0,1
5_03,0,0,0,1,0,0,0,1,5_03_03_V06Y_0,Panipat,2018,1,8,5,3,7,25,0,1
5_03,0,0,0,1,0,0,0,1,5_03_03_V06Y_0,Panipat,2018,2,4,9,2,7,31,0,1
5_03,0,0,0,1,0,0,0,1,5_03_03_V06Y_0,Panipat,2018,3,7,6,8,6,32,0,1
5_03,0,0,0,1,0,0,1,0,5_03_04_V02Y_0,Panipat,2017,2,2,0,1,2,5,1,0
5_03,0,0,0,1,0,0,1,0,5_03_04_V02Y_0,Panipat,2017,3,2,6,3,3,14,1,0
5_03,0,0,0,1,0,0,1,0,5_03_04_V02Y_0,Panipat,2017,4,2,1,3,3,9,1,0
5_03,0,0,0,1,0,0,1,0,5_03_04_V02Y_0,Panipat,2017,5,3,3,3,1,10,1,0
5_03,0,0,0,1,0,0,1,0,5_03_04_V02Y_0,Panipat,2017,6,2,2,1,1,7,1,0
5_03,0,0,0,1,0,0,1,0,5_03_04_V02Y_0,Panipat,2017,7,5,4,4,4,18,1,0
5_03,0,0,0,1,0,0,1,0,5_03_04_V02Y_0,Panipat,2017,8,2,4,3,2,16,1,0
5_03,0,0,0,1,0,0,1,0,5_03_04_V02Y_0,Panipat,2017,9,5,2,3,9,20,1,0
5_03,0,0,0,1,0,0,1,0,5_03_04_V02Y_0,Panipat,2017,10,5,6,4,1,22,1,0
5_03,0,0,0,1,0,0,1,0,5_03_04_V02Y_0,Panipat,2017,11,2,4,4,0,14,1,0
5_03,0,0,0,1,0,0,1,0,5_03_04_V02Y_0,Panipat,2017,12,6,3,6,3,24,1,0
5_03,0,0,0,1,0,0,1,0,5_03_04_V02Y_0,Panipat,2018,1,2,5,3,3,15,1,0
5_03,0,0,0,1,0,0,1,0,5_03_04_V02Y_0,Panipat,2018,2,3,2,5,3,26,1,0
5_03,0,0,0,1,0,0,1,0,5_03_04_V02Y_0,Panipat,2018,3,3,1,1,1,12,1,0
5_03,0,0,1,0,0,0,1,0,5_03_04_V03Y_1,Panipat,2017,2,2,3,0,2,7,1,0
5_03,0,0,1,0,0,0,1,0,5_03_04_V03Y_1,Panipat,2017,3,13,2,7,6,32,1,0
5_03,0,0,1,0,0,0,1,0,5_03_04_V03Y_1,Panipat,2017,4,8,13,6,6,35,1,0
5_03,0,0,1,0,0,0,1,0,5_03_04_V03Y_1,Panipat,2017,5,8,9,11,5,34,1,0
5_03,0,0,1,0,0,0,1,0,5_03_04_V03Y_1,Panipat,2017,6,11,8,9,8,40,1,0
5_03,0,0,1,0,0,0,1,0,5_03_04_V03Y_1,Panipat,2017,7,9,13,7,8,41,1,0
5_03,0,0,1,0,0,0,1,0,5_03_04_V03Y_1,Panipat,2017,8,7,9,9,3,30,1,0
5_03,0,0,1,0,0,0,1,0,5_03_04_V03Y_1,Panipat,2017,9,7,4,9,12,33,1,0
5_03,0,0,1,0,0,0,1,0,5_03_04_V03Y_1,Panipat,2017,10,12,5,8,8,43,1,0
5_03,0,0,1,0,0,0,1,0,5_03_04_V03Y_1,Panipat,2017,11,8,12,4,11,48,1,0
5_03,0,0,1,0,0,0,1,0,5_03_04_V03Y_1,Panipat,2017,12,12,10,12,6,47,1,0
5_03,0,0,1,0,0,0,1,0,5_03_04_V03Y_1,Panipat,2018,1,9,3,7,5,29,1,0
5_03,0,0,1,0,0,0,1,0,5_03_04_V03Y_1,Panipat,2018,2,8,12,6,11,50,1,0
5_03,0,0,1,0,0,0,1,0,5_03_04_V03Y_1,Panipat,2018,3,5,15,9,8,44,1,0
5_04,1,0,0,0,1,0,0,0,5_04_06_V02Y_0,Panipat,2017,3,1,0,0,1,3,0,1
5_04,1,0,0,0,1,0,0,0,5_04_06_V02Y_0,Panipat,2017,4,2,1,0,1,4,0,1
5_04,1,0,0,0,1,0,0,0,5_04_06_V02Y_0,Panipat,2017,6,0,2,1,0,3,0,1
5_04,1,0,0,0,1,0,0,0,5_04_06_V02Y_0,Panipat,2017,7,0,0,1,0,1,0,1
5_04,1,0,0,0,1,0,0,0,5_04_06_V02Y_0,Panipat,2017,9,1,0,0,0,1,0,1
5_04,1,0,0,0,1,0,0,0,5_04_06_V02Y_0,Panipat,2017,10,1,0,1,0,3,0,1
5_04,1,0,0,0,1,0,0,0,5_04_06_V02Y_0,Panipat,2017,11,1,0,0,0,2,0,1
5_04,1,0,0,0,1,0,0,0,5_04_06_V02Y_0,Panipat,2017,12,3,0,0,0,3,0,1
5_04,1,0,0,0,1,0,0,0,5_04_06_V02Y_0,Panipat,2018,1,0,0,0,0,1,0,1
5_04,1,0,0,0,1,0,0,0,5_04_06_V02Y_0,Panipat,2018,2,1,6,0,0,7,0,1
5_04,1,0,0,0,1,0,0,0,5_04_06_V02Y_0,Panipat,2018,3,3,1,4,1,9,0,1
5_04,1,0,0,0,0,1,0,0,5_04_09_V04Y_0,Panipat,2017,3,3,0,1,2,7,1,0
5_04,1,0,0,0,0,1,0,0,5_04_09_V04Y_0,Panipat,2017,4,0,3,1,2,6,1,0
5_04,1,0,0,0,0,1,0,0,5_04_09_V04Y_0,Panipat,2017,5,2,1,1,0,4,1,0
5_04,1,0,0,0,0,1,0,0,5_04_09_V04Y_0,Panipat,2017,6,1,1,2,4,9,1,0
5_04,1,0,0,0,0,1,0,0,5_04_09_V04Y_0,Panipat,2017,7,2,1,3,1,10,1,0
5_04,1,0,0,0,0,1,0,0,5_04_09_V04Y_0,Panipat,2017,8,2,3,2,7,15,1,0
5_04,1,0,0,0,0,1,0,0,5_04_09_V04Y_0,Panipat,2017,9,2,2,1,2,7,1,0
5_04,1,0,0,0,0,1,0,0,5_04_09_V04Y_0,Panipat,2017,10,3,1,3,0,7,1,0
5_04,1,0,0,0,0,1,0,0,5_04_09_V04Y_0,Panipat,2017,12,2,2,2,1,13,1,0
5_04,1,0,0,0,0,1,0,0,5_04_09_V04Y_0,Panipat,2018,1,5,2,2,0,9,1,0
5_04,1,0,0,0,0,1,0,0,5_04_09_V04Y_0,Panipat,2018,2,1,3,1,2,10,1,0
5_04,1,0,0,0,0,1,0,0,5_04_09_V04Y_0,Panipat,2018,3,2,2,1,2,13,1,0
5_04,0,1,0,0,1,0,0,0,5_04_11_V02Y_0,Panipat,2017,3,2,5,4,2,14,1,0
5_04,0,1,0,0,1,0,0,0,5_04_11_V02Y_0,Panipat,2017,4,6,3,6,7,23,1,0
5_04,0,1,0,0,1,0,0,0,5_04_11_V02Y_0,Panipat,2017,5,2,5,6,6,19,1,0
5_04,0,1,0,0,1,0,0,0,5_04_11_V02Y_0,Panipat,2017,6,2,2,6,6,16,1,0
5_04,0,1,0,0,1,0,0,0,5_04_11_V02Y_0,Panipat,2017,7,3,2,2,4,11,1,0
5_04,0,1,0,0,1,0,0,0,5_04_11_V02Y_0,Panipat,2017,8,5,2,3,3,12,1,0
5_04,0,1,0,0,1,0,0,0,5_04_11_V02Y_0,Panipat,2017,9,7,8,5,5,26,1,0
5_04,0,1,0,0,1,0,0,0,5_04_11_V02Y_0,Panipat,2017,10,10,8,3,5,27,1,0
5_04,0,1,0,0,1,0,0,0,5_04_11_V02Y_0,Panipat,2017,11,2,2,6,1,14,1,0
5_04,0,1,0,0,1,0,0,0,5_04_11_V02Y_0,Panipat,2017,12,9,5,5,3,27,1,0
5_04,0,1,0,0,1,0,0,0,5_04_11_V02Y_0,Panipat,2018,1,0,0,0,2,7,1,0
5_04,0,1,0,0,1,0,0,0,5_04_11_V02Y_0,Panipat,2018,2,7,5,1,3,23,1,0
5_04,0,1,0,0,1,0,0,0,5_04_11_V02Y_0,Panipat,2018,3,4,5,1,2,16,1,0
5_05,0,0,0,1,0,0,0,0,5_05_02_V01Y_0,Panipat,2017,3,6,8,8,4,27,0,1
5_05,0,0,0,1,0,0,0,0,5_05_02_V01Y_0,Panipat,2017,4,12,8,8,6,35,0,1
5_05,0,0,0,1,0,0,0,0,5_05_02_V01Y_0,Panipat,2017,5,3,8,5,7,27,0,1
5_05,0,0,0,1,0,0,0,0,5_05_02_V01Y_0,Panipat,2017,6,7,6,6,8,31,0,1
5_05,0,0,0,1,0,0,0,0,5_05_02_V01Y_0,Panipat,2017,7,2,3,2,4,13,0,1
5_05,0,0,0,1,0,0,0,0,5_05_02_V01Y_0,Panipat,2017,8,6,2,6,6,21,0,1
5_05,0,0,0,1,0,0,0,0,5_05_02_V01Y_0,Panipat,2017,9,3,6,3,3,17,0,1
5_05,0,0,0,1,0,0,0,0,5_05_02_V01Y_0,Panipat,2017,10,4,2,5,5,17,0,1
5_05,0,0,0,1,0,0,0,0,5_05_02_V01Y_0,Panipat,2017,11,8,4,2,3,19,0,1
5_05,0,0,0,1,0,0,0,0,5_05_02_V01Y_0,Panipat,2017,12,8,4,4,3,24,0,1
5_05,0,0,0,1,0,0,0,0,5_05_02_V01Y_0,Panipat,2018,1,8,3,2,2,16,0,1
5_05,0,0,0,1,0,0,0,0,5_05_02_V01Y_0,Panipat,2018,2,1,6,2,1,15,0,1
5_05,0,0,0,1,0,0,0,0,5_05_02_V01Y_0,Panipat,2018,3,4,4,8,3,22,0,1
5_05,0,0,0,1,0,0,0,0,5_05_03_V02Y_0,Panipat,2017,3,4,3,4,1,12,0,1
5_05,0,0,0,1,0,0,0,0,5_05_03_V02Y_0,Panipat,2017,4,4,7,6,0,17,0,1
5_05,0,0,0,1,0,0,0,0,5_05_03_V02Y_0,Panipat,2017,5,3,4,6,2,17,0,1
5_05,0,0,0,1,0,0,0,0,5_05_03_V02Y_0,Panipat,2017,6,7,1,1,6,15,0,1
5_05,0,0,0,1,0,0,0,0,5_05_03_V02Y_0,Panipat,2017,7,5,10,3,9,27,0,1
5_05,0,0,0,1,0,0,0,0,5_05_03_V02Y_0,Panipat,2017,8,5,4,7,6,22,0,1
5_05,0,0,0,1,0,0,0,0,5_05_03_V02Y_0,Panipat,2017,9,6,5,4,1,16,0,1
5_05,0,0,0,1,0,0,0,0,5_05_03_V02Y_0,Panipat,2017,10,5,6,3,5,19,0,1
5_05,0,0,0,1,0,0,0,0,5_05_03_V02Y_0,Panipat,2017,11,6,5,4,3,19,0,1
5_05,0,0,0,1,0,0,0,0,5_05_03_V02Y_0,Panipat,2017,12,2,3,2,3,10,0,1
5_05,0,0,0,1,0,0,0,0,5_05_03_V02Y_0,Panipat,2018,1,4,3,6,1,20,0,1
5_05,0,0,0,1,0,0,0,0,5_05_03_V02Y_0,Panipat,2018,2,11,7,2,5,28,0,1
5_05,0,0,0,1,0,0,0,0,5_05_03_V02Y_0,Panipat,2018,3,7,9,5,6,33,0,1
5_05,0,1,0,0,0,0,0,0,5_05_03_V03Y_0,Panipat,2017,3,4,3,1,5,12,0,1
5_05,0,1,0,0,0,0,0,0,5_05_03_V03Y_0,Panipat,2017,4,9,8,6,5,29,0,1
5_05,0,1,0,0,0,0,0,0,5_05_03_V03Y_0,Panipat,2017,5,7,9,4,4,26,0,1
5_05,0,1,0,0,0,0,0,0,5_05_03_V03Y_0,Panipat,2017,6,6,5,5,6,22,0,1
5_05,0,1,0,0,0,0,0,0,5_05_03_V03Y_0,Panipat,2017,7,3,6,7,4,23,0,1
5_05,0,1,0,0,0,0,0,0,5_05_03_V03Y_0,Panipat,2017,8,2,5,5,5,17,0,1
5_05,0,1,0,0,0,0,0,0,5_05_03_V03Y_0,Panipat,2017,9,4,6,4,2,17,0,1
5_05,0,1,0,0,0,0,0,0,5_05_03_V03Y_0,Panipat,2017,10,5,5,6,4,20,0,1
5_05,0,1,0,0,0,0,0,0,5_05_03_V03Y_0,Panipat,2017,11,2,2,8,4,16,0,1
5_05,0,1,0,0,0,0,0,0,5_05_03_V03Y_0,Panipat,2017,12,9,6,2,6,31,0,1
5_05,0,1,0,0,0,0,0,0,5_05_03_V03Y_0,Panipat,2018,1,3,6,3,2,16,0,1
5_05,0,1,0,0,0,0,0,0,5_05_03_V03Y_0,Panipat,2018,2,7,6,8,6,32,0,1
5_05,0,1,0,0,0,0,0,0,5_05_03_V03Y_0,Panipat,2018,3,8,3,3,3,23,0,1
5_05,0,0,1,0,0,0,0,0,5_05_04_V01Y_0,Panipat,2017,3,2,2,1,0,5,0,1
5_05,0,0,1,0,0,0,0,0,5_05_04_V01Y_0,Panipat,2017,4,0,2,3,0,5,0,1
5_05,0,0,1,0,0,0,0,0,5_05_04_V01Y_0,Panipat,2017,5,0,0,1,2,3,0,1
5_05,0,0,1,0,0,0,0,0,5_05_04_V01Y_0,Panipat,2017,6,0,0,1,1,2,0,1
5_05,0,0,1,0,0,0,0,0,5_05_04_V01Y_0,Panipat,2017,7,0,1,1,5,7,0,1
5_05,0,0,1,0,0,0,0,0,5_05_04_V01Y_0,Panipat,2017,8,0,0,0,1,2,0,1
5_05,0,0,1,0,0,0,0,0,5_05_04_V01Y_0,Panipat,2017,9,1,1,0,3,5,0,1
5_05,0,0,1,0,0,0,0,0,5_05_04_V01Y_0,Panipat,2018,2,0,0,1,1,8,0,1
5_05,0,0,1,0,0,0,0,0,5_05_04_V01Y_0,Panipat,2018,3,0,2,0,1,5,0,1
5_05,0,0,1,0,0,0,0,0,5_05_06_V01Y_0,Panipat,2017,3,7,6,7,3,24,0,0
5_05,0,0,1,0,0,0,0,0,5_05_06_V01Y_0,Panipat,2017,4,7,6,10,7,33,0,0
5_05,0,0,1,0,0,0,0,0,5_05_06_V01Y_0,Panipat,2017,5,13,9,7,10,38,0,0
5_05,0,0,1,0,0,0,0,0,5_05_06_V01Y_0,Panipat,2017,6,3,9,4,8,26,0,0
5_05,0,0,1,0,0,0,0,0,5_05_06_V01Y_0,Panipat,2017,7,2,5,11,12,31,0,0
5_05,0,0,1,0,0,0,0,0,5_05_06_V01Y_0,Panipat,2017,8,2,6,7,7,25,0,0
5_05,0,0,1,0,0,0,0,0,5_05_06_V01Y_0,Panipat,2017,9,5,1,4,9,23,0,0
5_05,0,0,1,0,0,0,0,0,5_05_06_V01Y_0,Panipat,2017,10,4,4,0,2,15,0,0
5_05,0,0,1,0,0,0,0,0,5_05_06_V01Y_0,Panipat,2017,11,9,3,3,10,24,0,0
5_05,0,0,1,0,0,0,0,0,5_05_06_V01Y_0,Panipat,2017,12,6,11,2,9,28,0,0
5_05,0,0,1,0,0,0,0,0,5_05_06_V01Y_0,Panipat,2018,1,11,9,10,6,38,0,0
5_05,0,0,1,0,0,0,0,0,5_05_06_V01Y_0,Panipat,2018,2,7,11,7,9,34,0,0
5_05,0,0,1,0,0,0,0,0,5_05_06_V01Y_0,Panipat,2018,3,4,13,15,0,33,0,0
5_06,0,0,1,0,0,0,1,0,5_06_01_V03Y_0,Panipat,2017,3,3,3,4,0,10,0,0
5_06,0,0,1,0,0,0,1,0,5_06_01_V03Y_0,Panipat,2017,4,3,2,2,1,8,0,0
5_06,0,0,1,0,0,0,1,0,5_06_01_V03Y_0,Panipat,2017,5,1,1,1,0,3,0,0
5_06,0,0,1,0,0,0,1,0,5_06_01_V03Y_0,Panipat,2017,6,3,3,1,3,12,0,0
5_06,0,0,1,0,0,0,1,0,5_06_01_V03Y_0,Panipat,2017,7,4,3,3,1,12,0,0
5_06,0,0,1,0,0,0,1,0,5_06_01_V03Y_0,Panipat,2017,8,4,3,1,3,11,0,0
5_06,0,0,1,0,0,0,1,0,5_06_01_V03Y_0,Panipat,2017,9,2,5,4,0,11,0,0
5_06,0,0,1,0,0,0,1,0,5_06_01_V03Y_0,Panipat,2017,10,2,2,5,1,12,0,0
5_06,0,0,1,0,0,0,1,0,5_06_01_V03Y_0,Panipat,2017,11,0,3,2,5,11,0,0
5_06,0,0,1,0,0,0,1,0,5_06_01_V03Y_0,Panipat,2017,12,6,0,3,4,15,0,0
5_06,0,0,1,0,0,0,1,0,5_06_01_V03Y_0,Panipat,2018,1,2,3,0,0,6,0,0
5_06,0,0,1,0,0,0,1,0,5_06_01_V03Y_0,Panipat,2018,2,4,3,3,4,14,0,0
5_06,0,0,1,0,0,0,1,0,5_06_01_V03Y_0,Panipat,2018,3,1,5,2,3,14,0,0
5_06,0,0,1,0,0,1,0,0,5_06_02_V01Y_0,Panipat,2017,3,7,7,3,2,21,0,0
5_06,0,0,1,0,0,1,0,0,5_06_02_V01Y_0,Panipat,2017,4,1,7,4,6,19,0,0
5_06,0,0,1,0,0,1,0,0,5_06_02_V01Y_0,Panipat,2017,5,1,0,8,5,14,0,0
5_06,0,0,1,0,0,1,0,0,5_06_02_V01Y_0,Panipat,2017,6,3,3,2,1,9,0,0
5_06,0,0,1,0,0,1,0,0,5_06_02_V01Y_0,Panipat,2017,7,0,4,3,3,10,0,0
5_06,0,0,1,0,0,1,0,0,5_06_02_V01Y_0,Panipat,2017,8,3,1,2,2,12,0,0
5_06,0,0,1,0,0,1,0,0,5_06_02_V01Y_0,Panipat,2017,9,8,2,1,6,18,0,0
5_06,0,0,1,0,0,1,0,0,5_06_02_V01Y_0,Panipat,2017,10,7,4,2,8,22,0,0
5_06,0,0,1,0,0,1,0,0,5_06_02_V01Y_0,Panipat,2017,11,5,5,4,4,21,0,0
5_06,0,0,1,0,0,1,0,0,5_06_02_V01Y_0,Panipat,2017,12,6,6,4,1,23,0,0
5_06,0,0,1,0,0,1,0,0,5_06_02_V01Y_0,Panipat,2018,1,2,6,4,1,15,0,0
5_06,0,0,1,0,0,1,0,0,5_06_02_V01Y_0,Panipat,2018,2,5,3,6,2,17,0,0
5_06,0,0,1,0,0,1,0,0,5_06_02_V01Y_0,Panipat,2018,3,1,5,5,2,20,0,0
5_06,0,0,0,1,0,0,1,0,5_06_03_V02Y_0,Panipat,2017,2,10,8,9,4,31,0,0
5_06,0,0,0,1,0,0,1,0,5_06_03_V02Y_0,Panipat,2017,3,19,18,15,9,62,0,0
5_06,0,0,0,1,0,0,1,0,5_06_03_V02Y_0,Panipat,2017,4,14,15,17,11,59,0,0
5_06,0,0,0,1,0,0,1,0,5_06_03_V02Y_0,Panipat,2017,5,11,6,14,10,42,0,0
5_06,0,0,0,1,0,0,1,0,5_06_03_V02Y_0,Panipat,2017,6,5,17,10,24,59,0,0
5_06,0,0,0,1,0,0,1,0,5_06_03_V02Y_0,Panipat,2017,7,12,6,14,18,61,0,0
5_06,0,0,0,1,0,0,1,0,5_06_03_V02Y_0,Panipat,2017,8,11,7,9,18,48,0,0
5_06,0,0,0,1,0,0,1,0,5_06_03_V02Y_0,Panipat,2017,9,11,14,7,12,47,0,0
5_06,0,0,0,1,0,0,1,0,5_06_03_V02Y_0,Panipat,2017,10,25,8,9,15,65,0,0
5_06,0,0,0,1,0,0,1,0,5_06_03_V02Y_0,Panipat,2017,11,12,18,9,14,61,0,0
5_06,0,0,0,1,0,0,1,0,5_06_03_V02Y_0,Panipat,2017,12,15,18,11,6,68,0,0
5_06,0,0,0,1,0,0,1,0,5_06_03_V02Y_0,Panipat,2018,1,12,10,11,5,50,0,0
5_06,0,0,0,1,0,0,1,0,5_06_03_V02Y_0,Panipat,2018,2,20,18,21,15,90,0,0
5_06,0,0,0,1,0,0,1,0,5_06_03_V02Y_0,Panipat,2018,3,20,15,10,10,78,0,0
5_07,0,1,0,0,0,0,0,0,5_07_02_V02Y_0,Panipat,2017,3,1,4,1,0,6,1,0
5_07,0,1,0,0,0,0,0,0,5_07_02_V02Y_0,Panipat,2017,4,0,1,4,3,8,1,0
5_07,0,1,0,0,0,0,0,0,5_07_02_V02Y_0,Panipat,2017,5,1,1,2,3,8,1,0
5_07,0,1,0,0,0,0,0,0,5_07_02_V02Y_0,Panipat,2017,6,2,1,1,1,5,1,0
5_07,0,1,0,0,0,0,0,0,5_07_02_V02Y_0,Panipat,2017,7,5,1,2,1,11,1,0
5_07,0,1,0,0,0,0,0,0,5_07_02_V02Y_0,Panipat,2017,8,4,6,1,6,18,1,0
5_07,0,1,0,0,0,0,0,0,5_07_02_V02Y_0,Panipat,2017,9,3,3,5,7,18,1,0
5_07,0,1,0,0,0,0,0,0,5_07_02_V02Y_0,Panipat,2017,10,1,5,2,4,13,1,0
5_07,0,1,0,0,0,0,0,0,5_07_02_V02Y_0,Panipat,2017,11,1,0,3,1,6,1,0
5_07,0,1,0,0,0,0,0,0,5_07_02_V02Y_0,Panipat,2017,12,4,0,0,0,8,1,0
5_07,0,1,0,0,0,0,0,0,5_07_02_V02Y_0,Panipat,2018,1,1,3,0,0,5,1,0
5_07,0,1,0,0,0,0,0,0,5_07_02_V02Y_0,Panipat,2018,2,5,3,1,4,20,1,0
5_07,0,1,0,0,0,0,0,0,5_07_02_V02Y_0,Panipat,2018,3,4,5,5,3,19,1,0
5_07,1,0,0,0,0,0,0,0,5_07_03_V01Y_0,Panipat,2017,3,7,4,1,0,15,1,0
5_07,1,0,0,0,0,0,0,0,5_07_03_V01Y_0,Panipat,2017,4,15,12,7,6,43,1,0
5_07,1,0,0,0,0,0,0,0,5_07_03_V01Y_0,Panipat,2017,5,10,10,10,8,41,1,0
5_07,1,0,0,0,0,0,0,0,5_07_03_V01Y_0,Panipat,2017,6,4,8,9,10,32,1,0
5_07,1,0,0,0,0,0,0,0,5_07_03_V01Y_0,Panipat,2017,7,5,10,10,9,35,1,0
5_07,1,0,0,0,0,0,0,0,5_07_03_V01Y_0,Panipat,2017,8,6,2,7,4,24,1,0
5_07,1,0,0,0,0,0,0,0,5_07_03_V01Y_0,Panipat,2017,9,4,8,5,11,29,1,0
5_07,1,0,0,0,0,0,0,0,5_07_03_V01Y_0,Panipat,2017,10,11,7,6,3,32,1,0
5_07,1,0,0,0,0,0,0,0,5_07_03_V01Y_0,Panipat,2017,11,9,9,7,7,32,1,0
5_07,1,0,0,0,0,0,0,0,5_07_03_V01Y_0,Panipat,2017,12,9,9,2,3,32,1,0
5_07,1,0,0,0,0,0,0,0,5_07_03_V01Y_0,Panipat,2018,1,4,6,5,1,17,1,0
5_07,0,1,0,0,0,0,0,0,5_07_08_V01Y_0,Panipat,2017,3,1,2,2,0,5,0,1
5_07,0,1,0,0,0,0,0,0,5_07_08_V01Y_0,Panipat,2017,4,0,1,1,1,3,0,1
5_07,0,1,0,0,0,0,0,0,5_07_08_V01Y_0,Panipat,2017,5,0,0,2,0,2,0,1
5_07,0,1,0,0,0,0,0,0,5_07_08_V01Y_0,Panipat,2017,6,1,0,0,2,3,0,1
5_07,0,1,0,0,0,0,0,0,5_07_08_V01Y_0,Panipat,2017,7,0,1,0,1,3,0,1
5_07,0,1,0,0,0,0,0,0,5_07_08_V01Y_0,Panipat,2017,8,2,0,1,3,6,0,1
5_07,0,1,0,0,0,0,0,0,5_07_08_V01Y_0,Panipat,2017,9,4,2,0,1,10,0,1
5_07,0,1,0,0,0,0,0,0,5_07_08_V01Y_0,Panipat,2017,10,2,1,1,1,5,0,1
5_07,0,1,0,0,0,0,0,0,5_07_08_V01Y_0,Panipat,2017,11,4,7,2,2,17,0,1
5_07,0,1,0,0,0,0,0,0,5_07_08_V01Y_0,Panipat,2017,12,2,5,5,0,14,0,1
5_07,0,1,0,0,0,0,0,0,5_07_08_V01Y_0,Panipat,2018,1,6,2,5,0,14,0,1
5_07,0,1,0,0,0,0,0,0,5_07_08_V01Y_0,Panipat,2018,2,5,5,2,2,16,0,1
5_07,0,1,0,0,0,0,0,0,5_07_08_V01Y_0,Panipat,2018,3,1,6,4,1,24,0,1
5_07,0,0,0,1,0,0,0,0,5_07_09_V01Y_0,Panipat,2017,3,3,4,4,0,14,0,1
5_07,0,0,0,1,0,0,0,0,5_07_09_V01Y_0,Panipat,2017,4,4,3,3,0,10,0,1
5_07,0,0,0,1,0,0,0,0,5_07_09_V01Y_0,Panipat,2017,5,4,1,1,0,6,0,1
5_07,0,0,0,1,0,0,0,0,5_07_09_V01Y_0,Panipat,2017,6,0,4,3,3,11,0,1
5_07,0,0,0,1,0,0,0,0,5_07_09_V01Y_0,Panipat,2017,7,2,1,3,2,8,0,1
5_07,0,0,0,1,0,0,0,0,5_07_09_V01Y_0,Panipat,2017,8,0,3,2,2,7,0,1
5_07,0,0,0,1,0,0,0,0,5_07_09_V01Y_0,Panipat,2017,9,4,1,2,2,13,0,1
5_07,0,0,0,1,0,0,0,0,5_07_09_V01Y_0,Panipat,2017,10,3,4,2,3,13,0,1
5_07,0,0,0,1,0,0,0,0,5_07_09_V01Y_0,Panipat,2017,11,1,3,5,3,13,0,1
5_07,0,0,0,1,0,0,0,0,5_07_09_V01Y_0,Panipat,2017,12,3,2,2,5,14,0,1
5_07,0,0,0,1,0,0,0,0,5_07_09_V01Y_0,Panipat,2018,1,3,3,2,0,11,0,1
5_07,0,0,0,1,0,0,0,0,5_07_09_V01Y_0,Panipat,2018,2,4,0,3,1,12,0,1
5_07,0,0,0,1,0,0,0,0,5_07_09_V01Y_0,Panipat,2018,3,3,7,2,2,17,0,1
5_08,0,1,0,0,0,0,0,0,5_08_01_V02Y_0,Panipat,2017,3,7,3,4,3,18,0,1
5_08,0,1,0,0,0,0,0,0,5_08_01_V02Y_0,Panipat,2017,4,7,8,4,8,30,0,1
5_08,0,1,0,0,0,0,0,0,5_08_01_V02Y_0,Panipat,2017,5,2,5,8,6,24,0,1
5_08,0,1,0,0,0,0,0,0,5_08_01_V02Y_0,Panipat,2017,6,4,4,4,9,26,0,1
5_08,0,1,0,0,0,0,0,0,5_08_01_V02Y_0,Panipat,2017,7,3,3,6,6,23,0,1
5_08,0,1,0,0,0,0,0,0,5_08_01_V02Y_0,Panipat,2017,8,7,2,4,3,21,0,1
5_08,0,1,0,0,0,0,0,0,5_08_01_V02Y_0,Panipat,2017,9,6,5,3,3,20,0,1
5_08,0,1,0,0,0,0,0,0,5_08_01_V02Y_0,Panipat,2017,10,5,6,4,3,27,0,1
5_08,0,1,0,0,0,0,0,0,5_08_01_V02Y_0,Panipat,2017,11,8,5,4,7,31,0,1
5_08,0,1,0,0,0,0,0,0,5_08_01_V02Y_0,Panipat,2017,12,15,9,7,3,46,0,1
5_08,0,1,0,0,0,0,0,0,5_08_01_V02Y_0,Panipat,2018,1,9,15,6,5,40,0,1
5_08,0,1,0,0,0,0,0,0,5_08_01_V02Y_0,Panipat,2018,2,8,7,14,5,48,0,1
5_08,0,1,0,0,0,0,0,0,5_08_01_V02Y_0,Panipat,2018,3,11,7,9,7,43,0,1
5_08,0,0,1,0,0,0,0,0,5_08_03_V01Y_0,Panipat,2017,3,2,1,2,1,6,0,0
5_08,0,0,1,0,0,0,0,0,5_08_03_V01Y_0,Panipat,2017,4,0,1,1,1,3,0,0
5_08,0,0,1,0,0,0,0,0,5_08_03_V01Y_0,Panipat,2017,5,4,1,1,0,6,0,0
5_08,0,0,1,0,0,0,0,0,5_08_03_V01Y_0,Panipat,2017,6,4,3,1,0,7,0,0
5_08,0,0,1,0,0,0,0,0,5_08_03_V01Y_0,Panipat,2017,7,2,3,2,2,8,0,0
5_08,0,0,1,0,0,0,0,0,5_08_03_V01Y_0,Panipat,2017,8,1,1,3,1,13,0,0
5_08,0,0,1,0,0,0,0,0,5_08_03_V01Y_0,Panipat,2017,9,2,2,4,0,7,0,0
5_08,0,0,1,0,0,0,0,0,5_08_03_V01Y_0,Panipat,2017,10,7,3,1,1,14,0,0
5_08,0,0,1,0,0,0,0,0,5_08_03_V01Y_0,Panipat,2017,11,5,6,3,2,22,0,0
5_08,0,0,1,0,0,0,0,0,5_08_03_V01Y_0,Panipat,2017,12,3,4,5,0,13,0,0
5_08,0,1,0,0,0,0,0,0,5_08_03_V02Y_0,Panipat,2017,3,3,2,3,4,13,0,0
5_08,0,1,0,0,0,0,0,0,5_08_03_V02Y_0,Panipat,2017,4,1,4,5,6,16,0,0
5_08,0,1,0,0,0,0,0,0,5_08_03_V02Y_0,Panipat,2017,5,4,3,2,3,13,0,0
5_08,0,1,0,0,0,0,0,0,5_08_03_V02Y_0,Panipat,2017,6,3,2,3,3,13,0,0
5_08,0,1,0,0,0,0,0,0,5_08_03_V02Y_0,Panipat,2017,7,3,3,2,4,18,0,0
5_08,0,1,0,0,0,0,0,0,5_08_03_V02Y_0,Panipat,2017,8,4,3,1,4,24,0,0
5_08,0,1,0,0,0,0,0,0,5_08_03_V02Y_0,Panipat,2017,9,7,5,6,4,25,0,0
5_08,0,1,0,0,0,0,0,0,5_08_03_V02Y_0,Panipat,2017,10,6,4,6,4,25,0,0
5_08,0,1,0,0,0,0,0,0,5_08_03_V02Y_0,Panipat,2017,11,6,2,0,1,30,0,0
5_08,0,1,0,0,0,0,0,0,5_08_03_V02Y_0,Panipat,2017,12,2,6,1,1,12,0,0
5_08,0,1,0,0,0,0,0,0,5_08_03_V02Y_0,Panipat,2018,1,2,2,4,2,19,0,0
5_08,0,1,0,0,0,0,0,0,5_08_03_V02Y_0,Panipat,2018,2,6,1,0,2,16,0,0
5_08,0,1,0,0,0,0,0,0,5_08_03_V02Y_0,Panipat,2018,3,0,1,0,0,1,0,0
5_08,0,0,0,1,0,0,0,0,5_08_04_V01Y_0,Panipat,2017,3,11,15,15,12,52,0,0
5_08,0,0,0,1,0,0,0,0,5_08_04_V01Y_0,Panipat,2017,4,9,14,8,16,49,0,0
5_08,0,0,0,1,0,0,0,0,5_08_04_V01Y_0,Panipat,2017,5,4,9,8,11,33,0,0
5_08,0,0,0,1,0,0,0,0,5_08_04_V01Y_0,Panipat,2017,6,12,6,10,11,46,0,0
5_08,0,0,0,1,0,0,0,0,5_08_04_V01Y_0,Panipat,2017,7,8,8,7,7,38,0,0
5_08,0,0,0,1,0,0,0,0,5_08_04_V01Y_0,Panipat,2017,8,6,7,10,7,33,0,0
5_08,0,0,0,1,0,0,0,0,5_08_04_V01Y_0,Panipat,2017,9,13,8,4,10,37,0,0
5_08,0,0,0,1,0,0,0,0,5_08_04_V01Y_0,Panipat,2017,10,13,13,10,9,59,0,0
5_08,0,0,0,1,0,0,0,0,5_08_04_V01Y_0,Panipat,2017,11,14,13,11,11,63,0,0
5_08,0,0,0,1,0,0,0,0,5_08_04_V01Y_0,Panipat,2017,12,23,14,14,9,72,0,0
5_08,0,0,0,1,0,0,0,0,5_08_04_V01Y_0,Panipat,2018,1,5,18,18,6,54,0,0
5_08,0,0,0,1,0,0,0,0,5_08_04_V01Y_0,Panipat,2018,2,11,8,15,5,61,0,0
5_08,0,0,0,1,0,0,0,0,5_08_04_V01Y_0,Panipat,2018,3,9,13,6,12,56,0,0
5_09,1,0,0,0,0,0,0,1,5_09_02_V02Y_0,Panipat,2017,3,6,4,5,7,24,0,0
5_09,1,0,0,0,0,0,0,1,5_09_02_V02Y_0,Panipat,2017,4,4,6,2,2,14,0,0
5_09,1,0,0,0,0,0,0,1,5_09_02_V02Y_0,Panipat,2017,5,3,5,5,2,16,0,0
5_09,1,0,0,0,0,0,0,1,5_09_02_V02Y_0,Panipat,2017,6,4,1,2,4,11,0,0
5_09,1,0,0,0,0,0,0,1,5_09_02_V02Y_0,Panipat,2017,7,3,2,2,3,10,0,0
5_09,1,0,0,0,0,0,0,1,5_09_02_V02Y_0,Panipat,2017,8,0,5,2,1,10,0,0
5_09,1,0,0,0,0,0,0,1,5_09_02_V02Y_0,Panipat,2017,9,1,0,4,4,12,0,0
5_09,1,0,0,0,0,0,0,1,5_09_02_V02Y_0,Panipat,2017,10,6,1,2,5,16,0,0
5_09,1,0,0,0,0,0,0,1,5_09_02_V02Y_0,Panipat,2017,11,3,6,2,4,19,0,0
5_09,1,0,0,0,0,0,0,1,5_09_02_V02Y_0,Panipat,2017,12,5,1,3,2,14,0,0
5_09,1,0,0,0,0,0,0,1,5_09_02_V02Y_0,Panipat,2018,1,8,1,4,1,14,0,0
5_09,1,0,0,0,0,0,0,1,5_09_02_V02Y_0,Panipat,2018,2,2,9,2,6,24,0,0
5_09,1,0,0,0,0,0,0,1,5_09_02_V02Y_0,Panipat,2018,3,1,6,2,1,14,0,0
5_09,0,1,0,0,0,0,0,1,5_09_03_V02Y_0,Panipat,2017,2,1,3,3,0,7,0,0
5_09,0,1,0,0,0,0,0,1,5_09_03_V02Y_0,Panipat,2017,3,7,9,20,7,46,0,0
5_09,0,1,0,0,0,0,0,1,5_09_03_V02Y_0,Panipat,2017,4,13,7,10,10,45,0,0
5_09,0,1,0,0,0,0,0,1,5_09_03_V02Y_0,Panipat,2017,5,11,12,8,18,51,0,0
5_09,0,1,0,0,0,0,0,1,5_09_03_V02Y_0,Panipat,2017,6,11,15,11,14,53,0,0
5_09,0,1,0,0,0,0,0,1,5_09_03_V02Y_0,Panipat,2017,7,8,7,11,14,43,0,0
5_09,0,1,0,0,0,0,0,1,5_09_03_V02Y_0,Panipat,2017,8,10,7,8,8,44,0,0
5_09,0,1,0,0,0,0,0,1,5_09_03_V02Y_0,Panipat,2017,9,4,12,11,15,53,0,0
5_09,0,1,0,0,0,0,0,1,5_09_03_V02Y_0,Panipat,2017,10,16,7,10,6,52,0,0
5_09,0,1,0,0,0,0,0,1,5_09_03_V02Y_0,Panipat,2017,11,12,15,8,14,62,0,0
5_09,0,1,0,0,0,0,0,1,5_09_03_V02Y_0,Panipat,2017,12,10,9,12,11,59,0,0
5_09,0,1,0,0,0,0,0,1,5_09_03_V02Y_0,Panipat,2018,1,7,11,13,9,57,0,0
5_09,0,1,0,0,0,0,0,1,5_09_03_V02Y_0,Panipat,2018,2,20,11,7,8,64,0,0
5_09,0,1,0,0,0,0,0,1,5_09_03_V02Y_0,Panipat,2018,3,7,17,11,6,64,0,0
5_09,0,0,1,0,1,0,0,0,5_09_04_V01Y_0,Panipat,2017,2,2,0,1,1,4,0,1
5_09,0,0,1,0,1,0,0,0,5_09_04_V01Y_0,Panipat,2017,3,4,7,2,0,17,0,1
5_09,0,0,1,0,1,0,0,0,5_09_04_V01Y_0,Panipat,2017,4,5,4,8,8,25,0,1
5_09,0,0,1,0,1,0,0,0,5_09_04_V01Y_0,Panipat,2017,5,8,6,5,6,22,0,1
5_09,0,0,1,0,1,0,0,0,5_09_04_V01Y_0,Panipat,2017,6,1,8,3,8,22,0,1
5_09,0,0,1,0,1,0,0,0,5_09_04_V01Y_0,Panipat,2017,7,2,2,7,6,19,0,1
5_09,0,0,1,0,1,0,0,0,5_09_04_V01Y_0,Panipat,2017,8,6,2,4,3,16,0,1
5_09,0,0,1,0,1,0,0,0,5_09_04_V01Y_0,Panipat,2017,9,5,2,3,2,15,0,1
5_09,0,0,1,0,1,0,0,0,5_09_04_V01Y_0,Panipat,2017,10,4,2,1,0,13,0,1
5_09,0,0,1,0,1,0,0,0,5_09_04_V01Y_0,Panipat,2017,11,8,7,4,6,27,0,1
5_09,0,0,1,0,1,0,0,0,5_09_04_V01Y_0,Panipat,2017,12,4,9,4,9,27,0,1
5_09,0,0,1,0,1,0,0,0,5_09_04_V01Y_0,Panipat,2018,1,6,6,8,2,24,0,1
5_09,0,0,1,0,1,0,0,0,5_09_04_V01Y_0,Panipat,2018,2,0,3,3,0,10,0,1
5_09,0,0,1,0,1,0,0,0,5_09_04_V01Y_0,Panipat,2018,3,6,0,5,5,26,0,1
5_10,1,0,0,0,1,0,0,0,5_10_03_V02Y_0,Panipat,2017,3,8,4,7,7,29,0,0
5_10,1,0,0,0,1,0,0,0,5_10_03_V02Y_0,Panipat,2017,4,9,11,5,9,41,0,0
5_10,1,0,0,0,1,0,0,0,5_10_03_V02Y_0,Panipat,2017,5,8,8,10,7,34,0,0
5_10,1,0,0,0,1,0,0,0,5_10_03_V02Y_0,Panipat,2017,6,7,7,5,16,40,0,0
5_10,1,0,0,0,1,0,0,0,5_10_03_V02Y_0,Panipat,2017,7,8,7,5,4,29,0,0
5_10,1,0,0,0,1,0,0,0,5_10_03_V02Y_0,Panipat,2017,8,8,7,9,9,36,0,0
5_10,1,0,0,0,1,0,0,0,5_10_03_V02Y_0,Panipat,2017,9,7,10,8,4,25,0,0
5_10,1,0,0,0,1,0,0,0,5_10_03_V02Y_0,Panipat,2017,10,6,6,8,7,34,0,0
5_10,1,0,0,0,1,0,0,0,5_10_03_V02Y_0,Panipat,2017,11,4,7,6,9,29,0,0
5_10,1,0,0,0,1,0,0,0,5_10_03_V02Y_0,Panipat,2017,12,9,6,7,6,37,0,0
5_10,1,0,0,0,1,0,0,0,5_10_03_V02Y_0,Panipat,2018,1,6,8,4,4,28,0,0
5_10,1,0,0,0,1,0,0,0,5_10_03_V02Y_0,Panipat,2018,2,9,6,8,11,52,0,0
5_10,1,0,0,0,1,0,0,0,5_10_03_V02Y_0,Panipat,2018,3,3,8,2,8,36,0,0
5_10,0,0,0,1,1,0,0,0,5_10_04_V02Y_0,Panipat,2017,3,4,3,1,4,12,0,1
5_10,0,0,0,1,1,0,0,0,5_10_04_V02Y_0,Panipat,2017,4,3,7,3,0,13,0,1
5_10,0,0,0,1,1,0,0,0,5_10_04_V02Y_0,Panipat,2017,5,1,2,6,1,14,0,1
5_10,0,0,0,1,1,0,0,0,5_10_04_V02Y_0,Panipat,2017,6,2,2,3,1,9,0,1
5_10,0,0,0,1,1,0,0,0,5_10_04_V02Y_0,Panipat,2017,7,1,3,3,1,8,0,1
5_10,0,0,0,1,1,0,0,0,5_10_04_V02Y_0,Panipat,2017,8,3,1,2,5,15,0,1
5_10,0,0,0,1,1,0,0,0,5_10_04_V02Y_0,Panipat,2017,9,4,1,2,6,13,0,1
5_10,0,0,0,1,1,0,0,0,5_10_04_V02Y_0,Panipat,2017,10,3,5,1,3,13,0,1
5_10,0,0,0,1,1,0,0,0,5_10_04_V02Y_0,Panipat,2017,11,1,4,3,2,12,0,1
5_10,0,0,0,1,1,0,0,0,5_10_04_V02Y_0,Panipat,2017,12,4,0,5,3,17,0,1
5_10,0,0,0,1,1,0,0,0,5_10_04_V02Y_0,Panipat,2018,1,0,3,3,1,14,0,1
5_10,0,0,0,1,1,0,0,0,5_10_04_V02Y_0,Panipat,2018,2,9,0,4,4,22,0,1
5_10,0,0,0,1,1,0,0,0,5_10_04_V02Y_0,Panipat,2018,3,1,5,1,2,9,0,1
5_10,0,1,0,0,1,0,0,0,5_10_04_V03Y_0,Panipat,2017,3,16,16,9,12,60,0,1
5_10,0,1,0,0,1,0,0,0,5_10_04_V03Y_0,Panipat,2017,4,9,11,11,8,44,0,1
5_10,0,1,0,0,1,0,0,0,5_10_04_V03Y_0,Panipat,2017,5,20,11,11,18,68,0,1
5_10,0,1,0,0,1,0,0,0,5_10_04_V03Y_0,Panipat,2017,6,12,15,8,22,76,0,1
5_10,0,1,0,0,1,0,0,0,5_10_04_V03Y_0,Panipat,2017,7,16,12,18,12,66,0,1
5_10,0,1,0,0,1,0,0,0,5_10_04_V03Y_0,Panipat,2017,8,15,19,8,8,59,0,1
5_10,0,1,0,0,1,0,0,0,5_10_04_V03Y_0,Panipat,2017,9,15,12,21,9,55,0,1
5_10,0,1,0,0,1,0,0,0,5_10_04_V03Y_0,Panipat,2017,10,23,15,17,21,95,0,1
5_10,0,1,0,0,1,0,0,0,5_10_04_V03Y_0,Panipat,2017,11,13,14,16,13,77,0,1
5_10,0,1,0,0,1,0,0,0,5_10_04_V03Y_0,Panipat,2017,12,22,19,13,9,75,0,1
5_10,0,1,0,0,1,0,0,0,5_10_04_V03Y_0,Panipat,2018,1,18,21,17,16,100,0,1
5_10,0,1,0,0,1,0,0,0,5_10_04_V03Y_0,Panipat,2018,2,19,17,19,14,96,0,1
5_10,0,1,0,0,1,0,0,0,5_10_04_V03Y_0,Panipat,2018,3,20,17,16,16,110,0,1
5_10,1,0,0,0,1,0,0,0,5_10_05_V02Y_0,Panipat,2017,3,0,1,6,2,9,0,0
5_10,1,0,0,0,1,0,0,0,5_10_05_V02Y_0,Panipat,2017,4,1,0,2,1,6,0,0
5_10,1,0,0,0,1,0,0,0,5_10_05_V02Y_0,Panipat,2017,5,0,1,0,2,4,0,0
5_10,1,0,0,0,1,0,0,0,5_10_05_V02Y_0,Panipat,2017,6,4,0,1,1,8,0,0
5_10,1,0,0,0,1,0,0,0,5_10_05_V02Y_0,Panipat,2017,7,2,4,0,5,11,0,0
5_10,1,0,0,0,1,0,0,0,5_10_05_V02Y_0,Panipat,2017,8,1,2,4,1,8,0,0
5_10,1,0,0,0,1,0,0,0,5_10_05_V02Y_0,Panipat,2017,9,4,1,3,3,12,0,0
5_10,1,0,0,0,1,0,0,0,5_10_05_V02Y_0,Panipat,2017,10,4,4,0,0,10,0,0
5_10,1,0,0,0,1,0,0,0,5_10_05_V02Y_0,Panipat,2017,11,3,3,3,1,16,0,0
5_10,1,0,0,0,1,0,0,0,5_10_05_V02Y_0,Panipat,2017,12,4,2,5,2,16,0,0
5_10,1,0,0,0,1,0,0,0,5_10_05_V02Y_0,Panipat,2018,1,0,5,2,4,21,0,0
5_10,1,0,0,0,1,0,0,0,5_10_05_V02Y_0,Panipat,2018,2,4,1,5,1,20,0,0
5_10,1,0,0,0,1,0,0,0,5_10_05_V02Y_0,Panipat,2018,3,1,3,1,1,10,0,0
5_10,0,0,1,0,1,0,0,0,5_10_05_V04Y_0,Panipat,2017,3,3,1,1,2,7,0,0
5_10,0,0,1,0,1,0,0,0,5_10_05_V04Y_0,Panipat,2017,4,2,2,3,3,10,0,0
5_10,0,0,1,0,1,0,0,0,5_10_05_V04Y_0,Panipat,2017,5,1,2,3,1,7,0,0
5_10,0,0,1,0,1,0,0,0,5_10_05_V04Y_0,Panipat,2017,6,,,,,3,0,0
5_10,0,0,1,0,1,0,0,0,5_10_05_V04Y_0,Panipat,2017,7,1,3,1,2,7,0,0
5_10,0,0,1,0,1,0,0,0,5_10_05_V04Y_0,Panipat,2017,8,1,2,2,0,4,0,0
5_10,0,0,1,0,1,0,0,0,5_10_05_V04Y_0,Panipat,2017,9,0,1,2,1,4,0,0
5_10,0,0,1,0,1,0,0,0,5_10_05_V04Y_0,Panipat,2017,10,2,0,2,2,7,0,0
5_10,0,0,1,0,1,0,0,0,5_10_05_V04Y_0,Panipat,2017,11,2,1,0,0,6,0,0
5_10,0,0,1,0,1,0,0,0,5_10_05_V04Y_0,Panipat,2017,12,3,3,2,4,15,0,0
5_10,0,0,1,0,1,0,0,0,5_10_05_V04Y_0,Panipat,2018,1,5,3,3,2,16,0,0
5_10,0,0,1,0,1,0,0,0,5_10_05_V04Y_0,Panipat,2018,2,0,3,3,1,8,0,0
5_10,0,0,1,0,1,0,0,0,5_10_05_V04Y_0,Panipat,2018,3,1,2,3,2,8,0,0
5_11,0,0,1,0,0,0,0,0,5_11_01_V01Y_0,Panipat,2017,3,4,9,3,4,23,0,0
5_11,0,0,1,0,0,0,0,0,5_11_01_V01Y_0,Panipat,2017,4,6,5,8,7,26,0,0
5_11,0,0,1,0,0,0,0,0,5_11_01_V01Y_0,Panipat,2017,5,7,5,7,10,32,0,0
5_11,0,0,1,0,0,0,0,0,5_11_01_V01Y_0,Panipat,2017,6,10,7,5,9,36,0,0
5_11,0,0,1,0,0,0,0,0,5_11_01_V01Y_0,Panipat,2017,7,8,8,9,6,38,0,0
5_11,0,0,1,0,0,0,0,0,5_11_01_V01Y_0,Panipat,2017,8,11,11,12,7,40,0,0
5_11,0,0,1,0,0,0,0,0,5_11_01_V01Y_0,Panipat,2017,9,7,7,6,9,36,0,0
5_11,0,0,1,0,0,0,0,0,5_11_01_V01Y_0,Panipat,2017,10,8,6,5,8,31,0,0
5_11,0,0,1,0,0,0,0,0,5_11_01_V01Y_0,Panipat,2017,11,3,4,3,3,19,0,0
5_11,0,0,1,0,0,0,0,0,5_11_01_V01Y_0,Panipat,2017,12,12,10,6,8,46,0,0
5_11,0,0,1,0,0,0,0,0,5_11_01_V01Y_0,Panipat,2018,1,6,10,9,2,40,0,0
5_11,0,0,1,0,0,0,0,0,5_11_01_V01Y_0,Panipat,2018,2,6,9,9,12,50,0,0
5_11,0,0,1,0,0,0,0,0,5_11_01_V01Y_0,Panipat,2018,3,5,9,13,8,42,0,0
5_12,1,0,0,0,0,0,0,1,5_12_02_V02Y_0,Panipat,2017,3,7,19,7,8,46,0,1
5_12,1,0,0,0,0,0,0,1,5_12_02_V02Y_0,Panipat,2017,4,11,10,14,10,47,0,1
5_12,1,0,0,0,0,0,0,1,5_12_02_V02Y_0,Panipat,2017,5,6,10,13,6,41,0,1
5_12,1,0,0,0,0,0,0,1,5_12_02_V02Y_0,Panipat,2017,6,8,3,12,17,40,0,1
5_12,1,0,0,0,0,0,0,1,5_12_02_V02Y_0,Panipat,2017,7,7,12,6,13,39,0,1
5_12,1,0,0,0,0,0,0,1,5_12_02_V02Y_0,Panipat,2017,8,5,6,11,10,32,0,1
5_12,1,0,0,0,0,0,0,1,5_12_02_V02Y_0,Panipat,2017,9,11,7,6,13,41,0,1
5_12,1,0,0,0,0,0,0,1,5_12_02_V02Y_0,Panipat,2017,10,6,7,5,15,42,0,1
5_12,1,0,0,0,0,0,0,1,5_12_02_V02Y_0,Panipat,2017,11,12,3,6,6,44,0,1
5_12,1,0,0,0,0,0,0,1,5_12_02_V02Y_0,Panipat,2017,12,19,14,6,9,62,0,1
5_12,1,0,0,0,0,0,0,1,5_12_02_V02Y_0,Panipat,2018,1,5,13,11,7,44,0,1
5_12,1,0,0,0,0,0,0,1,5_12_02_V02Y_0,Panipat,2018,2,21,11,15,8,74,0,1
5_12,1,0,0,0,0,0,0,1,5_12_02_V02Y_0,Panipat,2018,3,9,10,6,5,52,0,1
5_12,0,1,0,0,0,0,1,0,5_12_03_V01Y_0,Panipat,2017,3,8,4,2,2,17,0,1
5_12,0,1,0,0,0,0,1,0,5_12_03_V01Y_0,Panipat,2017,4,7,5,5,5,21,0,1
5_12,0,1,0,0,0,0,1,0,5_12_03_V01Y_0,Panipat,2017,5,2,9,6,9,26,0,1
5_12,0,1,0,0,0,0,1,0,5_12_03_V01Y_0,Panipat,2017,6,4,2,7,5,18,0,1
5_12,0,1,0,0,0,0,1,0,5_12_03_V01Y_0,Panipat,2017,7,2,5,1,7,16,0,1
5_12,0,1,0,0,0,0,1,0,5_12_03_V01Y_0,Panipat,2017,8,3,2,4,3,13,0,1
5_12,0,1,0,0,0,0,1,0,5_12_03_V01Y_0,Panipat,2017,9,4,6,1,0,10,0,1
5_12,0,1,0,0,0,0,1,0,5_12_03_V01Y_0,Panipat,2017,10,9,3,4,5,20,0,1
5_12,0,1,0,0,0,0,1,0,5_12_03_V01Y_0,Panipat,2017,11,2,5,3,7,23,0,1
5_12,0,1,0,0,0,0,1,0,5_12_03_V01Y_0,Panipat,2017,12,9,4,3,3,24,0,1
5_12,0,1,0,0,0,0,1,0,5_12_03_V01Y_0,Panipat,2018,1,2,7,5,5,26,0,1
5_12,0,1,0,0,0,0,1,0,5_12_03_V01Y_0,Panipat,2018,2,2,3,4,1,23,0,1
5_12,0,1,0,0,0,0,1,0,5_12_03_V01Y_0,Panipat,2018,3,5,4,5,3,20,0,1
5_12,0,0,0,1,0,0,0,1,5_12_04_V01Y_0,Panipat,2017,3,7,10,10,3,33,1,0
5_12,0,0,0,1,0,0,0,1,5_12_04_V01Y_0,Panipat,2017,4,11,5,7,7,30,1,0
5_12,0,0,0,1,0,0,0,1,5_12_04_V01Y_0,Panipat,2017,5,4,9,8,8,30,1,0
5_12,0,0,0,1,0,0,0,1,5_12_04_V01Y_0,Panipat,2017,6,4,5,5,3,19,1,0
5_12,0,0,0,1,0,0,0,1,5_12_04_V01Y_0,Panipat,2017,7,4,1,3,9,21,1,0
5_12,0,0,0,1,0,0,0,1,5_12_04_V01Y_0,Panipat,2017,8,11,2,4,4,24,1,0
5_12,0,0,0,1,0,0,0,1,5_12_04_V01Y_0,Panipat,2017,9,8,10,3,11,34,1,0
5_12,0,0,0,1,0,0,0,1,5_12_04_V01Y_0,Panipat,2017,10,5,4,8,7,31,1,0
5_12,0,0,0,1,0,0,0,1,5_12_04_V01Y_0,Panipat,2017,11,14,7,5,1,31,1,0
5_12,0,0,0,1,0,0,0,1,5_12_04_V01Y_0,Panipat,2017,12,7,10,8,8,39,1,0
5_12,0,0,0,1,0,0,0,1,5_12_04_V01Y_0,Panipat,2018,1,14,11,6,1,33,1,0
5_12,0,0,0,1,0,0,0,1,5_12_04_V01Y_0,Panipat,2018,2,3,14,10,4,44,1,0
5_12,0,0,0,1,0,0,0,1,5_12_04_V01Y_0,Panipat,2018,3,9,8,18,5,45,1,0
5_12,0,1,0,0,0,0,1,0,5_12_05_V03N_0,Panipat,2017,3,1,0,1,0,3,1,0
5_12,0,1,0,0,0,0,1,0,5_12_05_V03N_0,Panipat,2017,4,2,1,0,1,4,1,0
5_12,0,1,0,0,0,0,1,0,5_12_05_V03N_0,Panipat,2017,5,1,3,0,0,4,1,0
5_12,0,1,0,0,0,0,1,0,5_12_05_V03N_0,Panipat,2017,6,2,2,3,0,7,1,0
5_12,0,1,0,0,0,0,1,0,5_12_05_V03N_0,Panipat,2017,7,0,1,1,2,5,1,0
5_12,0,1,0,0,0,0,1,0,5_12_05_V03N_0,Panipat,2017,8,1,1,0,0,2,1,0
5_12,0,1,0,0,0,0,1,0,5_12_05_V03N_0,Panipat,2017,9,3,9,1,0,12,1,0
5_12,0,1,0,0,0,0,1,0,5_12_05_V03N_0,Panipat,2017,10,6,1,4,2,12,1,0
5_12,0,1,0,0,0,0,1,0,5_12_05_V03N_0,Panipat,2017,11,2,0,3,0,9,1,0
5_12,0,1,0,0,0,0,1,0,5_12_05_V03N_0,Panipat,2017,12,4,4,0,3,13,1,0
5_12,0,1,0,0,0,0,1,0,5_12_05_V03N_0,Panipat,2018,1,1,7,4,1,13,1,0
5_12,0,1,0,0,0,0,1,0,5_12_05_V03N_0,Panipat,2018,2,7,3,9,5,23,1,0
5_12,0,1,0,0,0,0,1,0,5_12_05_V03N_0,Panipat,2018,3,3,7,3,2,17,1,0
5_13,1,0,0,0,0,0,0,0,5_13_01_V03Y_0,Panipat,2017,3,17,18,21,20,80,0,1
5_13,1,0,0,0,0,0,0,0,5_13_01_V03Y_0,Panipat,2017,4,30,27,19,18,101,0,1
5_13,1,0,0,0,0,0,0,0,5_13_01_V03Y_0,Panipat,2017,5,29,29,23,30,116,0,1
5_13,1,0,0,0,0,0,0,0,5_13_01_V03Y_0,Panipat,2017,6,21,31,33,28,116,0,1
5_13,1,0,0,0,0,0,0,0,5_13_01_V03Y_0,Panipat,2017,7,25,22,28,34,113,0,1
5_13,1,0,0,0,0,0,0,0,5_13_01_V03Y_0,Panipat,2017,8,23,27,14,35,109,0,1
5_13,1,0,0,0,0,0,0,0,5_13_01_V03Y_0,Panipat,2017,9,24,23,33,26,117,0,1
5_13,1,0,0,0,0,0,0,0,5_13_01_V03Y_0,Panipat,2017,10,33,20,23,27,116,0,1
5_13,1,0,0,0,0,0,0,0,5_13_01_V03Y_0,Panipat,2017,11,44,33,17,26,131,0,1
5_13,1,0,0,0,0,0,0,0,5_13_01_V03Y_0,Panipat,2017,12,28,20,22,19,107,0,1
5_13,1,0,0,0,0,0,0,0,5_13_01_V03Y_0,Panipat,2018,1,39,21,19,12,106,0,1
5_13,1,0,0,0,0,0,0,0,5_13_01_V03Y_0,Panipat,2018,2,34,41,23,24,144,0,1
5_13,1,0,0,0,0,0,0,0,5_13_01_V03Y_0,Panipat,2018,3,29,40,34,26,161,0,1
5_13,1,0,0,0,0,0,0,0,5_13_02_V02Y_0,Panipat,2017,3,13,14,17,7,52,0,1
5_13,1,0,0,0,0,0,0,0,5_13_02_V02Y_0,Panipat,2017,4,12,11,13,13,49,0,1
5_13,1,0,0,0,0,0,0,0,5_13_02_V02Y_0,Panipat,2017,5,16,14,7,6,45,0,1
5_13,1,0,0,0,0,0,0,0,5_13_02_V02Y_0,Panipat,2017,6,9,12,11,20,55,0,1
5_13,1,0,0,0,0,0,0,0,5_13_02_V02Y_0,Panipat,2017,7,16,8,12,15,54,0,1
5_13,1,0,0,0,0,0,0,0,5_13_02_V02Y_0,Panipat,2017,8,8,14,7,15,48,0,1
5_13,1,0,0,0,0,0,0,0,5_13_02_V02Y_0,Panipat,2017,9,10,8,11,8,39,0,1
5_13,1,0,0,0,0,0,0,0,5_13_02_V02Y_0,Panipat,2017,10,14,10,10,10,52,0,1
5_13,1,0,0,0,0,0,0,0,5_13_02_V02Y_0,Panipat,2017,11,17,7,12,16,55,0,1
5_13,1,0,0,0,0,0,0,0,5_13_02_V02Y_0,Panipat,2017,12,13,15,9,16,58,0,1
5_13,1,0,0,0,0,0,0,0,5_13_02_V02Y_0,Panipat,2018,1,18,14,12,7,60,0,1
5_13,1,0,0,0,0,0,0,0,5_13_02_V02Y_0,Panipat,2018,2,15,16,11,11,63,0,1
5_13,1,0,0,0,0,0,0,0,5_13_02_V02Y_0,Panipat,2018,3,8,18,18,9,71,0,1
5_13,0,1,0,0,0,0,0,0,5_13_03_V02Y_0,Panipat,2017,3,2,2,2,2,8,0,0
5_13,0,1,0,0,0,0,0,0,5_13_03_V02Y_0,Panipat,2017,4,3,8,5,2,19,0,0
5_13,0,1,0,0,0,0,0,0,5_13_03_V02Y_0,Panipat,2017,5,3,3,5,1,12,0,0
5_13,0,1,0,0,0,0,0,0,5_13_03_V02Y_0,Panipat,2017,6,4,3,1,2,12,0,0
5_13,0,1,0,0,0,0,0,0,5_13_03_V02Y_0,Panipat,2017,7,6,1,2,8,19,0,0
5_13,0,1,0,0,0,0,0,0,5_13_03_V02Y_0,Panipat,2017,8,3,2,4,1,11,0,0
5_13,0,1,0,0,0,0,0,0,5_13_03_V02Y_0,Panipat,2017,9,15,3,4,1,24,0,0
5_13,0,1,0,0,0,0,0,0,5_13_03_V02Y_0,Panipat,2017,10,3,8,4,1,18,0,0
5_13,0,1,0,0,0,0,0,0,5_13_03_V02Y_0,Panipat,2017,11,10,4,4,4,22,0,0
5_13,0,1,0,0,0,0,0,0,5_13_03_V02Y_0,Panipat,2017,12,9,8,3,2,23,0,0
5_13,0,1,0,0,0,0,0,0,5_13_03_V02Y_0,Panipat,2018,1,5,4,8,1,18,0,0
5_13,0,1,0,0,0,0,0,0,5_13_03_V02Y_0,Panipat,2018,2,3,3,3,3,16,0,0
5_13,0,1,0,0,0,0,0,0,5_13_03_V02Y_0,Panipat,2018,3,4,7,6,2,22,0,0
5_13,0,0,0,1,0,0,0,0,5_13_04_V01Y_0,Panipat,2017,3,16,25,19,17,86,0,0
5_13,0,0,0,1,0,0,0,0,5_13_04_V01Y_0,Panipat,2017,4,31,26,34,18,117,0,0
5_13,0,0,0,1,0,0,0,0,5_13_04_V01Y_0,Panipat,2017,5,23,38,26,17,109,0,0
5_13,0,0,0,1,0,0,0,0,5_13_04_V01Y_0,Panipat,2017,6,18,27,30,43,126,0,0
5_13,0,0,0,1,0,0,0,0,5_13_04_V01Y_0,Panipat,2017,7,31,19,32,31,118,0,0
5_13,0,0,0,1,0,0,0,0,5_13_04_V01Y_0,Panipat,2017,8,30,26,18,31,115,0,0
5_13,0,0,0,1,0,0,0,0,5_13_04_V01Y_0,Panipat,2017,9,35,24,26,42,142,0,0
5_13,0,0,0,1,0,0,0,0,5_13_04_V01Y_0,Panipat,2017,10,51,23,21,28,140,0,0
5_13,0,0,0,1,0,0,0,0,5_13_04_V01Y_0,Panipat,2017,11,39,41,21,31,159,0,0
5_13,0,0,0,1,0,0,0,0,5_13_04_V01Y_0,Panipat,2017,12,41,46,32,21,175,0,0
5_13,0,0,0,1,0,0,0,0,5_13_04_V01Y_0,Panipat,2018,1,31,35,40,16,167,0,0
5_13,0,0,0,1,0,0,0,0,5_13_04_V01Y_0,Panipat,2018,2,30,36,31,23,158,0,0
5_13,0,0,0,1,0,0,0,0,5_13_04_V01Y_0,Panipat,2018,3,46,26,41,28,178,0,0
5_14,1,0,0,0,0,0,0,0,5_14_02_V01Y_0,Panipat,2017,3,10,8,6,1,27,1,0
5_14,1,0,0,0,0,0,0,0,5_14_02_V01Y_0,Panipat,2017,4,12,10,7,8,38,1,0
5_14,1,0,0,0,0,0,0,0,5_14_02_V01Y_0,Panipat,2017,5,7,13,12,10,44,1,0
5_14,1,0,0,0,0,0,0,0,5_14_02_V01Y_0,Panipat,2017,6,5,5,9,9,30,1,0
5_14,1,0,0,0,0,0,0,0,5_14_02_V01Y_0,Panipat,2017,7,10,10,7,13,42,1,0
5_14,1,0,0,0,0,0,0,0,5_14_02_V01Y_0,Panipat,2017,8,12,6,9,20,49,1,0
5_14,1,0,0,0,0,0,0,0,5_14_02_V01Y_0,Panipat,2017,9,12,12,9,12,47,1,0
5_14,1,0,0,0,0,0,0,0,5_14_02_V01Y_0,Panipat,2017,10,13,9,15,13,52,1,0
5_14,1,0,0,0,0,0,0,0,5_14_02_V01Y_0,Panipat,2017,11,7,15,5,9,40,1,0
5_14,1,0,0,0,0,0,0,0,5_14_02_V01Y_0,Panipat,2017,12,24,12,13,11,63,1,0
5_14,1,0,0,0,0,0,0,0,5_14_02_V01Y_0,Panipat,2018,1,15,16,8,3,46,1,0
5_14,1,0,0,0,0,0,0,0,5_14_02_V01Y_0,Panipat,2018,2,10,13,17,9,59,1,0
5_14,1,0,0,0,0,0,0,0,5_14_02_V01Y_0,Panipat,2018,3,13,16,15,13,71,1,0
5_14,0,0,0,1,0,0,0,0,5_14_03_V02Y_0,Panipat,2017,3,8,6,7,7,30,1,0
5_14,0,0,0,1,0,0,0,0,5_14_03_V02Y_0,Panipat,2017,4,8,6,4,9,29,1,0
5_14,0,0,0,1,0,0,0,0,5_14_03_V02Y_0,Panipat,2017,5,11,6,3,3,24,1,0
5_14,0,0,0,1,0,0,0,0,5_14_03_V02Y_0,Panipat,2017,6,0,10,6,3,18,1,0
5_14,0,0,0,1,0,0,0,0,5_14_03_V02Y_0,Panipat,2017,7,5,2,4,7,20,1,0
5_14,0,0,0,1,0,0,0,0,5_14_03_V02Y_0,Panipat,2017,8,0,1,4,8,17,1,0
5_14,0,0,0,1,0,0,0,0,5_14_03_V02Y_0,Panipat,2017,9,3,2,5,8,20,1,0
5_14,0,0,0,1,0,0,0,0,5_14_03_V02Y_0,Panipat,2017,10,5,4,4,4,19,1,0
5_14,0,0,0,1,0,0,0,0,5_14_03_V02Y_0,Panipat,2017,11,6,6,3,8,27,1,0
5_14,0,0,0,1,0,0,0,0,5_14_03_V02Y_0,Panipat,2017,12,6,8,6,12,42,1,0
5_14,0,0,0,1,0,0,0,0,5_14_03_V02Y_0,Panipat,2018,1,7,5,3,0,19,1,0
5_14,0,0,0,1,0,0,0,0,5_14_03_V02Y_0,Panipat,2018,2,8,6,5,2,26,1,0
5_14,0,0,0,1,0,0,0,0,5_14_03_V02Y_0,Panipat,2018,3,12,9,10,3,38,1,0
5_14,1,0,0,0,0,0,0,0,5_14_05_V02Y_0,Panipat,2017,3,4,6,2,3,16,0,1
5_14,1,0,0,0,0,0,0,0,5_14_05_V02Y_0,Panipat,2017,4,5,3,4,4,19,0,1
5_14,1,0,0,0,0,0,0,0,5_14_05_V02Y_0,Panipat,2017,5,3,4,3,0,10,0,1
5_14,1,0,0,0,0,0,0,0,5_14_05_V02Y_0,Panipat,2017,6,3,2,3,3,11,0,1
5_14,1,0,0,0,0,0,0,0,5_14_05_V02Y_0,Panipat,2017,7,1,4,4,3,12,0,1
5_14,1,0,0,0,0,0,0,0,5_14_05_V02Y_0,Panipat,2017,8,1,2,3,2,8,0,1
5_14,1,0,0,0,0,0,0,0,5_14_05_V02Y_0,Panipat,2017,9,4,1,1,6,15,0,1
5_14,1,0,0,0,0,0,0,0,5_14_05_V02Y_0,Panipat,2017,10,4,4,2,3,13,0,1
5_14,1,0,0,0,0,0,0,0,5_14_05_V02Y_0,Panipat,2017,11,0,1,0,0,1,0,1
5_14,1,0,0,0,0,0,0,0,5_14_05_V02Y_0,Panipat,2017,12,4,5,3,4,16,0,1
5_14,1,0,0,0,0,0,0,0,5_14_05_V02Y_0,Panipat,2018,1,1,4,4,1,13,0,1
5_14,1,0,0,0,0,0,0,0,5_14_05_V02Y_0,Panipat,2018,2,2,0,3,3,9,0,1
5_14,1,0,0,0,0,0,0,0,5_14_05_V02Y_0,Panipat,2018,3,2,3,2,1,9,0,1
5_14,0,0,1,0,0,0,0,0,5_14_05_V06Y_0,Panipat,2017,3,4,5,5,1,16,0,1
5_14,0,0,1,0,0,0,0,0,5_14_05_V06Y_0,Panipat,2017,4,4,5,8,7,29,0,1
5_14,0,0,1,0,0,0,0,0,5_14_05_V06Y_0,Panipat,2017,5,10,4,6,5,25,0,1
5_14,0,0,1,0,0,0,0,0,5_14_05_V06Y_0,Panipat,2017,6,4,6,2,13,28,0,1
5_14,0,0,1,0,0,0,0,0,5_14_05_V06Y_0,Panipat,2017,7,11,6,7,15,41,0,1
5_14,0,0,1,0,0,0,0,0,5_14_05_V06Y_0,Panipat,2017,8,5,9,9,8,33,0,1
5_14,0,0,1,0,0,0,0,0,5_14_05_V06Y_0,Panipat,2017,9,12,6,6,3,30,0,1
5_14,0,0,1,0,0,0,0,0,5_14_05_V06Y_0,Panipat,2017,10,14,3,6,6,31,0,1
5_14,0,0,1,0,0,0,0,0,5_14_05_V06Y_0,Panipat,2017,11,10,17,5,1,37,0,1
5_14,0,0,1,0,0,0,0,0,5_14_05_V06Y_0,Panipat,2017,12,8,10,15,10,52,0,1
5_14,0,0,1,0,0,0,0,0,5_14_05_V06Y_0,Panipat,2018,1,4,9,10,7,37,0,1
5_14,0,0,1,0,0,0,0,0,5_14_05_V06Y_0,Panipat,2018,2,15,6,8,6,44,0,1
5_14,0,0,1,0,0,0,0,0,5_14_05_V06Y_0,Panipat,2018,3,7,13,7,10,49,0,1
5_15,0,0,0,1,0,0,1,0,5_15_02_V02Y_0,Panipat,2017,3,5,0,0,2,7,1,0
5_15,0,0,0,1,0,0,1,0,5_15_02_V02Y_0,Panipat,2017,4,1,5,0,3,10,1,0
5_15,0,0,0,1,0,0,1,0,5_15_02_V02Y_0,Panipat,2017,5,0,1,3,3,8,1,0
5_15,0,0,0,1,0,0,1,0,5_15_02_V02Y_0,Panipat,2017,6,2,0,1,0,3,1,0
5_15,0,0,0,1,0,0,1,0,5_15_02_V02Y_0,Panipat,2017,7,3,2,1,0,7,1,0
5_15,0,0,0,1,0,0,1,0,5_15_02_V02Y_0,Panipat,2017,8,2,4,3,0,10,1,0
5_15,0,0,0,1,0,0,1,0,5_15_02_V02Y_0,Panipat,2017,9,4,1,4,1,11,1,0
5_15,0,0,0,1,0,0,1,0,5_15_02_V02Y_0,Panipat,2017,10,1,1,1,0,3,1,0
5_15,0,0,0,1,0,0,1,0,5_15_02_V02Y_0,Panipat,2017,11,5,3,0,5,13,1,0
5_15,0,0,0,1,0,0,1,0,5_15_02_V02Y_0,Panipat,2017,12,3,6,4,2,19,1,0
5_15,0,0,0,1,0,0,1,0,5_15_02_V02Y_0,Panipat,2018,1,2,3,4,2,12,1,0
5_15,0,0,0,1,0,0,1,0,5_15_02_V02Y_0,Panipat,2018,2,0,3,2,1,8,1,0
5_15,0,0,0,1,0,0,1,0,5_15_02_V02Y_0,Panipat,2018,3,2,0,3,3,10,1,0
5_15,0,0,1,0,0,0,1,0,5_15_03_V03Y_0,Panipat,2017,3,1,2,5,4,12,0,0
5_15,0,0,1,0,0,0,1,0,5_15_03_V03Y_0,Panipat,2017,4,1,1,2,4,9,0,0
5_15,0,0,1,0,0,0,1,0,5_15_03_V03Y_0,Panipat,2017,5,0,1,1,5,10,0,0
5_15,0,0,1,0,0,0,1,0,5_15_03_V03Y_0,Panipat,2017,6,2,1,1,1,4,0,0
5_15,0,1,0,0,0,0,0,1,5_15_05_V03Y_0,Panipat,2017,3,5,4,9,2,21,1,0
5_15,0,1,0,0,0,0,0,1,5_15_05_V03Y_0,Panipat,2017,4,7,5,3,3,18,1,0
5_15,0,1,0,0,0,0,0,1,5_15_05_V03Y_0,Panipat,2017,5,2,7,5,3,17,1,0
5_15,0,1,0,0,0,0,0,1,5_15_05_V03Y_0,Panipat,2017,6,5,1,7,5,18,1,0
5_15,0,1,0,0,0,0,0,1,5_15_05_V03Y_0,Panipat,2017,7,2,4,6,8,20,1,0
5_15,0,1,0,0,0,0,0,1,5_15_05_V03Y_0,Panipat,2017,8,4,4,1,3,13,1,0
5_15,0,1,0,0,0,0,0,1,5_15_05_V03Y_0,Panipat,2017,9,6,3,5,7,25,1,0
5_15,0,1,0,0,0,0,0,1,5_15_05_V03Y_0,Panipat,2017,10,7,4,3,3,17,1,0
5_15,0,1,0,0,0,0,0,1,5_15_05_V03Y_0,Panipat,2017,11,0,8,2,5,19,1,0
5_15,0,1,0,0,0,0,0,1,5_15_05_V03Y_0,Panipat,2017,12,6,1,9,8,25,1,0
5_15,0,1,0,0,0,0,0,1,5_15_05_V03Y_0,Panipat,2018,1,4,3,1,1,10,1,0
5_15,0,1,0,0,0,0,0,1,5_15_05_V03Y_0,Panipat,2018,2,3,4,3,9,20,1,0
5_15,0,1,0,0,0,0,0,1,5_15_05_V03Y_0,Panipat,2018,3,2,1,1,1,7,1,0
5_15,0,0,0,1,0,0,0,1,5_15_05_V04Y_0,Panipat,2017,3,7,11,10,6,35,1,0
5_15,0,0,0,1,0,0,0,1,5_15_05_V04Y_0,Panipat,2017,4,11,8,12,8,39,1,0
5_15,0,0,0,1,0,0,0,1,5_15_05_V04Y_0,Panipat,2017,5,6,9,5,8,30,1,0
5_15,0,0,0,1,0,0,0,1,5_15_05_V04Y_0,Panipat,2017,6,7,8,8,7,33,1,0
5_15,0,0,0,1,0,0,0,1,5_15_05_V04Y_0,Panipat,2017,7,7,8,8,15,38,1,0
5_15,0,0,0,1,0,0,0,1,5_15_05_V04Y_0,Panipat,2017,8,5,8,9,6,30,1,0
5_15,0,0,0,1,0,0,0,1,5_15_05_V04Y_0,Panipat,2017,9,1,3,9,7,21,1,0
5_15,0,0,0,1,0,0,0,1,5_15_05_V04Y_0,Panipat,2017,10,,,,,1,1,0
5_15,0,0,0,1,0,0,0,1,5_15_05_V04Y_0,Panipat,2017,12,2,1,1,4,8,1,0
5_15,0,0,0,1,0,0,0,1,5_15_05_V04Y_0,Panipat,2018,1,3,11,5,7,31,1,0
5_15,0,0,0,1,0,0,0,1,5_15_05_V04Y_0,Panipat,2018,2,8,4,11,8,36,1,0
5_15,0,0,0,1,0,0,0,1,5_15_05_V04Y_0,Panipat,2018,3,11,12,7,7,50,1,0
6_01,0,0,0,1,1,0,0,0,6_01_01_V03Y_0,Rewari,2017,1,1,1,2,0,4,1,0
6_01,0,0,0,1,1,0,0,0,6_01_01_V03Y_0,Rewari,2017,2,0,1,1,0,3,1,0
6_01,0,0,0,1,1,0,0,0,6_01_01_V03Y_0,Rewari,2017,3,2,1,2,3,8,1,0
6_01,0,0,0,1,1,0,0,0,6_01_01_V03Y_0,Rewari,2017,4,0,1,0,0,2,1,0
6_01,0,0,0,1,1,0,0,0,6_01_01_V03Y_0,Rewari,2017,5,3,1,2,3,10,1,0
6_01,0,0,0,1,1,0,0,0,6_01_01_V03Y_0,Rewari,2017,6,1,3,0,1,5,1,0
6_01,0,0,0,1,1,0,0,0,6_01_01_V03Y_0,Rewari,2017,7,0,1,2,1,4,1,0
6_01,0,0,0,1,1,0,0,0,6_01_01_V03Y_0,Rewari,2017,8,2,1,2,2,9,1,0
6_01,0,0,0,1,1,0,0,0,6_01_01_V03Y_0,Rewari,2017,9,3,2,1,1,8,1,0
6_01,0,0,0,1,1,0,0,0,6_01_01_V03Y_0,Rewari,2017,10,0,4,2,1,7,1,0
6_01,0,0,0,1,1,0,0,0,6_01_01_V03Y_0,Rewari,2017,11,1,0,3,2,8,1,0
6_01,0,0,0,1,1,0,0,0,6_01_01_V03Y_0,Rewari,2017,12,2,1,1,2,7,1,0
6_01,0,0,0,1,1,0,0,0,6_01_01_V03Y_0,Rewari,2018,1,2,1,1,0,9,1,0
6_01,0,0,0,1,1,0,0,0,6_01_01_V03Y_0,Rewari,2018,2,0,2,2,1,8,1,0
6_01,1,0,0,0,1,0,0,0,6_01_03_V04Y_0,Rewari,2017,1,1,1,1,3,7,1,0
6_01,1,0,0,0,1,0,0,0,6_01_03_V04Y_0,Rewari,2017,2,3,4,3,1,10,1,0
6_01,1,0,0,0,1,0,0,0,6_01_03_V04Y_0,Rewari,2017,3,4,3,2,1,13,1,0
6_01,1,0,0,0,1,0,0,0,6_01_03_V04Y_0,Rewari,2017,4,3,1,2,2,10,1,0
6_01,1,0,0,0,1,0,0,0,6_01_03_V04Y_0,Rewari,2017,5,3,2,1,5,13,1,0
6_01,1,0,0,0,1,0,0,0,6_01_03_V04Y_0,Rewari,2017,6,2,1,3,3,11,1,0
6_01,1,0,0,0,1,0,0,0,6_01_03_V04Y_0,Rewari,2017,7,3,3,2,2,12,1,0
6_01,1,0,0,0,1,0,0,0,6_01_03_V04Y_0,Rewari,2017,8,1,1,2,1,6,1,0
6_01,1,0,0,0,1,0,0,0,6_01_03_V04Y_0,Rewari,2017,9,5,3,1,2,15,1,0
6_01,1,0,0,0,1,0,0,0,6_01_03_V04Y_0,Rewari,2017,10,3,3,3,3,15,1,0
6_01,1,0,0,0,1,0,0,0,6_01_03_V04Y_0,Rewari,2017,11,4,6,3,3,19,1,0
6_01,1,0,0,0,1,0,0,0,6_01_03_V04Y_0,Rewari,2017,12,4,6,6,4,20,1,0
6_01,1,0,0,0,1,0,0,0,6_01_03_V04Y_0,Rewari,2018,1,2,3,6,3,17,1,0
6_01,1,0,0,0,1,0,0,0,6_01_03_V04Y_0,Rewari,2018,2,2,2,3,1,13,1,0
6_01,1,0,0,0,1,0,0,0,6_01_03_V04Y_0,Rewari,2018,3,3,2,3,2,15,1,0
6_01,0,1,0,0,1,0,0,0,6_01_04_V03Y_0,Rewari,2017,1,3,5,4,1,13,1,0
6_01,0,1,0,0,1,0,0,0,6_01_04_V03Y_0,Rewari,2017,2,1,2,4,3,10,1,0
6_01,0,1,0,0,1,0,0,0,6_01_04_V03Y_0,Rewari,2017,3,4,1,3,3,11,1,0
6_01,0,1,0,0,1,0,0,0,6_01_04_V03Y_0,Rewari,2017,4,2,3,3,7,15,1,0
6_01,0,1,0,0,1,0,0,0,6_01_04_V03Y_0,Rewari,2017,5,2,2,4,1,9,1,0
6_01,0,1,0,0,1,0,0,0,6_01_04_V03Y_0,Rewari,2017,6,3,3,1,2,10,1,0
6_01,0,1,0,0,1,0,0,0,6_01_04_V03Y_0,Rewari,2017,7,3,2,6,5,17,1,0
6_01,0,1,0,0,1,0,0,0,6_01_04_V03Y_0,Rewari,2017,8,6,3,3,5,19,1,0
6_01,0,1,0,0,1,0,0,0,6_01_04_V03Y_0,Rewari,2017,9,4,5,4,4,19,1,0
6_01,0,1,0,0,1,0,0,0,6_01_04_V03Y_0,Rewari,2017,10,4,4,4,2,15,1,0
6_01,0,1,0,0,1,0,0,0,6_01_04_V03Y_0,Rewari,2017,11,6,6,5,2,20,1,0
6_01,0,1,0,0,1,0,0,0,6_01_04_V03Y_0,Rewari,2017,12,3,5,5,2,22,1,0
6_01,0,1,0,0,1,0,0,0,6_01_04_V03Y_0,Rewari,2018,1,3,5,6,2,21,1,0
6_01,0,1,0,0,1,0,0,0,6_01_04_V03Y_0,Rewari,2018,2,5,5,2,5,20,1,0
6_01,0,1,0,0,1,0,0,0,6_01_04_V03Y_0,Rewari,2018,3,1,5,7,6,28,1,0
6_02,0,1,0,0,0,0,0,0,6_02_01_V03Y_0,Rewari,2017,1,2,1,0,0,3,1,0
6_02,0,1,0,0,0,0,0,0,6_02_01_V03Y_0,Rewari,2017,2,0,1,2,1,4,1,0
6_02,0,1,0,0,0,0,0,0,6_02_01_V03Y_0,Rewari,2017,3,0,0,1,0,1,1,0
6_02,0,1,0,0,0,0,0,0,6_02_01_V03Y_0,Rewari,2017,4,0,0,0,1,1,1,0
6_02,0,1,0,0,0,0,0,0,6_02_01_V03Y_0,Rewari,2017,5,1,0,0,2,3,1,0
6_02,0,1,0,0,0,0,0,0,6_02_01_V03Y_0,Rewari,2017,6,1,0,1,1,3,1,0
6_02,0,1,0,0,0,0,0,0,6_02_01_V03Y_0,Rewari,2017,7,1,2,0,0,3,1,0
6_02,0,1,0,0,0,0,0,0,6_02_01_V03Y_0,Rewari,2017,8,1,0,0,1,2,1,0
6_02,0,1,0,0,0,0,0,0,6_02_01_V03Y_0,Rewari,2017,9,1,3,2,1,6,1,0
6_02,0,1,0,0,0,0,0,0,6_02_01_V03Y_0,Rewari,2017,10,0,1,2,0,5,1,0
6_02,0,1,0,0,0,0,0,0,6_02_01_V03Y_0,Rewari,2017,11,2,0,2,0,4,1,0
6_02,0,1,0,0,0,0,0,0,6_02_01_V03Y_0,Rewari,2017,12,0,2,0,1,3,1,0
6_02,0,1,0,0,0,0,0,0,6_02_01_V03Y_0,Rewari,2018,1,1,0,2,1,4,1,0
6_02,0,1,0,0,0,0,0,0,6_02_01_V03Y_0,Rewari,2018,2,2,0,0,0,2,1,0
6_02,0,1,0,0,0,0,0,0,6_02_01_V03Y_0,Rewari,2018,3,0,2,0,1,5,1,0
6_02,1,0,0,0,0,0,0,0,6_02_02_V01Y_1,Rewari,2017,1,13,15,16,1,45,0,1
6_02,1,0,0,0,0,0,0,0,6_02_02_V01Y_1,Rewari,2017,2,7,13,13,9,43,0,1
6_02,1,0,0,0,0,0,0,0,6_02_02_V01Y_1,Rewari,2017,3,21,10,17,3,52,0,1
6_02,1,0,0,0,0,0,0,0,6_02_02_V01Y_1,Rewari,2017,4,11,13,10,16,52,0,1
6_02,1,0,0,0,0,0,0,0,6_02_02_V01Y_1,Rewari,2017,5,10,16,17,11,53,0,1
6_02,1,0,0,0,0,0,0,0,6_02_02_V01Y_1,Rewari,2017,6,20,10,13,11,56,0,1
6_02,1,0,0,0,0,0,0,0,6_02_02_V01Y_1,Rewari,2017,7,12,17,7,8,44,0,1
6_02,1,0,0,0,0,0,0,0,6_02_02_V01Y_1,Rewari,2017,8,7,6,5,14,37,0,1
6_02,1,0,0,0,0,0,0,0,6_02_02_V01Y_1,Rewari,2017,9,9,6,13,8,36,0,1
6_02,1,0,0,0,0,0,0,0,6_02_02_V01Y_1,Rewari,2017,10,13,12,6,8,43,0,1
6_02,1,0,0,0,0,0,0,0,6_02_02_V01Y_1,Rewari,2017,11,12,7,12,9,43,0,1
6_02,1,0,0,0,0,0,0,0,6_02_02_V01Y_1,Rewari,2017,12,8,11,4,4,34,0,1
6_02,1,0,0,0,0,0,0,0,6_02_02_V01Y_1,Rewari,2018,1,9,8,15,8,46,0,1
6_02,1,0,0,0,0,0,0,0,6_02_02_V01Y_1,Rewari,2018,2,8,12,15,10,53,0,1
6_02,1,0,0,0,0,0,0,0,6_02_02_V01Y_1,Rewari,2018,3,18,5,8,5,40,0,1
6_02,1,0,0,0,0,0,0,0,6_02_06_V05Y_0,Rewari,2017,1,2,3,3,1,9,0,1
6_02,1,0,0,0,0,0,0,0,6_02_06_V05Y_0,Rewari,2017,2,2,1,3,1,8,0,1
6_02,1,0,0,0,0,0,0,0,6_02_06_V05Y_0,Rewari,2017,3,3,2,1,2,8,0,1
6_02,1,0,0,0,0,0,0,0,6_02_06_V05Y_0,Rewari,2017,4,2,3,1,0,6,0,1
6_02,1,0,0,0,0,0,0,0,6_02_06_V05Y_0,Rewari,2017,5,0,1,3,1,5,0,1
6_02,1,0,0,0,0,0,0,0,6_02_06_V05Y_0,Rewari,2017,6,3,0,1,2,7,0,1
6_02,1,0,0,0,0,0,0,0,6_02_06_V05Y_0,Rewari,2017,7,1,4,1,2,8,0,1
6_02,1,0,0,0,0,0,0,0,6_02_06_V05Y_0,Rewari,2017,8,0,0,3,0,3,0,1
6_02,1,0,0,0,0,0,0,0,6_02_06_V05Y_0,Rewari,2017,9,1,1,0,2,4,0,1
6_02,1,0,0,0,0,0,0,0,6_02_06_V05Y_0,Rewari,2017,10,4,1,1,4,10,0,1
6_02,1,0,0,0,0,0,0,0,6_02_06_V05Y_0,Rewari,2017,11,5,2,0,1,8,0,1
6_02,1,0,0,0,0,0,0,0,6_02_06_V05Y_0,Rewari,2017,12,3,8,2,1,15,0,1
6_02,1,0,0,0,0,0,0,0,6_02_06_V05Y_0,Rewari,2018,1,6,2,2,0,6,0,1
6_02,1,0,0,0,0,0,0,0,6_02_06_V05Y_0,Rewari,2018,2,1,2,0,2,5,0,1
6_02,1,0,0,0,0,0,0,0,6_02_06_V05Y_0,Rewari,2018,3,1,3,4,1,11,0,1
6_02,0,1,0,0,0,0,0,0,6_02_08_V05Y_0,Rewari,2017,1,2,5,3,0,10,1,0
6_02,0,1,0,0,0,0,0,0,6_02_08_V05Y_0,Rewari,2017,2,0,2,1,2,6,1,0
6_02,0,1,0,0,0,0,0,0,6_02_08_V05Y_0,Rewari,2017,3,0,1,2,2,5,1,0
6_02,0,1,0,0,0,0,0,0,6_02_08_V05Y_0,Rewari,2017,4,2,0,0,2,4,1,0
6_02,0,1,0,0,0,0,0,0,6_02_08_V05Y_0,Rewari,2017,5,1,2,1,2,5,1,0
6_02,0,1,0,0,0,0,0,0,6_02_08_V05Y_0,Rewari,2017,6,0,0,1,3,4,1,0
6_02,0,1,0,0,0,0,0,0,6_02_08_V05Y_0,Rewari,2017,7,1,0,2,1,4,1,0
6_02,0,1,0,0,0,0,0,0,6_02_08_V05Y_0,Rewari,2017,8,2,1,0,3,6,1,0
6_02,0,1,0,0,0,0,0,0,6_02_08_V05Y_0,Rewari,2017,9,2,3,0,2,7,1,0
6_02,0,1,0,0,0,0,0,0,6_02_08_V05Y_0,Rewari,2017,10,4,2,1,1,9,1,0
6_02,0,1,0,0,0,0,0,0,6_02_08_V05Y_0,Rewari,2017,11,2,3,1,2,8,1,0
6_02,0,1,0,0,0,0,0,0,6_02_08_V05Y_0,Rewari,2017,12,3,4,3,0,9,1,0
6_02,0,1,0,0,0,0,0,0,6_02_08_V05Y_0,Rewari,2018,1,1,4,3,2,9,1,0
6_02,0,1,0,0,0,0,0,0,6_02_08_V05Y_0,Rewari,2018,2,0,2,8,1,10,1,0
6_02,0,1,0,0,0,0,0,0,6_02_08_V05Y_0,Rewari,2018,3,2,0,1,1,6,1,0
6_02,0,0,1,0,0,0,0,0,6_02_09_V03Y_0,Rewari,2017,2,1,2,2,1,6,1,0
6_02,0,0,1,0,0,0,0,0,6_02_09_V03Y_0,Rewari,2017,3,1,1,0,2,4,1,0
6_02,0,0,1,0,0,0,0,0,6_02_09_V03Y_0,Rewari,2017,4,2,1,3,2,8,1,0
6_02,0,0,1,0,0,0,0,0,6_02_09_V03Y_0,Rewari,2017,5,1,3,0,2,6,1,0
6_02,0,0,1,0,0,0,0,0,6_02_09_V03Y_0,Rewari,2017,6,1,0,2,1,7,1,0
6_02,0,0,1,0,0,0,0,0,6_02_09_V03Y_0,Rewari,2017,7,0,1,0,2,5,1,0
6_02,0,0,1,0,0,0,0,0,6_02_09_V03Y_0,Rewari,2017,8,1,1,1,2,6,1,0
6_02,0,0,1,0,0,0,0,0,6_02_09_V03Y_0,Rewari,2017,9,0,1,1,1,5,1,0
6_02,0,0,1,0,0,0,0,0,6_02_09_V03Y_0,Rewari,2017,10,3,0,1,1,8,1,0
6_02,0,0,1,0,0,0,0,0,6_02_09_V03Y_0,Rewari,2017,11,2,1,0,3,7,1,0
6_02,0,0,1,0,0,0,0,0,6_02_09_V03Y_0,Rewari,2017,12,1,2,1,0,5,1,0
6_02,0,0,1,0,0,0,0,0,6_02_09_V03Y_0,Rewari,2018,1,0,3,2,0,9,1,0
6_02,0,0,1,0,0,0,0,0,6_02_09_V03Y_0,Rewari,2018,2,1,0,3,1,8,1,0
6_02,0,0,1,0,0,0,0,0,6_02_09_V03Y_0,Rewari,2018,3,1,1,0,0,5,1,0
6_02,0,0,1,0,0,0,0,0,6_02_10_V01Y_0,Rewari,2017,1,2,2,0,1,7,0,1
6_02,0,0,1,0,0,0,0,0,6_02_10_V01Y_0,Rewari,2017,2,4,0,3,1,8,0,1
6_02,0,0,1,0,0,0,0,0,6_02_10_V01Y_0,Rewari,2017,3,5,3,0,0,8,0,1
6_02,0,0,1,0,0,0,0,0,6_02_10_V01Y_0,Rewari,2017,4,2,6,3,3,14,0,1
6_02,0,0,1,0,0,0,0,0,6_02_10_V01Y_0,Rewari,2017,5,3,2,3,3,11,0,1
6_02,0,0,1,0,0,0,0,0,6_02_10_V01Y_0,Rewari,2017,6,3,2,1,0,6,0,1
6_02,0,0,1,0,0,0,0,0,6_02_10_V01Y_0,Rewari,2017,7,0,3,2,1,7,0,1
6_02,0,0,1,0,0,0,0,0,6_02_10_V01Y_0,Rewari,2017,8,3,0,2,0,5,0,1
6_02,0,0,1,0,0,0,0,0,6_02_10_V01Y_0,Rewari,2017,9,3,3,1,5,13,0,1
6_02,0,0,1,0,0,0,0,0,6_02_10_V01Y_0,Rewari,2017,10,5,1,1,5,15,0,1
6_02,0,0,1,0,0,0,0,0,6_02_10_V01Y_0,Rewari,2017,11,3,4,0,2,10,0,1
6_02,0,0,1,0,0,0,0,0,6_02_10_V01Y_0,Rewari,2017,12,6,4,2,2,15,0,1
6_02,0,0,1,0,0,0,0,0,6_02_10_V01Y_0,Rewari,2018,1,2,4,4,2,14,0,1
6_02,0,0,1,0,0,0,0,0,6_02_10_V01Y_0,Rewari,2018,2,4,3,5,3,17,0,1
6_02,0,0,1,0,0,0,0,0,6_02_10_V01Y_0,Rewari,2018,3,1,3,2,1,11,0,1
6_03,0,0,0,1,0,0,0,0,6_03_01_V01Y_0,Rewari,2017,1,4,5,3,3,21,1,0
6_03,0,0,0,1,0,0,0,0,6_03_01_V01Y_0,Rewari,2017,2,7,3,2,1,13,1,0
6_03,0,0,0,1,0,0,0,0,6_03_01_V01Y_0,Rewari,2017,3,0,10,4,4,19,1,0
6_03,0,0,0,1,0,0,0,0,6_03_01_V01Y_0,Rewari,2017,4,4,2,6,7,20,1,0
6_03,0,0,0,1,0,0,0,0,6_03_01_V01Y_0,Rewari,2017,5,1,5,6,5,17,1,0
6_03,0,0,0,1,0,0,0,0,6_03_01_V01Y_0,Rewari,2017,6,2,2,1,3,9,1,0
6_03,0,0,0,1,0,0,0,0,6_03_01_V01Y_0,Rewari,2017,7,1,3,2,3,10,1,0
6_03,0,0,0,1,0,0,0,0,6_03_01_V01Y_0,Rewari,2017,8,7,2,2,3,14,1,0
6_03,0,0,0,1,0,0,0,0,6_03_01_V01Y_0,Rewari,2017,9,5,6,3,8,20,1,0
6_03,0,0,0,1,0,0,0,0,6_03_01_V01Y_0,Rewari,2017,10,3,2,3,0,10,1,0
6_03,0,0,0,1,0,0,0,0,6_03_01_V01Y_0,Rewari,2017,11,6,8,4,2,22,1,0
6_03,0,0,0,1,0,0,0,0,6_03_01_V01Y_0,Rewari,2017,12,7,3,4,3,19,1,0
6_03,0,0,0,1,0,0,0,0,6_03_01_V01Y_0,Rewari,2018,1,3,4,2,2,12,1,0
6_03,0,0,0,1,0,0,0,0,6_03_01_V01Y_0,Rewari,2018,2,8,5,5,2,29,1,0
6_03,0,0,0,1,0,0,0,0,6_03_01_V01Y_0,Rewari,2018,3,3,8,4,3,19,1,0
6_03,0,0,0,1,0,0,0,0,6_03_03_V02Y_0,Rewari,2017,1,3,5,4,0,13,0,1
6_03,0,0,0,1,0,0,0,0,6_03_03_V02Y_0,Rewari,2017,2,1,3,4,3,12,0,1
6_03,0,0,0,1,0,0,0,0,6_03_03_V02Y_0,Rewari,2017,3,3,2,3,0,9,0,1
6_03,0,0,0,1,0,0,0,0,6_03_03_V02Y_0,Rewari,2017,4,2,3,3,5,13,0,1
6_03,0,0,0,1,0,0,0,0,6_03_03_V02Y_0,Rewari,2017,5,0,3,3,1,9,0,1
6_03,0,0,0,1,0,0,0,0,6_03_03_V02Y_0,Rewari,2017,6,2,2,4,4,11,0,1
6_03,0,0,0,1,0,0,0,0,6_03_03_V02Y_0,Rewari,2017,7,3,1,2,1,8,0,1
6_03,0,0,0,1,0,0,0,0,6_03_03_V02Y_0,Rewari,2017,8,2,4,0,3,10,0,1
6_03,0,0,0,1,0,0,0,0,6_03_03_V02Y_0,Rewari,2017,9,6,1,3,2,15,0,1
6_03,0,0,0,1,0,0,0,0,6_03_03_V02Y_0,Rewari,2017,10,2,4,0,4,19,0,1
6_03,0,0,0,1,0,0,0,0,6_03_03_V02Y_0,Rewari,2017,11,6,3,3,0,13,0,1
6_03,0,0,0,1,0,0,0,0,6_03_03_V02Y_0,Rewari,2017,12,3,5,4,2,18,0,1
6_03,0,0,0,1,0,0,0,0,6_03_03_V02Y_0,Rewari,2018,1,8,3,3,2,20,0,1
6_03,0,0,0,1,0,0,0,0,6_03_03_V02Y_0,Rewari,2018,2,4,8,2,2,22,0,1
6_03,0,0,0,1,0,0,0,0,6_03_03_V02Y_0,Rewari,2018,3,1,6,5,0,19,0,1
6_03,0,0,0,1,0,0,0,0,6_03_05_V02Y_0,Rewari,2017,1,2,3,1,0,10,0,1
6_03,0,0,0,1,0,0,0,0,6_03_05_V02Y_0,Rewari,2017,2,3,2,6,5,16,0,1
6_03,0,0,0,1,0,0,0,0,6_03_05_V02Y_0,Rewari,2017,3,3,3,3,3,13,0,1
6_03,0,0,0,1,0,0,0,0,6_03_05_V02Y_0,Rewari,2017,4,2,5,2,3,12,0,1
6_03,0,0,0,1,0,0,0,0,6_03_05_V02Y_0,Rewari,2017,5,4,3,2,2,12,0,1
6_03,0,0,0,1,0,0,0,0,6_03_05_V02Y_0,Rewari,2017,6,5,1,5,1,12,0,1
6_03,0,0,0,1,0,0,0,0,6_03_05_V02Y_0,Rewari,2017,7,4,8,1,4,19,0,1
6_03,0,0,0,1,0,0,0,0,6_03_05_V02Y_0,Rewari,2017,8,3,1,6,3,18,0,1
6_03,0,0,0,1,0,0,0,0,6_03_05_V02Y_0,Rewari,2017,9,5,4,3,6,18,0,1
6_03,0,0,0,1,0,0,0,0,6_03_05_V02Y_0,Rewari,2017,10,2,5,5,2,22,0,1
6_03,0,0,0,1,0,0,0,0,6_03_05_V02Y_0,Rewari,2017,11,3,3,5,2,14,0,1
6_03,0,0,0,1,0,0,0,0,6_03_05_V02Y_0,Rewari,2017,12,6,5,1,3,16,0,1
6_03,0,0,0,1,0,0,0,0,6_03_05_V02Y_0,Rewari,2018,1,2,5,3,5,17,0,1
6_03,0,0,0,1,0,0,0,0,6_03_05_V02Y_0,Rewari,2018,2,1,2,4,3,15,0,1
6_03,0,0,0,1,0,0,0,0,6_03_05_V02Y_0,Rewari,2018,3,3,2,6,5,18,0,1
6_04,0,0,1,0,0,0,0,0,6_04_02_V01Y_0,Rewari,2017,1,1,2,2,1,6,1,0
6_04,0,0,1,0,0,0,0,0,6_04_02_V01Y_0,Rewari,2017,2,1,4,2,0,9,1,0
6_04,0,0,1,0,0,0,0,0,6_04_02_V01Y_0,Rewari,2017,3,2,0,2,1,6,1,0
6_04,0,0,1,0,0,0,0,0,6_04_02_V01Y_0,Rewari,2017,4,3,2,1,3,12,1,0
6_04,0,0,1,0,0,0,0,0,6_04_02_V01Y_0,Rewari,2017,5,3,3,4,2,12,1,0
6_04,0,0,1,0,0,0,0,0,6_04_02_V01Y_0,Rewari,2017,6,2,3,2,1,11,1,0
6_04,0,0,1,0,0,0,0,0,6_04_02_V01Y_0,Rewari,2017,7,0,2,3,2,8,1,0
6_04,0,0,1,0,0,0,0,0,6_04_02_V01Y_0,Rewari,2017,8,0,0,1,3,4,1,0
6_04,0,0,1,0,0,0,0,0,6_04_02_V01Y_0,Rewari,2017,9,2,1,1,2,9,1,0
6_04,0,0,1,0,0,0,0,0,6_04_02_V01Y_0,Rewari,2017,10,3,1,1,1,7,1,0
6_04,0,0,1,0,0,0,0,0,6_04_02_V01Y_0,Rewari,2017,11,1,1,2,2,7,1,0
6_04,0,0,1,0,0,0,0,0,6_04_02_V01Y_0,Rewari,2017,12,2,1,1,0,10,1,0
6_04,0,0,1,0,0,0,0,0,6_04_02_V01Y_0,Rewari,2018,1,3,3,1,3,14,1,0
6_04,0,0,1,0,0,0,0,0,6_04_02_V01Y_0,Rewari,2018,2,2,4,3,2,16,1,0
6_04,0,0,1,0,0,0,0,0,6_04_02_V01Y_0,Rewari,2018,3,3,1,4,0,10,1,0
6_04,0,0,0,1,0,0,0,0,6_04_02_V06Y_0,Rewari,2017,1,1,2,1,1,5,1,0
6_04,0,0,0,1,0,0,0,0,6_04_02_V06Y_0,Rewari,2017,2,0,4,3,0,8,1,0
6_04,0,0,0,1,0,0,0,0,6_04_02_V06Y_0,Rewari,2017,3,4,0,6,4,14,1,0
6_04,0,0,0,1,0,0,0,0,6_04_02_V06Y_0,Rewari,2017,4,2,3,1,1,8,1,0
6_04,0,0,0,1,0,0,0,0,6_04_02_V06Y_0,Rewari,2017,5,1,1,1,2,5,1,0
6_04,0,0,0,1,0,0,0,0,6_04_02_V06Y_0,Rewari,2017,6,5,2,2,1,15,1,0
6_04,0,0,0,1,0,0,0,0,6_04_02_V06Y_0,Rewari,2017,7,2,6,2,3,13,1,0
6_04,0,0,0,1,0,0,0,0,6_04_02_V06Y_0,Rewari,2017,8,0,2,2,4,11,1,0
6_04,0,0,0,1,0,0,0,0,6_04_02_V06Y_0,Rewari,2017,9,3,0,3,2,10,1,0
6_04,0,0,0,1,0,0,0,0,6_04_02_V06Y_0,Rewari,2017,10,2,1,0,0,5,1,0
6_04,0,0,0,1,0,0,0,0,6_04_02_V06Y_0,Rewari,2017,11,3,1,2,4,13,1,0
6_04,0,0,0,1,0,0,0,0,6_04_02_V06Y_0,Rewari,2017,12,0,2,2,3,7,1,0
6_04,0,0,0,1,0,0,0,0,6_04_02_V06Y_0,Rewari,2018,1,2,1,2,2,11,1,0
6_04,0,0,0,1,0,0,0,0,6_04_02_V06Y_0,Rewari,2018,2,6,3,0,3,15,1,0
6_04,0,0,0,1,0,0,0,0,6_04_02_V06Y_0,Rewari,2018,3,2,5,3,2,16,1,0
6_04,0,0,0,1,0,0,0,0,6_04_03_V03Y_0,Rewari,2017,1,0,3,2,0,6,0,1
6_04,0,0,0,1,0,0,0,0,6_04_03_V03Y_0,Rewari,2017,2,2,0,2,2,6,0,1
6_04,0,0,0,1,0,0,0,0,6_04_03_V03Y_0,Rewari,2017,3,4,2,1,2,9,0,1
6_04,0,0,0,1,0,0,0,0,6_04_03_V03Y_0,Rewari,2017,4,1,2,3,1,7,0,1
6_04,0,0,0,1,0,0,0,0,6_04_03_V03Y_0,Rewari,2017,5,1,0,3,4,8,0,1
6_04,0,0,0,1,0,0,0,0,6_04_03_V03Y_0,Rewari,2017,6,1,1,0,1,4,0,1
6_04,0,0,0,1,0,0,0,0,6_04_03_V03Y_0,Rewari,2017,7,3,3,1,2,9,0,1
6_04,0,0,0,1,0,0,0,0,6_04_03_V03Y_0,Rewari,2017,8,2,4,3,0,7,0,1
6_04,0,0,0,1,0,0,0,0,6_04_03_V03Y_0,Rewari,2017,9,2,1,3,1,7,0,1
6_04,0,0,0,1,0,0,0,0,6_04_03_V03Y_0,Rewari,2017,10,1,2,1,2,7,0,1
6_04,0,0,0,1,0,0,0,0,6_04_03_V03Y_0,Rewari,2017,11,1,1,2,3,10,0,1
6_04,0,0,0,1,0,0,0,0,6_04_03_V03Y_0,Rewari,2017,12,4,1,0,2,7,0,1
6_04,0,0,0,1,0,0,0,0,6_04_03_V03Y_0,Rewari,2018,1,2,3,1,0,8,0,1
6_04,0,0,0,1,0,0,0,0,6_04_03_V03Y_0,Rewari,2018,2,2,3,2,2,10,0,1
6_04,0,0,0,1,0,0,0,0,6_04_03_V03Y_0,Rewari,2018,3,0,2,4,2,9,0,1
6_05,0,1,0,0,0,0,1,0,6_05_01_V03Y_0,Rewari,2017,1,1,1,1,0,3,1,0
6_05,0,1,0,0,0,0,1,0,6_05_01_V03Y_0,Rewari,2017,2,4,4,2,1,15,1,0
6_05,0,1,0,0,0,0,1,0,6_05_01_V03Y_0,Rewari,2017,3,2,4,3,4,14,1,0
6_05,0,1,0,0,0,0,1,0,6_05_01_V03Y_0,Rewari,2017,4,2,1,4,3,12,1,0
6_05,0,1,0,0,0,0,1,0,6_05_01_V03Y_0,Rewari,2017,5,1,3,3,0,9,1,0
6_05,0,1,0,0,0,0,1,0,6_05_01_V03Y_0,Rewari,2017,6,1,1,4,3,20,1,0
6_05,0,1,0,0,0,0,1,0,6_05_01_V03Y_0,Rewari,2017,7,4,2,1,1,18,1,0
6_05,0,1,0,0,0,0,1,0,6_05_01_V03Y_0,Rewari,2017,8,2,4,1,2,18,1,0
6_05,0,1,0,0,0,0,1,0,6_05_01_V03Y_0,Rewari,2017,9,3,1,3,4,12,1,0
6_05,0,1,0,0,0,0,1,0,6_05_01_V03Y_0,Rewari,2017,10,4,3,1,2,24,1,0
6_05,0,1,0,0,0,0,1,0,6_05_01_V03Y_0,Rewari,2017,11,1,4,1,4,15,1,0
6_05,0,1,0,0,0,0,1,0,6_05_01_V03Y_0,Rewari,2017,12,3,2,1,2,12,1,0
6_05,0,1,0,0,0,0,1,0,6_05_01_V03Y_0,Rewari,2018,1,5,3,3,0,16,1,0
6_05,0,1,0,0,0,0,1,0,6_05_01_V03Y_0,Rewari,2018,2,2,5,3,1,15,1,0
6_05,0,1,0,0,0,0,1,0,6_05_01_V03Y_0,Rewari,2018,3,1,2,5,4,18,1,0
6_05,0,0,1,0,1,0,0,0,6_05_02_V01Y_0,Rewari,2017,1,5,8,12,4,33,1,0
6_05,0,0,1,0,1,0,0,0,6_05_02_V01Y_0,Rewari,2017,2,6,7,17,1,34,1,0
6_05,0,0,1,0,1,0,0,0,6_05_02_V01Y_0,Rewari,2017,3,6,8,8,6,30,1,0
6_05,0,0,1,0,1,0,0,0,6_05_02_V01Y_0,Rewari,2017,4,8,8,6,7,29,1,0
6_05,0,0,1,0,1,0,0,0,6_05_02_V01Y_0,Rewari,2017,5,11,8,8,8,37,1,0
6_05,0,0,1,0,1,0,0,0,6_05_02_V01Y_0,Rewari,2017,6,3,10,12,14,41,1,0
6_05,0,0,1,0,1,0,0,0,6_05_02_V01Y_0,Rewari,2017,7,4,4,8,13,32,1,0
6_05,0,0,1,0,1,0,0,0,6_05_02_V01Y_0,Rewari,2017,8,2,5,3,6,19,1,0
6_05,0,0,1,0,1,0,0,0,6_05_02_V01Y_0,Rewari,2017,9,8,4,5,12,30,1,0
6_05,0,0,1,0,1,0,0,0,6_05_02_V01Y_0,Rewari,2017,10,11,7,6,6,38,1,0
6_05,0,0,1,0,1,0,0,0,6_05_02_V01Y_0,Rewari,2017,11,9,8,5,8,33,1,0
6_05,0,0,1,0,1,0,0,0,6_05_02_V01Y_0,Rewari,2017,12,9,10,13,9,48,1,0
6_05,0,0,1,0,1,0,0,0,6_05_02_V01Y_0,Rewari,2018,1,10,11,7,5,51,1,0
6_05,0,0,1,0,1,0,0,0,6_05_02_V01Y_0,Rewari,2018,2,12,10,10,3,45,1,0
6_05,0,0,1,0,1,0,0,0,6_05_02_V01Y_0,Rewari,2018,3,6,10,8,5,55,1,0
6_05,0,0,0,1,0,0,1,0,6_05_03_V01Y_0,Rewari,2017,1,1,6,5,1,15,1,0
6_05,0,0,0,1,0,0,1,0,6_05_03_V01Y_0,Rewari,2017,2,8,6,4,3,21,1,0
6_05,0,0,0,1,0,0,1,0,6_05_03_V01Y_0,Rewari,2017,3,3,7,5,0,17,1,0
6_05,0,0,0,1,0,0,1,0,6_05_03_V01Y_0,Rewari,2017,4,5,5,7,4,21,1,0
6_05,0,0,0,1,0,0,1,0,6_05_03_V01Y_0,Rewari,2017,5,4,4,5,5,19,1,0
6_05,0,0,0,1,0,0,1,0,6_05_03_V01Y_0,Rewari,2017,6,3,4,2,6,26,1,0
6_05,0,0,0,1,0,0,1,0,6_05_03_V01Y_0,Rewari,2017,7,4,3,3,3,15,1,0
6_05,0,0,0,1,0,0,1,0,6_05_03_V01Y_0,Rewari,2017,8,1,3,3,10,30,1,0
6_05,0,0,0,1,0,0,1,0,6_05_03_V01Y_0,Rewari,2017,9,6,2,3,3,22,1,0
6_05,0,0,0,1,0,0,1,0,6_05_03_V01Y_0,Rewari,2017,10,6,4,2,7,23,1,0
6_05,0,0,0,1,0,0,1,0,6_05_03_V01Y_0,Rewari,2017,11,6,5,5,3,21,1,0
6_05,0,0,0,1,0,0,1,0,6_05_03_V01Y_0,Rewari,2017,12,8,5,6,4,27,1,0
6_05,0,0,0,1,0,0,1,0,6_05_03_V01Y_0,Rewari,2018,1,2,6,5,0,30,1,0
6_05,0,0,0,1,0,0,1,0,6_05_03_V01Y_0,Rewari,2018,2,0,2,4,5,16,1,0
6_05,0,0,0,1,0,0,1,0,6_05_03_V01Y_0,Rewari,2018,3,2,2,2,2,24,1,0
6_05,0,0,0,1,0,1,0,0,6_05_05_V02Y_0,Rewari,2017,1,4,4,6,0,14,0,1
6_05,0,0,0,1,0,1,0,0,6_05_05_V02Y_0,Rewari,2017,2,1,7,8,2,20,0,1
6_05,0,0,0,1,0,1,0,0,6_05_05_V02Y_0,Rewari,2017,3,4,4,8,2,17,0,1
6_05,0,0,0,1,0,1,0,0,6_05_05_V02Y_0,Rewari,2017,4,9,5,4,3,23,0,1
6_05,0,0,0,1,0,1,0,0,6_05_05_V02Y_0,Rewari,2017,5,5,4,5,5,25,0,1
6_05,0,0,0,1,0,1,0,0,6_05_05_V02Y_0,Rewari,2017,6,3,8,5,3,35,0,1
6_05,0,0,0,1,0,1,0,0,6_05_05_V02Y_0,Rewari,2017,7,7,2,6,10,37,0,1
6_05,0,0,0,1,0,1,0,0,6_05_05_V02Y_0,Rewari,2017,8,9,8,4,6,36,0,1
6_05,0,0,0,1,0,1,0,0,6_05_05_V02Y_0,Rewari,2017,9,8,11,5,5,40,0,1
6_05,0,0,0,1,0,1,0,0,6_05_05_V02Y_0,Rewari,2017,10,2,7,6,3,37,0,1
6_05,0,0,0,1,0,1,0,0,6_05_05_V02Y_0,Rewari,2017,11,7,1,4,5,26,0,1
6_05,0,0,0,1,0,1,0,0,6_05_05_V02Y_0,Rewari,2017,12,9,9,4,5,34,0,1
6_05,0,0,0,1,0,1,0,0,6_05_05_V02Y_0,Rewari,2018,1,7,13,11,6,49,0,1
6_05,0,0,0,1,0,1,0,0,6_05_05_V02Y_0,Rewari,2018,2,11,3,9,10,37,0,1
6_05,0,0,0,1,0,1,0,0,6_05_05_V02Y_0,Rewari,2018,3,3,7,5,4,32,0,1
6_06,0,1,0,0,1,0,0,0,6_06_01_V02Y_0,Rewari,2017,1,4,4,7,3,19,0,1
6_06,0,1,0,0,1,0,0,0,6_06_01_V02Y_0,Rewari,2017,2,5,2,4,1,12,0,1
6_06,0,1,0,0,1,0,0,0,6_06_01_V02Y_0,Rewari,2017,3,3,4,2,3,15,0,1
6_06,0,1,0,0,1,0,0,0,6_06_01_V02Y_0,Rewari,2017,4,4,2,4,4,15,0,1
6_06,0,1,0,0,1,0,0,0,6_06_01_V02Y_0,Rewari,2017,5,4,6,2,3,16,0,1
6_06,0,1,0,0,1,0,0,0,6_06_01_V02Y_0,Rewari,2017,6,3,5,7,5,20,0,1
6_06,0,1,0,0,1,0,0,0,6_06_01_V02Y_0,Rewari,2017,7,3,2,3,4,14,0,1
6_06,0,1,0,0,1,0,0,0,6_06_01_V02Y_0,Rewari,2017,8,5,3,2,0,12,0,1
6_06,0,1,0,0,1,0,0,0,6_06_01_V02Y_0,Rewari,2017,9,4,4,4,6,19,0,1
6_06,0,1,0,0,1,0,0,0,6_06_01_V02Y_0,Rewari,2017,10,4,4,3,2,18,0,1
6_06,0,1,0,0,1,0,0,0,6_06_01_V02Y_0,Rewari,2017,11,5,4,4,3,17,0,1
6_06,0,1,0,0,1,0,0,0,6_06_01_V02Y_0,Rewari,2017,12,3,7,4,2,23,0,1
6_06,0,1,0,0,1,0,0,0,6_06_01_V02Y_0,Rewari,2018,1,6,4,4,3,20,0,1
6_06,0,1,0,0,1,0,0,0,6_06_01_V02Y_0,Rewari,2018,2,4,3,3,3,17,0,1
6_06,0,1,0,0,1,0,0,0,6_06_01_V02Y_0,Rewari,2018,3,3,5,6,4,24,0,1
6_06,0,0,0,1,1,0,0,0,6_06_01_V03Y_0,Rewari,2017,1,4,5,2,4,20,0,1
6_06,0,0,0,1,1,0,0,0,6_06_01_V03Y_0,Rewari,2017,2,3,7,5,4,23,0,1
6_06,0,0,0,1,1,0,0,0,6_06_01_V03Y_0,Rewari,2017,3,11,5,8,7,31,0,1
6_06,0,0,0,1,1,0,0,0,6_06_01_V03Y_0,Rewari,2017,4,2,8,3,5,21,0,1
6_06,0,0,0,1,1,0,0,0,6_06_01_V03Y_0,Rewari,2017,5,3,4,3,2,19,0,1
6_06,0,0,0,1,1,0,0,0,6_06_01_V03Y_0,Rewari,2017,6,6,1,4,5,20,0,1
6_06,0,0,0,1,1,0,0,0,6_06_01_V03Y_0,Rewari,2017,7,6,5,4,3,23,0,1
6_06,0,0,0,1,1,0,0,0,6_06_01_V03Y_0,Rewari,2017,8,4,5,4,2,19,0,1
6_06,0,0,0,1,1,0,0,0,6_06_01_V03Y_0,Rewari,2017,9,4,4,4,8,25,0,1
6_06,0,0,0,1,1,0,0,0,6_06_01_V03Y_0,Rewari,2017,10,4,6,4,5,19,0,1
6_06,0,0,0,1,1,0,0,0,6_06_01_V03Y_0,Rewari,2017,11,8,1,6,6,24,0,1
6_06,0,0,0,1,1,0,0,0,6_06_01_V03Y_0,Rewari,2017,12,9,5,2,2,21,0,1
6_06,0,0,0,1,1,0,0,0,6_06_01_V03Y_0,Rewari,2018,1,6,7,3,1,20,0,1
6_06,0,0,0,1,1,0,0,0,6_06_01_V03Y_0,Rewari,2018,2,4,10,5,4,30,0,1
6_06,0,0,0,1,1,0,0,0,6_06_01_V03Y_0,Rewari,2018,3,5,8,7,9,37,0,1
6_06,1,0,0,0,1,0,0,0,6_06_01_V04Y_0,Rewari,2017,1,9,6,9,5,37,0,1
6_06,1,0,0,0,1,0,0,0,6_06_01_V04Y_0,Rewari,2017,2,21,19,10,16,75,0,1
6_06,1,0,0,0,1,0,0,0,6_06_01_V04Y_0,Rewari,2017,3,14,12,22,14,68,0,1
6_06,1,0,0,0,1,0,0,0,6_06_01_V04Y_0,Rewari,2017,4,19,16,13,21,76,0,1
6_06,1,0,0,0,1,0,0,0,6_06_01_V04Y_0,Rewari,2017,5,7,6,16,13,44,0,1
6_06,1,0,0,0,1,0,0,0,6_06_01_V04Y_0,Rewari,2017,6,13,13,12,15,57,0,1
6_06,1,0,0,0,1,0,0,0,6_06_01_V04Y_0,Rewari,2017,7,8,16,13,17,60,0,1
6_06,1,0,0,0,1,0,0,0,6_06_01_V04Y_0,Rewari,2017,8,9,11,19,18,74,0,1
6_06,1,0,0,0,1,0,0,0,6_06_01_V04Y_0,Rewari,2017,9,20,14,14,22,82,0,1
6_06,1,0,0,0,1,0,0,0,6_06_01_V04Y_0,Rewari,2017,10,15,15,9,27,82,0,1
6_06,1,0,0,0,1,0,0,0,6_06_01_V04Y_0,Rewari,2017,11,14,14,18,18,77,0,1
6_06,1,0,0,0,1,0,0,0,6_06_01_V04Y_0,Rewari,2017,12,14,14,13,11,69,0,1
6_06,1,0,0,0,1,0,0,0,6_06_01_V04Y_0,Rewari,2018,1,23,20,16,5,79,0,1
6_06,1,0,0,0,1,0,0,0,6_06_01_V04Y_0,Rewari,2018,2,11,19,15,6,66,0,1
6_06,1,0,0,0,1,0,0,0,6_06_01_V04Y_0,Rewari,2018,3,11,16,8,13,63,0,1
6_06,1,0,0,0,0,0,1,0,6_06_03_V01Y_0,Rewari,2017,1,0,2,0,0,2,1,0
6_06,1,0,0,0,0,0,1,0,6_06_03_V01Y_0,Rewari,2017,2,12,7,5,7,31,1,0
6_06,1,0,0,0,0,0,1,0,6_06_03_V01Y_0,Rewari,2017,3,13,17,13,4,48,1,0
6_06,1,0,0,0,0,0,1,0,6_06_03_V01Y_0,Rewari,2017,4,18,16,22,11,70,1,0
6_06,1,0,0,0,0,0,1,0,6_06_03_V01Y_0,Rewari,2017,5,9,21,25,19,76,1,0
6_06,1,0,0,0,0,0,1,0,6_06_03_V01Y_0,Rewari,2017,6,7,11,19,14,50,1,0
6_06,1,0,0,0,0,0,1,0,6_06_03_V01Y_0,Rewari,2017,7,5,13,9,17,50,1,0
6_06,1,0,0,0,0,0,1,0,6_06_03_V01Y_0,Rewari,2017,8,14,7,12,18,52,1,0
6_06,1,0,0,0,0,0,1,0,6_06_03_V01Y_0,Rewari,2017,9,20,12,12,19,62,1,0
6_06,1,0,0,0,0,0,1,0,6_06_03_V01Y_0,Rewari,2017,10,8,18,9,19,56,1,0
6_06,1,0,0,0,0,0,1,0,6_06_03_V01Y_0,Rewari,2017,11,21,14,21,28,89,1,0
6_06,1,0,0,0,0,0,1,0,6_06_03_V01Y_0,Rewari,2017,12,14,11,14,7,52,1,0
6_06,1,0,0,0,0,0,1,0,6_06_03_V01Y_0,Rewari,2018,1,10,25,10,13,73,1,0
6_06,1,0,0,0,0,0,1,0,6_06_03_V01Y_0,Rewari,2018,2,9,7,10,5,34,1,0
6_06,1,0,0,0,0,0,1,0,6_06_03_V01Y_0,Rewari,2018,3,8,14,12,7,53,1,0
6_06,0,0,1,0,0,0,1,0,6_06_03_V02Y_1,Rewari,2017,2,1,13,5,7,26,1,0
6_06,0,0,1,0,0,0,1,0,6_06_03_V02Y_1,Rewari,2017,3,7,4,7,6,25,1,0
6_06,0,0,1,0,0,0,1,0,6_06_03_V02Y_1,Rewari,2017,4,4,10,9,9,32,1,0
6_06,0,0,1,0,0,0,1,0,6_06_03_V02Y_1,Rewari,2017,5,3,6,14,7,31,1,0
6_06,0,0,1,0,0,0,1,0,6_06_03_V02Y_1,Rewari,2017,6,10,4,3,12,28,1,0
6_06,0,0,1,0,0,0,1,0,6_06_03_V02Y_1,Rewari,2017,7,11,12,8,12,44,1,0
6_06,0,0,1,0,0,0,1,0,6_06_03_V02Y_1,Rewari,2017,8,6,12,13,8,42,1,0
6_06,0,0,1,0,0,0,1,0,6_06_03_V02Y_1,Rewari,2017,9,6,8,11,8,34,1,0
6_06,0,0,1,0,0,0,1,0,6_06_03_V02Y_1,Rewari,2017,10,9,4,9,11,33,1,0
6_06,0,0,1,0,0,0,1,0,6_06_03_V02Y_1,Rewari,2017,11,15,9,5,5,41,1,0
6_06,0,0,1,0,0,0,1,0,6_06_03_V02Y_1,Rewari,2017,12,10,12,12,3,42,1,0
6_06,0,0,1,0,0,0,1,0,6_06_03_V02Y_1,Rewari,2018,1,8,10,12,9,45,1,0
6_06,0,0,1,0,0,0,1,0,6_06_03_V02Y_1,Rewari,2018,2,7,8,9,8,43,1,0
6_06,0,0,1,0,0,0,1,0,6_06_03_V02Y_1,Rewari,2018,3,10,9,6,7,41,1,0
6_06,0,0,1,0,0,0,1,0,6_06_04_V03Y_0,Rewari,2017,1,2,4,3,1,10,0,0
6_06,0,0,1,0,0,0,1,0,6_06_04_V03Y_0,Rewari,2017,2,0,4,5,2,11,0,0
6_06,0,0,1,0,0,0,1,0,6_06_04_V03Y_0,Rewari,2017,3,1,0,3,3,8,0,0
6_06,0,0,1,0,0,0,1,0,6_06_04_V03Y_0,Rewari,2017,4,3,1,0,0,4,0,0
6_06,0,0,1,0,0,0,1,0,6_06_04_V03Y_0,Rewari,2017,5,3,0,0,3,6,0,0
6_06,0,0,1,0,0,0,1,0,6_06_04_V03Y_0,Rewari,2017,6,2,3,0,6,11,0,0
6_06,0,0,1,0,0,0,1,0,6_06_04_V03Y_0,Rewari,2017,7,1,1,3,3,9,0,0
6_06,0,0,1,0,0,0,1,0,6_06_04_V03Y_0,Rewari,2017,8,0,2,0,1,5,0,0
6_06,0,0,1,0,0,0,1,0,6_06_04_V03Y_0,Rewari,2017,9,3,1,2,0,10,0,0
6_06,0,0,1,0,0,0,1,0,6_06_04_V03Y_0,Rewari,2017,10,4,3,3,3,14,0,0
6_06,0,0,1,0,0,0,1,0,6_06_04_V03Y_0,Rewari,2017,11,2,5,3,1,14,0,0
6_06,0,0,1,0,0,0,1,0,6_06_04_V03Y_0,Rewari,2017,12,2,5,2,1,9,0,0
6_06,0,0,1,0,0,0,1,0,6_06_04_V03Y_0,Rewari,2018,1,1,1,3,1,10,0,0
6_06,0,0,1,0,0,0,1,0,6_06_04_V03Y_0,Rewari,2018,2,3,1,5,2,11,0,0
6_06,0,0,1,0,0,0,1,0,6_06_04_V03Y_0,Rewari,2018,3,1,4,0,3,16,0,0
6_06,1,0,0,0,0,0,1,0,6_06_04_V05Y_0,Rewari,2017,2,4,1,1,1,6,0,0
6_06,1,0,0,0,0,0,1,0,6_06_04_V05Y_0,Rewari,2017,3,1,4,0,3,8,0,0
6_06,1,0,0,0,0,0,1,0,6_06_04_V05Y_0,Rewari,2017,4,1,0,2,1,4,0,0
6_06,1,0,0,0,0,0,1,0,6_06_04_V05Y_0,Rewari,2017,5,1,1,1,1,4,0,0
6_06,1,0,0,0,0,0,1,0,6_06_04_V05Y_0,Rewari,2017,6,0,0,1,3,4,0,0
6_06,1,0,0,0,0,0,1,0,6_06_04_V05Y_0,Rewari,2017,7,2,0,0,0,2,0,0
6_06,1,0,0,0,0,0,1,0,6_06_04_V05Y_0,Rewari,2017,8,0,0,0,1,1,0,0
6_06,1,0,0,0,0,0,1,0,6_06_04_V05Y_0,Rewari,2017,9,1,1,1,1,4,0,0
6_06,1,0,0,0,0,0,1,0,6_06_04_V05Y_0,Rewari,2017,10,0,1,2,0,4,0,0
6_06,1,0,0,0,0,0,1,0,6_06_04_V05Y_0,Rewari,2017,11,1,0,2,3,7,0,0
6_06,1,0,0,0,0,0,1,0,6_06_04_V05Y_0,Rewari,2017,12,1,1,0,1,4,0,0
6_06,1,0,0,0,0,0,1,0,6_06_04_V05Y_0,Rewari,2018,1,2,1,1,0,5,0,0
6_06,1,0,0,0,0,0,1,0,6_06_04_V05Y_0,Rewari,2018,2,1,2,0,2,5,0,0
6_06,1,0,0,0,0,0,1,0,6_06_04_V05Y_0,Rewari,2018,3,1,1,3,0,5,0,0
6_07,1,0,0,0,0,0,0,0,6_07_01_V01Y_0,Rewari,2017,1,5,6,2,2,18,0,0
6_07,1,0,0,0,0,0,0,0,6_07_01_V01Y_0,Rewari,2017,2,4,4,3,2,13,0,0
6_07,1,0,0,0,0,0,0,0,6_07_01_V01Y_0,Rewari,2017,3,4,5,5,0,17,0,0
6_07,1,0,0,0,0,0,0,0,6_07_01_V01Y_0,Rewari,2017,4,5,4,4,2,17,0,0
6_07,1,0,0,0,0,0,0,0,6_07_01_V01Y_0,Rewari,2017,5,2,5,2,1,11,0,0
6_07,1,0,0,0,0,0,0,0,6_07_01_V01Y_0,Rewari,2017,6,3,3,6,3,18,0,0
6_07,1,0,0,0,0,0,0,0,6_07_01_V01Y_0,Rewari,2017,7,2,3,3,2,13,0,0
6_07,1,0,0,0,0,0,0,0,6_07_01_V01Y_0,Rewari,2017,8,9,1,4,2,25,0,0
6_07,1,0,0,0,0,0,0,0,6_07_01_V01Y_0,Rewari,2017,9,4,7,1,10,27,0,0
6_07,1,0,0,0,0,0,0,0,6_07_01_V01Y_0,Rewari,2017,10,7,5,4,5,28,0,0
6_07,1,0,0,0,0,0,0,0,6_07_01_V01Y_0,Rewari,2017,11,2,4,5,5,21,0,0
6_07,1,0,0,0,0,0,0,0,6_07_01_V01Y_0,Rewari,2017,12,6,5,5,3,27,0,0
6_07,1,0,0,0,0,0,0,0,6_07_01_V01Y_0,Rewari,2018,1,4,6,6,0,24,0,0
6_07,1,0,0,0,0,0,0,0,6_07_01_V01Y_0,Rewari,2018,2,6,3,6,3,19,0,0
6_07,1,0,0,0,0,0,0,0,6_07_01_V01Y_0,Rewari,2018,3,0,2,1,1,13,0,0
6_07,0,1,0,0,0,0,0,0,6_07_03_V01Y_0,Rewari,2017,1,3,5,2,2,13,0,0
6_07,0,1,0,0,0,0,0,0,6_07_03_V01Y_0,Rewari,2017,2,3,4,4,6,18,0,0
6_07,0,1,0,0,0,0,0,0,6_07_03_V01Y_0,Rewari,2017,3,1,0,3,2,9,0,0
6_07,0,1,0,0,0,0,0,0,6_07_03_V01Y_0,Rewari,2017,4,3,3,3,5,22,0,0
6_07,0,1,0,0,0,0,0,0,6_07_03_V01Y_0,Rewari,2017,5,5,4,2,2,14,0,0
6_07,0,1,0,0,0,0,0,0,6_07_03_V01Y_0,Rewari,2017,6,5,1,4,0,14,0,0
6_07,0,1,0,0,0,0,0,0,6_07_03_V01Y_0,Rewari,2017,7,3,3,0,4,12,0,0
6_07,0,1,0,0,0,0,0,0,6_07_03_V01Y_0,Rewari,2017,8,3,2,7,5,21,0,0
6_07,0,1,0,0,0,0,0,0,6_07_03_V01Y_0,Rewari,2017,9,3,5,1,5,20,0,0
6_07,0,1,0,0,0,0,0,0,6_07_03_V01Y_0,Rewari,2017,10,8,2,1,1,17,0,0
6_07,0,1,0,0,0,0,0,0,6_07_03_V01Y_0,Rewari,2017,11,4,7,4,2,21,0,0
6_07,0,1,0,0,0,0,0,0,6_07_03_V01Y_0,Rewari,2017,12,3,4,5,3,17,0,0
6_07,0,1,0,0,0,0,0,0,6_07_03_V01Y_0,Rewari,2018,1,3,1,6,4,16,0,0
6_07,0,1,0,0,0,0,0,0,6_07_03_V01Y_0,Rewari,2018,2,3,7,0,3,17,0,0
6_07,0,1,0,0,0,0,0,0,6_07_03_V01Y_0,Rewari,2018,3,4,2,6,2,22,0,0
6_07,0,0,0,1,0,0,0,0,6_07_04_V02Y_0,Rewari,2017,1,1,1,0,0,2,0,0
6_07,0,0,0,1,0,0,0,0,6_07_04_V02Y_0,Rewari,2017,2,2,3,2,2,9,0,0
6_07,0,0,0,1,0,0,0,0,6_07_04_V02Y_0,Rewari,2017,3,1,2,3,0,6,0,0
6_07,0,0,0,1,0,0,0,0,6_07_04_V02Y_0,Rewari,2017,4,1,2,2,2,9,0,0
6_07,0,0,0,1,0,0,0,0,6_07_04_V02Y_0,Rewari,2017,5,2,1,2,2,8,0,0
6_07,0,0,0,1,0,0,0,0,6_07_04_V02Y_0,Rewari,2017,6,3,2,1,1,8,0,0
6_07,0,0,0,1,0,0,0,0,6_07_04_V02Y_0,Rewari,2017,7,1,2,2,3,8,0,0
6_07,0,0,0,1,0,0,0,0,6_07_04_V02Y_0,Rewari,2017,8,4,0,3,4,12,0,0
6_07,0,0,0,1,0,0,0,0,6_07_04_V02Y_0,Rewari,2017,9,2,4,0,0,6,0,0
6_07,0,0,0,1,0,0,0,0,6_07_04_V02Y_0,Rewari,2017,10,2,2,2,3,13,0,0
6_07,0,0,0,1,0,0,0,0,6_07_04_V02Y_0,Rewari,2017,11,2,1,4,1,9,0,0
6_07,0,0,0,1,0,0,0,0,6_07_04_V02Y_0,Rewari,2017,12,4,3,1,3,12,0,0
6_07,0,0,0,1,0,0,0,0,6_07_04_V02Y_0,Rewari,2018,1,0,4,0,3,9,0,0
6_07,0,0,0,1,0,0,0,0,6_07_04_V02Y_0,Rewari,2018,2,1,1,3,2,9,0,0
6_07,0,0,0,1,0,0,0,0,6_07_04_V02Y_0,Rewari,2018,3,0,3,2,2,7,0,0
6_08,0,0,1,0,0,0,0,0,6_08_04_V02Y_0,Rewari,2017,1,1,1,0,0,2,1,0
6_08,0,0,1,0,0,0,0,0,6_08_04_V02Y_0,Rewari,2017,2,2,2,1,0,6,1,0
6_08,0,0,1,0,0,0,0,0,6_08_04_V02Y_0,Rewari,2017,3,0,1,2,2,5,1,0
6_08,0,0,1,0,0,0,0,0,6_08_04_V02Y_0,Rewari,2017,4,0,0,1,0,1,1,0
6_08,0,0,1,0,0,0,0,0,6_08_04_V02Y_0,Rewari,2017,5,0,1,1,2,4,1,0
6_08,0,0,1,0,0,0,0,0,6_08_04_V02Y_0,Rewari,2017,6,0,0,1,0,1,1,0
6_08,0,0,1,0,0,0,0,0,6_08_04_V02Y_0,Rewari,2017,7,0,0,0,2,2,1,0
6_08,0,0,1,0,0,0,0,0,6_08_04_V02Y_0,Rewari,2017,9,0,0,0,1,1,1,0
6_08,0,0,1,0,0,0,0,0,6_08_04_V02Y_0,Rewari,2017,10,1,0,0,1,5,1,0
6_08,0,0,1,0,0,0,0,0,6_08_04_V02Y_0,Rewari,2017,11,1,1,0,0,4,1,0
6_08,0,0,1,0,0,0,0,0,6_08_04_V02Y_0,Rewari,2017,12,2,2,1,2,7,1,0
6_08,0,0,1,0,0,0,0,0,6_08_04_V02Y_0,Rewari,2018,1,1,2,2,0,6,1,0
6_08,0,0,1,0,0,0,0,0,6_08_04_V02Y_0,Rewari,2018,2,0,1,1,0,3,1,0
6_08,0,0,1,0,0,0,0,0,6_08_05_V03Y_0,Rewari,2017,2,6,11,2,2,23,0,1
6_08,0,0,1,0,0,0,0,0,6_08_05_V03Y_0,Rewari,2017,3,3,5,8,4,21,0,1
6_08,0,0,1,0,0,0,0,0,6_08_05_V03Y_0,Rewari,2017,4,2,2,8,5,19,0,1
6_08,0,0,1,0,0,0,0,0,6_08_05_V03Y_0,Rewari,2017,5,2,2,1,1,6,0,1
6_08,0,0,1,0,0,0,0,0,6_08_05_V03Y_0,Rewari,2017,6,1,1,2,1,5,0,1
6_08,0,0,1,0,0,0,0,0,6_08_05_V03Y_0,Rewari,2017,7,1,1,2,5,21,0,1
6_08,0,0,1,0,0,0,0,0,6_08_05_V03Y_0,Rewari,2017,8,0,4,1,3,12,0,1
6_08,0,0,1,0,0,0,0,0,6_08_05_V03Y_0,Rewari,2017,9,4,0,4,7,16,0,1
6_08,0,0,1,0,0,0,0,0,6_08_05_V03Y_0,Rewari,2017,10,1,3,1,4,18,0,1
6_08,0,0,1,0,0,0,0,0,6_08_05_V03Y_0,Rewari,2017,11,6,3,2,3,16,0,1
6_08,0,0,1,0,0,0,0,0,6_08_05_V03Y_0,Rewari,2017,12,2,7,4,2,15,0,1
6_08,0,0,1,0,0,0,0,0,6_08_05_V03Y_0,Rewari,2018,1,5,2,8,1,21,0,1
6_08,0,0,1,0,0,0,0,0,6_08_05_V03Y_0,Rewari,2018,2,6,4,1,2,19,0,1
6_08,0,0,1,0,0,0,0,0,6_08_05_V03Y_0,Rewari,2018,3,7,8,4,0,26,0,1
6_08,0,0,0,1,0,0,0,0,6_08_06_V02Y_0,Rewari,2017,2,7,4,5,3,22,0,1
6_08,0,0,0,1,0,0,0,0,6_08_06_V02Y_0,Rewari,2017,3,10,7,2,3,22,0,1
6_08,0,0,0,1,0,0,0,0,6_08_06_V02Y_0,Rewari,2017,4,2,8,5,4,20,0,1
6_08,0,0,0,1,0,0,0,0,6_08_06_V02Y_0,Rewari,2017,5,1,4,7,4,16,0,1
6_08,0,0,0,1,0,0,0,0,6_08_06_V02Y_0,Rewari,2017,6,4,2,6,7,20,0,1
6_08,0,0,0,1,0,0,0,0,6_08_06_V02Y_0,Rewari,2017,7,3,3,4,4,14,0,1
6_08,0,0,0,1,0,0,0,0,6_08_06_V02Y_0,Rewari,2017,8,1,3,2,2,10,0,1
6_08,0,0,0,1,0,0,0,0,6_08_06_V02Y_0,Rewari,2017,9,7,2,4,2,15,0,1
6_08,0,0,0,1,0,0,0,0,6_08_06_V02Y_0,Rewari,2017,10,5,7,2,11,28,0,1
6_08,0,0,0,1,0,0,0,0,6_08_06_V02Y_0,Rewari,2017,11,7,7,7,5,26,0,1
6_08,0,0,0,1,0,0,0,0,6_08_06_V02Y_0,Rewari,2017,12,5,2,2,1,10,0,1
6_08,0,0,0,1,0,0,0,0,6_08_06_V02Y_0,Rewari,2018,1,3,4,5,3,22,0,1
6_08,0,0,0,1,0,0,0,0,6_08_06_V02Y_0,Rewari,2018,2,7,3,3,3,22,0,1
6_08,0,0,0,1,0,0,0,0,6_08_06_V02Y_0,Rewari,2018,3,1,7,2,3,17,0,1
6_08,0,1,0,0,0,0,0,0,6_08_07_V02Y_0,Rewari,2017,1,1,2,0,1,4,1,0
6_08,0,1,0,0,0,0,0,0,6_08_07_V02Y_0,Rewari,2017,2,1,0,3,2,6,1,0
6_08,0,1,0,0,0,0,0,0,6_08_07_V02Y_0,Rewari,2017,3,0,1,1,4,8,1,0
6_08,0,1,0,0,0,0,0,0,6_08_07_V02Y_0,Rewari,2017,4,0,1,1,3,7,1,0
6_08,0,1,0,0,0,0,0,0,6_08_07_V02Y_0,Rewari,2017,5,1,0,0,2,4,1,0
6_08,0,1,0,0,0,0,0,0,6_08_07_V02Y_0,Rewari,2017,6,2,1,0,2,5,1,0
6_08,0,1,0,0,0,0,0,0,6_08_07_V02Y_0,Rewari,2017,7,0,2,1,3,6,1,0
6_08,0,1,0,0,0,0,0,0,6_08_07_V02Y_0,Rewari,2017,8,4,0,2,0,8,1,0
6_08,0,1,0,0,0,0,0,0,6_08_07_V02Y_0,Rewari,2017,9,1,3,0,1,5,1,0
6_08,0,1,0,0,0,0,0,0,6_08_07_V02Y_0,Rewari,2017,10,0,1,2,0,7,1,0
6_08,0,1,0,0,0,0,0,0,6_08_07_V02Y_0,Rewari,2017,11,2,0,2,0,12,1,0
6_08,0,1,0,0,0,0,0,0,6_08_07_V02Y_0,Rewari,2017,12,3,2,0,1,7,1,0
6_08,0,1,0,0,0,0,0,0,6_08_07_V02Y_0,Rewari,2018,1,4,4,2,1,10,1,0
6_08,0,1,0,0,0,0,0,0,6_08_07_V02Y_0,Rewari,2018,2,0,3,4,1,7,1,0
6_08,0,1,0,0,0,0,0,0,6_08_07_V02Y_0,Rewari,2018,3,0,0,3,1,5,1,0
6_09,1,0,0,0,0,0,0,0,6_09_02_V04Y_0,Rewari,2017,1,1,1,1,0,3,0,0
6_09,1,0,0,0,0,0,0,0,6_09_02_V04Y_0,Rewari,2017,2,3,1,1,0,6,0,0
6_09,1,0,0,0,0,0,0,0,6_09_02_V04Y_0,Rewari,2017,3,1,0,0,2,3,0,0
6_09,1,0,0,0,0,0,0,0,6_09_02_V04Y_0,Rewari,2017,4,2,2,0,0,4,0,0
6_09,1,0,0,0,0,0,0,0,6_09_02_V04Y_0,Rewari,2017,5,0,1,2,2,5,0,0
6_09,1,0,0,0,0,0,0,0,6_09_02_V04Y_0,Rewari,2017,6,0,0,1,2,3,0,0
6_09,1,0,0,0,0,0,0,0,6_09_02_V04Y_0,Rewari,2017,7,2,0,1,3,6,0,0
6_09,1,0,0,0,0,0,0,0,6_09_02_V04Y_0,Rewari,2017,8,0,2,0,0,2,0,0
6_09,1,0,0,0,0,0,0,0,6_09_02_V04Y_0,Rewari,2017,9,4,0,1,2,7,0,0
6_09,1,0,0,0,0,0,0,0,6_09_02_V04Y_0,Rewari,2017,10,0,3,0,0,4,0,0
6_09,1,0,0,0,0,0,0,0,6_09_02_V04Y_0,Rewari,2017,11,1,0,5,1,7,0,0
6_09,1,0,0,0,0,0,0,0,6_09_02_V04Y_0,Rewari,2017,12,0,1,0,0,1,0,0
6_09,1,0,0,0,0,0,0,0,6_09_02_V04Y_0,Rewari,2018,1,0,0,0,0,3,0,0
6_09,1,0,0,0,0,0,0,0,6_09_02_V04Y_0,Rewari,2018,2,1,0,1,1,5,0,0
6_09,1,0,0,0,0,0,0,0,6_09_02_V04Y_0,Rewari,2018,3,1,0,0,0,3,0,0
6_09,0,0,1,0,0,0,0,0,6_09_03_V01Y_0,Rewari,2017,2,2,1,0,0,4,1,0
6_09,0,0,1,0,0,0,0,0,6_09_03_V01Y_0,Rewari,2017,3,2,2,1,0,7,1,0
6_09,0,0,1,0,0,0,0,0,6_09_03_V01Y_0,Rewari,2017,4,1,2,2,1,6,1,0
6_09,0,0,1,0,0,0,0,0,6_09_03_V01Y_0,Rewari,2017,5,1,1,1,1,5,1,0
6_09,0,0,1,0,0,0,0,0,6_09_03_V01Y_0,Rewari,2017,6,2,1,1,1,6,1,0
6_09,0,0,1,0,0,0,0,0,6_09_03_V01Y_0,Rewari,2017,7,1,1,1,2,6,1,0
6_09,0,0,1,0,0,0,0,0,6_09_03_V01Y_0,Rewari,2017,8,0,1,0,0,2,1,0
6_09,0,0,1,0,0,0,0,0,6_09_03_V01Y_0,Rewari,2017,9,0,0,2,1,3,1,0
6_09,0,0,1,0,0,0,0,0,6_09_03_V01Y_0,Rewari,2017,10,0,2,0,2,6,1,0
6_09,0,0,1,0,0,0,0,0,6_09_03_V01Y_0,Rewari,2017,11,0,0,2,1,3,1,0
6_09,0,0,1,0,0,0,0,0,6_09_03_V01Y_0,Rewari,2017,12,3,0,0,1,6,1,0
6_09,0,0,1,0,0,0,0,0,6_09_03_V01Y_0,Rewari,2018,1,2,3,0,1,7,1,0
6_09,0,0,1,0,0,0,0,0,6_09_03_V01Y_0,Rewari,2018,2,2,1,3,2,10,1,0
6_09,0,0,1,0,0,0,0,0,6_09_03_V01Y_0,Rewari,2018,3,2,0,0,1,6,1,0
6_09,0,1,0,0,0,0,0,0,6_09_04_V02Y_0,Rewari,2017,2,4,2,6,3,15,1,0
6_09,0,1,0,0,0,0,0,0,6_09_04_V02Y_0,Rewari,2017,3,3,6,2,3,15,1,0
6_09,0,1,0,0,0,0,0,0,6_09_04_V02Y_0,Rewari,2017,4,3,2,4,2,12,1,0
6_09,0,1,0,0,0,0,0,0,6_09_04_V02Y_0,Rewari,2017,5,6,3,2,1,12,1,0
6_09,0,1,0,0,0,0,0,0,6_09_04_V02Y_0,Rewari,2017,6,0,7,3,5,15,1,0
6_09,0,1,0,0,0,0,0,0,6_09_04_V02Y_0,Rewari,2017,7,0,0,5,1,6,1,0
6_09,0,1,0,0,0,0,0,0,6_09_04_V02Y_0,Rewari,2017,8,0,0,0,3,2,1,0
6_09,0,1,0,0,0,0,0,0,6_09_04_V02Y_0,Rewari,2017,9,2,1,0,3,6,1,0
6_09,0,1,0,0,0,0,0,0,6_09_04_V02Y_0,Rewari,2017,10,3,1,2,4,11,1,0
6_09,0,1,0,0,0,0,0,0,6_09_04_V02Y_0,Rewari,2017,11,1,3,2,2,10,1,0
6_09,0,1,0,0,0,0,0,0,6_09_04_V02Y_0,Rewari,2017,12,4,1,3,5,16,1,0
6_09,0,1,0,0,0,0,0,0,6_09_04_V02Y_0,Rewari,2018,1,2,5,0,1,11,1,0
6_09,0,1,0,0,0,0,0,0,6_09_04_V02Y_0,Rewari,2018,2,3,1,2,0,7,1,0
6_09,0,1,0,0,0,0,0,0,6_09_04_V02Y_0,Rewari,2018,3,3,4,4,1,15,1,0
6_09,1,0,0,0,0,0,0,0,6_09_05_V02Y_0,Rewari,2017,2,0,1,4,0,6,1,0
6_09,1,0,0,0,0,0,0,0,6_09_05_V02Y_0,Rewari,2017,3,3,0,1,1,5,1,0
6_09,1,0,0,0,0,0,0,0,6_09_05_V02Y_0,Rewari,2017,4,1,2,0,0,4,1,0
6_09,1,0,0,0,0,0,0,0,6_09_05_V02Y_0,Rewari,2017,5,1,2,2,0,5,1,0
6_09,1,0,0,0,0,0,0,0,6_09_05_V02Y_0,Rewari,2017,6,0,0,1,0,4,1,0
6_09,1,0,0,0,0,0,0,0,6_09_05_V02Y_0,Rewari,2017,7,2,0,1,1,4,1,0
6_09,1,0,0,0,0,0,0,0,6_09_05_V02Y_0,Rewari,2017,8,0,2,1,2,6,1,0
6_09,1,0,0,0,0,0,0,0,6_09_05_V02Y_0,Rewari,2017,9,1,1,1,1,6,1,0
6_09,1,0,0,0,0,0,0,0,6_09_05_V02Y_0,Rewari,2017,10,2,1,2,0,5,1,0
6_09,1,0,0,0,0,0,0,0,6_09_05_V02Y_0,Rewari,2017,11,4,1,2,4,12,1,0
6_09,1,0,0,0,0,0,0,0,6_09_05_V02Y_0,Rewari,2017,12,5,2,1,0,9,1,0
6_09,1,0,0,0,0,0,0,0,6_09_05_V02Y_0,Rewari,2018,1,2,6,2,0,11,1,0
6_09,1,0,0,0,0,0,0,0,6_09_05_V02Y_0,Rewari,2018,2,1,3,4,4,13,1,0
6_09,1,0,0,0,0,0,0,0,6_09_05_V02Y_0,Rewari,2018,3,0,1,1,0,4,1,0
6_10,0,0,0,1,0,0,0,0,6_10_01_V02Y_0,Rewari,2017,1,1,1,1,0,3,0,0
6_10,0,0,0,1,0,0,0,0,6_10_01_V02Y_0,Rewari,2017,2,0,0,4,0,4,0,0
6_10,0,0,0,1,0,0,0,0,6_10_01_V02Y_0,Rewari,2017,3,1,0,1,2,4,0,0
6_10,0,0,0,1,0,0,0,0,6_10_01_V02Y_0,Rewari,2017,4,1,1,0,2,5,0,0
6_10,0,0,0,1,0,0,0,0,6_10_01_V02Y_0,Rewari,2017,5,0,1,0,0,1,0,0
6_10,0,0,0,1,0,0,0,0,6_10_01_V02Y_0,Rewari,2017,6,0,1,2,3,6,0,0
6_10,0,0,0,1,0,0,0,0,6_10_01_V02Y_0,Rewari,2017,7,1,0,1,5,7,0,0
6_10,0,0,0,1,0,0,0,0,6_10_01_V02Y_0,Rewari,2017,8,2,1,0,1,6,0,0
6_10,0,0,0,1,0,0,0,0,6_10_01_V02Y_0,Rewari,2017,9,2,2,1,0,5,0,0
6_10,0,0,0,1,0,0,0,0,6_10_01_V02Y_0,Rewari,2017,10,3,1,2,0,8,0,0
6_10,0,0,0,1,0,0,0,0,6_10_01_V02Y_0,Rewari,2017,11,2,3,1,0,7,0,0
6_10,0,0,0,1,0,0,0,0,6_10_01_V02Y_0,Rewari,2017,12,2,2,3,1,11,0,0
6_10,0,0,0,1,0,0,0,0,6_10_01_V02Y_0,Rewari,2018,1,0,2,1,1,10,0,0
6_10,0,0,0,1,0,0,0,0,6_10_01_V02Y_0,Rewari,2018,2,0,1,2,0,4,0,0
6_10,0,0,0,1,0,0,0,0,6_10_01_V02Y_0,Rewari,2018,3,1,0,1,1,8,0,0
6_10,1,0,0,0,0,0,0,0,6_10_02_V03Y_0,Rewari,2017,1,1,0,0,1,2,1,0
6_10,1,0,0,0,0,0,0,0,6_10_02_V03Y_0,Rewari,2017,2,2,1,3,1,7,1,0
6_10,1,0,0,0,0,0,0,0,6_10_02_V03Y_0,Rewari,2017,3,2,3,1,6,13,1,0
6_10,1,0,0,0,0,0,0,0,6_10_02_V03Y_0,Rewari,2017,4,3,2,2,3,10,1,0
6_10,1,0,0,0,0,0,0,0,6_10_02_V03Y_0,Rewari,2017,5,2,3,3,3,13,1,0
6_10,1,0,0,0,0,0,0,0,6_10_02_V03Y_0,Rewari,2017,6,0,2,3,3,10,1,0
6_10,1,0,0,0,0,0,0,0,6_10_02_V03Y_0,Rewari,2017,7,2,0,2,2,8,1,0
6_10,1,0,0,0,0,0,0,0,6_10_02_V03Y_0,Rewari,2017,8,4,2,0,3,12,1,0
6_10,1,0,0,0,0,0,0,0,6_10_02_V03Y_0,Rewari,2017,9,5,2,3,2,15,1,0
6_10,1,0,0,0,0,0,0,0,6_10_02_V03Y_0,Rewari,2017,10,2,6,2,3,22,1,0
6_10,1,0,0,0,0,0,0,0,6_10_02_V03Y_0,Rewari,2017,11,3,2,6,4,21,1,0
6_10,1,0,0,0,0,0,0,0,6_10_02_V03Y_0,Rewari,2017,12,3,3,2,1,10,1,0
6_10,1,0,0,0,0,0,0,0,6_10_02_V03Y_0,Rewari,2018,1,2,3,3,1,12,1,0
6_10,1,0,0,0,0,0,0,0,6_10_02_V03Y_0,Rewari,2018,2,0,2,3,1,11,1,0
6_10,1,0,0,0,0,0,0,0,6_10_02_V03Y_0,Rewari,2018,3,2,0,2,3,10,1,0
6_10,0,1,0,0,0,0,0,0,6_10_04_V01Y_0,Rewari,2017,2,4,4,0,1,10,0,0
6_10,0,1,0,0,0,0,0,0,6_10_04_V01Y_0,Rewari,2017,3,1,5,4,2,13,0,0
6_10,0,1,0,0,0,0,0,0,6_10_04_V01Y_0,Rewari,2017,4,2,2,4,1,9,0,0
6_10,0,1,0,0,0,0,0,0,6_10_04_V01Y_0,Rewari,2017,5,0,2,2,0,4,0,0
6_10,0,1,0,0,0,0,0,0,6_10_04_V01Y_0,Rewari,2017,6,4,0,1,3,8,0,0
6_10,0,1,0,0,0,0,0,0,6_10_04_V01Y_0,Rewari,2017,7,3,3,1,0,7,0,0
6_10,0,1,0,0,0,0,0,0,6_10_04_V01Y_0,Rewari,2017,8,0,4,2,4,10,0,0
6_10,0,1,0,0,0,0,0,0,6_10_04_V01Y_0,Rewari,2017,9,2,2,3,3,10,0,0
6_10,0,1,0,0,0,0,0,0,6_10_04_V01Y_0,Rewari,2017,10,5,1,3,4,16,0,0
6_10,0,1,0,0,0,0,0,0,6_10_04_V01Y_0,Rewari,2017,11,1,6,1,1,9,0,0
6_10,0,1,0,0,0,0,0,0,6_10_04_V01Y_0,Rewari,2017,12,4,2,5,1,12,0,0
6_10,0,1,0,0,0,0,0,0,6_10_04_V01Y_0,Rewari,2018,1,1,3,4,2,13,0,0
6_10,0,1,0,0,0,0,0,0,6_10_04_V01Y_0,Rewari,2018,2,2,1,3,4,11,0,0
6_10,0,1,0,0,0,0,0,0,6_10_04_V01Y_0,Rewari,2018,3,1,5,1,3,12,0,0
6_10,0,1,0,0,0,0,0,0,6_10_04_V03Y_0,Rewari,2017,1,1,1,3,0,5,0,0
6_10,0,1,0,0,0,0,0,0,6_10_04_V03Y_0,Rewari,2017,2,3,2,4,1,11,0,0
6_10,0,1,0,0,0,0,0,0,6_10_04_V03Y_0,Rewari,2017,3,1,4,2,1,8,0,0
6_10,0,1,0,0,0,0,0,0,6_10_04_V03Y_0,Rewari,2017,4,2,1,3,4,13,0,0
6_10,0,1,0,0,0,0,0,0,6_10_04_V03Y_0,Rewari,2017,5,0,2,2,3,8,0,0
6_10,0,1,0,0,0,0,0,0,6_10_04_V03Y_0,Rewari,2017,6,2,0,1,6,9,0,0
6_10,0,1,0,0,0,0,0,0,6_10_04_V03Y_0,Rewari,2017,7,3,2,2,2,9,0,0
6_10,0,1,0,0,0,0,0,0,6_10_04_V03Y_0,Rewari,2017,8,2,3,2,3,10,0,0
6_10,0,1,0,0,0,0,0,0,6_10_04_V03Y_0,Rewari,2017,9,0,2,3,1,7,0,0
6_10,0,1,0,0,0,0,0,0,6_10_04_V03Y_0,Rewari,2017,10,0,0,2,4,8,0,0
6_10,0,1,0,0,0,0,0,0,6_10_04_V03Y_0,Rewari,2017,11,3,1,0,1,7,0,0
6_10,0,1,0,0,0,0,0,0,6_10_04_V03Y_0,Rewari,2017,12,4,3,1,1,10,0,0
6_10,0,1,0,0,0,0,0,0,6_10_04_V03Y_0,Rewari,2018,1,2,1,3,3,13,0,0
6_10,0,1,0,0,0,0,0,0,6_10_04_V03Y_0,Rewari,2018,2,1,1,1,2,9,0,0
6_10,0,1,0,0,0,0,0,0,6_10_04_V03Y_0,Rewari,2018,3,0,0,2,2,9,0,0
6_11,0,0,1,0,1,0,0,0,6_11_01_V01Y_0,Rewari,2017,1,7,4,4,2,19,0,0
6_11,0,0,1,0,1,0,0,0,6_11_01_V01Y_0,Rewari,2017,2,2,4,4,2,13,0,0
6_11,0,0,1,0,1,0,0,0,6_11_01_V01Y_0,Rewari,2017,3,3,3,5,2,14,0,0
6_11,0,0,1,0,1,0,0,0,6_11_01_V01Y_0,Rewari,2017,4,5,3,3,5,16,0,0
6_11,0,0,1,0,1,0,0,0,6_11_01_V01Y_0,Rewari,2017,5,1,3,4,4,12,0,0
6_11,0,0,1,0,1,0,0,0,6_11_01_V01Y_0,Rewari,2017,6,3,0,1,5,14,0,0
6_11,0,0,1,0,1,0,0,0,6_11_01_V01Y_0,Rewari,2017,7,6,2,2,4,15,0,0
6_11,0,0,1,0,1,0,0,0,6_11_01_V01Y_0,Rewari,2017,8,4,6,3,2,16,0,0
6_11,0,0,1,0,1,0,0,0,6_11_01_V01Y_0,Rewari,2017,9,4,4,5,6,22,0,0
6_11,0,0,1,0,1,0,0,0,6_11_01_V01Y_0,Rewari,2017,10,8,3,3,8,25,0,0
6_11,0,0,1,0,1,0,0,0,6_11_01_V01Y_0,Rewari,2017,11,5,7,4,4,24,0,0
6_11,0,0,1,0,1,0,0,0,6_11_01_V01Y_0,Rewari,2017,12,10,4,5,1,21,0,0
6_11,0,0,1,0,1,0,0,0,6_11_01_V01Y_0,Rewari,2018,1,3,8,3,1,19,0,0
6_11,0,0,1,0,1,0,0,0,6_11_01_V01Y_0,Rewari,2018,2,3,4,7,5,22,0,0
6_11,0,0,1,0,1,0,0,0,6_11_01_V01Y_0,Rewari,2018,3,4,4,5,7,26,0,0
6_11,0,1,0,0,1,0,0,0,6_11_01_V02Y_0,Rewari,2017,2,0,1,2,1,6,0,0
6_11,0,1,0,0,1,0,0,0,6_11_01_V02Y_0,Rewari,2017,3,5,2,2,3,12,0,0
6_11,0,1,0,0,1,0,0,0,6_11_01_V02Y_0,Rewari,2017,4,4,5,2,5,16,0,0
6_11,0,1,0,0,1,0,0,0,6_11_01_V02Y_0,Rewari,2017,5,2,2,4,4,12,0,0
6_11,0,1,0,0,1,0,0,0,6_11_01_V02Y_0,Rewari,2017,6,3,3,1,4,15,0,0
6_11,0,1,0,0,1,0,0,0,6_11_01_V02Y_0,Rewari,2017,7,6,3,3,6,18,0,0
6_11,0,1,0,0,1,0,0,0,6_11_01_V02Y_0,Rewari,2017,8,5,6,3,4,17,0,0
6_11,0,1,0,0,1,0,0,0,6_11_01_V02Y_0,Rewari,2017,9,6,9,3,1,18,0,0
6_11,0,1,0,0,1,0,0,0,6_11_01_V02Y_0,Rewari,2017,10,5,4,5,4,20,0,0
6_11,0,1,0,0,1,0,0,0,6_11_01_V02Y_0,Rewari,2017,11,6,2,2,1,15,0,0
6_11,0,1,0,0,1,0,0,0,6_11_01_V02Y_0,Rewari,2017,12,6,5,3,6,23,0,0
6_11,0,1,0,0,1,0,0,0,6_11_01_V02Y_0,Rewari,2018,1,6,5,6,0,17,0,0
6_11,0,1,0,0,1,0,0,0,6_11_01_V02Y_0,Rewari,2018,2,3,3,1,4,11,0,0
6_11,0,1,0,0,1,0,0,0,6_11_01_V02Y_0,Rewari,2018,3,3,10,7,6,30,0,0
6_11,0,0,1,0,1,0,0,0,6_11_01_V03Y_0,Rewari,2017,1,1,1,1,0,3,0,0
6_11,0,0,1,0,1,0,0,0,6_11_01_V03Y_0,Rewari,2017,2,0,2,1,3,6,0,0
6_11,0,0,1,0,1,0,0,0,6_11_01_V03Y_0,Rewari,2017,4,1,3,1,2,7,0,0
6_11,0,0,1,0,1,0,0,0,6_11_01_V03Y_0,Rewari,2017,5,3,1,1,3,8,0,0
6_11,0,0,1,0,1,0,0,0,6_11_01_V03Y_0,Rewari,2017,6,2,3,1,2,8,0,0
6_11,0,0,1,0,1,0,0,0,6_11_01_V03Y_0,Rewari,2017,7,3,2,3,1,9,0,0
6_11,0,0,1,0,1,0,0,0,6_11_01_V03Y_0,Rewari,2017,8,3,3,4,0,9,0,0
6_11,0,0,1,0,1,0,0,0,6_11_01_V03Y_0,Rewari,2017,9,2,3,1,2,8,0,0
6_11,0,0,1,0,1,0,0,0,6_11_01_V03Y_0,Rewari,2017,10,3,1,0,2,6,0,0
6_11,0,0,1,0,1,0,0,0,6_11_01_V03Y_0,Rewari,2017,11,0,3,2,1,5,0,0
6_11,0,0,1,0,1,0,0,0,6_11_01_V03Y_0,Rewari,2017,12,6,1,4,2,13,0,0
6_11,0,0,1,0,1,0,0,0,6_11_01_V03Y_0,Rewari,2018,1,2,4,2,1,10,0,0
6_11,0,0,1,0,1,0,0,0,6_11_01_V03Y_0,Rewari,2018,2,1,1,0,1,7,0,0
6_11,0,0,1,0,1,0,0,0,6_11_01_V03Y_0,Rewari,2018,3,1,5,5,5,20,0,0
6_11,1,0,0,0,0,0,1,0,6_11_03_V07Y_0,Rewari,2017,1,1,2,1,1,6,0,0
6_11,1,0,0,0,0,0,1,0,6_11_03_V07Y_0,Rewari,2017,2,1,2,2,0,6,0,0
6_11,1,0,0,0,0,0,1,0,6_11_03_V07Y_0,Rewari,2017,3,4,1,0,3,9,0,0
6_11,1,0,0,0,0,0,1,0,6_11_03_V07Y_0,Rewari,2017,4,3,4,3,1,11,0,0
6_11,1,0,0,0,0,0,1,0,6_11_03_V07Y_0,Rewari,2017,5,4,4,0,1,9,0,0
6_11,1,0,0,0,0,0,1,0,6_11_03_V07Y_0,Rewari,2017,6,0,3,3,3,9,0,0
6_11,1,0,0,0,0,0,1,0,6_11_03_V07Y_0,Rewari,2017,7,1,2,7,0,10,0,0
6_11,1,0,0,0,0,0,1,0,6_11_03_V07Y_0,Rewari,2017,8,0,1,1,2,4,0,0
6_11,1,0,0,0,0,0,1,0,6_11_03_V07Y_0,Rewari,2017,9,1,1,1,2,6,0,0
6_11,1,0,0,0,0,0,1,0,6_11_03_V07Y_0,Rewari,2017,10,3,0,0,2,9,0,0
6_11,1,0,0,0,0,0,1,0,6_11_03_V07Y_0,Rewari,2017,11,4,2,0,3,11,0,0
6_11,1,0,0,0,0,0,1,0,6_11_03_V07Y_0,Rewari,2017,12,3,4,2,6,15,0,0
6_11,1,0,0,0,0,0,1,0,6_11_03_V07Y_0,Rewari,2018,1,1,3,4,0,10,0,0
6_11,1,0,0,0,0,0,1,0,6_11_03_V07Y_0,Rewari,2018,2,4,0,3,0,8,0,0
6_11,1,0,0,0,0,0,1,0,6_11_03_V07Y_0,Rewari,2018,3,0,3,1,1,7,0,0
6_11,0,0,1,0,1,0,0,0,6_11_04_V03Y_0,Rewari,2017,1,1,2,1,3,7,0,1
6_11,0,0,1,0,1,0,0,0,6_11_04_V03Y_0,Rewari,2017,2,0,3,2,2,7,0,1
6_11,0,0,1,0,1,0,0,0,6_11_04_V03Y_0,Rewari,2017,3,2,1,3,0,7,0,1
6_11,0,0,1,0,1,0,0,0,6_11_04_V03Y_0,Rewari,2017,4,3,2,1,1,7,0,1
6_11,0,0,1,0,1,0,0,0,6_11_04_V03Y_0,Rewari,2017,5,2,3,2,1,8,0,1
6_11,0,0,1,0,1,0,0,0,6_11_04_V03Y_0,Rewari,2017,6,0,1,3,1,5,0,1
6_11,0,0,1,0,1,0,0,0,6_11_04_V03Y_0,Rewari,2017,7,2,1,1,2,7,0,1
6_11,0,0,1,0,1,0,0,0,6_11_04_V03Y_0,Rewari,2017,8,0,2,2,4,9,0,1
6_11,0,0,1,0,1,0,0,0,6_11_04_V03Y_0,Rewari,2017,9,3,0,2,0,5,0,1
6_11,0,0,1,0,1,0,0,0,6_11_04_V03Y_0,Rewari,2017,10,2,2,0,0,7,0,1
6_11,0,0,1,0,1,0,0,0,6_11_04_V03Y_0,Rewari,2017,11,1,1,2,0,4,0,1
6_11,0,0,1,0,1,0,0,0,6_11_04_V03Y_0,Rewari,2017,12,3,0,1,4,9,0,1
6_11,0,0,1,0,1,0,0,0,6_11_04_V03Y_0,Rewari,2018,1,2,5,0,4,13,0,1
6_11,0,0,1,0,1,0,0,0,6_11_04_V03Y_0,Rewari,2018,2,3,1,4,1,9,0,1
6_11,0,0,1,0,1,0,0,0,6_11_04_V03Y_0,Rewari,2018,3,3,3,2,0,11,0,1
6_11,0,1,0,0,1,0,0,0,6_11_04_V04Y_0,Rewari,2017,1,2,3,3,1,9,0,1
6_11,0,1,0,0,1,0,0,0,6_11_04_V04Y_0,Rewari,2017,2,2,2,5,0,9,0,1
6_11,0,1,0,0,1,0,0,0,6_11_04_V04Y_0,Rewari,2017,3,3,0,4,1,8,0,1
6_11,0,1,0,0,1,0,0,0,6_11_04_V04Y_0,Rewari,2017,4,0,3,0,3,6,0,1
6_11,0,1,0,0,1,0,0,0,6_11_04_V04Y_0,Rewari,2017,5,0,0,1,2,3,0,1
6_11,0,1,0,0,1,0,0,0,6_11_04_V04Y_0,Rewari,2017,6,0,1,1,0,2,0,1
6_11,0,1,0,0,1,0,0,0,6_11_04_V04Y_0,Rewari,2017,7,1,0,2,9,12,0,1
6_11,0,1,0,0,1,0,0,0,6_11_04_V04Y_0,Rewari,2017,8,1,0,0,2,3,0,1
6_11,0,1,0,0,1,0,0,0,6_11_04_V04Y_0,Rewari,2017,9,8,1,1,1,12,0,1
6_11,0,1,0,0,1,0,0,0,6_11_04_V04Y_0,Rewari,2017,10,1,2,1,3,7,0,1
6_11,0,1,0,0,1,0,0,0,6_11_04_V04Y_0,Rewari,2017,11,3,4,2,1,14,0,1
6_11,0,1,0,0,1,0,0,0,6_11_04_V04Y_0,Rewari,2017,12,2,5,4,0,11,0,1
6_11,0,1,0,0,1,0,0,0,6_11_04_V04Y_0,Rewari,2018,1,5,1,3,0,10,0,1
6_11,0,1,0,0,1,0,0,0,6_11_04_V04Y_0,Rewari,2018,2,0,3,3,1,10,0,1
6_11,0,1,0,0,1,0,0,0,6_11_04_V04Y_0,Rewari,2018,3,3,2,2,2,16,0,1
6_12,0,0,0,1,0,0,1,0,6_12_01_V04Y_0,Rewari,2017,2,1,1,0,0,2,0,1
6_12,0,0,0,1,0,0,1,0,6_12_01_V04Y_0,Rewari,2017,3,1,1,1,0,3,0,1
6_12,0,0,0,1,0,0,1,0,6_12_01_V04Y_0,Rewari,2017,4,2,1,1,0,4,0,1
6_12,0,0,0,1,0,0,1,0,6_12_01_V04Y_0,Rewari,2017,5,0,2,1,0,4,0,1
6_12,0,0,0,1,0,0,1,0,6_12_01_V04Y_0,Rewari,2017,6,5,0,1,0,6,0,1
6_12,0,0,0,1,0,0,1,0,6_12_01_V04Y_0,Rewari,2017,7,0,4,0,1,5,0,1
6_12,0,0,0,1,0,0,1,0,6_12_01_V04Y_0,Rewari,2017,8,0,0,4,1,6,0,1
6_12,0,0,0,1,0,0,1,0,6_12_01_V04Y_0,Rewari,2017,9,0,0,1,0,2,0,1
6_12,0,0,0,1,0,0,1,0,6_12_01_V04Y_0,Rewari,2017,10,1,1,0,1,4,0,1
6_12,0,0,0,1,0,0,1,0,6_12_01_V04Y_0,Rewari,2017,11,3,1,0,1,6,0,1
6_12,0,0,0,1,0,0,1,0,6_12_01_V04Y_0,Rewari,2017,12,3,1,1,3,9,0,1
6_12,0,0,0,1,0,0,1,0,6_12_01_V04Y_0,Rewari,2018,1,0,1,2,0,2,0,1
6_12,0,0,0,1,0,0,1,0,6_12_01_V04Y_0,Rewari,2018,2,0,2,1,2,5,0,1
6_12,0,0,0,1,0,0,1,0,6_12_01_V04Y_0,Rewari,2018,3,0,0,1,0,5,0,1
6_12,0,1,0,0,0,0,1,0,6_12_03_V03Y_0,Rewari,2017,1,5,7,8,5,28,0,0
6_12,0,1,0,0,0,0,1,0,6_12_03_V03Y_0,Rewari,2017,2,3,8,5,4,23,0,0
6_12,0,1,0,0,0,0,1,0,6_12_03_V03Y_0,Rewari,2017,3,8,3,7,3,23,0,0
6_12,0,1,0,0,0,0,1,0,6_12_03_V03Y_0,Rewari,2017,4,8,4,2,2,17,0,0
6_12,0,1,0,0,0,0,1,0,6_12_03_V03Y_0,Rewari,2017,5,2,5,3,4,15,0,0
6_12,0,1,0,0,0,0,1,0,6_12_03_V03Y_0,Rewari,2017,6,5,4,7,7,28,0,0
6_12,0,1,0,0,0,0,1,0,6_12_03_V03Y_0,Rewari,2017,7,3,8,3,7,30,0,0
6_12,0,1,0,0,0,0,1,0,6_12_03_V03Y_0,Rewari,2017,8,2,4,4,2,13,0,0
6_12,0,1,0,0,0,0,1,0,6_12_03_V03Y_0,Rewari,2017,9,4,6,3,10,29,0,0
6_12,0,1,0,0,0,0,1,0,6_12_03_V03Y_0,Rewari,2017,10,6,3,4,4,21,0,0
6_12,0,1,0,0,0,0,1,0,6_12_03_V03Y_0,Rewari,2017,11,2,4,3,4,21,0,0
6_12,0,1,0,0,0,0,1,0,6_12_03_V03Y_0,Rewari,2017,12,5,5,5,5,24,0,0
6_12,0,1,0,0,0,0,1,0,6_12_03_V03Y_0,Rewari,2018,1,9,1,4,2,25,0,0
6_12,0,1,0,0,0,0,1,0,6_12_03_V03Y_0,Rewari,2018,2,4,9,3,3,23,0,0
6_12,0,1,0,0,0,0,1,0,6_12_03_V03Y_0,Rewari,2018,3,12,3,7,4,31,0,0
6_12,0,1,0,0,0,1,0,0,6_12_04_V02Y_0,Rewari,2017,2,3,4,6,2,15,0,0
6_12,0,1,0,0,0,1,0,0,6_12_04_V02Y_0,Rewari,2017,3,6,4,8,3,20,0,0
6_12,0,1,0,0,0,1,0,0,6_12_04_V02Y_0,Rewari,2017,4,5,3,5,3,17,0,0
6_12,0,1,0,0,0,1,0,0,6_12_04_V02Y_0,Rewari,2017,5,8,4,1,5,18,0,0
6_12,0,1,0,0,0,1,0,0,6_12_04_V02Y_0,Rewari,2017,6,2,7,7,12,30,0,0
6_12,0,1,0,0,0,1,0,0,6_12_04_V02Y_0,Rewari,2017,7,3,3,5,4,16,0,0
6_12,0,1,0,0,0,1,0,0,6_12_04_V02Y_0,Rewari,2017,8,4,1,1,3,10,0,0
6_12,0,1,0,0,0,1,0,0,6_12_04_V02Y_0,Rewari,2017,9,3,5,4,6,20,0,0
6_12,0,1,0,0,0,1,0,0,6_12_04_V02Y_0,Rewari,2017,10,3,2,3,2,15,0,0
6_12,0,1,0,0,0,1,0,0,6_12_04_V02Y_0,Rewari,2017,11,4,5,3,5,20,0,0
6_12,0,1,0,0,0,1,0,0,6_12_04_V02Y_0,Rewari,2017,12,1,4,3,1,9,0,0
6_12,0,1,0,0,0,1,0,0,6_12_04_V02Y_0,Rewari,2018,1,4,0,0,9,18,0,0
6_12,0,1,0,0,0,1,0,0,6_12_04_V02Y_0,Rewari,2018,2,6,3,4,4,27,0,0
6_12,0,1,0,0,0,1,0,0,6_12_04_V02Y_0,Rewari,2018,3,9,2,4,1,28,0,0
6_12,0,0,1,0,0,1,0,0,6_12_04_V03Y_0,Rewari,2017,1,1,4,1,0,7,0,0
6_12,0,0,1,0,0,1,0,0,6_12_04_V03Y_0,Rewari,2017,2,3,6,2,3,15,0,0
6_12,0,0,1,0,0,1,0,0,6_12_04_V03Y_0,Rewari,2017,3,2,1,7,4,14,0,0
6_12,0,0,1,0,0,1,0,0,6_12_04_V03Y_0,Rewari,2017,4,3,3,2,2,13,0,0
6_12,0,0,1,0,0,1,0,0,6_12_04_V03Y_0,Rewari,2017,5,1,3,2,3,9,0,0
6_12,0,0,1,0,0,1,0,0,6_12_04_V03Y_0,Rewari,2017,6,3,2,2,2,12,0,0
6_12,0,0,1,0,0,1,0,0,6_12_04_V03Y_0,Rewari,2017,7,2,3,1,7,14,0,0
6_12,0,0,1,0,0,1,0,0,6_12_04_V03Y_0,Rewari,2017,8,0,1,3,0,7,0,0
6_12,0,0,1,0,0,1,0,0,6_12_04_V03Y_0,Rewari,2017,9,5,2,1,5,15,0,0
6_12,0,0,1,0,0,1,0,0,6_12_04_V03Y_0,Rewari,2017,10,5,4,1,4,15,0,0
6_12,0,0,1,0,0,1,0,0,6_12_04_V03Y_0,Rewari,2017,11,4,5,3,1,18,0,0
6_12,0,0,1,0,0,1,0,0,6_12_04_V03Y_0,Rewari,2017,12,2,3,7,3,19,0,0
6_12,0,0,1,0,0,1,0,0,6_12_04_V03Y_0,Rewari,2018,1,1,4,3,4,16,0,0
6_12,0,0,1,0,0,1,0,0,6_12_04_V03Y_0,Rewari,2018,2,5,1,2,2,14,0,0
6_12,0,0,1,0,0,1,0,0,6_12_04_V03Y_0,Rewari,2018,3,3,3,3,3,16,0,0
6_12,0,1,0,0,1,0,0,0,6_12_09_V05Y_0,Rewari,2017,2,1,3,1,1,7,1,0
6_12,0,1,0,0,1,0,0,0,6_12_09_V05Y_0,Rewari,2017,3,4,2,5,1,14,1,0
6_12,0,1,0,0,1,0,0,0,6_12_09_V05Y_0,Rewari,2017,5,2,1,0,6,9,1,0
6_12,0,1,0,0,1,0,0,0,6_12_09_V05Y_0,Rewari,2017,6,1,2,0,2,6,1,0
6_12,0,1,0,0,1,0,0,0,6_12_09_V05Y_0,Rewari,2017,7,0,1,1,1,3,1,0
6_12,0,1,0,0,1,0,0,0,6_12_09_V05Y_0,Rewari,2017,8,3,1,2,3,12,1,0
6_12,0,1,0,0,1,0,0,0,6_12_09_V05Y_0,Rewari,2017,9,5,3,0,3,11,1,0
6_12,0,1,0,0,1,0,0,0,6_12_09_V05Y_0,Rewari,2017,10,3,4,4,1,12,1,0
6_12,0,1,0,0,1,0,0,0,6_12_09_V05Y_0,Rewari,2017,11,3,3,6,2,17,1,0
6_12,0,1,0,0,1,0,0,0,6_12_09_V05Y_0,Rewari,2017,12,7,4,3,3,18,1,0
6_12,0,1,0,0,1,0,0,0,6_12_09_V05Y_0,Rewari,2018,1,5,6,3,2,17,1,0
6_12,0,1,0,0,1,0,0,0,6_12_09_V05Y_0,Rewari,2018,2,3,5,6,0,21,1,0
6_12,0,1,0,0,1,0,0,0,6_12_09_V05Y_0,Rewari,2018,3,1,3,5,4,15,1,0
6_13,0,0,0,1,0,1,0,0,6_13_02_V03Y_0,Rewari,2017,3,3,0,6,2,12,1,0
6_13,0,0,0,1,0,1,0,0,6_13_02_V03Y_0,Rewari,2017,4,3,3,1,3,14,1,0
6_13,0,0,0,1,0,1,0,0,6_13_02_V03Y_0,Rewari,2017,5,2,1,2,1,8,1,0
6_13,0,0,0,1,0,1,0,0,6_13_02_V03Y_0,Rewari,2017,6,0,4,2,3,18,1,0
6_13,0,0,0,1,0,1,0,0,6_13_02_V03Y_0,Rewari,2017,7,0,1,5,4,17,1,0
6_13,0,0,0,1,0,1,0,0,6_13_02_V03Y_0,Rewari,2017,8,3,0,1,6,13,1,0
6_13,0,0,0,1,0,1,0,0,6_13_02_V03Y_0,Rewari,2017,9,2,2,0,2,8,1,0
6_13,0,0,0,1,0,1,0,0,6_13_02_V03Y_0,Rewari,2017,10,2,0,2,2,10,1,0
6_13,0,0,0,1,0,1,0,0,6_13_02_V03Y_0,Rewari,2017,11,4,3,0,1,9,1,0
6_13,0,0,0,1,0,1,0,0,6_13_02_V03Y_0,Rewari,2017,12,6,5,3,2,18,1,0
6_13,0,0,0,1,0,1,0,0,6_13_02_V03Y_0,Rewari,2018,1,4,5,4,1,16,1,0
6_13,0,0,0,1,0,1,0,0,6_13_02_V03Y_0,Rewari,2018,2,2,4,4,1,14,1,0
6_13,0,0,0,1,0,1,0,0,6_13_02_V03Y_0,Rewari,2018,3,0,2,2,0,14,1,0
6_13,0,0,0,1,0,1,0,0,6_13_03_V04Y_0,Rewari,2017,2,1,2,1,1,5,0,0
6_13,0,0,0,1,0,1,0,0,6_13_03_V04Y_0,Rewari,2017,3,1,2,2,0,5,0,0
6_13,0,0,0,1,0,1,0,0,6_13_03_V04Y_0,Rewari,2017,4,1,0,1,3,5,0,0
6_13,0,0,0,1,0,1,0,0,6_13_03_V04Y_0,Rewari,2017,5,1,0,1,2,4,0,0
6_13,0,0,0,1,0,1,0,0,6_13_03_V04Y_0,Rewari,2017,6,0,2,1,1,4,0,0
6_13,0,0,0,1,0,1,0,0,6_13_03_V04Y_0,Rewari,2017,7,3,0,1,2,7,0,0
6_13,0,0,0,1,0,1,0,0,6_13_03_V04Y_0,Rewari,2017,8,2,1,0,1,4,0,0
6_13,0,0,0,1,0,1,0,0,6_13_03_V04Y_0,Rewari,2017,9,1,2,3,3,9,0,0
6_13,0,0,0,1,0,1,0,0,6_13_03_V04Y_0,Rewari,2017,10,0,1,1,0,4,0,0
6_13,0,0,0,1,0,1,0,0,6_13_03_V04Y_0,Rewari,2017,11,1,0,0,2,3,0,0
6_13,0,0,0,1,0,1,0,0,6_13_03_V04Y_0,Rewari,2017,12,1,1,2,0,6,0,0
6_13,0,0,0,1,0,1,0,0,6_13_03_V04Y_0,Rewari,2018,1,3,1,0,0,5,0,0
6_13,0,0,0,1,0,1,0,0,6_13_03_V04Y_0,Rewari,2018,2,0,1,0,0,3,0,0
6_13,0,0,0,1,0,1,0,0,6_13_03_V04Y_0,Rewari,2018,3,1,1,3,4,9,0,0
6_13,0,0,0,1,0,1,0,0,6_13_03_V06Y_0,Rewari,2017,3,2,0,1,1,4,0,0
6_13,0,0,0,1,0,1,0,0,6_13_03_V06Y_0,Rewari,2017,4,0,1,0,0,1,0,0
6_13,0,0,0,1,0,1,0,0,6_13_03_V06Y_0,Rewari,2017,5,2,0,1,3,6,0,0
6_13,0,0,0,1,0,1,0,0,6_13_03_V06Y_0,Rewari,2017,6,0,2,0,0,2,0,0
6_13,0,0,0,1,0,1,0,0,6_13_03_V06Y_0,Rewari,2017,7,1,2,3,2,8,0,0
6_13,0,0,0,1,0,1,0,0,6_13_03_V06Y_0,Rewari,2017,8,1,1,0,2,4,0,0
6_13,0,0,0,1,0,1,0,0,6_13_03_V06Y_0,Rewari,2017,9,0,1,2,0,3,0,0
6_13,0,0,0,1,0,1,0,0,6_13_03_V06Y_0,Rewari,2017,10,3,0,1,1,5,0,0
6_13,0,0,0,1,0,1,0,0,6_13_03_V06Y_0,Rewari,2017,11,1,2,1,2,6,0,0
6_13,0,0,0,1,0,1,0,0,6_13_03_V06Y_0,Rewari,2017,12,0,0,2,0,4,0,0
6_13,0,0,0,1,0,1,0,0,6_13_03_V06Y_0,Rewari,2018,1,3,0,0,3,6,0,0
6_13,0,0,0,1,0,1,0,0,6_13_03_V06Y_0,Rewari,2018,2,2,3,0,0,6,0,0
6_13,0,0,0,1,0,1,0,0,6_13_03_V06Y_0,Rewari,2018,3,2,0,3,1,9,0,0
6_14,1,0,0,0,0,1,0,0,6_14_06_V01Y_0,Rewari,2017,2,4,2,4,4,14,0,0
6_14,1,0,0,0,0,1,0,0,6_14_06_V01Y_0,Rewari,2017,3,4,3,1,1,11,0,0
6_14,1,0,0,0,0,1,0,0,6_14_06_V01Y_0,Rewari,2017,4,0,1,2,2,6,0,0
6_14,1,0,0,0,0,1,0,0,6_14_06_V01Y_0,Rewari,2017,5,2,3,2,1,8,0,0
6_14,1,0,0,0,0,1,0,0,6_14_06_V01Y_0,Rewari,2017,6,0,2,3,4,10,0,0
6_14,1,0,0,0,0,1,0,0,6_14_06_V01Y_0,Rewari,2017,7,2,0,1,2,6,0,0
6_14,1,0,0,0,0,1,0,0,6_14_06_V01Y_0,Rewari,2017,8,0,0,1,1,3,0,0
6_14,1,0,0,0,0,1,0,0,6_14_06_V01Y_0,Rewari,2017,10,1,1,0,2,4,0,0
6_14,1,0,0,0,0,1,0,0,6_14_06_V01Y_0,Rewari,2017,11,3,0,0,3,6,0,0
6_14,1,0,0,0,0,1,0,0,6_14_06_V01Y_0,Rewari,2017,12,2,2,1,0,6,0,0
6_14,1,0,0,0,0,1,0,0,6_14_06_V01Y_0,Rewari,2018,1,2,3,3,1,9,0,0
6_14,1,0,0,0,0,1,0,0,6_14_06_V01Y_0,Rewari,2018,2,1,0,1,1,6,0,0
6_14,1,0,0,0,0,1,0,0,6_14_06_V01Y_0,Rewari,2018,3,2,3,2,2,13,0,0
6_14,0,0,1,0,1,0,0,0,6_14_09_V05Y_0,Rewari,2017,3,2,2,3,6,13,0,0
6_14,0,0,1,0,1,0,0,0,6_14_09_V05Y_0,Rewari,2017,4,1,2,2,2,7,0,0
6_14,0,0,1,0,1,0,0,0,6_14_09_V05Y_0,Rewari,2017,5,1,2,1,1,6,0,0
6_14,0,0,1,0,1,0,0,0,6_14_09_V05Y_0,Rewari,2017,6,0,1,0,5,8,0,0
6_14,0,0,1,0,1,0,0,0,6_14_09_V05Y_0,Rewari,2017,7,1,0,1,3,5,0,0
6_14,0,0,1,0,1,0,0,0,6_14_09_V05Y_0,Rewari,2017,8,2,0,1,3,6,0,0
6_14,0,0,1,0,1,0,0,0,6_14_09_V05Y_0,Rewari,2017,9,1,1,0,4,7,0,0
6_14,0,0,1,0,1,0,0,0,6_14_09_V05Y_0,Rewari,2017,10,3,2,2,3,12,0,0
6_14,0,0,1,0,1,0,0,0,6_14_09_V05Y_0,Rewari,2017,11,0,2,0,0,6,0,0
6_14,0,0,1,0,1,0,0,0,6_14_09_V05Y_0,Rewari,2017,12,3,1,4,1,16,0,0
6_14,0,0,1,0,1,0,0,0,6_14_09_V05Y_0,Rewari,2018,1,1,0,0,0,1,0,0
6_14,0,0,1,0,1,0,0,0,6_14_09_V05Y_0,Rewari,2018,2,1,3,2,1,10,0,0
6_14,0,0,1,0,1,0,0,0,6_14_09_V05Y_0,Rewari,2018,3,1,1,2,0,5,0,0
6_15,1,0,0,0,0,0,0,0,6_15_05_V01Y_0,Rewari,2017,1,2,1,4,1,9,1,0
6_15,1,0,0,0,0,0,0,0,6_15_05_V01Y_0,Rewari,2017,2,1,5,3,2,13,1,0
6_15,1,0,0,0,0,0,0,0,6_15_05_V01Y_0,Rewari,2017,3,2,2,4,1,11,1,0
6_15,1,0,0,0,0,0,0,0,6_15_05_V01Y_0,Rewari,2017,4,1,1,1,3,9,1,0
6_15,1,0,0,0,0,0,0,0,6_15_05_V01Y_0,Rewari,2017,5,2,2,1,3,9,1,0
6_15,1,0,0,0,0,0,0,0,6_15_05_V01Y_0,Rewari,2017,6,7,1,3,0,19,1,0
6_15,1,0,0,0,0,0,0,0,6_15_05_V01Y_0,Rewari,2017,7,5,5,1,3,21,1,0
6_15,1,0,0,0,0,0,0,0,6_15_05_V01Y_0,Rewari,2017,8,2,1,3,5,15,1,0
6_15,1,0,0,0,0,0,0,0,6_15_05_V01Y_0,Rewari,2017,9,5,3,2,3,15,1,0
6_15,1,0,0,0,0,0,0,0,6_15_05_V01Y_0,Rewari,2017,10,3,3,4,2,17,1,0
6_15,1,0,0,0,0,0,0,0,6_15_05_V01Y_0,Rewari,2017,11,4,3,2,0,12,1,0
6_15,1,0,0,0,0,0,0,0,6_15_05_V01Y_0,Rewari,2017,12,6,3,5,2,21,1,0
6_15,1,0,0,0,0,0,0,0,6_15_05_V01Y_0,Rewari,2018,1,5,6,2,2,25,1,0
6_15,1,0,0,0,0,0,0,0,6_15_05_V01Y_0,Rewari,2018,2,5,5,3,7,27,1,0
6_15,1,0,0,0,0,0,0,0,6_15_05_V01Y_0,Rewari,2018,3,4,5,8,3,23,1,0
6_15,0,1,0,0,0,0,0,0,6_15_08_V01Y_0,Rewari,2017,1,4,3,3,1,12,0,0
6_15,0,1,0,0,0,0,0,0,6_15_08_V01Y_0,Rewari,2017,2,3,4,5,1,14,0,0
6_15,0,1,0,0,0,0,0,0,6_15_08_V01Y_0,Rewari,2017,3,1,3,3,8,16,0,0
6_15,0,1,0,0,0,0,0,0,6_15_08_V01Y_0,Rewari,2017,4,3,1,1,1,6,0,0
6_15,0,1,0,0,0,0,0,0,6_15_08_V01Y_0,Rewari,2017,5,0,3,3,2,8,0,0
6_15,0,1,0,0,0,0,0,0,6_15_08_V01Y_0,Rewari,2017,6,2,0,3,4,13,0,0
6_15,0,1,0,0,0,0,0,0,6_15_08_V01Y_0,Rewari,2017,7,1,2,0,3,8,0,0
6_15,0,1,0,0,0,0,0,0,6_15_08_V01Y_0,Rewari,2017,8,3,1,2,3,16,0,0
6_15,0,1,0,0,0,0,0,0,6_15_08_V01Y_0,Rewari,2017,9,2,2,1,2,9,0,0
6_15,0,1,0,0,0,0,0,0,6_15_08_V01Y_0,Rewari,2017,10,2,3,2,2,15,0,0
6_15,0,1,0,0,0,0,0,0,6_15_08_V01Y_0,Rewari,2017,11,4,2,1,5,18,0,0
6_15,0,1,0,0,0,0,0,0,6_15_08_V01Y_0,Rewari,2017,12,5,5,3,1,15,0,0
6_15,0,1,0,0,0,0,0,0,6_15_08_V01Y_0,Rewari,2018,1,3,5,6,1,20,0,0
6_15,0,1,0,0,0,0,0,0,6_15_08_V01Y_0,Rewari,2018,2,2,3,3,1,11,0,0
6_15,0,1,0,0,0,0,0,0,6_15_08_V01Y_0,Rewari,2018,3,1,0,4,2,13,0,0
6_15,0,0,1,0,0,0,0,0,6_15_09_V02Y_0,Rewari,2017,1,0,2,2,3,7,1,0
6_15,0,0,1,0,0,0,0,0,6_15_09_V02Y_0,Rewari,2017,2,1,1,2,0,4,1,0
6_15,0,0,1,0,0,0,0,0,6_15_09_V02Y_0,Rewari,2017,3,1,1,1,2,6,1,0
6_15,0,0,1,0,0,0,0,0,6_15_09_V02Y_0,Rewari,2017,4,1,1,1,1,4,1,0
6_15,0,0,1,0,0,0,0,0,6_15_09_V02Y_0,Rewari,2017,5,1,1,1,1,4,1,0
6_15,0,0,1,0,0,0,0,0,6_15_09_V02Y_0,Rewari,2017,6,0,1,2,2,7,1,0
6_15,0,0,1,0,0,0,0,0,6_15_09_V02Y_0,Rewari,2017,7,1,0,2,2,7,1,0
6_15,0,0,1,0,0,0,0,0,6_15_09_V02Y_0,Rewari,2017,8,2,0,0,2,5,1,0
6_15,0,0,1,0,0,0,0,0,6_15_09_V02Y_0,Rewari,2017,9,2,0,0,1,5,1,0
6_15,0,0,1,0,0,0,0,0,6_15_09_V02Y_0,Rewari,2017,10,3,4,1,1,11,1,0
6_15,0,0,1,0,0,0,0,0,6_15_09_V02Y_0,Rewari,2017,11,0,3,5,0,8,1,0
6_15,0,0,1,0,0,0,0,0,6_15_09_V02Y_0,Rewari,2017,12,1,2,1,2,9,1,0
6_15,0,0,1,0,0,0,0,0,6_15_09_V02Y_0,Rewari,2018,1,3,1,0,0,5,1,0
6_15,0,0,1,0,0,0,0,0,6_15_09_V02Y_0,Rewari,2018,2,0,2,1,1,6,1,0
6_15,0,0,1,0,0,0,0,0,6_15_09_V02Y_0,Rewari,2018,3,0,2,3,2,10,1,0
6_15,0,0,1,0,0,0,0,0,6_15_09_V03Y_0,Rewari,2017,1,1,4,2,1,10,1,0
6_15,0,0,1,0,0,0,0,0,6_15_09_V03Y_0,Rewari,2017,2,2,4,5,3,16,1,0
6_15,0,0,1,0,0,0,0,0,6_15_09_V03Y_0,Rewari,2017,3,2,3,3,4,13,1,0
6_15,0,0,1,0,0,0,0,0,6_15_09_V03Y_0,Rewari,2017,4,3,1,5,1,11,1,0
6_15,0,0,1,0,0,0,0,0,6_15_09_V03Y_0,Rewari,2017,5,1,3,2,5,11,1,0
6_15,0,0,1,0,0,0,0,0,6_15_09_V03Y_0,Rewari,2017,6,0,2,4,4,11,1,0
6_15,0,0,1,0,0,0,0,0,6_15_09_V03Y_0,Rewari,2017,7,0,1,2,1,5,1,0
6_15,0,0,1,0,0,0,0,0,6_15_09_V03Y_0,Rewari,2017,8,2,1,1,6,14,1,0
6_15,0,0,1,0,0,0,0,0,6_15_09_V03Y_0,Rewari,2017,9,2,1,1,5,12,1,0
6_15,0,0,1,0,0,0,0,0,6_15_09_V03Y_0,Rewari,2017,10,3,2,0,2,8,1,0
6_15,0,0,1,0,0,0,0,0,6_15_09_V03Y_0,Rewari,2017,11,2,2,3,3,15,1,0
6_15,0,0,1,0,0,0,0,0,6_15_09_V03Y_0,Rewari,2017,12,1,2,0,2,10,1,0
6_15,0,0,1,0,0,0,0,0,6_15_09_V03Y_0,Rewari,2018,1,5,3,3,1,15,1,0
6_15,0,0,1,0,0,0,0,0,6_15_09_V03Y_0,Rewari,2018,2,5,2,4,0,12,1,0
6_15,0,0,1,0,0,0,0,0,6_15_09_V03Y_0,Rewari,2018,3,4,6,2,0,15,1,0
6_16,0,0,0,1,0,0,0,0,6_16_01_V03Y_0,Rewari,2017,2,3,2,2,0,7,1,0
6_16,0,0,0,1,0,0,0,0,6_16_01_V03Y_0,Rewari,2017,3,1,3,2,0,6,1,0
6_16,0,0,0,1,0,0,0,0,6_16_01_V03Y_0,Rewari,2017,4,1,2,3,0,6,1,0
6_16,0,0,0,1,0,0,0,0,6_16_01_V03Y_0,Rewari,2017,5,0,0,2,0,2,1,0
6_16,0,0,0,1,0,0,0,0,6_16_01_V03Y_0,Rewari,2017,6,1,1,1,1,4,1,0
6_16,0,0,0,1,0,0,0,0,6_16_01_V03Y_0,Rewari,2017,7,1,2,1,3,8,1,0
6_16,0,0,0,1,0,0,0,0,6_16_01_V03Y_0,Rewari,2017,8,0,0,2,2,4,1,0
6_16,0,0,0,1,0,0,0,0,6_16_01_V03Y_0,Rewari,2017,9,1,1,1,3,5,1,0
6_16,0,0,0,1,0,0,0,0,6_16_01_V03Y_0,Rewari,2017,10,3,1,0,1,6,1,0
6_16,0,0,0,1,0,0,0,0,6_16_01_V03Y_0,Rewari,2017,11,0,2,1,2,6,1,0
6_16,0,0,0,1,0,0,0,0,6_16_01_V03Y_0,Rewari,2017,12,4,1,2,0,7,1,0
6_16,0,0,0,1,0,0,0,0,6_16_01_V03Y_0,Rewari,2018,1,2,3,2,1,10,1,0
6_16,0,0,0,1,0,0,0,0,6_16_01_V03Y_0,Rewari,2018,2,2,2,3,1,11,1,0
6_16,0,0,0,1,0,0,0,0,6_16_01_V03Y_0,Rewari,2018,3,0,1,1,2,5,1,0
6_16,1,0,0,0,0,0,0,0,6_16_01_V04Y_0,Rewari,2017,1,3,3,3,0,9,1,0
6_16,1,0,0,0,0,0,0,0,6_16_01_V04Y_0,Rewari,2017,2,1,2,4,0,7,1,0
6_16,1,0,0,0,0,0,0,0,6_16_01_V04Y_0,Rewari,2017,3,1,0,4,1,6,1,0
6_16,1,0,0,0,0,0,0,0,6_16_01_V04Y_0,Rewari,2017,4,3,0,0,1,4,1,0
6_16,1,0,0,0,0,0,0,0,6_16_01_V04Y_0,Rewari,2017,5,0,3,0,3,6,1,0
6_16,1,0,0,0,0,0,0,0,6_16_01_V04Y_0,Rewari,2017,6,2,1,3,2,8,1,0
6_16,1,0,0,0,0,0,0,0,6_16_01_V04Y_0,Rewari,2017,7,3,1,0,3,7,1,0
6_16,1,0,0,0,0,0,0,0,6_16_01_V04Y_0,Rewari,2017,8,1,4,2,3,9,1,0
6_16,1,0,0,0,0,0,0,0,6_16_01_V04Y_0,Rewari,2017,9,0,1,2,1,4,1,0
6_16,1,0,0,0,0,0,0,0,6_16_01_V04Y_0,Rewari,2017,10,2,2,2,0,9,1,0
6_16,1,0,0,0,0,0,0,0,6_16_01_V04Y_0,Rewari,2017,11,1,2,0,2,6,1,0
6_16,1,0,0,0,0,0,0,0,6_16_01_V04Y_0,Rewari,2017,12,2,2,1,3,9,1,0
6_16,1,0,0,0,0,0,0,0,6_16_01_V04Y_0,Rewari,2018,1,0,1,3,0,5,1,0
6_16,1,0,0,0,0,0,0,0,6_16_01_V04Y_0,Rewari,2018,2,3,1,2,3,12,1,0
6_16,1,0,0,0,0,0,0,0,6_16_01_V04Y_0,Rewari,2018,3,1,2,1,2,9,1,0
6_16,1,0,0,0,0,0,0,0,6_16_04_V01Y_0,Rewari,2017,1,2,0,3,0,6,0,1
6_16,1,0,0,0,0,0,0,0,6_16_04_V01Y_0,Rewari,2017,2,1,2,0,1,4,0,1
6_16,1,0,0,0,0,0,0,0,6_16_04_V01Y_0,Rewari,2017,3,0,1,2,2,5,0,1
6_16,1,0,0,0,0,0,0,0,6_16_04_V01Y_0,Rewari,2017,4,0,0,1,0,1,0,1
6_16,1,0,0,0,0,0,0,0,6_16_04_V01Y_0,Rewari,2017,7,2,0,0,3,5,0,1
6_16,1,0,0,0,0,0,0,0,6_16_04_V01Y_0,Rewari,2017,8,0,2,0,0,2,0,1
6_16,1,0,0,0,0,0,0,0,6_16_04_V01Y_0,Rewari,2017,9,0,0,1,1,2,0,1
6_16,1,0,0,0,0,0,0,0,6_16_04_V01Y_0,Rewari,2017,10,1,0,1,0,4,0,1
6_16,1,0,0,0,0,0,0,0,6_16_04_V01Y_0,Rewari,2017,11,1,1,0,0,4,0,1
6_16,1,0,0,0,0,0,0,0,6_16_04_V01Y_0,Rewari,2017,12,1,1,2,0,6,0,1
6_16,1,0,0,0,0,0,0,0,6_16_04_V01Y_0,Rewari,2018,1,2,1,1,2,10,0,1
6_16,1,0,0,0,0,0,0,0,6_16_04_V01Y_0,Rewari,2018,2,0,0,1,0,2,0,1
6_16,1,0,0,0,0,0,0,0,6_16_04_V01Y_0,Rewari,2018,3,1,1,1,2,4,0,1
6_16,0,1,0,0,0,0,0,0,6_16_04_V03Y_0,Rewari,2017,1,2,2,3,0,8,0,1
6_16,0,1,0,0,0,0,0,0,6_16_04_V03Y_0,Rewari,2017,2,0,0,2,3,6,0,1
6_16,0,1,0,0,0,0,0,0,6_16_04_V03Y_0,Rewari,2017,3,3,3,1,0,7,0,1
6_16,0,1,0,0,0,0,0,0,6_16_04_V03Y_0,Rewari,2017,4,2,2,2,2,8,0,1
6_16,0,1,0,0,0,0,0,0,6_16_04_V03Y_0,Rewari,2017,5,0,2,3,0,5,0,1
6_16,0,1,0,0,0,0,0,0,6_16_04_V03Y_0,Rewari,2017,6,1,0,0,1,3,0,1
6_16,0,1,0,0,0,0,0,0,6_16_04_V03Y_0,Rewari,2017,7,1,2,3,2,8,0,1
6_16,0,1,0,0,0,0,0,0,6_16_04_V03Y_0,Rewari,2017,8,1,0,0,3,6,0,1
6_16,0,1,0,0,0,0,0,0,6_16_04_V03Y_0,Rewari,2017,9,4,2,2,1,9,0,1
6_16,0,1,0,0,0,0,0,0,6_16_04_V03Y_0,Rewari,2017,10,2,4,0,1,10,0,1
6_16,0,1,0,0,0,0,0,0,6_16_04_V03Y_0,Rewari,2017,11,2,2,4,2,11,0,1
6_16,0,1,0,0,0,0,0,0,6_16_04_V03Y_0,Rewari,2017,12,1,5,3,5,13,0,1
6_16,0,1,0,0,0,0,0,0,6_16_04_V03Y_0,Rewari,2018,1,3,1,6,1,12,0,1
6_16,0,1,0,0,0,0,0,0,6_16_04_V03Y_0,Rewari,2018,2,3,2,2,0,11,0,1
6_16,0,1,0,0,0,0,0,0,6_16_04_V03Y_0,Rewari,2018,3,0,2,2,1,5,0,1
6_16,0,0,1,0,0,0,0,0,6_16_04_V06Y_0,Rewari,2017,2,1,5,2,2,10,0,1
6_16,0,0,1,0,0,0,0,0,6_16_04_V06Y_0,Rewari,2017,3,3,1,5,2,11,0,1
6_16,0,0,1,0,0,0,0,0,6_16_04_V06Y_0,Rewari,2017,4,1,2,1,4,8,0,1
6_16,0,0,1,0,0,0,0,0,6_16_04_V06Y_0,Rewari,2017,5,3,2,1,3,9,0,1
6_16,0,0,1,0,0,0,0,0,6_16_04_V06Y_0,Rewari,2017,6,2,2,2,2,10,0,1
6_16,0,0,1,0,0,0,0,0,6_16_04_V06Y_0,Rewari,2017,7,0,2,3,4,11,0,1
6_16,0,0,1,0,0,0,0,0,6_16_04_V06Y_0,Rewari,2017,8,2,1,0,2,5,0,1
6_16,0,0,1,0,0,0,0,0,6_16_04_V06Y_0,Rewari,2017,9,5,2,1,3,11,0,1
6_16,0,0,1,0,0,0,0,0,6_16_04_V06Y_0,Rewari,2017,10,2,3,0,3,11,0,1
6_16,0,0,1,0,0,0,0,0,6_16_04_V06Y_0,Rewari,2017,11,1,3,4,0,10,0,1
6_16,0,0,1,0,0,0,0,0,6_16_04_V06Y_0,Rewari,2017,12,1,1,4,0,7,0,1
6_16,0,0,1,0,0,0,0,0,6_16_04_V06Y_0,Rewari,2018,1,0,3,3,2,11,0,1
6_16,0,0,1,0,0,0,0,0,6_16_04_V06Y_0,Rewari,2018,2,2,0,3,1,9,0,1
6_16,0,0,1,0,0,0,0,0,6_16_04_V06Y_0,Rewari,2018,3,1,3,1,0,7,0,1
6_17,0,0,0,1,1,0,0,0,6_17_02_V02Y_0,Rewari,2017,2,1,1,0,2,4,1,0
6_17,0,0,0,1,1,0,0,0,6_17_02_V02Y_0,Rewari,2017,3,1,1,1,2,5,1,0
6_17,0,0,0,1,1,0,0,0,6_17_02_V02Y_0,Rewari,2017,4,0,1,1,0,2,1,0
6_17,0,0,0,1,1,0,0,0,6_17_02_V02Y_0,Rewari,2017,5,0,0,1,0,1,1,0
6_17,0,0,0,1,1,0,0,0,6_17_02_V02Y_0,Rewari,2017,6,0,0,0,1,2,1,0
6_17,0,0,0,1,1,0,0,0,6_17_02_V02Y_0,Rewari,2017,7,1,0,0,0,1,1,0
6_17,0,0,0,1,1,0,0,0,6_17_02_V02Y_0,Rewari,2017,8,0,1,0,1,3,1,0
6_17,0,0,0,1,1,0,0,0,6_17_02_V02Y_0,Rewari,2017,9,3,0,1,1,5,1,0
6_17,0,0,0,1,1,0,0,0,6_17_02_V02Y_0,Rewari,2017,10,3,2,0,1,7,1,0
6_17,0,0,0,1,1,0,0,0,6_17_02_V02Y_0,Rewari,2017,11,0,2,1,0,3,1,0
6_17,0,0,0,1,1,0,0,0,6_17_02_V02Y_0,Rewari,2017,12,0,0,2,0,2,1,0
6_17,0,0,0,1,1,0,0,0,6_17_02_V02Y_0,Rewari,2018,1,3,0,1,0,8,1,0
6_17,0,0,0,1,1,0,0,0,6_17_02_V02Y_0,Rewari,2018,2,0,1,0,1,4,1,0
6_17,0,0,0,1,1,0,0,0,6_17_02_V02Y_0,Rewari,2018,3,1,0,1,0,2,1,0
6_17,1,0,0,0,0,1,0,0,6_17_03_V01Y_0,Rewari,2017,2,1,5,1,1,10,0,0
6_17,1,0,0,0,0,1,0,0,6_17_03_V01Y_0,Rewari,2017,3,1,3,9,7,21,0,0
6_17,1,0,0,0,0,1,0,0,6_17_03_V01Y_0,Rewari,2017,4,3,1,2,6,13,0,0
6_17,1,0,0,0,0,1,0,0,6_17_03_V01Y_0,Rewari,2017,5,3,2,1,6,13,0,0
6_17,1,0,0,0,0,1,0,0,6_17_03_V01Y_0,Rewari,2017,6,5,2,3,3,13,0,0
6_17,1,0,0,0,0,1,0,0,6_17_03_V01Y_0,Rewari,2017,7,1,7,1,3,12,0,0
6_17,1,0,0,0,0,1,0,0,6_17_03_V01Y_0,Rewari,2017,8,4,2,3,7,16,0,0
6_17,1,0,0,0,0,1,0,0,6_17_03_V01Y_0,Rewari,2017,9,3,5,4,1,13,0,0
6_17,1,0,0,0,0,1,0,0,6_17_03_V01Y_0,Rewari,2017,10,2,2,6,2,14,0,0
6_17,1,0,0,0,0,1,0,0,6_17_03_V01Y_0,Rewari,2017,11,8,4,4,1,22,0,0
6_17,1,0,0,0,0,1,0,0,6_17_03_V01Y_0,Rewari,2017,12,6,6,2,4,25,0,0
6_17,1,0,0,0,0,1,0,0,6_17_03_V01Y_0,Rewari,2018,1,4,4,5,1,23,0,0
6_17,1,0,0,0,0,1,0,0,6_17_03_V01Y_0,Rewari,2018,2,7,5,5,5,31,0,0
6_17,1,0,0,0,0,1,0,0,6_17_03_V01Y_0,Rewari,2018,3,7,7,5,6,31,0,0
6_18,1,0,0,0,1,0,0,0,6_18_03_V01Y_0,Rewari,2017,2,4,4,2,1,16,0,0
6_18,1,0,0,0,1,0,0,0,6_18_03_V01Y_0,Rewari,2017,3,7,5,4,4,19,0,0
6_18,1,0,0,0,1,0,0,0,6_18_03_V01Y_0,Rewari,2017,4,5,4,3,5,18,0,0
6_18,1,0,0,0,1,0,0,0,6_18_03_V01Y_0,Rewari,2017,5,2,3,6,1,13,0,0
6_18,1,0,0,0,1,0,0,0,6_18_03_V01Y_0,Rewari,2017,6,1,4,7,7,18,0,0
6_18,1,0,0,0,1,0,0,0,6_18_03_V01Y_0,Rewari,2017,7,3,1,2,2,7,0,0
6_18,1,0,0,0,1,0,0,0,6_18_03_V01Y_0,Rewari,2017,8,2,3,1,3,9,0,0
6_18,1,0,0,0,1,0,0,0,6_18_03_V01Y_0,Rewari,2017,9,2,1,2,2,9,0,0
6_18,1,0,0,0,1,0,0,0,6_18_03_V01Y_0,Rewari,2017,10,3,1,2,3,11,0,0
6_18,1,0,0,0,1,0,0,0,6_18_03_V01Y_0,Rewari,2017,11,7,5,0,4,18,0,0
6_18,1,0,0,0,1,0,0,0,6_18_03_V01Y_0,Rewari,2017,12,1,7,7,2,20,0,0
6_18,1,0,0,0,1,0,0,0,6_18_03_V01Y_0,Rewari,2018,1,0,3,3,1,10,0,0
6_18,1,0,0,0,1,0,0,0,6_18_03_V01Y_0,Rewari,2018,2,0,1,1,4,19,0,0
6_18,1,0,0,0,1,0,0,0,6_18_03_V01Y_0,Rewari,2018,3,5,1,6,2,19,0,0
6_18,0,1,0,0,1,0,0,0,6_18_03_V02Y_0,Rewari,2017,2,3,2,3,0,8,0,0
6_18,0,1,0,0,1,0,0,0,6_18_03_V02Y_0,Rewari,2017,3,3,7,6,2,19,0,0
6_18,0,1,0,0,1,0,0,0,6_18_03_V02Y_0,Rewari,2017,4,8,3,6,1,18,0,0
6_18,0,1,0,0,1,0,0,0,6_18_03_V02Y_0,Rewari,2017,5,2,5,4,4,15,0,0
6_18,0,1,0,0,1,0,0,0,6_18_03_V02Y_0,Rewari,2017,6,1,3,5,3,12,0,0
6_18,0,1,0,0,1,0,0,0,6_18_03_V02Y_0,Rewari,2017,7,3,1,3,7,14,0,0
6_18,0,1,0,0,1,0,0,0,6_18_03_V02Y_0,Rewari,2017,8,3,1,1,8,16,0,0
6_18,0,1,0,0,1,0,0,0,6_18_03_V02Y_0,Rewari,2017,9,7,2,1,5,15,0,0
6_18,0,1,0,0,1,0,0,0,6_18_03_V02Y_0,Rewari,2017,10,10,8,2,4,26,0,0
6_18,0,1,0,0,1,0,0,0,6_18_03_V02Y_0,Rewari,2017,11,7,4,7,2,20,0,0
6_18,0,1,0,0,1,0,0,0,6_18_03_V02Y_0,Rewari,2017,12,7,7,4,4,25,0,0
6_18,0,1,0,0,1,0,0,0,6_18_03_V02Y_0,Rewari,2018,1,2,5,4,1,16,0,0
6_18,0,1,0,0,1,0,0,0,6_18_03_V02Y_0,Rewari,2018,2,6,8,6,2,24,0,0
6_18,0,1,0,0,1,0,0,0,6_18_03_V02Y_0,Rewari,2018,3,6,10,8,4,36,0,0
6_18,0,0,1,0,0,0,1,0,6_18_05_V01Y_0,Rewari,2017,2,1,3,4,2,11,1,0
6_18,0,0,1,0,0,0,1,0,6_18_05_V01Y_0,Rewari,2017,3,2,2,6,1,12,1,0
6_18,0,0,1,0,0,0,1,0,6_18_05_V01Y_0,Rewari,2017,4,5,1,3,3,12,1,0
6_18,0,0,1,0,0,0,1,0,6_18_05_V01Y_0,Rewari,2017,5,2,4,1,3,10,1,0
6_18,0,0,1,0,0,0,1,0,6_18_05_V01Y_0,Rewari,2017,6,1,3,3,3,10,1,0
6_18,0,0,1,0,0,0,1,0,6_18_05_V01Y_0,Rewari,2017,7,3,3,2,4,12,1,0
6_18,0,0,1,0,0,0,1,0,6_18_05_V01Y_0,Rewari,2017,8,3,4,2,2,12,1,0
6_18,0,0,1,0,0,0,1,0,6_18_05_V01Y_0,Rewari,2017,9,4,2,2,4,14,1,0
6_18,0,0,1,0,0,0,1,0,6_18_05_V01Y_0,Rewari,2017,10,3,5,4,4,22,1,0
6_18,0,0,1,0,0,0,1,0,6_18_05_V01Y_0,Rewari,2017,11,5,2,1,4,13,1,0
6_18,0,0,1,0,0,0,1,0,6_18_05_V01Y_0,Rewari,2017,12,8,2,2,0,15,1,0
6_18,0,0,1,0,0,0,1,0,6_18_05_V01Y_0,Rewari,2018,1,5,5,4,2,16,1,0
6_18,0,0,1,0,0,0,1,0,6_18_05_V01Y_0,Rewari,2018,2,1,0,0,0,2,1,0
6_18,0,0,1,0,0,0,1,0,6_18_05_V01Y_0,Rewari,2018,3,1,5,6,0,22,1,0
7_01,1,0,0,0,0,0,0,1,7_01_02_V01Y_0,Sonipat,2017,3,0,1,1,4,6,0,1
7_01,1,0,0,0,0,0,0,1,7_01_02_V01Y_0,Sonipat,2017,4,1,0,0,5,6,0,1
7_01,1,0,0,0,0,0,0,1,7_01_02_V01Y_0,Sonipat,2017,5,0,1,0,2,4,0,1
7_01,1,0,0,0,0,0,0,1,7_01_02_V01Y_0,Sonipat,2017,6,1,0,0,0,1,0,1
7_01,1,0,0,0,0,0,0,1,7_01_02_V01Y_0,Sonipat,2017,7,3,0,1,6,10,0,1
7_01,1,0,0,0,0,0,0,1,7_01_02_V01Y_0,Sonipat,2017,8,3,2,1,2,8,0,1
7_01,1,0,0,0,0,0,0,1,7_01_02_V01Y_0,Sonipat,2017,9,1,5,1,2,9,0,1
7_01,1,0,0,0,0,0,0,1,7_01_02_V01Y_0,Sonipat,2017,10,3,0,4,2,9,0,1
7_01,1,0,0,0,0,0,0,1,7_01_02_V01Y_0,Sonipat,2017,11,2,3,1,0,6,0,1
7_01,1,0,0,0,0,0,0,1,7_01_02_V01Y_0,Sonipat,2017,12,3,1,2,1,7,0,1
7_01,1,0,0,0,0,0,0,1,7_01_02_V01Y_0,Sonipat,2018,1,0,3,0,1,9,0,1
7_01,1,0,0,0,0,0,0,1,7_01_02_V01Y_0,Sonipat,2018,2,4,1,0,2,8,0,1
7_01,1,0,0,0,0,0,0,1,7_01_02_V01Y_0,Sonipat,2018,3,2,2,5,1,10,0,1
7_01,0,0,1,0,1,0,0,0,7_01_03_V01Y_0,Sonipat,2017,2,5,12,6,3,27,1,0
7_01,0,0,1,0,1,0,0,0,7_01_03_V01Y_0,Sonipat,2017,3,11,3,14,3,35,1,0
7_01,0,0,1,0,1,0,0,0,7_01_03_V01Y_0,Sonipat,2017,4,6,7,9,7,30,1,0
7_01,0,0,1,0,1,0,0,0,7_01_03_V01Y_0,Sonipat,2017,5,9,8,11,5,34,1,0
7_01,0,0,1,0,1,0,0,0,7_01_03_V01Y_0,Sonipat,2017,6,5,9,5,8,29,1,0
7_01,0,0,1,0,1,0,0,0,7_01_03_V01Y_0,Sonipat,2017,7,5,4,10,11,33,1,0
7_01,0,0,1,0,1,0,0,0,7_01_03_V01Y_0,Sonipat,2017,8,5,4,4,14,29,1,0
7_01,0,0,1,0,1,0,0,0,7_01_03_V01Y_0,Sonipat,2017,9,8,7,5,12,33,1,0
7_01,0,0,1,0,1,0,0,0,7_01_03_V01Y_0,Sonipat,2017,10,6,3,4,11,35,1,0
7_01,0,0,1,0,1,0,0,0,7_01_03_V01Y_0,Sonipat,2017,11,2,8,2,5,26,1,0
7_01,0,0,1,0,1,0,0,0,7_01_03_V01Y_0,Sonipat,2017,12,18,4,6,8,44,1,0
7_01,0,0,1,0,1,0,0,0,7_01_03_V01Y_0,Sonipat,2018,1,8,12,7,4,34,1,0
7_01,0,0,1,0,1,0,0,0,7_01_03_V01Y_0,Sonipat,2018,2,8,12,14,3,46,1,0
7_01,0,0,1,0,1,0,0,0,7_01_03_V01Y_0,Sonipat,2018,3,8,8,11,5,31,1,0
7_01,0,1,0,0,0,0,1,0,7_01_05_V01Y_0,Sonipat,2017,2,0,1,3,0,4,0,0
7_01,0,1,0,0,0,0,1,0,7_01_05_V01Y_0,Sonipat,2017,3,1,1,1,0,3,0,0
7_01,0,1,0,0,0,0,1,0,7_01_05_V01Y_0,Sonipat,2017,4,0,1,1,3,5,0,0
7_01,0,1,0,0,0,0,1,0,7_01_05_V01Y_0,Sonipat,2017,5,0,0,1,1,2,0,0
7_01,0,1,0,0,0,0,1,0,7_01_05_V01Y_0,Sonipat,2017,7,1,0,0,2,3,0,0
7_01,0,1,0,0,0,0,1,0,7_01_05_V01Y_0,Sonipat,2017,8,0,0,0,2,2,0,0
7_01,0,1,0,0,0,0,1,0,7_01_05_V01Y_0,Sonipat,2017,9,0,0,0,1,2,0,0
7_01,0,1,0,0,0,0,1,0,7_01_05_V01Y_0,Sonipat,2017,10,0,1,0,0,1,0,0
7_01,0,1,0,0,0,0,1,0,7_01_05_V01Y_0,Sonipat,2017,11,0,0,1,1,2,0,0
7_01,0,1,0,0,0,0,1,0,7_01_05_V01Y_0,Sonipat,2017,12,0,0,0,0,1,0,0
7_01,0,1,0,0,0,0,1,0,7_01_05_V01Y_0,Sonipat,2018,1,1,0,0,0,3,0,0
7_01,0,1,0,0,0,0,1,0,7_01_05_V01Y_0,Sonipat,2018,2,0,2,0,1,5,0,0
7_01,0,1,0,0,0,0,1,0,7_01_05_V01Y_0,Sonipat,2018,3,0,0,2,0,2,0,0
7_01,0,1,0,0,0,1,0,0,7_01_06_V02Y_0,Sonipat,2017,2,0,0,0,0,2,0,1
7_01,0,1,0,0,0,1,0,0,7_01_06_V02Y_0,Sonipat,2017,3,8,1,3,1,14,0,1
7_01,0,1,0,0,0,1,0,0,7_01_06_V02Y_0,Sonipat,2017,4,1,7,2,0,10,0,1
7_01,0,1,0,0,0,1,0,0,7_01_06_V02Y_0,Sonipat,2017,5,1,3,7,4,15,0,1
7_01,0,1,0,0,0,1,0,0,7_01_06_V02Y_0,Sonipat,2017,6,1,1,2,5,13,0,1
7_01,0,1,0,0,0,1,0,0,7_01_06_V02Y_0,Sonipat,2017,7,3,2,3,2,10,0,1
7_01,0,1,0,0,0,1,0,0,7_01_06_V02Y_0,Sonipat,2017,8,0,3,1,1,6,0,1
7_01,0,1,0,0,0,1,0,0,7_01_06_V02Y_0,Sonipat,2017,9,3,3,3,1,13,0,1
7_01,0,1,0,0,0,1,0,0,7_01_06_V02Y_0,Sonipat,2017,10,2,2,2,3,9,0,1
7_01,0,1,0,0,0,1,0,0,7_01_06_V02Y_0,Sonipat,2017,11,2,2,2,4,12,0,1
7_01,0,1,0,0,0,1,0,0,7_01_06_V02Y_0,Sonipat,2017,12,7,3,6,4,24,0,1
7_01,0,1,0,0,0,1,0,0,7_01_06_V02Y_0,Sonipat,2018,1,2,7,2,1,13,0,1
7_01,0,1,0,0,0,1,0,0,7_01_06_V02Y_0,Sonipat,2018,2,3,3,4,4,16,0,1
7_01,0,1,0,0,0,1,0,0,7_01_06_V02Y_0,Sonipat,2018,3,4,0,5,3,14,0,1
7_01,1,0,0,0,0,0,1,0,7_01_07_V04Y_0,Sonipat,2017,3,1,4,1,1,7,0,1
7_01,1,0,0,0,0,0,1,0,7_01_07_V04Y_0,Sonipat,2017,4,1,0,8,2,11,0,1
7_01,1,0,0,0,0,0,1,0,7_01_07_V04Y_0,Sonipat,2017,5,0,2,0,1,4,0,1
7_01,1,0,0,0,0,0,1,0,7_01_07_V04Y_0,Sonipat,2017,6,1,0,4,6,10,0,1
7_01,1,0,0,0,0,0,1,0,7_01_07_V04Y_0,Sonipat,2017,7,0,1,1,1,5,0,1
7_01,1,0,0,0,0,0,1,0,7_01_07_V04Y_0,Sonipat,2017,8,0,0,1,1,3,0,1
7_01,1,0,0,0,0,0,1,0,7_01_07_V04Y_0,Sonipat,2017,9,4,0,0,2,7,0,1
7_01,1,0,0,0,0,0,1,0,7_01_07_V04Y_0,Sonipat,2017,10,1,0,0,1,2,0,1
7_01,1,0,0,0,0,0,1,0,7_01_07_V04Y_0,Sonipat,2017,11,0,0,0,1,3,0,1
7_01,1,0,0,0,0,0,1,0,7_01_07_V04Y_0,Sonipat,2017,12,1,0,0,2,3,0,1
7_01,1,0,0,0,0,0,1,0,7_01_07_V04Y_0,Sonipat,2018,1,2,1,1,0,4,0,1
7_01,1,0,0,0,0,0,1,0,7_01_07_V04Y_0,Sonipat,2018,2,0,2,1,0,6,0,1
7_01,1,0,0,0,0,0,1,0,7_01_07_V04Y_0,Sonipat,2018,3,0,0,1,0,2,0,1
7_02,1,0,0,0,0,0,0,0,7_02_02_V02Y_0,Sonipat,2017,2,8,2,7,7,26,1,0
7_02,1,0,0,0,0,0,0,0,7_02_02_V02Y_0,Sonipat,2017,3,12,12,7,4,38,1,0
7_02,1,0,0,0,0,0,0,0,7_02_02_V02Y_0,Sonipat,2017,4,14,7,8,10,40,1,0
7_02,1,0,0,0,0,0,0,0,7_02_02_V02Y_0,Sonipat,2017,5,10,14,7,13,62,1,0
7_02,1,0,0,0,0,0,0,0,7_02_02_V02Y_0,Sonipat,2017,6,9,10,4,10,32,1,0
7_02,1,0,0,0,0,0,0,0,7_02_02_V02Y_0,Sonipat,2017,7,11,10,13,17,60,1,0
7_02,1,0,0,0,0,0,0,0,7_02_02_V02Y_0,Sonipat,2017,8,12,13,9,11,55,1,0
7_02,1,0,0,0,0,0,0,0,7_02_02_V02Y_0,Sonipat,2017,9,18,12,19,13,68,1,0
7_02,1,0,0,0,0,0,0,0,7_02_02_V02Y_0,Sonipat,2017,10,13,11,12,8,50,1,0
7_02,1,0,0,0,0,0,0,0,7_02_02_V02Y_0,Sonipat,2017,11,11,15,9,14,54,1,0
7_02,1,0,0,0,0,0,0,0,7_02_02_V02Y_0,Sonipat,2017,12,25,14,18,7,84,1,0
7_02,1,0,0,0,0,0,0,0,7_02_02_V02Y_0,Sonipat,2018,1,18,16,11,3,67,1,0
7_02,1,0,0,0,0,0,0,0,7_02_02_V02Y_0,Sonipat,2018,2,14,21,17,10,86,1,0
7_02,1,0,0,0,0,0,0,0,7_02_02_V02Y_0,Sonipat,2018,3,11,14,19,12,84,1,0
7_03,0,0,0,1,1,0,0,0,7_03_01_V02Y_0,Sonipat,2017,2,0,0,1,0,1,1,0
7_03,0,0,0,1,1,0,0,0,7_03_01_V02Y_0,Sonipat,2017,3,0,4,2,1,8,1,0
7_03,0,0,0,1,1,0,0,0,7_03_01_V02Y_0,Sonipat,2017,4,8,1,5,0,15,1,0
7_03,0,0,0,1,1,0,0,0,7_03_01_V02Y_0,Sonipat,2017,5,2,5,0,1,8,1,0
7_03,0,0,0,1,1,0,0,0,7_03_01_V02Y_0,Sonipat,2017,6,0,2,4,1,7,1,0
7_03,0,0,0,1,1,0,0,0,7_03_01_V02Y_0,Sonipat,2017,7,4,2,4,2,12,1,0
7_03,0,0,0,1,1,0,0,0,7_03_01_V02Y_0,Sonipat,2017,8,2,3,0,2,14,1,0
7_03,0,0,0,1,1,0,0,0,7_03_01_V02Y_0,Sonipat,2017,9,2,2,2,2,10,1,0
7_03,0,0,0,1,1,0,0,0,7_03_01_V02Y_0,Sonipat,2017,10,2,2,3,4,12,1,0
7_03,0,0,0,1,1,0,0,0,7_03_01_V02Y_0,Sonipat,2017,11,3,2,1,1,8,1,0
7_03,0,0,0,1,1,0,0,0,7_03_01_V02Y_0,Sonipat,2017,12,2,2,2,6,13,1,0
7_03,0,0,0,1,1,0,0,0,7_03_01_V02Y_0,Sonipat,2018,1,2,2,2,2,7,1,0
7_03,0,0,0,1,1,0,0,0,7_03_01_V02Y_0,Sonipat,2018,2,2,4,3,0,10,1,0
7_03,0,0,0,1,1,0,0,0,7_03_01_V02Y_0,Sonipat,2018,3,3,2,2,4,15,1,0
7_03,1,0,0,0,0,0,1,0,7_03_03_V01Y_0,Sonipat,2017,2,2,2,3,3,12,0,1
7_03,1,0,0,0,0,0,1,0,7_03_03_V01Y_0,Sonipat,2017,3,11,11,5,3,34,0,1
7_03,1,0,0,0,0,0,1,0,7_03_03_V01Y_0,Sonipat,2017,4,10,5,12,14,47,0,1
7_03,1,0,0,0,0,0,1,0,7_03_03_V01Y_0,Sonipat,2017,5,13,9,6,7,40,0,1
7_03,1,0,0,0,0,0,1,0,7_03_03_V01Y_0,Sonipat,2017,6,5,12,9,8,40,0,1
7_03,1,0,0,0,0,0,1,0,7_03_03_V01Y_0,Sonipat,2017,7,8,5,9,13,39,0,1
7_03,1,0,0,0,0,0,1,0,7_03_03_V01Y_0,Sonipat,2017,8,7,5,4,10,45,0,1
7_03,1,0,0,0,0,0,1,0,7_03_03_V01Y_0,Sonipat,2017,9,7,5,5,7,34,0,1
7_03,1,0,0,0,0,0,1,0,7_03_03_V01Y_0,Sonipat,2017,10,8,8,7,7,44,0,1
7_03,1,0,0,0,0,0,1,0,7_03_03_V01Y_0,Sonipat,2017,11,17,9,11,8,51,0,1
7_03,1,0,0,0,0,0,1,0,7_03_03_V01Y_0,Sonipat,2017,12,16,14,12,7,62,0,1
7_03,1,0,0,0,0,0,1,0,7_03_03_V01Y_0,Sonipat,2018,1,10,12,11,7,44,0,1
7_03,1,0,0,0,0,0,1,0,7_03_03_V01Y_0,Sonipat,2018,2,13,11,14,7,55,0,1
7_03,1,0,0,0,0,0,1,0,7_03_03_V01Y_0,Sonipat,2018,3,5,7,9,5,35,0,1
7_03,1,0,0,0,0,1,0,0,7_03_04_V01Y_0,Sonipat,2017,3,8,7,14,7,47,0,1
7_03,1,0,0,0,0,1,0,0,7_03_04_V01Y_0,Sonipat,2017,4,11,8,7,7,35,0,1
7_03,1,0,0,0,0,1,0,0,7_03_04_V01Y_0,Sonipat,2017,5,8,9,7,5,48,0,1
7_03,1,0,0,0,0,1,0,0,7_03_04_V01Y_0,Sonipat,2017,6,5,6,8,14,50,0,1
7_03,1,0,0,0,0,1,0,0,7_03_04_V01Y_0,Sonipat,2017,7,7,5,7,10,35,0,1
7_03,1,0,0,0,0,1,0,0,7_03_04_V01Y_0,Sonipat,2017,8,9,6,2,7,27,0,1
7_03,1,0,0,0,0,1,0,0,7_03_04_V01Y_0,Sonipat,2017,9,4,13,8,10,37,0,1
7_03,1,0,0,0,0,1,0,0,7_03_04_V01Y_0,Sonipat,2017,10,5,3,10,3,27,0,1
7_03,1,0,0,0,0,1,0,0,7_03_04_V01Y_0,Sonipat,2017,11,5,4,4,5,22,0,1
7_03,1,0,0,0,0,1,0,0,7_03_04_V01Y_0,Sonipat,2017,12,12,7,4,11,43,0,1
7_03,1,0,0,0,0,1,0,0,7_03_04_V01Y_0,Sonipat,2018,1,6,7,5,3,29,0,1
7_03,1,0,0,0,0,1,0,0,7_03_04_V01Y_0,Sonipat,2018,2,7,7,9,5,36,0,1
7_03,1,0,0,0,0,1,0,0,7_03_04_V01Y_0,Sonipat,2018,3,5,8,9,8,48,0,1
7_03,1,0,0,0,1,0,0,0,7_03_05_V01Y_0,Sonipat,2017,2,4,1,4,5,17,0,1
7_03,1,0,0,0,1,0,0,0,7_03_05_V01Y_0,Sonipat,2017,3,5,6,3,2,26,0,1
7_03,1,0,0,0,1,0,0,0,7_03_05_V01Y_0,Sonipat,2017,4,3,6,7,7,25,0,1
7_03,1,0,0,0,1,0,0,0,7_03_05_V01Y_0,Sonipat,2017,5,5,5,4,9,25,0,1
7_03,1,0,0,0,1,0,0,0,7_03_05_V01Y_0,Sonipat,2017,6,6,4,3,5,23,0,1
7_03,1,0,0,0,1,0,0,0,7_03_05_V01Y_0,Sonipat,2017,7,8,9,4,13,37,0,1
7_03,1,0,0,0,1,0,0,0,7_03_05_V01Y_0,Sonipat,2017,8,3,8,8,6,26,0,1
7_03,1,0,0,0,1,0,0,0,7_03_05_V01Y_0,Sonipat,2017,9,10,3,7,11,32,0,1
7_03,1,0,0,0,1,0,0,0,7_03_05_V01Y_0,Sonipat,2017,10,2,11,8,4,27,0,1
7_03,1,0,0,0,1,0,0,0,7_03_05_V01Y_0,Sonipat,2017,11,4,1,11,7,29,0,1
7_03,1,0,0,0,1,0,0,0,7_03_05_V01Y_0,Sonipat,2017,12,12,6,4,4,29,0,1
7_03,1,0,0,0,1,0,0,0,7_03_05_V01Y_0,Sonipat,2018,1,8,9,2,5,24,0,1
7_04,0,0,1,0,0,0,0,0,7_04_01_V02Y_0,Sonipat,2017,2,5,4,5,0,14,0,0
7_04,0,0,1,0,0,0,0,0,7_04_01_V02Y_0,Sonipat,2017,3,1,7,3,6,23,0,0
7_04,0,0,1,0,0,0,0,0,7_04_01_V02Y_0,Sonipat,2017,4,4,1,5,3,17,0,0
7_04,0,0,1,0,0,0,0,0,7_04_01_V02Y_0,Sonipat,2017,5,4,4,3,5,17,0,0
7_04,0,0,1,0,0,0,0,0,7_04_01_V02Y_0,Sonipat,2017,6,2,3,4,3,17,0,0
7_04,0,0,1,0,0,0,0,0,7_04_01_V02Y_0,Sonipat,2017,7,2,1,3,4,11,0,0
7_04,0,0,1,0,0,0,0,0,7_04_01_V02Y_0,Sonipat,2017,8,2,2,2,6,16,0,0
7_04,0,0,1,0,0,0,0,0,7_04_01_V02Y_0,Sonipat,2017,9,1,4,3,5,16,0,0
7_04,0,0,1,0,0,0,0,0,7_04_01_V02Y_0,Sonipat,2017,10,1,0,3,4,13,0,0
7_04,0,0,1,0,0,0,0,0,7_04_01_V02Y_0,Sonipat,2017,11,5,2,0,2,14,0,0
7_04,0,0,1,0,0,0,0,0,7_04_01_V02Y_0,Sonipat,2017,12,2,5,3,4,24,0,0
7_04,0,0,1,0,0,0,0,0,7_04_01_V02Y_0,Sonipat,2018,1,2,1,5,3,11,0,0
7_04,0,0,1,0,0,0,0,0,7_04_01_V02Y_0,Sonipat,2018,2,1,0,0,0,1,0,0
7_04,0,0,1,0,0,0,0,0,7_04_01_V02Y_0,Sonipat,2018,3,0,1,0,2,12,0,0
7_04,0,0,0,1,0,0,0,0,7_04_02_V01Y_0,Sonipat,2017,2,0,1,0,2,3,0,0
7_04,0,0,0,1,0,0,0,0,7_04_02_V01Y_0,Sonipat,2017,3,5,8,14,4,34,0,0
7_04,0,0,0,1,0,0,0,0,7_04_02_V01Y_0,Sonipat,2017,4,7,7,9,8,33,0,0
7_04,0,0,0,1,0,0,0,0,7_04_02_V01Y_0,Sonipat,2017,5,2,12,1,4,20,0,0
7_04,0,0,0,1,0,0,0,0,7_04_02_V01Y_0,Sonipat,2017,6,5,1,2,8,18,0,0
7_04,0,0,0,1,0,0,0,0,7_04_02_V01Y_0,Sonipat,2017,7,3,6,7,4,24,0,0
7_04,0,0,0,1,0,0,0,0,7_04_02_V01Y_0,Sonipat,2017,8,10,4,0,6,22,0,0
7_04,0,0,0,1,0,0,0,0,7_04_02_V01Y_0,Sonipat,2017,9,3,5,2,10,23,0,0
7_04,0,0,0,1,0,0,0,0,7_04_02_V01Y_0,Sonipat,2017,10,9,5,6,6,31,0,0
7_04,0,0,0,1,0,0,0,0,7_04_02_V01Y_0,Sonipat,2017,11,3,6,1,2,17,0,0
7_04,0,0,0,1,0,0,0,0,7_04_02_V01Y_0,Sonipat,2017,12,12,6,10,5,44,0,0
7_04,0,0,0,1,0,0,0,0,7_04_02_V01Y_0,Sonipat,2018,1,11,10,6,3,33,0,0
7_04,0,0,0,1,0,0,0,0,7_04_02_V01Y_0,Sonipat,2018,2,3,5,3,0,12,0,0
7_04,0,0,0,1,0,0,0,0,7_04_02_V01Y_0,Sonipat,2018,3,11,4,1,6,22,0,0
7_04,0,1,0,0,0,0,0,0,7_04_03_V01Y_0,Sonipat,2017,2,3,8,5,2,22,0,0
7_04,0,1,0,0,0,0,0,0,7_04_03_V01Y_0,Sonipat,2017,3,10,11,12,7,43,0,0
7_04,0,1,0,0,0,0,0,0,7_04_03_V01Y_0,Sonipat,2017,4,13,5,11,11,45,0,0
7_04,0,1,0,0,0,0,0,0,7_04_03_V01Y_0,Sonipat,2017,5,8,10,6,3,29,0,0
7_04,0,1,0,0,0,0,0,0,7_04_03_V01Y_0,Sonipat,2017,6,11,10,7,2,47,0,0
7_04,0,1,0,0,0,0,0,0,7_04_03_V01Y_0,Sonipat,2017,7,2,15,11,12,45,0,0
7_04,0,1,0,0,0,0,0,0,7_04_03_V01Y_0,Sonipat,2017,8,6,5,15,10,49,0,0
7_04,0,1,0,0,0,0,0,0,7_04_03_V01Y_0,Sonipat,2017,9,11,6,8,10,43,0,0
7_04,0,1,0,0,0,0,0,0,7_04_03_V01Y_0,Sonipat,2017,10,11,9,4,10,41,0,0
7_04,0,1,0,0,0,0,0,0,7_04_03_V01Y_0,Sonipat,2017,11,11,9,7,9,41,0,0
7_04,0,1,0,0,0,0,0,0,7_04_03_V01Y_0,Sonipat,2017,12,14,17,9,6,60,0,0
7_04,0,1,0,0,0,0,0,0,7_04_03_V01Y_0,Sonipat,2018,1,10,11,13,14,68,0,0
7_04,0,1,0,0,0,0,0,0,7_04_03_V01Y_0,Sonipat,2018,2,10,10,11,5,55,0,0
7_04,0,1,0,0,0,0,0,0,7_04_03_V01Y_0,Sonipat,2018,3,2,1,2,3,26,0,0
7_04,0,0,0,1,0,0,0,0,7_04_04_V01Y_0,Sonipat,2017,2,3,5,1,0,10,0,0
7_04,0,0,0,1,0,0,0,0,7_04_04_V01Y_0,Sonipat,2017,3,2,10,12,5,29,0,0
7_04,0,0,0,1,0,0,0,0,7_04_04_V01Y_0,Sonipat,2017,4,2,0,4,1,7,0,0
7_04,0,0,0,1,0,0,0,0,7_04_04_V01Y_0,Sonipat,2017,5,4,3,5,8,21,0,0
7_04,0,0,0,1,0,0,0,0,7_04_04_V01Y_0,Sonipat,2017,6,9,5,1,6,24,0,0
7_04,0,0,0,1,0,0,0,0,7_04_04_V01Y_0,Sonipat,2017,7,2,3,3,6,17,0,0
7_04,0,0,0,1,0,0,0,0,7_04_04_V01Y_0,Sonipat,2017,8,2,6,5,7,23,0,0
7_04,0,0,0,1,0,0,0,0,7_04_04_V01Y_0,Sonipat,2017,9,8,3,4,11,37,0,0
7_04,0,0,0,1,0,0,0,0,7_04_04_V01Y_0,Sonipat,2017,10,11,5,3,4,29,0,0
7_04,0,0,0,1,0,0,0,0,7_04_04_V01Y_0,Sonipat,2017,11,5,11,5,5,36,0,0
7_04,0,0,0,1,0,0,0,0,7_04_04_V01Y_0,Sonipat,2017,12,11,4,3,1,22,0,0
7_04,0,1,0,0,0,0,0,0,7_04_06_V01Y_0,Sonipat,2017,3,1,1,2,2,6,0,1
7_04,0,1,0,0,0,0,0,0,7_04_06_V01Y_0,Sonipat,2017,4,1,0,2,0,4,0,1
7_04,0,1,0,0,0,0,0,0,7_04_06_V01Y_0,Sonipat,2017,5,1,0,0,3,4,0,1
7_04,0,1,0,0,0,0,0,0,7_04_06_V01Y_0,Sonipat,2017,6,0,2,0,3,7,0,1
7_04,0,1,0,0,0,0,0,0,7_04_06_V01Y_0,Sonipat,2017,7,1,0,2,1,5,0,1
7_04,0,1,0,0,0,0,0,0,7_04_06_V01Y_0,Sonipat,2017,8,3,0,0,2,7,0,1
7_04,0,1,0,0,0,0,0,0,7_04_06_V01Y_0,Sonipat,2017,9,1,3,1,2,8,0,1
7_04,0,1,0,0,0,0,0,0,7_04_06_V01Y_0,Sonipat,2017,10,3,2,1,0,9,0,1
7_04,0,1,0,0,0,0,0,0,7_04_06_V01Y_0,Sonipat,2017,11,3,2,3,0,9,0,1
7_04,0,1,0,0,0,0,0,0,7_04_06_V01Y_0,Sonipat,2017,12,4,2,1,1,9,0,1
7_04,0,1,0,0,0,0,0,0,7_04_06_V01Y_0,Sonipat,2018,1,1,4,2,1,8,0,1
7_04,0,1,0,0,0,0,0,0,7_04_06_V01Y_0,Sonipat,2018,2,1,2,2,0,9,0,1
7_04,0,1,0,0,0,0,0,0,7_04_07_V01Y_0,Sonipat,2017,2,9,8,7,0,25,0,0
7_04,0,1,0,0,0,0,0,0,7_04_07_V01Y_0,Sonipat,2017,3,11,11,11,8,46,0,0
7_04,0,1,0,0,0,0,0,0,7_04_07_V01Y_0,Sonipat,2017,4,5,7,11,13,38,0,0
7_04,0,1,0,0,0,0,0,0,7_04_07_V01Y_0,Sonipat,2017,5,6,5,7,11,31,0,0
7_04,0,1,0,0,0,0,0,0,7_04_07_V01Y_0,Sonipat,2017,6,4,8,6,11,32,0,0
7_04,0,1,0,0,0,0,0,0,7_04_07_V01Y_0,Sonipat,2017,7,8,5,11,8,33,0,0
7_04,0,1,0,0,0,0,0,0,7_04_07_V01Y_0,Sonipat,2017,8,6,4,3,8,22,0,0
7_04,0,1,0,0,0,0,0,0,7_04_07_V01Y_0,Sonipat,2017,9,8,9,4,14,43,0,0
7_04,0,1,0,0,0,0,0,0,7_04_07_V01Y_0,Sonipat,2017,10,6,9,9,14,44,0,0
7_04,0,1,0,0,0,0,0,0,7_04_07_V01Y_0,Sonipat,2017,11,6,2,4,7,25,0,0
7_04,0,1,0,0,0,0,0,0,7_04_07_V01Y_0,Sonipat,2017,12,7,5,6,7,31,0,0
7_04,0,1,0,0,0,0,0,0,7_04_07_V01Y_0,Sonipat,2018,1,10,7,4,5,38,0,0
7_04,0,1,0,0,0,0,0,0,7_04_07_V01Y_0,Sonipat,2018,2,6,11,6,4,28,0,0
7_04,0,1,0,0,0,0,0,0,7_04_07_V01Y_0,Sonipat,2018,3,1,6,6,5,21,0,0
7_05,0,0,0,1,0,0,0,0,7_05_01_V03Y_0,Sonipat,2017,2,2,0,6,5,15,0,0
7_05,0,0,0,1,0,0,0,0,7_05_01_V03Y_0,Sonipat,2017,3,7,2,1,0,10,0,0
7_05,0,0,0,1,0,0,0,0,7_05_01_V03Y_0,Sonipat,2017,4,1,6,1,1,11,0,0
7_05,0,0,0,1,0,0,0,0,7_05_01_V03Y_0,Sonipat,2017,5,1,3,3,0,8,0,0
7_05,0,0,0,1,0,0,0,0,7_05_01_V03Y_0,Sonipat,2017,6,2,2,1,0,7,0,0
7_05,0,0,0,1,0,0,0,0,7_05_01_V03Y_0,Sonipat,2017,7,4,2,3,4,14,0,0
7_05,0,0,0,1,0,0,0,0,7_05_01_V03Y_0,Sonipat,2017,8,2,1,4,0,7,0,0
7_05,0,0,0,1,0,0,0,0,7_05_01_V03Y_0,Sonipat,2017,9,3,3,1,1,13,0,0
7_05,0,0,0,1,0,0,0,0,7_05_01_V03Y_0,Sonipat,2017,10,3,2,2,7,21,0,0
7_05,0,0,0,1,0,0,0,0,7_05_01_V03Y_0,Sonipat,2017,11,7,6,4,2,22,0,0
7_05,0,0,0,1,0,0,0,0,7_05_01_V03Y_0,Sonipat,2017,12,10,6,5,2,21,0,0
7_05,0,0,0,1,0,0,0,0,7_05_01_V03Y_0,Sonipat,2018,1,3,8,5,3,20,0,0
7_05,0,0,0,1,0,0,0,0,7_05_01_V03Y_0,Sonipat,2018,2,1,5,6,3,15,0,0
7_05,0,0,0,1,0,0,0,0,7_05_01_V03Y_0,Sonipat,2018,3,0,2,0,0,3,0,0
7_05,1,0,0,0,0,0,0,0,7_05_03_V01Y_0,Sonipat,2017,2,3,18,14,11,51,0,1
7_05,1,0,0,0,0,0,0,0,7_05_03_V01Y_0,Sonipat,2017,3,12,11,20,12,73,0,1
7_05,1,0,0,0,0,0,0,0,7_05_03_V01Y_0,Sonipat,2017,4,21,12,14,18,72,0,1
7_05,1,0,0,0,0,0,0,0,7_05_03_V01Y_0,Sonipat,2017,5,7,20,7,12,47,0,1
7_05,1,0,0,0,0,0,0,0,7_05_03_V01Y_0,Sonipat,2017,6,9,7,20,16,63,0,1
7_05,1,0,0,0,0,0,0,0,7_05_03_V01Y_0,Sonipat,2017,7,12,9,5,20,51,0,1
7_05,1,0,0,0,0,0,0,0,7_05_03_V01Y_0,Sonipat,2017,8,12,11,7,25,69,0,1
7_05,1,0,0,0,0,0,0,0,7_05_03_V01Y_0,Sonipat,2017,9,15,16,10,13,91,0,1
7_05,1,0,0,0,0,0,0,0,7_05_03_V01Y_0,Sonipat,2017,10,19,16,16,12,84,0,1
7_05,1,0,0,0,0,0,0,0,7_05_03_V01Y_0,Sonipat,2017,11,21,20,19,7,134,0,1
7_05,1,0,0,0,0,0,0,0,7_05_03_V01Y_0,Sonipat,2017,12,26,16,23,17,118,0,1
7_05,1,0,0,0,0,0,0,0,7_05_03_V01Y_0,Sonipat,2018,1,21,21,15,11,85,0,1
7_05,1,0,0,0,0,0,0,0,7_05_03_V01Y_0,Sonipat,2018,2,16,21,21,9,111,0,1
7_05,1,0,0,0,0,0,0,0,7_05_03_V01Y_0,Sonipat,2018,3,10,14,16,9,86,0,1
7_05,1,0,0,0,0,0,0,0,7_05_06_V02Y_0,Sonipat,2017,2,5,4,9,3,22,0,0
7_05,1,0,0,0,0,0,0,0,7_05_06_V02Y_0,Sonipat,2017,3,12,10,2,5,31,0,0
7_05,1,0,0,0,0,0,0,0,7_05_06_V02Y_0,Sonipat,2017,4,1,12,8,2,26,0,0
7_05,1,0,0,0,0,0,0,0,7_05_06_V02Y_0,Sonipat,2017,5,6,2,9,6,25,0,0
7_05,1,0,0,0,0,0,0,0,7_05_06_V02Y_0,Sonipat,2017,6,5,3,2,4,17,0,0
7_05,1,0,0,0,0,0,0,0,7_05_06_V02Y_0,Sonipat,2017,7,1,5,4,6,16,0,0
7_05,1,0,0,0,0,0,0,0,7_05_06_V02Y_0,Sonipat,2017,8,1,1,5,5,15,0,0
7_05,1,0,0,0,0,0,0,0,7_05_06_V02Y_0,Sonipat,2017,9,1,1,3,10,27,0,0
7_05,1,0,0,0,0,0,0,0,7_05_06_V02Y_0,Sonipat,2017,10,9,3,1,8,24,0,0
7_05,1,0,0,0,0,0,0,0,7_05_06_V02Y_0,Sonipat,2017,11,3,8,3,6,27,0,0
7_05,1,0,0,0,0,0,0,0,7_05_06_V02Y_0,Sonipat,2017,12,5,3,8,2,21,0,0
7_05,1,0,0,0,0,0,0,0,7_05_06_V02Y_0,Sonipat,2018,1,4,8,3,6,29,0,0
7_05,1,0,0,0,0,0,0,0,7_05_06_V02Y_0,Sonipat,2018,2,4,3,4,4,20,0,0
7_05,1,0,0,0,0,0,0,0,7_05_06_V02Y_0,Sonipat,2018,3,1,2,1,0,5,0,0
7_06,0,0,1,0,0,0,0,0,7_06_01_V01Y_0,Sonipat,2017,2,5,1,2,1,9,0,1
7_06,0,0,1,0,0,0,0,0,7_06_01_V01Y_0,Sonipat,2017,3,3,6,5,1,13,0,1
7_06,0,0,1,0,0,0,0,0,7_06_01_V01Y_0,Sonipat,2017,4,7,6,6,2,21,0,1
7_06,0,0,1,0,0,0,0,0,7_06_01_V01Y_0,Sonipat,2017,5,2,8,5,16,31,0,1
7_06,0,0,1,0,0,0,0,0,7_06_01_V01Y_0,Sonipat,2017,6,4,3,5,10,27,0,1
7_06,0,0,1,0,0,0,0,0,7_06_01_V01Y_0,Sonipat,2017,7,5,2,4,5,21,0,1
7_06,0,0,1,0,0,0,0,0,7_06_01_V01Y_0,Sonipat,2017,8,3,8,3,6,38,0,1
7_06,0,0,1,0,0,0,0,0,7_06_01_V01Y_0,Sonipat,2017,9,7,3,8,11,42,0,1
7_06,0,0,1,0,0,0,0,0,7_06_01_V01Y_0,Sonipat,2017,10,5,4,3,2,21,0,1
7_06,0,0,1,0,0,0,0,0,7_06_01_V01Y_0,Sonipat,2017,11,8,5,4,6,35,0,1
7_06,0,0,1,0,0,0,0,0,7_06_01_V01Y_0,Sonipat,2017,12,9,10,6,3,32,0,1
7_06,0,0,1,0,0,0,0,0,7_06_01_V01Y_0,Sonipat,2018,1,5,7,12,4,42,0,1
7_06,0,0,1,0,0,0,0,0,7_06_01_V01Y_0,Sonipat,2018,2,3,4,4,2,35,0,1
7_06,0,0,1,0,0,0,0,0,7_06_01_V01Y_0,Sonipat,2018,3,4,2,4,5,26,0,1
7_06,0,0,0,1,0,0,0,0,7_06_01_V02Y_0,Sonipat,2017,3,1,0,1,1,3,0,1
7_06,0,0,0,1,0,0,0,0,7_06_01_V02Y_0,Sonipat,2017,4,3,5,3,0,11,0,1
7_06,0,0,0,1,0,0,0,0,7_06_01_V02Y_0,Sonipat,2017,5,3,1,5,2,13,0,1
7_06,0,0,0,1,0,0,0,0,7_06_01_V02Y_0,Sonipat,2017,6,1,3,0,2,6,0,1
7_06,0,0,0,1,0,0,0,0,7_06_01_V02Y_0,Sonipat,2017,7,0,0,2,0,2,0,1
7_06,0,0,0,1,0,0,0,0,7_06_01_V02Y_0,Sonipat,2017,8,1,0,2,2,11,0,1
7_06,0,0,0,1,0,0,0,0,7_06_01_V02Y_0,Sonipat,2017,9,3,1,0,3,14,0,1
7_06,0,0,0,1,0,0,0,0,7_06_01_V02Y_0,Sonipat,2017,10,2,2,1,4,9,0,1
7_06,0,0,0,1,0,0,0,0,7_06_01_V02Y_0,Sonipat,2017,11,2,0,1,1,6,0,1
7_06,0,0,0,1,0,0,0,0,7_06_01_V02Y_0,Sonipat,2017,12,2,3,1,1,9,0,1
7_06,0,0,0,1,0,0,0,0,7_06_01_V02Y_0,Sonipat,2018,1,1,2,3,2,13,0,1
7_06,0,0,0,1,0,0,0,0,7_06_01_V02Y_0,Sonipat,2018,2,3,2,2,1,10,0,1
7_06,0,0,0,1,0,0,0,0,7_06_01_V02Y_0,Sonipat,2018,3,2,2,0,0,4,0,1
7_06,0,0,1,0,0,0,0,0,7_06_05_V02Y_0,Sonipat,2017,3,2,1,3,3,10,0,0
7_06,0,0,1,0,0,0,0,0,7_06_05_V02Y_0,Sonipat,2017,4,2,3,1,0,6,0,0
7_06,0,0,1,0,0,0,0,0,7_06_05_V02Y_0,Sonipat,2017,5,4,3,4,7,18,0,0
7_06,0,0,1,0,0,0,0,0,7_06_05_V02Y_0,Sonipat,2017,6,1,2,0,1,8,0,0
7_06,0,0,1,0,0,0,0,0,7_06_05_V02Y_0,Sonipat,2017,7,5,2,3,0,12,0,0
7_06,0,0,1,0,0,0,0,0,7_06_05_V02Y_0,Sonipat,2017,8,0,4,3,1,13,0,0
7_06,0,0,1,0,0,0,0,0,7_06_05_V02Y_0,Sonipat,2017,9,4,2,4,3,14,0,0
7_06,0,0,1,0,0,0,0,0,7_06_05_V02Y_0,Sonipat,2017,10,7,1,3,2,20,0,0
7_06,0,0,1,0,0,0,0,0,7_06_05_V02Y_0,Sonipat,2017,11,2,0,1,2,10,0,0
7_06,0,0,1,0,0,0,0,0,7_06_05_V02Y_0,Sonipat,2017,12,5,7,0,4,19,0,0
7_06,0,0,1,0,0,0,0,0,7_06_05_V02Y_0,Sonipat,2018,1,1,1,6,2,12,0,0
7_06,0,0,1,0,0,0,0,0,7_06_05_V02Y_0,Sonipat,2018,2,1,2,3,3,13,0,0
7_06,0,0,1,0,0,0,0,0,7_06_05_V02Y_0,Sonipat,2018,3,2,2,2,3,9,0,0
7_07,0,1,0,0,1,0,0,0,7_07_02_V02Y_0,Sonipat,2017,2,1,4,5,2,15,0,0
7_07,0,1,0,0,1,0,0,0,7_07_02_V02Y_0,Sonipat,2017,3,10,12,14,10,46,0,0
7_07,0,1,0,0,1,0,0,0,7_07_02_V02Y_0,Sonipat,2017,4,8,8,10,11,48,0,0
7_07,0,1,0,0,1,0,0,0,7_07_02_V02Y_0,Sonipat,2017,5,12,3,10,16,44,0,0
7_07,0,1,0,0,1,0,0,0,7_07_02_V02Y_0,Sonipat,2017,6,12,5,4,11,36,0,0
7_07,0,1,0,0,1,0,0,0,7_07_02_V02Y_0,Sonipat,2017,7,4,13,8,16,44,0,0
7_07,0,1,0,0,1,0,0,0,7_07_02_V02Y_0,Sonipat,2017,8,6,2,11,6,36,0,0
7_07,0,1,0,0,1,0,0,0,7_07_02_V02Y_0,Sonipat,2017,9,6,6,4,16,44,0,0
7_07,0,1,0,0,1,0,0,0,7_07_02_V02Y_0,Sonipat,2017,10,13,3,8,5,39,0,0
7_07,0,1,0,0,1,0,0,0,7_07_02_V02Y_0,Sonipat,2017,11,7,14,5,8,47,0,0
7_07,0,1,0,0,1,0,0,0,7_07_02_V02Y_0,Sonipat,2017,12,19,9,12,7,62,0,0
7_07,0,1,0,0,1,0,0,0,7_07_02_V02Y_0,Sonipat,2018,1,5,4,5,15,43,0,0
7_07,0,1,0,0,1,0,0,0,7_07_02_V02Y_0,Sonipat,2018,2,13,16,7,4,50,0,0
7_07,0,1,0,0,1,0,0,0,7_07_02_V02Y_0,Sonipat,2018,3,7,12,15,5,62,0,0
7_07,0,0,0,1,1,0,0,0,7_07_03_V01Y_0,Sonipat,2017,2,2,4,1,2,9,0,1
7_07,0,0,0,1,1,0,0,0,7_07_03_V01Y_0,Sonipat,2017,3,1,0,0,1,4,0,1
7_07,0,0,0,1,1,0,0,0,7_07_03_V01Y_0,Sonipat,2017,4,4,2,3,1,10,0,1
7_07,0,0,0,1,1,0,0,0,7_07_03_V01Y_0,Sonipat,2017,5,1,5,3,1,10,0,1
7_07,0,0,0,1,1,0,0,0,7_07_03_V01Y_0,Sonipat,2017,6,1,1,4,2,8,0,1
7_07,0,0,0,1,1,0,0,0,7_07_03_V01Y_0,Sonipat,2017,7,1,1,1,3,6,0,1
7_07,0,0,0,1,1,0,0,0,7_07_03_V01Y_0,Sonipat,2017,8,1,0,2,0,4,0,1
7_07,0,0,0,1,1,0,0,0,7_07_03_V01Y_0,Sonipat,2017,9,1,1,0,4,7,0,1
7_07,0,0,0,1,1,0,0,0,7_07_03_V01Y_0,Sonipat,2017,10,5,1,1,0,7,0,1
7_07,0,0,0,1,1,0,0,0,7_07_03_V01Y_0,Sonipat,2017,11,4,4,1,1,11,0,1
7_07,0,0,0,1,1,0,0,0,7_07_03_V01Y_0,Sonipat,2017,12,3,3,5,3,15,0,1
7_07,0,0,0,1,1,0,0,0,7_07_03_V01Y_0,Sonipat,2018,1,4,2,2,2,12,0,1
7_07,0,0,0,1,1,0,0,0,7_07_03_V01Y_0,Sonipat,2018,2,2,3,3,1,11,0,1
7_07,0,0,0,1,1,0,0,0,7_07_03_V01Y_0,Sonipat,2018,3,0,4,1,1,10,0,1
7_08,0,1,0,0,0,0,0,0,7_08_01_V01Y_0,Sonipat,2017,2,1,2,7,0,12,0,1
7_08,0,1,0,0,0,0,0,0,7_08_01_V01Y_0,Sonipat,2017,3,6,8,8,2,27,0,1
7_08,0,1,0,0,0,0,0,0,7_08_01_V01Y_0,Sonipat,2017,4,9,5,6,6,31,0,1
7_08,0,1,0,0,0,0,0,0,7_08_01_V01Y_0,Sonipat,2017,5,6,9,6,10,33,0,1
7_08,0,1,0,0,0,0,0,0,7_08_01_V01Y_0,Sonipat,2017,6,5,6,7,15,35,0,1
7_08,0,1,0,0,0,0,0,0,7_08_01_V01Y_0,Sonipat,2017,7,5,6,1,7,23,0,1
7_08,0,1,0,0,0,0,0,0,7_08_01_V01Y_0,Sonipat,2017,8,4,5,5,8,25,0,1
7_08,0,1,0,0,0,0,0,0,7_08_01_V01Y_0,Sonipat,2017,9,4,6,3,5,19,0,1
7_08,0,1,0,0,0,0,0,0,7_08_01_V01Y_0,Sonipat,2017,10,13,1,5,7,29,0,1
7_08,0,1,0,0,0,0,0,0,7_08_01_V01Y_0,Sonipat,2017,11,8,8,5,4,32,0,1
7_08,0,1,0,0,0,0,0,0,7_08_01_V01Y_0,Sonipat,2017,12,6,14,8,9,43,0,1
7_08,0,1,0,0,0,0,0,0,7_08_01_V01Y_0,Sonipat,2018,1,9,3,6,3,26,0,1
7_08,0,1,0,0,0,0,0,0,7_08_01_V01Y_0,Sonipat,2018,2,14,12,3,6,47,0,1
7_08,0,1,0,0,0,0,0,0,7_08_01_V01Y_0,Sonipat,2018,3,5,9,13,7,40,0,1
7_08,0,0,0,1,0,0,0,0,7_08_04_V01Y_0,Sonipat,2017,3,1,2,2,0,10,0,1
7_08,0,0,0,1,0,0,0,0,7_08_04_V01Y_0,Sonipat,2017,4,1,0,2,1,4,0,1
7_08,0,0,0,1,0,0,0,0,7_08_04_V01Y_0,Sonipat,2017,5,0,0,0,2,2,0,1
7_08,0,0,0,1,0,0,0,0,7_08_04_V01Y_0,Sonipat,2017,6,1,1,1,1,12,0,1
7_08,0,0,0,1,0,0,0,0,7_08_04_V01Y_0,Sonipat,2017,7,0,1,1,6,8,0,1
7_08,0,0,0,1,0,0,0,0,7_08_04_V01Y_0,Sonipat,2017,8,0,0,0,1,1,0,1
7_08,0,0,0,1,0,0,0,0,7_08_04_V01Y_0,Sonipat,2017,9,0,0,1,0,1,0,1
7_08,0,0,0,1,0,0,0,0,7_08_04_V01Y_0,Sonipat,2017,10,2,1,0,2,5,0,1
7_08,0,0,0,1,0,0,0,0,7_08_04_V01Y_0,Sonipat,2017,11,0,1,1,0,3,0,1
7_08,0,0,0,1,0,0,0,0,7_08_04_V01Y_0,Sonipat,2017,12,1,2,1,0,6,0,1
7_08,0,0,0,1,0,0,0,0,7_08_04_V01Y_0,Sonipat,2018,1,1,2,2,1,7,0,1
7_08,0,0,0,1,0,0,0,0,7_08_04_V01Y_0,Sonipat,2018,2,2,1,2,0,8,0,1
7_08,0,0,0,1,0,0,0,0,7_08_04_V01Y_0,Sonipat,2018,3,1,1,1,0,6,0,1
7_09,1,0,0,0,0,0,0,0,7_09_01_V01Y_0,Sonipat,2017,3,6,4,2,2,14,0,1
7_09,1,0,0,0,0,0,0,0,7_09_01_V01Y_0,Sonipat,2017,4,4,4,5,4,18,0,1
7_09,1,0,0,0,0,0,0,0,7_09_01_V01Y_0,Sonipat,2017,5,0,4,4,2,10,0,1
7_09,1,0,0,0,0,0,0,0,7_09_01_V01Y_0,Sonipat,2017,6,1,1,2,2,6,0,1
7_09,1,0,0,0,0,0,0,0,7_09_01_V01Y_0,Sonipat,2017,7,4,1,3,6,14,0,1
7_09,1,0,0,0,0,0,0,0,7_09_01_V01Y_0,Sonipat,2017,8,2,3,0,2,7,0,1
7_09,1,0,0,0,0,0,0,0,7_09_01_V01Y_0,Sonipat,2017,9,4,3,5,4,18,0,1
7_09,1,0,0,0,0,0,0,0,7_09_01_V01Y_0,Sonipat,2017,10,0,0,2,0,2,0,1
7_09,1,0,0,0,0,0,0,0,7_09_01_V01Y_0,Sonipat,2017,11,3,4,2,4,13,0,1
7_09,1,0,0,0,0,0,0,0,7_09_01_V01Y_0,Sonipat,2017,12,4,3,3,0,12,0,1
7_09,1,0,0,0,0,0,0,0,7_09_01_V01Y_0,Sonipat,2018,1,1,3,3,1,8,0,1
7_09,1,0,0,0,0,0,0,0,7_09_01_V01Y_0,Sonipat,2018,2,4,2,4,3,16,0,1
7_09,1,0,0,0,0,0,0,0,7_09_01_V01Y_0,Sonipat,2018,3,4,3,1,2,10,0,1
7_09,0,1,0,0,0,0,0,0,7_09_02_V01Y_0,Sonipat,2017,3,0,1,1,0,2,0,0
7_09,0,1,0,0,0,0,0,0,7_09_02_V01Y_0,Sonipat,2017,4,0,0,1,0,1,0,0
7_09,0,1,0,0,0,0,0,0,7_09_02_V01Y_0,Sonipat,2017,5,1,0,1,1,5,0,0
7_09,0,1,0,0,0,0,0,0,7_09_02_V01Y_0,Sonipat,2017,7,1,0,1,0,2,0,0
7_09,0,1,0,0,0,0,0,0,7_09_02_V01Y_0,Sonipat,2017,8,0,0,1,2,3,0,0
7_09,0,1,0,0,0,0,0,0,7_09_02_V01Y_0,Sonipat,2017,9,1,0,0,0,1,0,0
7_09,0,1,0,0,0,0,0,0,7_09_02_V01Y_0,Sonipat,2017,10,1,1,0,0,2,0,0
7_09,0,1,0,0,0,0,0,0,7_09_02_V01Y_0,Sonipat,2017,11,2,0,1,0,3,0,0
7_09,0,1,0,0,0,0,0,0,7_09_02_V01Y_0,Sonipat,2017,12,0,1,0,0,2,0,0
7_09,0,1,0,0,0,0,0,0,7_09_02_V01Y_0,Sonipat,2018,1,5,0,1,1,10,0,0
7_09,0,1,0,0,0,0,0,0,7_09_02_V01Y_0,Sonipat,2018,2,0,2,0,0,3,0,0
7_09,0,1,0,0,0,0,0,0,7_09_02_V01Y_0,Sonipat,2018,3,0,1,0,1,4,0,0
7_09,0,0,0,1,0,0,0,0,7_09_02_V02Y_0,Sonipat,2017,2,0,0,1,0,2,0,0
7_09,0,0,0,1,0,0,0,0,7_09_02_V02Y_0,Sonipat,2017,3,3,2,1,2,11,0,0
7_09,0,0,0,1,0,0,0,0,7_09_02_V02Y_0,Sonipat,2017,4,2,1,2,2,18,0,0
7_09,0,0,0,1,0,0,0,0,7_09_02_V02Y_0,Sonipat,2017,5,1,3,1,5,12,0,0
7_09,0,0,0,1,0,0,0,0,7_09_02_V02Y_0,Sonipat,2017,6,1,1,4,1,9,0,0
7_09,0,0,0,1,0,0,0,0,7_09_02_V02Y_0,Sonipat,2017,7,0,0,2,4,8,0,0
7_09,0,0,0,1,0,0,0,0,7_09_02_V02Y_0,Sonipat,2017,8,2,0,0,4,7,0,0
7_09,0,0,0,1,0,0,0,0,7_09_02_V02Y_0,Sonipat,2017,9,8,1,0,2,11,0,0
7_09,0,0,0,1,0,0,0,0,7_09_02_V02Y_0,Sonipat,2017,10,1,7,1,1,11,0,0
7_09,0,0,0,1,0,0,0,0,7_09_02_V02Y_0,Sonipat,2017,11,3,4,4,2,20,0,0
7_09,0,0,0,1,0,0,0,0,7_09_02_V02Y_0,Sonipat,2017,12,0,2,3,2,15,0,0
7_09,0,0,0,1,0,0,0,0,7_09_02_V02Y_0,Sonipat,2018,1,2,1,4,1,12,0,0
7_09,0,0,0,1,0,0,0,0,7_09_02_V02Y_0,Sonipat,2018,2,2,2,1,0,5,0,0
7_09,0,0,0,1,0,0,0,0,7_09_02_V02Y_0,Sonipat,2018,3,1,1,2,0,5,0,0
7_09,1,0,0,0,0,0,0,0,7_09_04_V02Y_0,Sonipat,2017,2,4,4,2,0,9,0,0
7_09,1,0,0,0,0,0,0,0,7_09_04_V02Y_0,Sonipat,2017,3,9,6,12,5,33,0,0
7_09,1,0,0,0,0,0,0,0,7_09_04_V02Y_0,Sonipat,2017,4,8,8,6,12,34,0,0
7_09,1,0,0,0,0,0,0,0,7_09_04_V02Y_0,Sonipat,2017,5,5,3,6,6,23,0,0
7_09,1,0,0,0,0,0,0,0,7_09_04_V02Y_0,Sonipat,2017,6,3,5,7,9,25,0,0
7_09,1,0,0,0,0,0,0,0,7_09_04_V02Y_0,Sonipat,2017,7,3,2,3,6,15,0,0
7_09,1,0,0,0,0,0,0,0,7_09_04_V02Y_0,Sonipat,2017,8,,,,,1,0,0
7_09,1,0,0,0,0,0,0,0,7_09_04_V02Y_0,Sonipat,2017,9,,,,,4,0,0
7_09,1,0,0,0,0,0,0,0,7_09_04_V02Y_0,Sonipat,2017,10,7,3,0,6,22,0,0
7_09,1,0,0,0,0,0,0,0,7_09_04_V02Y_0,Sonipat,2017,11,7,6,6,9,28,0,0
7_09,1,0,0,0,0,0,0,0,7_09_04_V02Y_0,Sonipat,2017,12,4,4,4,6,31,0,0
7_09,1,0,0,0,0,0,0,0,7_09_04_V02Y_0,Sonipat,2018,1,7,3,4,2,19,0,0
7_09,1,0,0,0,0,0,0,0,7_09_04_V02Y_0,Sonipat,2018,2,9,5,3,2,27,0,0
7_09,1,0,0,0,0,0,0,0,7_09_04_V02Y_0,Sonipat,2018,3,4,5,4,2,26,0,0
7_09,0,1,0,0,0,0,0,0,7_09_04_V03Y_0,Sonipat,2017,3,1,3,2,1,8,0,0
7_09,0,1,0,0,0,0,0,0,7_09_04_V03Y_0,Sonipat,2017,4,2,1,2,0,5,0,0
7_09,0,1,0,0,0,0,0,0,7_09_04_V03Y_0,Sonipat,2017,5,1,1,1,2,3,0,0
7_09,0,1,0,0,0,0,0,0,7_09_04_V03Y_0,Sonipat,2017,6,0,1,0,1,2,0,0
7_09,0,1,0,0,0,0,0,0,7_09_04_V03Y_0,Sonipat,2017,7,1,0,1,1,3,0,0
7_09,0,1,0,0,0,0,0,0,7_09_04_V03Y_0,Sonipat,2017,11,0,2,0,0,2,0,0
7_09,0,1,0,0,0,0,0,0,7_09_04_V03Y_0,Sonipat,2017,12,5,2,1,2,9,0,0
7_09,0,1,0,0,0,0,0,0,7_09_04_V03Y_0,Sonipat,2018,1,0,2,2,1,5,0,0
7_09,0,1,0,0,0,0,0,0,7_09_04_V03Y_0,Sonipat,2018,2,2,1,3,1,6,0,0
7_09,0,1,0,0,0,0,0,0,7_09_04_V03Y_0,Sonipat,2018,3,0,2,2,2,8,0,0
7_09,0,1,0,0,0,0,0,0,7_09_04_V04Y_0,Sonipat,2017,2,0,2,0,0,2,0,0
7_09,0,1,0,0,0,0,0,0,7_09_04_V04Y_0,Sonipat,2017,3,5,2,3,5,15,0,0
7_09,0,1,0,0,0,0,0,0,7_09_04_V04Y_0,Sonipat,2017,4,2,2,2,3,15,0,0
7_09,0,1,0,0,0,0,0,0,7_09_04_V04Y_0,Sonipat,2017,5,3,4,1,2,11,0,0
7_09,0,1,0,0,0,0,0,0,7_09_04_V04Y_0,Sonipat,2017,6,2,4,3,2,12,0,0
7_09,0,1,0,0,0,0,0,0,7_09_04_V04Y_0,Sonipat,2017,7,0,2,2,0,6,0,0
7_09,0,1,0,0,0,0,0,0,7_09_04_V04Y_0,Sonipat,2017,8,2,3,3,3,11,0,0
7_09,0,1,0,0,0,0,0,0,7_09_04_V04Y_0,Sonipat,2017,9,0,2,3,3,13,0,0
7_09,0,1,0,0,0,0,0,0,7_09_04_V04Y_0,Sonipat,2017,10,1,0,0,0,3,0,0
7_09,0,1,0,0,0,0,0,0,7_09_04_V04Y_0,Sonipat,2017,11,3,1,1,4,12,0,0
7_09,0,1,0,0,0,0,0,0,7_09_04_V04Y_0,Sonipat,2017,12,1,3,0,3,14,0,0
7_09,0,1,0,0,0,0,0,0,7_09_04_V04Y_0,Sonipat,2018,1,1,1,2,3,8,0,0
7_09,0,1,0,0,0,0,0,0,7_09_04_V04Y_0,Sonipat,2018,2,2,0,3,1,6,0,0
7_09,0,1,0,0,0,0,0,0,7_09_04_V04Y_0,Sonipat,2018,3,1,2,2,0,9,0,0
7_10,0,0,0,1,0,1,0,0,7_10_02_V01Y_0,Sonipat,2017,2,6,1,5,2,15,1,0
7_10,0,0,0,1,0,1,0,0,7_10_02_V01Y_0,Sonipat,2017,3,6,11,4,7,32,1,0
7_10,0,0,0,1,0,1,0,0,7_10_02_V01Y_0,Sonipat,2017,4,7,6,8,3,30,1,0
7_10,0,0,0,1,0,1,0,0,7_10_02_V01Y_0,Sonipat,2017,5,4,11,4,7,30,1,0
7_10,0,0,0,1,0,1,0,0,7_10_02_V01Y_0,Sonipat,2017,6,4,6,7,7,26,1,0
7_10,0,0,0,1,0,1,0,0,7_10_02_V01Y_0,Sonipat,2017,7,5,6,4,7,26,1,0
7_10,0,0,0,1,0,1,0,0,7_10_02_V01Y_0,Sonipat,2017,8,4,2,9,7,25,1,0
7_10,0,0,0,1,0,1,0,0,7_10_02_V01Y_0,Sonipat,2017,9,11,4,3,5,27,1,0
7_10,0,0,0,1,0,1,0,0,7_10_02_V01Y_0,Sonipat,2017,10,6,11,5,5,32,1,0
7_10,0,0,0,1,0,1,0,0,7_10_02_V01Y_0,Sonipat,2017,11,2,4,6,5,21,1,0
7_10,0,0,0,1,0,1,0,0,7_10_02_V01Y_0,Sonipat,2017,12,7,5,5,4,24,1,0
7_10,0,0,0,1,0,1,0,0,7_10_02_V01Y_0,Sonipat,2018,1,5,8,4,9,32,1,0
7_10,0,0,0,1,0,1,0,0,7_10_02_V01Y_0,Sonipat,2018,2,9,6,6,4,29,1,0
7_10,0,0,0,1,0,1,0,0,7_10_02_V01Y_0,Sonipat,2018,3,6,13,8,4,31,1,0
7_10,0,0,1,0,0,1,0,0,7_10_03_V01Y_0,Sonipat,2017,2,2,2,4,1,10,1,0
7_10,0,0,1,0,0,1,0,0,7_10_03_V01Y_0,Sonipat,2017,3,5,4,3,2,17,1,0
7_10,0,0,1,0,0,1,0,0,7_10_03_V01Y_0,Sonipat,2017,4,4,1,4,2,11,1,0
7_10,0,0,1,0,0,1,0,0,7_10_03_V01Y_0,Sonipat,2017,5,5,4,2,6,22,1,0
7_10,0,0,1,0,0,1,0,0,7_10_03_V01Y_0,Sonipat,2017,6,2,2,3,6,15,1,0
7_10,0,0,1,0,0,1,0,0,7_10_03_V01Y_0,Sonipat,2017,7,2,2,5,3,12,1,0
7_10,0,0,1,0,0,1,0,0,7_10_03_V01Y_0,Sonipat,2017,8,0,4,2,7,17,1,0
7_10,0,0,1,0,0,1,0,0,7_10_03_V01Y_0,Sonipat,2017,9,5,0,4,5,20,1,0
7_10,0,0,1,0,0,1,0,0,7_10_03_V01Y_0,Sonipat,2017,10,5,4,0,3,15,1,0
7_10,0,0,1,0,0,1,0,0,7_10_03_V01Y_0,Sonipat,2017,11,6,4,3,3,18,1,0
7_10,0,0,1,0,0,1,0,0,7_10_03_V01Y_0,Sonipat,2017,12,4,0,1,4,10,1,0
7_10,0,0,1,0,0,1,0,0,7_10_03_V01Y_0,Sonipat,2018,1,5,8,4,3,25,1,0
7_10,0,0,1,0,0,1,0,0,7_10_03_V01Y_0,Sonipat,2018,2,3,4,9,2,21,1,0
7_10,0,0,1,0,0,1,0,0,7_10_03_V01Y_0,Sonipat,2018,3,1,1,0,1,6,1,0
7_10,1,0,0,0,0,1,0,0,7_10_03_V02Y_0,Sonipat,2017,2,2,2,5,4,15,1,0
7_10,1,0,0,0,0,1,0,0,7_10_03_V02Y_0,Sonipat,2017,3,4,7,2,4,20,1,0
7_10,1,0,0,0,0,1,0,0,7_10_03_V02Y_0,Sonipat,2017,4,5,3,7,5,23,1,0
7_10,1,0,0,0,0,1,0,0,7_10_03_V02Y_0,Sonipat,2017,5,3,4,4,9,23,1,0
7_10,1,0,0,0,0,1,0,0,7_10_03_V02Y_0,Sonipat,2017,6,3,5,2,8,24,1,0
7_10,1,0,0,0,0,1,0,0,7_10_03_V02Y_0,Sonipat,2017,7,5,0,1,2,8,1,0
7_10,1,0,0,0,0,1,0,0,7_10_03_V02Y_0,Sonipat,2017,8,5,7,3,5,23,1,0
7_10,1,0,0,0,0,1,0,0,7_10_03_V02Y_0,Sonipat,2017,9,4,3,8,3,26,1,0
7_10,1,0,0,0,0,1,0,0,7_10_03_V02Y_0,Sonipat,2017,10,5,2,3,0,18,1,0
7_10,1,0,0,0,0,1,0,0,7_10_03_V02Y_0,Sonipat,2017,11,4,5,2,11,31,1,0
7_10,1,0,0,0,0,1,0,0,7_10_03_V02Y_0,Sonipat,2017,12,18,4,4,3,39,1,0
7_10,1,0,0,0,0,1,0,0,7_10_03_V02Y_0,Sonipat,2018,1,4,12,4,1,30,1,0
7_10,1,0,0,0,0,1,0,0,7_10_03_V02Y_0,Sonipat,2018,2,4,7,8,5,33,1,0
7_10,1,0,0,0,0,1,0,0,7_10_03_V02Y_0,Sonipat,2018,3,3,5,7,7,27,1,0
7_10,0,1,0,0,0,1,0,0,7_10_04_V01Y_0,Sonipat,2017,2,1,0,0,0,1,1,0
7_10,0,1,0,0,0,1,0,0,7_10_04_V01Y_0,Sonipat,2017,3,0,1,2,7,11,1,0
7_10,0,1,0,0,0,1,0,0,7_10_04_V01Y_0,Sonipat,2017,4,2,0,1,0,3,1,0
7_10,0,1,0,0,0,1,0,0,7_10_04_V01Y_0,Sonipat,2017,5,1,2,0,1,4,1,0
7_10,0,1,0,0,0,1,0,0,7_10_04_V01Y_0,Sonipat,2017,8,1,0,0,0,1,1,0
7_10,0,1,0,0,0,1,0,0,7_10_04_V01Y_0,Sonipat,2017,9,1,1,0,1,3,1,0
7_10,0,1,0,0,0,1,0,0,7_10_04_V01Y_0,Sonipat,2017,10,0,1,1,0,4,1,0
7_10,0,1,0,0,0,1,0,0,7_10_04_V01Y_0,Sonipat,2017,11,1,0,1,0,3,1,0
7_10,0,1,0,0,0,1,0,0,7_10_04_V01Y_0,Sonipat,2018,1,1,1,0,1,4,1,0
7_10,0,1,0,0,0,1,0,0,7_10_04_V01Y_0,Sonipat,2018,2,1,1,1,0,4,1,0
7_10,0,0,0,1,0,1,0,0,7_10_04_V02Y_0,Sonipat,2017,3,18,12,12,7,54,1,0
7_10,0,0,0,1,0,1,0,0,7_10_04_V02Y_0,Sonipat,2017,4,12,12,8,12,47,1,0
7_10,0,0,0,1,0,1,0,0,7_10_04_V02Y_0,Sonipat,2017,5,9,9,11,4,33,1,0
7_10,0,0,0,1,0,1,0,0,7_10_04_V02Y_0,Sonipat,2017,6,4,9,9,9,38,1,0
7_10,0,0,0,1,0,1,0,0,7_10_04_V02Y_0,Sonipat,2017,7,6,3,2,9,20,1,0
7_10,0,0,0,1,0,1,0,0,7_10_04_V02Y_0,Sonipat,2017,8,5,9,5,8,32,1,0
7_10,0,0,0,1,0,1,0,0,7_10_04_V02Y_0,Sonipat,2017,9,9,6,6,11,39,1,0
7_10,0,0,0,1,0,1,0,0,7_10_04_V02Y_0,Sonipat,2017,10,9,8,3,4,25,1,0
7_10,0,0,0,1,0,1,0,0,7_10_04_V02Y_0,Sonipat,2017,11,5,6,7,5,33,1,0
7_10,0,0,0,1,0,1,0,0,7_10_04_V02Y_0,Sonipat,2017,12,12,8,3,5,30,1,0
7_10,0,0,0,1,0,1,0,0,7_10_04_V02Y_0,Sonipat,2018,1,9,10,10,7,45,1,0
7_10,0,0,0,1,0,1,0,0,7_10_04_V02Y_0,Sonipat,2018,2,11,6,7,5,40,1,0
7_10,0,0,0,1,0,1,0,0,7_10_04_V02Y_0,Sonipat,2018,3,10,11,6,8,41,1,0
7_11,0,0,1,0,0,0,0,0,7_11_01_V01Y_0,Sonipat,2017,3,10,6,2,0,19,0,0
7_11,0,0,1,0,0,0,0,0,7_11_01_V01Y_0,Sonipat,2017,4,4,6,8,4,23,0,0
7_11,0,0,1,0,0,0,0,0,7_11_01_V01Y_0,Sonipat,2017,5,1,6,6,5,20,0,0
7_11,0,0,1,0,0,0,0,0,7_11_01_V01Y_0,Sonipat,2017,6,5,1,7,5,21,0,0
7_11,0,0,1,0,0,0,0,0,7_11_01_V01Y_0,Sonipat,2017,7,4,5,1,9,24,0,0
7_11,0,0,1,0,0,0,0,0,7_11_01_V01Y_0,Sonipat,2017,8,5,5,5,2,21,0,0
7_11,0,0,1,0,0,0,0,0,7_11_01_V01Y_0,Sonipat,2017,9,13,4,5,5,32,0,0
7_11,0,0,1,0,0,0,0,0,7_11_01_V01Y_0,Sonipat,2017,10,6,9,4,8,28,0,0
7_11,0,0,1,0,0,0,0,0,7_11_01_V01Y_0,Sonipat,2017,11,3,9,6,6,28,0,0
7_11,0,0,1,0,0,0,0,0,7_11_01_V01Y_0,Sonipat,2017,12,7,3,10,4,29,0,0
7_11,0,0,1,0,0,0,0,0,7_11_01_V01Y_0,Sonipat,2018,1,4,3,1,0,10,0,0
7_11,0,0,1,0,0,0,0,0,7_11_01_V01Y_0,Sonipat,2018,2,4,10,8,4,34,0,0
7_11,0,0,1,0,0,0,0,0,7_11_01_V01Y_0,Sonipat,2018,3,0,2,4,2,12,0,0
7_11,0,0,1,0,0,0,0,0,7_11_02_V01Y_0,Sonipat,2017,2,3,1,2,1,7,1,0
7_11,0,0,1,0,0,0,0,0,7_11_02_V01Y_0,Sonipat,2017,3,7,9,6,0,24,1,0
7_11,0,0,1,0,0,0,0,0,7_11_02_V01Y_0,Sonipat,2017,4,7,5,7,6,27,1,0
7_11,0,0,1,0,0,0,0,0,7_11_02_V01Y_0,Sonipat,2017,5,7,8,6,8,31,1,0
7_11,0,0,1,0,0,0,0,0,7_11_02_V01Y_0,Sonipat,2017,6,5,7,1,4,23,1,0
7_11,0,0,1,0,0,0,0,0,7_11_02_V01Y_0,Sonipat,2017,7,10,8,7,7,37,1,0
7_11,0,0,1,0,0,0,0,0,7_11_02_V01Y_0,Sonipat,2017,8,7,7,3,12,35,1,0
7_11,0,0,1,0,0,0,0,0,7_11_02_V01Y_0,Sonipat,2017,9,13,3,6,12,37,1,0
7_11,0,0,1,0,0,0,0,0,7_11_02_V01Y_0,Sonipat,2017,10,5,6,2,2,16,1,0
7_11,0,0,1,0,0,0,0,0,7_11_02_V01Y_0,Sonipat,2017,11,9,3,6,11,36,1,0
7_11,0,0,1,0,0,0,0,0,7_11_02_V01Y_0,Sonipat,2017,12,16,8,5,10,48,1,0
7_11,0,0,1,0,0,0,0,0,7_11_02_V01Y_0,Sonipat,2018,1,7,11,10,4,39,1,0
7_11,0,0,1,0,0,0,0,0,7_11_02_V01Y_0,Sonipat,2018,2,11,9,11,9,42,1,0
7_11,0,0,1,0,0,0,0,0,7_11_02_V01Y_0,Sonipat,2018,3,2,7,5,2,21,1,0
7_11,0,0,0,1,0,0,0,0,7_11_02_V02Y_0,Sonipat,2017,3,3,1,0,0,4,1,0
7_11,0,0,0,1,0,0,0,0,7_11_02_V02Y_0,Sonipat,2017,4,3,2,0,5,10,1,0
7_11,0,0,0,1,0,0,0,0,7_11_02_V02Y_0,Sonipat,2017,5,3,4,3,2,11,1,0
7_11,0,0,0,1,0,0,0,0,7_11_02_V02Y_0,Sonipat,2017,6,4,1,3,4,13,1,0
7_11,0,0,0,1,0,0,0,0,7_11_02_V02Y_0,Sonipat,2017,7,0,3,4,4,13,1,0
7_11,0,0,0,1,0,0,0,0,7_11_02_V02Y_0,Sonipat,2017,8,3,2,2,0,8,1,0
7_11,0,0,0,1,0,0,0,0,7_11_02_V02Y_0,Sonipat,2017,9,1,3,0,0,5,1,0
7_11,0,0,0,1,0,0,0,0,7_11_02_V02Y_0,Sonipat,2017,10,3,1,3,1,10,1,0
7_11,0,0,0,1,0,0,0,0,7_11_02_V02Y_0,Sonipat,2017,11,1,4,3,4,12,1,0
7_11,0,0,0,1,0,0,0,0,7_11_02_V02Y_0,Sonipat,2017,12,4,1,1,2,12,1,0
7_11,0,0,0,1,0,0,0,0,7_11_02_V02Y_0,Sonipat,2018,2,4,1,1,3,17,1,0
7_11,0,0,0,1,0,0,0,0,7_11_02_V02Y_0,Sonipat,2018,3,2,1,1,2,7,1,0
7_11,0,1,0,0,0,0,0,0,7_11_03_V02Y_0,Sonipat,2017,3,5,1,7,0,15,1,0
7_11,0,1,0,0,0,0,0,0,7_11_03_V02Y_0,Sonipat,2017,4,1,3,3,2,11,1,0
7_11,0,1,0,0,0,0,0,0,7_11_03_V02Y_0,Sonipat,2017,5,1,3,1,1,6,1,0
7_11,0,1,0,0,0,0,0,0,7_11_03_V02Y_0,Sonipat,2017,6,2,3,4,3,11,1,0
7_11,0,1,0,0,0,0,0,0,7_11_03_V02Y_0,Sonipat,2017,7,2,1,3,2,10,1,0
7_11,0,1,0,0,0,0,0,0,7_11_03_V02Y_0,Sonipat,2017,8,1,3,1,3,8,1,0
7_11,0,1,0,0,0,0,0,0,7_11_03_V02Y_0,Sonipat,2017,9,4,3,3,5,16,1,0
7_11,0,1,0,0,0,0,0,0,7_11_03_V02Y_0,Sonipat,2017,10,1,3,2,4,11,1,0
7_11,0,1,0,0,0,0,0,0,7_11_03_V02Y_0,Sonipat,2017,11,3,2,1,3,10,1,0
7_11,0,1,0,0,0,0,0,0,7_11_03_V02Y_0,Sonipat,2017,12,6,3,3,3,16,1,0
7_11,0,1,0,0,0,0,0,0,7_11_03_V02Y_0,Sonipat,2018,1,1,4,1,0,8,1,0
7_11,0,1,0,0,0,0,0,0,7_11_03_V02Y_0,Sonipat,2018,2,9,1,5,1,23,1,0
7_11,0,1,0,0,0,0,0,0,7_11_03_V02Y_0,Sonipat,2018,3,1,7,0,1,11,1,0
7_11,0,0,0,1,0,0,0,0,7_11_06_V01Y_0,Sonipat,2017,3,2,4,5,0,13,0,1
7_11,0,0,0,1,0,0,0,0,7_11_06_V01Y_0,Sonipat,2017,4,3,2,5,8,22,0,1
7_11,0,0,0,1,0,0,0,0,7_11_06_V01Y_0,Sonipat,2017,5,5,3,1,4,16,0,1
7_11,0,0,0,1,0,0,0,0,7_11_06_V01Y_0,Sonipat,2017,6,4,5,2,6,20,0,1
7_11,0,0,0,1,0,0,0,0,7_11_06_V01Y_0,Sonipat,2017,7,2,4,7,4,19,0,1
7_11,0,0,0,1,0,0,0,0,7_11_06_V01Y_0,Sonipat,2017,8,1,3,3,6,13,0,1
7_11,0,0,0,1,0,0,0,0,7_11_06_V01Y_0,Sonipat,2017,9,2,3,3,4,15,0,1
7_11,0,0,0,1,0,0,0,0,7_11_06_V01Y_0,Sonipat,2017,10,2,2,2,3,13,0,1
7_11,0,0,0,1,0,0,0,0,7_11_06_V01Y_0,Sonipat,2017,11,7,2,0,1,13,0,1
7_11,0,0,0,1,0,0,0,0,7_11_06_V01Y_0,Sonipat,2017,12,3,9,3,4,26,0,1
7_11,0,0,0,1,0,0,0,0,7_11_06_V01Y_0,Sonipat,2018,1,3,3,8,3,21,0,1
7_11,0,0,0,1,0,0,0,0,7_11_06_V01Y_0,Sonipat,2018,2,4,3,4,5,24,0,1
7_11,0,0,0,1,0,0,0,0,7_11_06_V01Y_0,Sonipat,2018,3,2,1,2,3,15,0,1
7_12,1,0,0,0,1,0,0,0,7_12_04_V02Y_0,Sonipat,2017,2,2,1,2,0,5,0,1
7_12,1,0,0,0,1,0,0,0,7_12_04_V02Y_0,Sonipat,2017,3,4,2,11,2,21,0,1
7_12,1,0,0,0,1,0,0,0,7_12_04_V02Y_0,Sonipat,2017,4,2,4,3,3,17,0,1
7_12,1,0,0,0,1,0,0,0,7_12_04_V02Y_0,Sonipat,2017,5,10,3,3,6,22,0,1
7_12,1,0,0,0,1,0,0,0,7_12_04_V02Y_0,Sonipat,2017,6,3,10,3,7,26,0,1
7_12,1,0,0,0,1,0,0,0,7_12_04_V02Y_0,Sonipat,2017,7,1,3,7,12,27,0,1
7_12,1,0,0,0,1,0,0,0,7_12_04_V02Y_0,Sonipat,2017,8,6,1,5,4,21,0,1
7_12,1,0,0,0,1,0,0,0,7_12_04_V02Y_0,Sonipat,2017,9,6,6,1,7,23,0,1
7_12,1,0,0,0,1,0,0,0,7_12_04_V02Y_0,Sonipat,2017,10,9,4,3,5,29,0,1
7_12,1,0,0,0,1,0,0,0,7_12_04_V02Y_0,Sonipat,2017,11,1,8,6,0,33,0,1
7_12,1,0,0,0,1,0,0,0,7_12_04_V02Y_0,Sonipat,2017,12,5,4,1,4,20,0,1
7_12,1,0,0,0,1,0,0,0,7_12_04_V02Y_0,Sonipat,2018,1,13,5,10,6,42,0,1
7_12,1,0,0,0,1,0,0,0,7_12_04_V02Y_0,Sonipat,2018,2,3,13,5,1,28,0,1
7_12,1,0,0,0,1,0,0,0,7_12_04_V02Y_0,Sonipat,2018,3,4,7,8,3,30,0,1
7_12,0,0,1,0,0,0,1,0,7_12_05_V02Y_0,Sonipat,2017,2,3,1,1,0,4,0,0
7_12,0,0,1,0,0,0,1,0,7_12_05_V02Y_0,Sonipat,2017,3,6,7,12,8,34,0,0
7_12,0,0,1,0,0,0,1,0,7_12_05_V02Y_0,Sonipat,2017,4,6,7,8,5,31,0,0
7_12,0,0,1,0,0,0,1,0,7_12_05_V02Y_0,Sonipat,2017,5,6,7,8,6,31,0,0
7_12,0,0,1,0,0,0,1,0,7_12_05_V02Y_0,Sonipat,2017,6,7,5,4,12,30,0,0
7_12,0,0,1,0,0,0,1,0,7_12_05_V02Y_0,Sonipat,2017,7,5,6,5,15,38,0,0
7_12,0,0,1,0,0,0,1,0,7_12_05_V02Y_0,Sonipat,2017,8,7,4,6,2,20,0,0
7_12,0,0,1,0,0,0,1,0,7_12_05_V02Y_0,Sonipat,2017,9,5,6,6,7,26,0,0
7_12,0,0,1,0,0,0,1,0,7_12_05_V02Y_0,Sonipat,2017,10,2,6,7,5,32,0,0
7_12,0,0,1,0,0,0,1,0,7_12_05_V02Y_0,Sonipat,2017,11,7,4,6,6,28,0,0
7_12,0,0,1,0,0,0,1,0,7_12_05_V02Y_0,Sonipat,2017,12,11,8,5,9,44,0,0
7_12,0,0,1,0,0,0,1,0,7_12_05_V02Y_0,Sonipat,2018,1,4,4,6,3,19,0,0
7_12,0,0,1,0,0,0,1,0,7_12_05_V02Y_0,Sonipat,2018,2,15,6,10,6,45,0,0
7_12,0,0,1,0,0,0,1,0,7_12_05_V02Y_0,Sonipat,2018,3,5,2,2,0,8,0,0
7_13,1,0,0,0,0,0,0,1,7_13_01_V02Y_0,Sonipat,2017,3,1,2,4,1,9,1,0
7_13,1,0,0,0,0,0,0,1,7_13_01_V02Y_0,Sonipat,2017,4,2,2,3,2,9,1,0
7_13,1,0,0,0,0,0,0,1,7_13_01_V02Y_0,Sonipat,2017,5,0,2,2,2,6,1,0
7_13,1,0,0,0,0,0,0,1,7_13_01_V02Y_0,Sonipat,2017,6,2,0,2,3,9,1,0
7_13,1,0,0,0,0,0,0,1,7_13_01_V02Y_0,Sonipat,2017,7,0,1,0,1,2,1,0
7_13,1,0,0,0,0,0,0,1,7_13_01_V02Y_0,Sonipat,2017,8,2,1,0,3,6,1,0
7_13,1,0,0,0,0,0,0,1,7_13_01_V02Y_0,Sonipat,2017,9,0,2,1,2,5,1,0
7_13,1,0,0,0,0,0,0,1,7_13_01_V02Y_0,Sonipat,2017,10,1,0,2,0,4,1,0
7_13,1,0,0,0,0,0,0,1,7_13_01_V02Y_0,Sonipat,2017,11,1,0,2,2,6,1,0
7_13,1,0,0,0,0,0,0,1,7_13_01_V02Y_0,Sonipat,2017,12,2,2,0,0,11,1,0
7_13,1,0,0,0,0,0,0,1,7_13_01_V02Y_0,Sonipat,2018,1,1,1,1,3,6,1,0
7_13,1,0,0,0,0,0,0,1,7_13_01_V02Y_0,Sonipat,2018,2,3,1,4,1,12,1,0
7_13,1,0,0,0,0,0,0,1,7_13_01_V02Y_0,Sonipat,2018,3,2,3,2,1,9,1,0
7_13,0,0,1,0,1,0,0,0,7_13_03_V01Y_0,Sonipat,2017,3,3,2,2,2,12,1,0
7_13,0,0,1,0,1,0,0,0,7_13_03_V01Y_0,Sonipat,2017,4,1,2,0,3,7,1,0
7_13,0,0,1,0,1,0,0,0,7_13_03_V01Y_0,Sonipat,2017,5,2,2,2,1,8,1,0
7_13,0,0,1,0,1,0,0,0,7_13_03_V01Y_0,Sonipat,2017,6,2,1,4,4,11,1,0
7_13,0,0,1,0,1,0,0,0,7_13_03_V01Y_0,Sonipat,2017,7,3,1,2,3,10,1,0
7_13,0,0,1,0,1,0,0,0,7_13_03_V01Y_0,Sonipat,2017,8,2,5,1,2,12,1,0
7_13,0,0,1,0,1,0,0,0,7_13_03_V01Y_0,Sonipat,2017,9,5,0,3,1,11,1,0
7_13,0,0,1,0,1,0,0,0,7_13_03_V01Y_0,Sonipat,2017,10,3,5,1,2,14,1,0
7_13,0,0,1,0,1,0,0,0,7_13_03_V01Y_0,Sonipat,2017,11,1,4,3,3,15,1,0
7_13,0,0,1,0,1,0,0,0,7_13_03_V01Y_0,Sonipat,2017,12,6,2,5,0,19,1,0
7_13,0,0,1,0,1,0,0,0,7_13_03_V01Y_0,Sonipat,2018,1,3,6,1,0,13,1,0
7_13,0,0,1,0,1,0,0,0,7_13_03_V01Y_0,Sonipat,2018,2,5,6,4,3,24,1,0
7_13,0,0,1,0,1,0,0,0,7_13_03_V01Y_0,Sonipat,2018,3,3,5,6,2,19,1,0
7_13,0,1,0,0,1,0,0,0,7_13_03_V02Y_0,Sonipat,2017,2,1,5,4,3,13,1,0
7_13,0,1,0,0,1,0,0,0,7_13_03_V02Y_0,Sonipat,2017,3,4,0,5,1,13,1,0
7_13,0,1,0,0,1,0,0,0,7_13_03_V02Y_0,Sonipat,2017,4,1,5,4,2,14,1,0
7_13,0,1,0,0,1,0,0,0,7_13_03_V02Y_0,Sonipat,2017,5,7,1,4,2,15,1,0
7_13,0,1,0,0,1,0,0,0,7_13_03_V02Y_0,Sonipat,2017,6,4,5,1,6,17,1,0
7_13,0,1,0,0,1,0,0,0,7_13_03_V02Y_0,Sonipat,2017,7,2,5,6,2,15,1,0
7_13,0,1,0,0,1,0,0,0,7_13_03_V02Y_0,Sonipat,2017,8,5,2,4,4,18,1,0
7_13,0,1,0,0,1,0,0,0,7_13_03_V02Y_0,Sonipat,2017,9,5,5,2,5,19,1,0
7_13,0,1,0,0,1,0,0,0,7_13_03_V02Y_0,Sonipat,2017,10,4,5,5,3,25,1,0
7_13,0,1,0,0,1,0,0,0,7_13_03_V02Y_0,Sonipat,2017,11,7,4,4,2,20,1,0
7_13,0,1,0,0,1,0,0,0,7_13_03_V02Y_0,Sonipat,2017,12,1,7,3,3,21,1,0
7_13,0,1,0,0,1,0,0,0,7_13_03_V02Y_0,Sonipat,2018,1,2,3,8,2,16,1,0
7_13,0,1,0,0,1,0,0,0,7_13_03_V02Y_0,Sonipat,2018,2,6,1,3,5,15,1,0
7_13,0,1,0,0,1,0,0,0,7_13_03_V02Y_0,Sonipat,2018,3,1,7,1,3,16,1,0
7_13,0,1,0,0,0,0,0,1,7_13_05_V02Y_0,Sonipat,2017,3,3,5,4,3,13,0,1
7_13,0,1,0,0,0,0,0,1,7_13_05_V02Y_0,Sonipat,2017,4,4,2,7,4,17,0,1
7_13,0,1,0,0,0,0,0,1,7_13_05_V02Y_0,Sonipat,2017,5,0,6,1,6,24,0,1
7_13,0,1,0,0,0,0,0,1,7_13_05_V02Y_0,Sonipat,2017,6,6,1,6,5,18,0,1
7_13,0,1,0,0,0,0,0,1,7_13_05_V02Y_0,Sonipat,2017,7,1,5,1,3,12,0,1
7_13,0,1,0,0,0,0,0,1,7_13_05_V02Y_0,Sonipat,2017,8,2,1,2,3,27,0,1
7_13,0,1,0,0,0,0,0,1,7_13_05_V02Y_0,Sonipat,2017,9,6,2,4,4,16,0,1
7_13,0,1,0,0,0,0,0,1,7_13_05_V02Y_0,Sonipat,2017,10,2,5,2,1,11,0,1
7_13,0,1,0,0,0,0,0,1,7_13_05_V02Y_0,Sonipat,2017,11,4,4,7,3,21,0,1
7_13,0,1,0,0,0,0,0,1,7_13_05_V02Y_0,Sonipat,2017,12,3,5,3,4,19,0,1
7_13,0,1,0,0,0,0,0,1,7_13_05_V02Y_0,Sonipat,2018,1,0,4,3,4,16,0,1
7_13,0,1,0,0,0,0,0,1,7_13_05_V02Y_0,Sonipat,2018,2,2,0,6,3,12,0,1
7_13,0,1,0,0,0,0,0,1,7_13_05_V02Y_0,Sonipat,2018,3,2,4,0,3,11,0,1
7_13,0,1,0,0,0,0,0,1,7_13_07_V02Y_0,Sonipat,2017,2,0,2,3,0,5,0,0
7_13,0,1,0,0,0,0,0,1,7_13_07_V02Y_0,Sonipat,2017,3,5,3,4,5,19,0,0
7_13,0,1,0,0,0,0,0,1,7_13_07_V02Y_0,Sonipat,2017,4,3,3,3,1,14,0,0
7_13,0,1,0,0,0,0,0,1,7_13_07_V02Y_0,Sonipat,2017,5,7,3,7,10,27,0,0
7_13,0,1,0,0,0,0,0,1,7_13_07_V02Y_0,Sonipat,2017,6,2,2,4,4,14,0,0
7_13,0,1,0,0,0,0,0,1,7_13_07_V02Y_0,Sonipat,2017,7,2,4,1,2,12,0,0
7_13,0,1,0,0,0,0,0,1,7_13_07_V02Y_0,Sonipat,2017,8,5,2,7,4,18,0,0
7_13,0,1,0,0,0,0,0,1,7_13_07_V02Y_0,Sonipat,2017,9,3,3,2,6,24,0,0
7_13,0,1,0,0,0,0,0,1,7_13_07_V02Y_0,Sonipat,2017,10,9,2,3,4,18,0,0
7_13,0,1,0,0,0,0,0,1,7_13_07_V02Y_0,Sonipat,2017,11,3,7,2,4,22,0,0
7_13,0,1,0,0,0,0,0,1,7_13_07_V02Y_0,Sonipat,2017,12,8,7,4,2,27,0,0
7_13,0,1,0,0,0,0,0,1,7_13_07_V02Y_0,Sonipat,2018,1,8,6,4,4,28,0,0
7_13,0,1,0,0,0,0,0,1,7_13_07_V02Y_0,Sonipat,2018,2,2,6,7,3,22,0,0
7_13,0,1,0,0,0,0,0,1,7_13_07_V02Y_0,Sonipat,2018,3,7,3,6,7,26,0,0
7_14,0,1,0,0,0,0,0,0,7_14_01_V01Y_0,Sonipat,2017,3,0,2,1,3,6,1,0
7_14,0,1,0,0,0,0,0,0,7_14_01_V01Y_0,Sonipat,2017,4,4,2,2,1,9,1,0
7_14,0,1,0,0,0,0,0,0,7_14_01_V01Y_0,Sonipat,2017,5,1,2,2,2,12,1,0
7_14,0,1,0,0,0,0,0,0,7_14_01_V01Y_0,Sonipat,2017,6,3,1,1,1,8,1,0
7_14,0,1,0,0,0,0,0,0,7_14_01_V01Y_0,Sonipat,2017,7,1,4,2,4,17,1,0
7_14,0,1,0,0,0,0,0,0,7_14_01_V01Y_0,Sonipat,2017,8,1,0,2,1,4,1,0
7_14,0,1,0,0,0,0,0,0,7_14_01_V01Y_0,Sonipat,2017,9,2,2,3,5,14,1,0
7_14,0,1,0,0,0,0,0,0,7_14_01_V01Y_0,Sonipat,2017,10,3,2,2,2,9,1,0
7_14,0,1,0,0,0,0,0,0,7_14_01_V01Y_0,Sonipat,2017,11,1,2,2,1,9,1,0
7_14,0,1,0,0,0,0,0,0,7_14_01_V01Y_0,Sonipat,2017,12,3,2,1,4,12,1,0
7_14,0,1,0,0,0,0,0,0,7_14_01_V01Y_0,Sonipat,2018,1,2,3,2,2,13,1,0
7_14,0,1,0,0,0,0,0,0,7_14_01_V01Y_0,Sonipat,2018,2,2,3,3,1,14,1,0
7_14,0,1,0,0,0,0,0,0,7_14_01_V01Y_0,Sonipat,2018,3,3,2,3,0,14,1,0
7_14,0,0,0,1,0,0,0,0,7_14_03_V01Y_0,Sonipat,2017,3,5,4,4,2,15,0,1
7_14,0,0,0,1,0,0,0,0,7_14_03_V01Y_0,Sonipat,2017,4,1,4,3,5,13,0,1
7_14,0,0,0,1,0,0,0,0,7_14_03_V01Y_0,Sonipat,2017,5,5,3,6,5,19,0,1
7_14,0,0,0,1,0,0,0,0,7_14_03_V01Y_0,Sonipat,2017,6,2,2,2,4,36,0,1
7_14,0,0,0,1,0,0,0,0,7_14_03_V01Y_0,Sonipat,2017,7,2,5,3,4,18,0,1
7_14,0,0,0,1,0,0,0,0,7_14_03_V01Y_0,Sonipat,2017,8,3,2,6,4,29,0,1
7_14,0,0,0,1,0,0,0,0,7_14_03_V01Y_0,Sonipat,2017,9,9,5,1,8,23,0,1
7_14,0,0,0,1,0,0,0,0,7_14_03_V01Y_0,Sonipat,2017,10,2,6,4,4,31,0,1
7_14,0,0,0,1,0,0,0,0,7_14_03_V01Y_0,Sonipat,2017,11,2,2,6,2,19,0,1
7_14,0,0,0,1,0,0,0,0,7_14_03_V01Y_0,Sonipat,2017,12,7,4,4,5,33,0,1
7_14,0,0,0,1,0,0,0,0,7_14_03_V01Y_0,Sonipat,2018,1,5,4,5,4,24,0,1
7_14,0,0,0,1,0,0,0,0,7_14_03_V01Y_0,Sonipat,2018,2,9,6,7,4,35,0,1
7_14,0,0,0,1,0,0,0,0,7_14_03_V01Y_0,Sonipat,2018,3,2,6,6,5,21,0,1
7_14,0,0,1,0,0,0,0,0,7_14_03_V02Y_0,Sonipat,2017,3,3,1,5,6,20,0,1
7_14,0,0,1,0,0,0,0,0,7_14_03_V02Y_0,Sonipat,2017,4,4,4,1,5,14,0,1
7_14,0,0,1,0,0,0,0,0,7_14_03_V02Y_0,Sonipat,2017,5,3,6,4,1,24,0,1
7_14,0,0,1,0,0,0,0,0,7_14_03_V02Y_0,Sonipat,2017,6,2,3,6,6,20,0,1
7_14,0,0,1,0,0,0,0,0,7_14_03_V02Y_0,Sonipat,2017,7,2,1,1,6,19,0,1
7_14,0,0,1,0,0,0,0,0,7_14_03_V02Y_0,Sonipat,2017,8,4,2,1,2,10,0,1
7_14,0,0,1,0,0,0,0,0,7_14_03_V02Y_0,Sonipat,2017,9,6,5,3,4,18,0,1
7_14,0,0,1,0,0,0,0,0,7_14_03_V02Y_0,Sonipat,2017,10,3,4,4,3,24,0,1
7_14,0,0,1,0,0,0,0,0,7_14_03_V02Y_0,Sonipat,2017,11,3,3,6,3,19,0,1
7_14,0,0,1,0,0,0,0,0,7_14_03_V02Y_0,Sonipat,2017,12,4,5,3,5,22,0,1
7_14,0,0,1,0,0,0,0,0,7_14_03_V02Y_0,Sonipat,2018,1,6,3,2,2,20,0,1
7_14,0,0,1,0,0,0,0,0,7_14_03_V02Y_0,Sonipat,2018,2,2,6,4,4,22,0,1
7_14,0,0,1,0,0,0,0,0,7_14_03_V02Y_0,Sonipat,2018,3,4,1,3,4,15,0,1
7_14,0,0,1,0,0,0,0,0,7_14_05_V01Y_0,Sonipat,2017,3,9,14,1,8,33,0,0
7_14,0,0,1,0,0,0,0,0,7_14_05_V01Y_0,Sonipat,2017,4,5,10,13,11,42,0,0
7_14,0,0,1,0,0,0,0,0,7_14_05_V01Y_0,Sonipat,2017,5,6,6,9,9,31,0,0
7_14,0,0,1,0,0,0,0,0,7_14_05_V01Y_0,Sonipat,2017,6,8,5,6,20,47,0,0
7_14,0,0,1,0,0,0,0,0,7_14_05_V01Y_0,Sonipat,2017,7,6,6,5,10,35,0,0
7_14,0,0,1,0,0,0,0,0,7_14_05_V01Y_0,Sonipat,2017,8,9,8,6,4,30,0,0
7_14,0,0,1,0,0,0,0,0,7_14_05_V01Y_0,Sonipat,2017,9,17,12,7,12,49,0,0
7_14,0,0,1,0,0,0,0,0,7_14_05_V01Y_0,Sonipat,2017,10,8,16,13,9,61,0,0
7_14,0,0,1,0,0,0,0,0,7_14_05_V01Y_0,Sonipat,2017,11,7,12,14,7,51,0,0
7_14,0,0,1,0,0,0,0,0,7_14_05_V01Y_0,Sonipat,2017,12,9,9,11,5,59,0,0
7_14,0,0,1,0,0,0,0,0,7_14_05_V01Y_0,Sonipat,2018,1,12,8,9,10,61,0,0
7_14,0,0,1,0,0,0,0,0,7_14_05_V01Y_0,Sonipat,2018,2,11,12,6,1,40,0,0
7_14,0,0,1,0,0,0,0,0,7_14_05_V01Y_0,Sonipat,2018,3,13,12,12,10,57,0,0
7_15,0,1,0,0,0,0,1,0,7_15_01_V04Y_0,Sonipat,2017,3,2,3,4,1,10,0,0
7_15,0,1,0,0,0,0,1,0,7_15_01_V04Y_0,Sonipat,2017,4,1,4,2,1,8,0,0
7_15,0,1,0,0,0,0,1,0,7_15_01_V04Y_0,Sonipat,2017,5,4,2,5,0,11,0,0
7_15,0,1,0,0,0,0,1,0,7_15_01_V04Y_0,Sonipat,2017,6,2,2,0,2,6,0,0
7_15,0,1,0,0,0,0,1,0,7_15_01_V04Y_0,Sonipat,2017,7,2,2,4,1,9,0,0
7_15,0,1,0,0,0,0,1,0,7_15_01_V04Y_0,Sonipat,2017,8,2,4,1,4,11,0,0
7_15,0,1,0,0,0,0,1,0,7_15_01_V04Y_0,Sonipat,2017,9,0,1,3,4,8,0,0
7_15,0,1,0,0,0,0,1,0,7_15_01_V04Y_0,Sonipat,2017,10,6,2,0,0,6,0,0
7_15,0,1,0,0,0,0,1,0,7_15_01_V04Y_0,Sonipat,2017,12,6,4,1,3,15,0,0
7_15,0,1,0,0,0,0,1,0,7_15_01_V04Y_0,Sonipat,2018,1,3,5,4,1,13,0,0
7_15,0,1,0,0,0,0,1,0,7_15_01_V04Y_0,Sonipat,2018,2,3,6,4,0,13,0,0
7_15,0,1,0,0,0,0,1,0,7_15_01_V04Y_0,Sonipat,2018,3,0,3,5,0,10,0,0
7_15,0,0,1,0,0,0,1,0,7_15_02_V01Y_0,Sonipat,2017,3,18,22,12,11,64,0,0
7_15,0,0,1,0,0,0,1,0,7_15_02_V01Y_0,Sonipat,2017,4,12,14,21,17,70,0,0
7_15,0,0,1,0,0,0,1,0,7_15_02_V01Y_0,Sonipat,2017,5,10,11,10,13,48,0,0
7_15,0,0,1,0,0,0,1,0,7_15_02_V01Y_0,Sonipat,2017,6,9,8,19,10,53,0,0
7_15,0,0,1,0,0,0,1,0,7_15_02_V01Y_0,Sonipat,2017,7,11,8,8,18,50,0,0
7_15,0,0,1,0,0,0,1,0,7_15_02_V01Y_0,Sonipat,2017,8,11,10,8,13,52,0,0
7_15,0,0,1,0,0,0,1,0,7_15_02_V01Y_0,Sonipat,2017,9,15,13,13,25,79,0,0
7_15,0,0,1,0,0,0,1,0,7_15_02_V01Y_0,Sonipat,2017,10,10,7,6,7,37,0,0
7_15,0,0,1,0,0,0,1,0,7_15_02_V01Y_0,Sonipat,2017,11,7,9,3,7,31,0,0
7_15,0,0,1,0,0,0,1,0,7_15_02_V01Y_0,Sonipat,2017,12,16,7,10,9,56,0,0
7_15,0,0,1,0,0,0,1,0,7_15_02_V01Y_0,Sonipat,2018,1,5,6,4,1,22,0,0
7_15,0,0,1,0,0,0,1,0,7_15_02_V01Y_0,Sonipat,2018,2,20,22,23,6,79,0,0
7_15,0,0,1,0,0,0,1,0,7_15_02_V01Y_0,Sonipat,2018,3,9,20,24,15,82,0,0
7_15,1,0,0,0,1,0,0,0,7_15_03_V01Y_0,Sonipat,2017,3,2,7,2,3,20,0,0
7_15,1,0,0,0,1,0,0,0,7_15_03_V01Y_0,Sonipat,2017,4,10,2,7,8,35,0,0
7_15,1,0,0,0,1,0,0,0,7_15_03_V01Y_0,Sonipat,2017,5,6,7,3,6,22,0,0
7_15,1,0,0,0,1,0,0,0,7_15_03_V01Y_0,Sonipat,2017,6,7,3,4,7,22,0,0
7_15,1,0,0,0,1,0,0,0,7_15_03_V01Y_0,Sonipat,2017,7,6,10,6,12,38,0,0
7_15,1,0,0,0,1,0,0,0,7_15_03_V01Y_0,Sonipat,2017,8,6,3,7,2,24,0,0
7_15,1,0,0,0,1,0,0,0,7_15_03_V01Y_0,Sonipat,2017,9,4,7,5,3,19,0,0
7_15,1,0,0,0,1,0,0,0,7_15_03_V01Y_0,Sonipat,2017,10,6,5,6,6,27,0,0
7_15,1,0,0,0,1,0,0,0,7_15_03_V01Y_0,Sonipat,2017,11,3,2,6,5,19,0,0
7_15,1,0,0,0,1,0,0,0,7_15_03_V01Y_0,Sonipat,2017,12,5,5,4,7,25,0,0
7_15,1,0,0,0,1,0,0,0,7_15_03_V01Y_0,Sonipat,2018,1,5,6,6,3,26,0,0
7_15,1,0,0,0,1,0,0,0,7_15_03_V01Y_0,Sonipat,2018,2,5,6,5,6,30,0,0
7_15,1,0,0,0,1,0,0,0,7_15_03_V01Y_0,Sonipat,2018,3,9,3,5,0,22,0,0
7_15,0,0,1,0,0,0,1,0,7_15_04_V02Y_0,Sonipat,2017,3,6,13,11,7,40,0,0
7_15,0,0,1,0,0,0,1,0,7_15_04_V02Y_0,Sonipat,2017,4,17,12,13,12,57,0,0
7_15,0,0,1,0,0,0,1,0,7_15_04_V02Y_0,Sonipat,2017,5,9,9,12,6,37,0,0
7_15,0,0,1,0,0,0,1,0,7_15_04_V02Y_0,Sonipat,2017,6,7,8,8,11,35,0,0
7_15,0,0,1,0,0,0,1,0,7_15_04_V02Y_0,Sonipat,2017,7,10,15,8,17,55,0,0
7_15,0,0,1,0,0,0,1,0,7_15_04_V02Y_0,Sonipat,2017,8,8,12,12,8,44,0,0
7_15,0,0,1,0,0,0,1,0,7_15_04_V02Y_0,Sonipat,2017,9,7,7,11,13,41,0,0
7_15,0,0,1,0,0,0,1,0,7_15_04_V02Y_0,Sonipat,2017,10,7,5,10,13,38,0,0
7_15,0,0,1,0,0,0,1,0,7_15_04_V02Y_0,Sonipat,2017,11,6,6,5,8,30,0,0
7_15,0,0,1,0,0,0,1,0,7_15_04_V02Y_0,Sonipat,2017,12,8,11,7,8,41,0,0
7_15,0,0,1,0,0,0,1,0,7_15_04_V02Y_0,Sonipat,2018,1,13,11,5,8,45,0,0
7_15,0,0,1,0,0,0,1,0,7_15_04_V02Y_0,Sonipat,2018,2,13,16,7,5,50,0,0
7_15,0,0,1,0,0,0,1,0,7_15_04_V02Y_0,Sonipat,2018,3,12,13,18,7,55,0,0
7_15,1,0,0,0,1,0,0,0,7_15_06_V03Y_0,Sonipat,2017,3,4,3,3,4,15,1,0
7_15,1,0,0,0,1,0,0,0,7_15_06_V03Y_0,Sonipat,2017,4,0,3,4,2,11,1,0
7_15,1,0,0,0,1,0,0,0,7_15_06_V03Y_0,Sonipat,2017,5,1,1,3,1,9,1,0
7_15,1,0,0,0,1,0,0,0,7_15_06_V03Y_0,Sonipat,2017,6,1,1,2,2,10,1,0
7_15,1,0,0,0,1,0,0,0,7_15_06_V03Y_0,Sonipat,2017,7,5,0,1,3,9,1,0
7_15,1,0,0,0,1,0,0,0,7_15_06_V03Y_0,Sonipat,2017,8,3,4,0,4,12,1,0
7_15,1,0,0,0,1,0,0,0,7_15_06_V03Y_0,Sonipat,2017,9,3,3,1,5,15,1,0
7_15,1,0,0,0,1,0,0,0,7_15_06_V03Y_0,Sonipat,2017,10,4,4,3,3,14,1,0
7_15,1,0,0,0,1,0,0,0,7_15_06_V03Y_0,Sonipat,2017,11,0,0,0,1,2,1,0
7_15,1,0,0,0,1,0,0,0,7_15_06_V03Y_0,Sonipat,2017,12,8,5,5,2,26,1,0
7_15,1,0,0,0,1,0,0,0,7_15_06_V03Y_0,Sonipat,2018,1,4,5,6,1,19,1,0
7_15,1,0,0,0,1,0,0,0,7_15_06_V03Y_0,Sonipat,2018,2,3,7,3,2,18,1,0
7_15,1,0,0,0,1,0,0,0,7_15_06_V03Y_0,Sonipat,2018,3,6,2,5,5,21,1,0
7_16,0,0,1,0,0,1,0,0,7_16_01_V01Y_0,Sonipat,2017,3,1,1,4,2,8,0,1
7_16,0,0,1,0,0,1,0,0,7_16_01_V01Y_0,Sonipat,2017,4,2,1,1,2,7,0,1
7_16,0,0,1,0,0,1,0,0,7_16_01_V01Y_0,Sonipat,2017,5,0,3,1,0,7,0,1
7_16,0,0,1,0,0,1,0,0,7_16_01_V01Y_0,Sonipat,2017,6,4,0,2,0,6,0,1
7_16,0,0,1,0,0,1,0,0,7_16_01_V01Y_0,Sonipat,2017,7,0,4,0,4,10,0,1
7_16,0,0,1,0,0,1,0,0,7_16_01_V01Y_0,Sonipat,2017,8,2,0,4,0,6,0,1
7_16,0,0,1,0,0,1,0,0,7_16_01_V01Y_0,Sonipat,2017,9,2,2,0,3,9,0,1
7_16,0,0,1,0,0,1,0,0,7_16_01_V01Y_0,Sonipat,2017,10,2,2,1,1,7,0,1
7_16,0,0,1,0,0,1,0,0,7_16_01_V01Y_0,Sonipat,2017,11,0,1,1,3,9,0,1
7_16,0,0,1,0,0,1,0,0,7_16_01_V01Y_0,Sonipat,2017,12,2,0,2,1,7,0,1
7_16,0,0,1,0,0,1,0,0,7_16_01_V01Y_0,Sonipat,2018,1,1,2,1,0,4,0,1
7_16,0,0,1,0,0,1,0,0,7_16_01_V01Y_0,Sonipat,2018,2,2,1,2,4,11,0,1
7_16,0,0,1,0,0,1,0,0,7_16_01_V01Y_0,Sonipat,2018,3,0,0,1,0,2,0,1
7_16,0,0,0,1,1,0,0,0,7_16_02_V01Y_0,Sonipat,2017,3,1,0,3,1,5,0,1
7_16,0,0,0,1,1,0,0,0,7_16_02_V01Y_0,Sonipat,2017,4,0,1,0,0,1,0,1
7_16,0,0,0,1,1,0,0,0,7_16_02_V01Y_0,Sonipat,2017,5,1,0,1,0,3,0,1
7_16,0,0,0,1,1,0,0,0,7_16_02_V01Y_0,Sonipat,2017,6,1,0,0,1,2,0,1
7_16,0,0,0,1,1,0,0,0,7_16_02_V01Y_0,Sonipat,2017,7,0,1,0,2,5,0,1
7_16,0,0,0,1,1,0,0,0,7_16_02_V01Y_0,Sonipat,2017,8,2,0,1,2,5,0,1
7_16,0,0,0,1,1,0,0,0,7_16_02_V01Y_0,Sonipat,2017,9,0,0,0,1,1,0,1
7_16,0,0,0,1,1,0,0,0,7_16_02_V01Y_0,Sonipat,2017,10,0,3,0,1,6,0,1
7_16,0,0,0,1,1,0,0,0,7_16_02_V01Y_0,Sonipat,2017,11,1,0,2,0,3,0,1
7_16,0,0,0,1,1,0,0,0,7_16_02_V01Y_0,Sonipat,2017,12,2,1,1,0,4,0,1
7_16,0,0,0,1,1,0,0,0,7_16_02_V01Y_0,Sonipat,2018,1,0,2,1,0,3,0,1
7_16,0,0,0,1,1,0,0,0,7_16_02_V01Y_0,Sonipat,2018,2,0,0,2,1,4,0,1
7_16,0,0,0,1,1,0,0,0,7_16_02_V01Y_0,Sonipat,2018,3,1,0,0,0,2,0,1
7_16,1,0,0,0,1,0,0,0,7_16_02_V02Y_0,Sonipat,2017,3,1,1,0,1,3,0,1
7_16,1,0,0,0,1,0,0,0,7_16_02_V02Y_0,Sonipat,2017,4,0,0,1,1,2,0,1
7_16,1,0,0,0,1,0,0,0,7_16_02_V02Y_0,Sonipat,2017,5,1,0,0,0,1,0,1
7_16,1,0,0,0,1,0,0,0,7_16_02_V02Y_0,Sonipat,2017,6,1,0,0,2,3,0,1
7_16,1,0,0,0,1,0,0,0,7_16_02_V02Y_0,Sonipat,2017,7,0,2,0,1,3,0,1
7_16,1,0,0,0,1,0,0,0,7_16_02_V02Y_0,Sonipat,2017,8,2,0,2,0,5,0,1
7_16,1,0,0,0,1,0,0,0,7_16_02_V02Y_0,Sonipat,2017,9,3,3,0,2,8,0,1
7_16,1,0,0,0,1,0,0,0,7_16_02_V02Y_0,Sonipat,2017,10,1,1,3,0,5,0,1
7_16,1,0,0,0,1,0,0,0,7_16_02_V02Y_0,Sonipat,2017,11,2,2,1,0,6,0,1
7_16,1,0,0,0,1,0,0,0,7_16_02_V02Y_0,Sonipat,2017,12,3,2,2,1,10,0,1
7_16,1,0,0,0,1,0,0,0,7_16_02_V02Y_0,Sonipat,2018,1,1,2,2,0,5,0,1
7_16,1,0,0,0,1,0,0,0,7_16_02_V02Y_0,Sonipat,2018,2,1,1,2,0,5,0,1
7_16,1,0,0,0,1,0,0,0,7_16_02_V02Y_0,Sonipat,2018,3,0,1,2,3,7,0,1
7_16,0,0,0,1,0,0,1,0,7_16_03_V01Y_0,Sonipat,2017,3,4,10,5,7,30,1,0
7_16,0,0,0,1,0,0,1,0,7_16_03_V01Y_0,Sonipat,2017,4,7,4,8,5,27,1,0
7_16,0,0,0,1,0,0,1,0,7_16_03_V01Y_0,Sonipat,2017,5,8,6,3,9,26,1,0
7_16,0,0,0,1,0,0,1,0,7_16_03_V01Y_0,Sonipat,2017,6,2,6,4,9,20,1,0
7_16,0,0,0,1,0,0,1,0,7_16_03_V01Y_0,Sonipat,2017,7,6,5,5,6,21,1,0
7_16,0,0,0,1,0,0,1,0,7_16_03_V01Y_0,Sonipat,2017,8,6,2,5,6,22,1,0
7_16,0,0,0,1,0,0,1,0,7_16_03_V01Y_0,Sonipat,2017,9,7,6,2,6,26,1,0
7_16,0,0,0,1,0,0,1,0,7_16_03_V01Y_0,Sonipat,2017,10,11,10,5,6,33,1,0
7_16,0,0,0,1,0,0,1,0,7_16_03_V01Y_0,Sonipat,2017,11,5,10,8,5,33,1,0
7_16,0,0,0,1,0,0,1,0,7_16_03_V01Y_0,Sonipat,2017,12,3,9,7,4,26,1,0
7_16,0,0,0,1,0,0,1,0,7_16_03_V01Y_0,Sonipat,2018,1,7,6,9,6,37,1,0
7_16,0,0,0,1,0,0,1,0,7_16_03_V01Y_0,Sonipat,2018,2,10,7,7,2,36,1,0
7_16,0,0,0,1,0,0,1,0,7_16_03_V01Y_0,Sonipat,2018,3,9,6,6,5,36,1,0
7_17,0,0,1,0,1,0,0,0,7_17_01_V01Y_0,Sonipat,2017,3,3,8,3,6,23,0,1
7_17,0,0,1,0,1,0,0,0,7_17_01_V01Y_0,Sonipat,2017,4,5,7,5,3,22,0,1
7_17,0,0,1,0,1,0,0,0,7_17_01_V01Y_0,Sonipat,2017,5,6,3,5,4,21,0,1
7_17,0,0,1,0,1,0,0,0,7_17_01_V01Y_0,Sonipat,2017,6,7,5,7,2,22,0,1
7_17,0,0,1,0,1,0,0,0,7_17_01_V01Y_0,Sonipat,2017,7,2,7,4,9,25,0,1
7_17,0,0,1,0,1,0,0,0,7_17_01_V01Y_0,Sonipat,2017,8,3,6,6,9,24,0,1
7_17,0,0,1,0,1,0,0,0,7_17_01_V01Y_0,Sonipat,2017,9,3,3,5,2,17,0,1
7_17,0,0,1,0,1,0,0,0,7_17_01_V01Y_0,Sonipat,2017,10,6,3,7,7,30,0,1
7_17,0,0,1,0,1,0,0,0,7_17_01_V01Y_0,Sonipat,2017,11,1,6,2,2,17,0,1
7_17,0,0,1,0,1,0,0,0,7_17_01_V01Y_0,Sonipat,2017,12,13,1,8,6,31,0,1
7_17,0,0,1,0,1,0,0,0,7_17_01_V01Y_0,Sonipat,2018,1,5,10,2,6,25,0,1
7_17,0,0,1,0,1,0,0,0,7_17_01_V01Y_0,Sonipat,2018,2,2,6,8,5,36,0,1
7_17,0,0,1,0,1,0,0,0,7_17_01_V01Y_0,Sonipat,2018,3,4,3,2,6,21,0,1
7_17,0,0,0,1,1,0,0,0,7_17_01_V02Y_0,Sonipat,2017,3,3,2,2,2,9,0,1
7_17,0,0,0,1,1,0,0,0,7_17_01_V02Y_0,Sonipat,2017,4,2,3,1,0,6,0,1
7_17,0,0,0,1,1,0,0,0,7_17_01_V02Y_0,Sonipat,2017,5,3,3,3,5,17,0,1
7_17,0,0,0,1,1,0,0,0,7_17_01_V02Y_0,Sonipat,2017,6,4,2,2,2,11,0,1
7_17,0,0,0,1,1,0,0,0,7_17_01_V02Y_0,Sonipat,2017,7,3,4,2,2,12,0,1
7_17,0,0,0,1,1,0,0,0,7_17_01_V02Y_0,Sonipat,2017,8,3,7,2,2,16,0,1
7_17,0,0,0,1,1,0,0,0,7_17_01_V02Y_0,Sonipat,2017,9,1,2,9,1,13,0,1
7_17,0,0,0,1,1,0,0,0,7_17_01_V02Y_0,Sonipat,2017,10,2,2,4,1,10,0,1
7_17,0,0,0,1,1,0,0,0,7_17_01_V02Y_0,Sonipat,2017,11,1,2,0,6,10,0,1
7_17,0,0,0,1,1,0,0,0,7_17_01_V02Y_0,Sonipat,2017,12,3,4,0,2,14,0,1
7_17,0,0,0,1,1,0,0,0,7_17_01_V02Y_0,Sonipat,2018,1,1,1,2,2,8,0,1
7_17,0,0,0,1,1,0,0,0,7_17_01_V02Y_0,Sonipat,2018,2,1,2,5,5,17,0,1
7_17,0,0,0,1,1,0,0,0,7_17_01_V02Y_0,Sonipat,2018,3,4,0,5,2,13,0,1
7_17,0,1,0,0,1,0,0,0,7_17_02_V01Y_1,Sonipat,2017,3,14,20,14,12,66,0,1
7_17,0,1,0,0,1,0,0,0,7_17_02_V01Y_1,Sonipat,2017,4,12,15,27,19,75,0,1
7_17,0,1,0,0,1,0,0,0,7_17_02_V01Y_1,Sonipat,2017,5,5,9,12,13,45,0,1
7_17,0,1,0,0,1,0,0,0,7_17_02_V01Y_1,Sonipat,2017,6,11,10,11,21,60,0,1
7_17,0,1,0,0,1,0,0,0,7_17_02_V01Y_1,Sonipat,2017,7,8,5,8,13,45,0,1
7_17,0,1,0,0,1,0,0,0,7_17_02_V01Y_1,Sonipat,2017,8,16,10,5,15,55,0,1
7_17,0,1,0,0,1,0,0,0,7_17_02_V01Y_1,Sonipat,2017,9,4,4,4,10,22,0,1
7_17,0,1,0,0,1,0,0,0,7_17_02_V01Y_1,Sonipat,2017,10,2,3,3,5,18,0,1
7_17,0,1,0,0,1,0,0,0,7_17_02_V01Y_1,Sonipat,2017,11,,,,,15,0,1
7_17,0,1,0,0,1,0,0,0,7_17_02_V01Y_1,Sonipat,2017,12,11,6,10,8,44,0,1
7_17,0,1,0,0,1,0,0,0,7_17_02_V01Y_1,Sonipat,2018,1,26,19,15,9,68,0,1
7_17,0,1,0,0,1,0,0,0,7_17_02_V01Y_1,Sonipat,2018,2,28,33,18,15,101,0,1
7_17,0,1,0,0,1,0,0,0,7_17_02_V01Y_1,Sonipat,2018,3,15,32,26,12,101,0,1
7_17,0,1,0,0,1,0,0,0,7_17_03_V01Y_1,Sonipat,2017,3,22,11,13,16,65,1,0
7_17,0,1,0,0,1,0,0,0,7_17_03_V01Y_1,Sonipat,2017,4,26,13,16,17,79,1,0
7_17,0,1,0,0,1,0,0,0,7_17_03_V01Y_1,Sonipat,2017,5,15,24,13,17,77,1,0
7_17,0,1,0,0,1,0,0,0,7_17_03_V01Y_1,Sonipat,2017,6,12,12,20,9,58,1,0
7_17,0,1,0,0,1,0,0,0,7_17_03_V01Y_1,Sonipat,2017,7,11,10,15,15,62,1,0
7_17,0,1,0,0,1,0,0,0,7_17_03_V01Y_1,Sonipat,2017,8,18,14,7,16,68,1,0
7_17,0,1,0,0,1,0,0,0,7_17_03_V01Y_1,Sonipat,2017,9,12,9,11,14,52,1,0
7_17,0,1,0,0,1,0,0,0,7_17_03_V01Y_1,Sonipat,2017,10,16,10,7,6,42,1,0
7_17,0,1,0,0,1,0,0,0,7_17_03_V01Y_1,Sonipat,2017,11,30,26,17,23,120,1,0
7_17,0,1,0,0,1,0,0,0,7_17_03_V01Y_1,Sonipat,2017,12,18,17,24,9,99,1,0
7_17,0,1,0,0,1,0,0,0,7_17_03_V01Y_1,Sonipat,2018,1,19,12,13,8,84,1,0
7_17,0,1,0,0,1,0,0,0,7_17_03_V01Y_1,Sonipat,2018,2,20,20,20,14,105,1,0
7_17,0,1,0,0,1,0,0,0,7_17_03_V01Y_1,Sonipat,2018,3,8,15,14,7,63,1,0
7_18,0,0,1,0,0,0,1,0,7_18_01_V02Y_0,Sonipat,2017,3,6,1,4,0,11,1,0
7_18,0,0,1,0,0,0,1,0,7_18_01_V02Y_0,Sonipat,2017,4,6,4,2,2,14,1,0
7_18,0,0,1,0,0,0,1,0,7_18_01_V02Y_0,Sonipat,2017,5,0,6,4,0,10,1,0
7_18,0,0,1,0,0,0,1,0,7_18_01_V02Y_0,Sonipat,2017,6,1,3,5,8,18,1,0
7_18,1,0,0,0,0,0,0,1,7_18_02_V01Y_0,Sonipat,2017,3,1,1,1,5,9,1,0
7_18,1,0,0,0,0,0,0,1,7_18_02_V01Y_0,Sonipat,2017,4,5,2,2,7,18,1,0
7_18,1,0,0,0,0,0,0,1,7_18_02_V01Y_0,Sonipat,2017,5,5,5,1,4,15,1,0
7_18,1,0,0,0,0,0,0,1,7_18_02_V01Y_0,Sonipat,2017,6,2,3,3,7,15,1,0
7_18,1,0,0,0,0,0,0,1,7_18_02_V01Y_0,Sonipat,2017,7,2,4,4,3,15,1,0
7_18,1,0,0,0,0,0,0,1,7_18_02_V01Y_0,Sonipat,2017,8,5,2,7,1,17,1,0
7_18,1,0,0,0,0,0,0,1,7_18_02_V01Y_0,Sonipat,2017,9,7,1,2,2,18,1,0
7_18,1,0,0,0,0,0,0,1,7_18_02_V01Y_0,Sonipat,2017,10,7,6,0,1,15,1,0
7_18,1,0,0,0,0,0,0,1,7_18_02_V01Y_0,Sonipat,2017,11,3,4,5,2,15,1,0
7_18,1,0,0,0,0,0,0,1,7_18_02_V01Y_0,Sonipat,2017,12,6,5,3,6,25,1,0
7_18,1,0,0,0,0,0,0,1,7_18_02_V01Y_0,Sonipat,2018,1,2,7,5,4,24,1,0
7_18,1,0,0,0,0,0,0,1,7_18_02_V01Y_0,Sonipat,2018,2,3,2,7,1,21,1,0
7_18,1,0,0,0,0,0,0,1,7_18_02_V01Y_0,Sonipat,2018,3,4,2,2,5,16,1,0
7_18,0,0,0,1,0,0,1,0,7_18_03_V01Y_0,Sonipat,2017,3,14,17,20,13,68,0,0
7_18,0,0,0,1,0,0,1,0,7_18_03_V01Y_0,Sonipat,2017,4,15,18,17,10,60,0,0
7_18,0,0,0,1,0,0,1,0,7_18_03_V01Y_0,Sonipat,2017,5,9,16,11,17,52,0,0
7_18,0,0,0,1,0,0,1,0,7_18_03_V01Y_0,Sonipat,2017,6,9,9,21,11,47,0,0
7_18,0,0,0,1,0,0,1,0,7_18_03_V01Y_0,Sonipat,2017,7,14,4,13,18,51,0,0
7_18,0,0,0,1,0,0,1,0,7_18_03_V01Y_0,Sonipat,2017,8,8,12,4,15,39,0,0
7_18,0,0,0,1,0,0,1,0,7_18_03_V01Y_0,Sonipat,2017,9,16,10,11,28,61,0,0
7_18,0,0,0,1,0,0,1,0,7_18_03_V01Y_0,Sonipat,2017,10,12,9,12,10,44,0,0
7_18,0,0,0,1,0,0,1,0,7_18_03_V01Y_0,Sonipat,2017,11,17,11,11,12,53,0,0
7_18,0,0,0,1,0,0,1,0,7_18_03_V01Y_0,Sonipat,2017,12,16,13,10,8,59,0,0
7_18,0,0,0,1,0,0,1,0,7_18_03_V01Y_0,Sonipat,2018,1,8,15,6,9,42,0,0
7_18,0,0,0,1,0,0,1,0,7_18_03_V01Y_0,Sonipat,2018,2,13,16,13,11,68,0,0
7_18,0,0,0,1,0,0,1,0,7_18_03_V01Y_0,Sonipat,2018,3,6,24,16,10,63,0,0
7_19,0,0,1,0,0,0,0,0,7_19_02_V01Y_0,Sonipat,2017,3,5,6,9,5,27,1,0
7_19,0,0,1,0,0,0,0,0,7_19_02_V01Y_0,Sonipat,2017,4,7,6,10,15,44,1,0
7_19,0,0,1,0,0,0,0,0,7_19_02_V01Y_0,Sonipat,2017,5,7,9,8,7,43,1,0
7_19,0,0,1,0,0,0,0,0,7_19_02_V01Y_0,Sonipat,2017,6,5,8,6,11,43,1,0
7_19,0,0,1,0,0,0,0,0,7_19_02_V01Y_0,Sonipat,2017,7,4,6,6,13,39,1,0
7_19,0,0,1,0,0,0,0,0,7_19_02_V01Y_0,Sonipat,2017,8,4,7,3,7,31,1,0
7_19,0,0,1,0,0,0,0,0,7_19_02_V01Y_0,Sonipat,2017,9,6,5,13,7,42,1,0
7_19,0,0,1,0,0,0,0,0,7_19_02_V01Y_0,Sonipat,2017,10,15,7,5,7,45,1,0
7_19,0,0,1,0,0,0,0,0,7_19_02_V01Y_0,Sonipat,2017,11,7,5,6,5,33,1,0
7_19,0,0,1,0,0,0,0,0,7_19_02_V01Y_0,Sonipat,2017,12,10,17,8,8,54,1,0
7_19,0,0,1,0,0,0,0,0,7_19_02_V01Y_0,Sonipat,2018,1,4,8,11,2,46,1,0
7_19,0,0,1,0,0,0,0,0,7_19_02_V01Y_0,Sonipat,2018,2,15,7,12,11,67,1,0
7_19,0,0,1,0,0,0,0,0,7_19_02_V01Y_0,Sonipat,2018,3,10,6,3,6,43,1,0
7_19,1,0,0,0,0,0,0,0,7_19_03_V02Y_0,Sonipat,2017,3,10,3,5,7,25,0,1
7_19,1,0,0,0,0,0,0,0,7_19_03_V02Y_0,Sonipat,2017,4,8,11,4,3,27,0,1
7_19,1,0,0,0,0,0,0,0,7_19_03_V02Y_0,Sonipat,2017,5,7,5,12,5,29,0,1
7_19,1,0,0,0,0,0,0,0,7_19_03_V02Y_0,Sonipat,2017,6,4,8,5,6,23,0,1
7_19,1,0,0,0,0,0,0,0,7_19_03_V02Y_0,Sonipat,2017,7,4,2,6,11,24,0,1
7_19,1,0,0,0,0,0,0,0,7_19_03_V02Y_0,Sonipat,2017,8,7,5,4,9,25,0,1
7_19,1,0,0,0,0,0,0,0,7_19_03_V02Y_0,Sonipat,2017,9,5,5,4,2,16,0,1
7_19,1,0,0,0,0,0,0,0,7_19_03_V02Y_0,Sonipat,2017,10,7,6,4,10,30,0,1
7_19,1,0,0,0,0,0,0,0,7_19_03_V02Y_0,Sonipat,2017,11,2,8,3,3,17,0,1
7_19,1,0,0,0,0,0,0,0,7_19_03_V02Y_0,Sonipat,2017,12,7,3,7,8,26,0,1
7_19,1,0,0,0,0,0,0,0,7_19_03_V02Y_0,Sonipat,2018,1,1,5,2,4,18,0,1
7_19,1,0,0,0,0,0,0,0,7_19_03_V02Y_0,Sonipat,2018,2,6,4,7,2,27,0,1
7_19,1,0,0,0,0,0,0,0,7_19_03_V02Y_0,Sonipat,2018,3,6,7,2,3,19,0,1
7_19,0,0,1,0,0,0,0,0,7_19_04_V01Y_0,Sonipat,2017,3,6,7,4,5,26,0,1
7_19,0,0,1,0,0,0,0,0,7_19_04_V01Y_0,Sonipat,2017,4,10,8,8,7,35,0,1
7_19,0,0,1,0,0,0,0,0,7_19_04_V01Y_0,Sonipat,2017,5,5,8,6,8,29,0,1
7_19,0,0,1,0,0,0,0,0,7_19_04_V01Y_0,Sonipat,2017,6,5,3,8,5,32,0,1
7_19,0,0,1,0,0,0,0,0,7_19_04_V01Y_0,Sonipat,2017,7,5,8,2,8,33,0,1
7_19,0,0,1,0,0,0,0,0,7_19_04_V01Y_0,Sonipat,2017,8,5,2,9,4,30,0,1
7_19,0,0,1,0,0,0,0,0,7_19_04_V01Y_0,Sonipat,2017,9,5,4,3,5,27,0,1
7_19,0,0,1,0,0,0,0,0,7_19_04_V01Y_0,Sonipat,2017,10,4,2,5,6,30,0,1
7_19,0,0,1,0,0,0,0,0,7_19_04_V01Y_0,Sonipat,2017,11,8,3,2,3,28,0,1
7_19,0,0,1,0,0,0,0,0,7_19_04_V01Y_0,Sonipat,2017,12,14,6,1,12,43,0,1
7_19,0,0,1,0,0,0,0,0,7_19_04_V01Y_0,Sonipat,2018,1,9,9,7,6,40,0,1
7_19,0,0,1,0,0,0,0,0,7_19_04_V01Y_0,Sonipat,2018,2,7,8,7,4,35,0,1
7_19,0,0,1,0,0,0,0,0,7_19_04_V01Y_0,Sonipat,2018,3,5,8,6,3,25,0,1
7_19,1,0,0,0,0,0,0,0,7_19_05_V01Y_0,Sonipat,2017,3,2,4,3,0,9,0,1
7_19,1,0,0,0,0,0,0,0,7_19_05_V01Y_0,Sonipat,2017,4,3,2,2,5,14,0,1
7_19,1,0,0,0,0,0,0,0,7_19_05_V01Y_0,Sonipat,2017,5,0,2,3,3,8,0,1
7_19,1,0,0,0,0,0,0,0,7_19_05_V01Y_0,Sonipat,2017,6,2,2,1,2,9,0,1
7_19,1,0,0,0,0,0,0,0,7_19_05_V01Y_0,Sonipat,2017,7,4,3,2,2,12,0,1
7_19,1,0,0,0,0,0,0,0,7_19_05_V01Y_0,Sonipat,2017,8,3,1,6,8,19,0,1
7_19,1,0,0,0,0,0,0,0,7_19_05_V01Y_0,Sonipat,2017,9,6,5,2,8,24,0,1
7_19,1,0,0,0,0,0,0,0,7_19_05_V01Y_0,Sonipat,2017,10,1,6,4,7,19,0,1
7_19,1,0,0,0,0,0,0,0,7_19_05_V01Y_0,Sonipat,2017,11,3,0,7,4,17,0,1
7_19,1,0,0,0,0,0,0,0,7_19_05_V01Y_0,Sonipat,2017,12,6,3,1,6,19,0,1
7_19,1,0,0,0,0,0,0,0,7_19_05_V01Y_0,Sonipat,2018,1,4,9,1,1,21,0,1
7_19,1,0,0,0,0,0,0,0,7_19_05_V01Y_0,Sonipat,2018,2,7,3,3,4,21,0,1
7_19,1,0,0,0,0,0,0,0,7_19_05_V01Y_0,Sonipat,2018,3,3,7,7,5,23,0,1
7_19,0,1,0,0,0,0,0,0,7_19_05_V02Y_0,Sonipat,2017,3,3,2,5,1,12,0,1
7_19,0,1,0,0,0,0,0,0,7_19_05_V02Y_0,Sonipat,2017,4,2,2,2,3,9,0,1
7_19,0,1,0,0,0,0,0,0,7_19_05_V02Y_0,Sonipat,2017,5,1,2,0,0,4,0,1
7_19,0,1,0,0,0,0,0,0,7_19_05_V02Y_0,Sonipat,2017,6,3,1,3,2,10,0,1
7_19,0,1,0,0,0,0,0,0,7_19_05_V02Y_0,Sonipat,2017,7,1,3,0,2,6,0,1
7_19,0,1,0,0,0,0,0,0,7_19_05_V02Y_0,Sonipat,2017,8,0,2,4,3,9,0,1
7_19,0,1,0,0,0,0,0,0,7_19_05_V02Y_0,Sonipat,2017,9,1,1,2,1,5,0,1
7_19,0,1,0,0,0,0,0,0,7_19_05_V02Y_0,Sonipat,2017,10,0,0,1,4,7,0,1
7_19,0,1,0,0,0,0,0,0,7_19_05_V02Y_0,Sonipat,2017,11,1,0,0,0,1,0,1
7_19,0,1,0,0,0,0,0,0,7_19_05_V02Y_0,Sonipat,2017,12,2,2,0,0,5,0,1
7_19,0,1,0,0,0,0,0,0,7_19_05_V02Y_0,Sonipat,2018,1,2,3,1,3,11,0,1
7_19,0,1,0,0,0,0,0,0,7_19_05_V02Y_0,Sonipat,2018,2,4,2,3,2,15,0,1
7_19,0,1,0,0,0,0,0,0,7_19_05_V02Y_0,Sonipat,2018,3,2,4,1,1,8,0,1
7_20,0,0,0,1,1,0,0,0,7_20_02_V01Y_0,Sonipat,2017,3,8,5,7,8,28,0,1
7_20,0,0,0,1,1,0,0,0,7_20_02_V01Y_0,Sonipat,2017,4,7,6,5,6,24,0,1
7_20,0,0,0,1,1,0,0,0,7_20_02_V01Y_0,Sonipat,2017,5,8,6,4,3,21,0,1
7_20,0,0,0,1,1,0,0,0,7_20_02_V01Y_0,Sonipat,2017,6,1,6,7,10,26,0,1
7_20,0,0,0,1,1,0,0,0,7_20_02_V01Y_0,Sonipat,2017,7,5,2,7,12,27,0,1
7_20,0,0,0,1,1,0,0,0,7_20_02_V01Y_0,Sonipat,2017,8,3,6,3,8,21,0,1
7_20,0,0,0,1,1,0,0,0,7_20_02_V01Y_0,Sonipat,2017,9,7,4,6,6,26,0,1
7_20,0,0,0,1,1,0,0,0,7_20_02_V01Y_0,Sonipat,2017,10,8,5,2,8,23,0,1
7_20,0,0,0,1,1,0,0,0,7_20_02_V01Y_0,Sonipat,2017,11,10,8,5,5,32,0,1
7_20,0,0,0,1,1,0,0,0,7_20_02_V01Y_0,Sonipat,2017,12,9,6,8,5,31,0,1
7_20,0,0,0,1,1,0,0,0,7_20_02_V01Y_0,Sonipat,2018,1,2,7,5,3,26,0,1
7_20,0,0,0,1,1,0,0,0,7_20_02_V01Y_0,Sonipat,2018,2,3,4,10,7,32,0,1
7_20,0,0,0,1,1,0,0,0,7_20_02_V01Y_0,Sonipat,2018,3,12,4,3,5,33,0,1
7_20,0,0,1,0,0,1,0,0,7_20_03_V01Y_0,Sonipat,2017,3,2,2,0,0,5,0,1
7_20,0,0,1,0,0,1,0,0,7_20_03_V01Y_0,Sonipat,2017,4,5,1,5,1,12,0,1
7_20,0,0,1,0,0,1,0,0,7_20_03_V01Y_0,Sonipat,2017,5,1,3,2,4,10,0,1
7_20,0,0,1,0,0,1,0,0,7_20_03_V01Y_0,Sonipat,2017,6,0,0,3,3,7,0,1
7_20,0,0,1,0,0,1,0,0,7_20_03_V01Y_0,Sonipat,2017,7,1,1,0,0,2,0,1
7_20,0,0,1,0,0,1,0,0,7_20_03_V01Y_0,Sonipat,2017,8,0,4,2,2,7,0,1
7_20,0,0,1,0,0,1,0,0,7_20_03_V01Y_0,Sonipat,2017,9,3,2,2,3,9,0,1
7_20,0,0,1,0,0,1,0,0,7_20_03_V01Y_0,Sonipat,2017,10,0,0,2,3,5,0,1
7_20,0,0,1,0,0,1,0,0,7_20_03_V01Y_0,Sonipat,2017,11,0,1,0,0,2,0,1
7_20,0,0,1,0,0,1,0,0,7_20_03_V01Y_0,Sonipat,2017,12,2,0,1,3,6,0,1
7_20,0,0,1,0,0,1,0,0,7_20_03_V01Y_0,Sonipat,2018,1,2,0,0,0,2,0,1
7_20,0,0,1,0,0,1,0,0,7_20_03_V01Y_0,Sonipat,2018,2,3,5,1,1,10,0,1
7_20,0,0,1,0,0,1,0,0,7_20_03_V01Y_0,Sonipat,2018,3,0,2,2,2,10,0,1
7_21,0,0,1,0,0,0,1,0,7_21_03_V03Y_0,Sonipat,2017,3,5,1,1,2,11,0,0
7_21,0,0,1,0,0,0,1,0,7_21_03_V03Y_0,Sonipat,2017,4,5,4,6,3,20,0,0
7_21,0,0,1,0,0,0,1,0,7_21_03_V03Y_0,Sonipat,2017,5,2,7,8,2,22,0,0
7_21,0,0,1,0,0,0,1,0,7_21_03_V03Y_0,Sonipat,2017,6,5,2,7,6,22,0,0
7_21,0,0,1,0,0,0,1,0,7_21_03_V03Y_0,Sonipat,2017,7,5,4,4,2,17,0,0
7_21,0,0,1,0,0,0,1,0,7_21_03_V03Y_0,Sonipat,2017,8,4,5,2,6,19,0,0
7_21,0,0,1,0,0,0,1,0,7_21_03_V03Y_0,Sonipat,2017,9,8,4,8,7,33,0,0
7_21,0,0,1,0,0,0,1,0,7_21_03_V03Y_0,Sonipat,2017,10,6,4,4,3,19,0,0
7_21,0,0,1,0,0,0,1,0,7_21_03_V03Y_0,Sonipat,2017,11,5,8,2,3,18,0,0
7_21,0,0,1,0,0,0,1,0,7_21_03_V03Y_0,Sonipat,2017,12,2,5,6,9,27,0,0
7_21,0,0,1,0,0,0,1,0,7_21_03_V03Y_0,Sonipat,2018,1,6,1,6,2,19,0,0
7_21,0,0,1,0,0,0,1,0,7_21_03_V03Y_0,Sonipat,2018,2,8,3,3,5,26,0,0
7_21,0,0,1,0,0,0,1,0,7_21_03_V03Y_0,Sonipat,2018,3,4,7,2,2,23,0,0
7_21,0,1,0,0,0,1,0,0,7_21_04_V01Y_0,Sonipat,2017,3,0,0,0,3,3,0,1
7_21,0,1,0,0,0,1,0,0,7_21_04_V01Y_0,Sonipat,2017,4,3,1,0,2,6,0,1
7_21,0,1,0,0,0,1,0,0,7_21_04_V01Y_0,Sonipat,2017,5,3,2,1,3,9,0,1
7_21,0,1,0,0,0,1,0,0,7_21_04_V01Y_0,Sonipat,2017,6,3,3,1,3,11,0,1
7_21,0,1,0,0,0,1,0,0,7_21_04_V01Y_0,Sonipat,2017,7,4,4,2,3,13,0,1
7_21,0,1,0,0,0,1,0,0,7_21_04_V01Y_0,Sonipat,2017,8,1,3,5,2,12,0,1
7_21,0,1,0,0,0,1,0,0,7_21_04_V01Y_0,Sonipat,2017,9,3,2,0,0,6,0,1
7_21,0,1,0,0,0,1,0,0,7_21_04_V01Y_0,Sonipat,2017,10,2,1,3,1,10,0,1
7_21,0,1,0,0,0,1,0,0,7_21_04_V01Y_0,Sonipat,2017,11,2,2,2,2,13,0,1
7_21,0,1,0,0,0,1,0,0,7_21_04_V01Y_0,Sonipat,2017,12,9,3,0,1,15,0,1
7_21,0,1,0,0,0,1,0,0,7_21_04_V01Y_0,Sonipat,2018,1,2,5,1,1,9,0,1
7_21,0,1,0,0,0,1,0,0,7_21_04_V01Y_0,Sonipat,2018,2,2,5,9,4,23,0,1
7_21,0,1,0,0,0,1,0,0,7_21_04_V01Y_0,Sonipat,2018,3,3,4,7,0,14,0,1
7_21,0,0,0,1,1,0,0,0,7_21_05_V01Y_0,Sonipat,2017,3,2,2,3,7,15,0,1
7_21,0,0,0,1,1,0,0,0,7_21_05_V01Y_0,Sonipat,2017,4,5,10,4,4,25,0,1
7_21,0,0,0,1,1,0,0,0,7_21_05_V01Y_0,Sonipat,2017,5,2,3,11,3,20,0,1
7_21,0,0,0,1,1,0,0,0,7_21_05_V01Y_0,Sonipat,2017,6,1,1,1,3,6,0,1
7_21,0,0,0,1,1,0,0,0,7_21_05_V01Y_0,Sonipat,2017,7,3,1,1,6,11,0,1
7_21,0,0,0,1,1,0,0,0,7_21_05_V01Y_0,Sonipat,2017,8,2,3,0,5,11,0,1
7_21,0,0,0,1,1,0,0,0,7_21_05_V01Y_0,Sonipat,2017,9,5,4,4,4,18,0,1
7_21,0,0,0,1,1,0,0,0,7_21_05_V01Y_0,Sonipat,2017,10,6,2,3,5,16,0,1
7_21,0,0,0,1,1,0,0,0,7_21_05_V01Y_0,Sonipat,2017,11,7,7,1,6,22,0,1
7_21,0,0,0,1,1,0,0,0,7_21_05_V01Y_0,Sonipat,2017,12,5,6,7,4,24,0,1
7_21,0,0,0,1,1,0,0,0,7_21_05_V01Y_0,Sonipat,2018,1,6,7,6,2,22,0,1
7_21,0,0,0,1,1,0,0,0,7_21_05_V01Y_0,Sonipat,2018,2,7,6,6,3,23,0,1
7_21,0,0,0,1,1,0,0,0,7_21_05_V01Y_0,Sonipat,2018,3,7,7,3,1,19,0,1
7_21,0,0,0,1,1,0,0,0,7_21_05_V03Y_0,Sonipat,2017,3,3,0,3,3,11,0,1
7_21,0,0,0,1,1,0,0,0,7_21_05_V03Y_0,Sonipat,2017,4,2,4,3,0,9,0,1
7_21,0,0,0,1,1,0,0,0,7_21_05_V03Y_0,Sonipat,2017,5,0,5,2,5,11,0,1
7_21,0,0,0,1,1,0,0,0,7_21_05_V03Y_0,Sonipat,2017,6,1,2,5,3,10,0,1
7_21,0,0,0,1,1,0,0,0,7_21_05_V03Y_0,Sonipat,2017,7,3,0,3,5,11,0,1
7_21,0,0,0,1,1,0,0,0,7_21_05_V03Y_0,Sonipat,2017,8,1,4,0,4,10,0,1
7_21,0,0,0,1,1,0,0,0,7_21_05_V03Y_0,Sonipat,2017,9,7,2,2,2,13,0,1
7_21,0,0,0,1,1,0,0,0,7_21_05_V03Y_0,Sonipat,2017,10,1,4,3,0,8,0,1
7_21,0,0,0,1,1,0,0,0,7_21_05_V03Y_0,Sonipat,2017,11,2,2,4,2,10,0,1
7_21,0,0,0,1,1,0,0,0,7_21_05_V03Y_0,Sonipat,2017,12,3,2,3,4,14,0,1
7_21,0,0,0,1,1,0,0,0,7_21_05_V03Y_0,Sonipat,2018,1,2,1,1,1,7,0,1
7_21,0,0,0,1,1,0,0,0,7_21_05_V03Y_0,Sonipat,2018,2,0,2,0,0,2,0,1
7_21,0,0,0,1,1,0,0,0,7_21_05_V03Y_0,Sonipat,2018,3,4,1,3,4,19,0,1
7_22,0,1,0,0,0,0,0,0,7_22_02_V01Y_0,Sonipat,2017,3,1,1,3,2,7,1,0
7_22,0,1,0,0,0,0,0,0,7_22_02_V01Y_0,Sonipat,2017,4,0,1,0,0,2,1,0
7_22,0,1,0,0,0,0,0,0,7_22_02_V01Y_0,Sonipat,2017,5,0,0,2,0,2,1,0
7_22,0,1,0,0,0,0,0,0,7_22_02_V01Y_0,Sonipat,2017,7,1,0,0,2,4,1,0
7_22,0,1,0,0,0,0,0,0,7_22_02_V01Y_0,Sonipat,2017,8,1,1,0,2,4,1,0
7_22,0,1,0,0,0,0,0,0,7_22_02_V01Y_0,Sonipat,2017,9,1,0,1,2,5,1,0
7_22,0,1,0,0,0,0,0,0,7_22_02_V01Y_0,Sonipat,2017,10,0,1,1,0,3,1,0
7_22,0,1,0,0,0,0,0,0,7_22_02_V01Y_0,Sonipat,2017,11,2,0,1,1,7,1,0
7_22,0,1,0,0,0,0,0,0,7_22_02_V01Y_0,Sonipat,2017,12,3,2,0,0,6,1,0
7_22,0,1,0,0,0,0,0,0,7_22_02_V01Y_0,Sonipat,2018,1,1,3,1,0,5,1,0
7_22,0,1,0,0,0,0,0,0,7_22_02_V01Y_0,Sonipat,2018,2,1,1,3,0,5,1,0
7_22,0,1,0,0,0,0,0,0,7_22_02_V01Y_0,Sonipat,2018,3,2,2,0,1,6,1,0
7_22,1,0,0,0,0,0,0,0,7_22_03_V01Y_0,Sonipat,2017,3,0,1,0,0,1,1,0
7_22,1,0,0,0,0,0,0,0,7_22_03_V01Y_0,Sonipat,2017,4,2,0,2,3,7,1,0
7_22,1,0,0,0,0,0,0,0,7_22_03_V01Y_0,Sonipat,2017,5,1,1,0,0,2,1,0
7_22,1,0,0,0,0,0,0,0,7_22_03_V01Y_0,Sonipat,2017,6,2,2,1,0,6,1,0
7_22,1,0,0,0,0,0,0,0,7_22_03_V01Y_0,Sonipat,2017,7,1,2,1,0,4,1,0
7_22,1,0,0,0,0,0,0,0,7_22_03_V01Y_0,Sonipat,2017,8,0,1,1,0,5,1,0
7_22,1,0,0,0,0,0,0,0,7_22_03_V01Y_0,Sonipat,2017,9,4,1,1,0,8,1,0
7_22,1,0,0,0,0,0,0,0,7_22_03_V01Y_0,Sonipat,2017,10,5,5,0,1,12,1,0
7_22,1,0,0,0,0,0,0,0,7_22_03_V01Y_0,Sonipat,2017,11,0,5,6,2,12,1,0
7_22,1,0,0,0,0,0,0,0,7_22_03_V01Y_0,Sonipat,2017,12,1,1,6,0,11,1,0
7_22,1,0,0,0,0,0,0,0,7_22_03_V01Y_0,Sonipat,2018,1,3,1,1,1,6,1,0
7_22,1,0,0,0,0,0,0,0,7_22_03_V01Y_0,Sonipat,2018,2,0,3,0,0,3,1,0
7_22,1,0,0,0,0,0,0,0,7_22_03_V01Y_0,Sonipat,2018,3,2,0,3,0,9,1,0
7_22,0,0,1,0,0,0,0,0,7_22_03_V02Y_0,Sonipat,2017,3,4,6,8,3,24,1,0
7_22,0,0,1,0,0,0,0,0,7_22_03_V02Y_0,Sonipat,2017,4,8,3,6,1,19,1,0
7_22,0,0,1,0,0,0,0,0,7_22_03_V02Y_0,Sonipat,2017,5,2,7,5,4,22,1,0
7_22,0,0,1,0,0,0,0,0,7_22_03_V02Y_0,Sonipat,2017,6,3,1,5,8,18,1,0
7_22,0,0,1,0,0,0,0,0,7_22_03_V02Y_0,Sonipat,2017,7,7,4,2,9,23,1,0
7_22,0,0,1,0,0,0,0,0,7_22_03_V02Y_0,Sonipat,2017,8,3,3,5,5,18,1,0
7_22,0,0,1,0,0,0,0,0,7_22_03_V02Y_0,Sonipat,2017,9,3,5,2,9,22,1,0
7_22,0,0,1,0,0,0,0,0,7_22_03_V02Y_0,Sonipat,2017,10,4,3,1,2,12,1,0
7_22,0,0,1,0,0,0,0,0,7_22_03_V02Y_0,Sonipat,2017,11,4,3,6,5,17,1,0
7_22,0,0,1,0,0,0,0,0,7_22_03_V02Y_0,Sonipat,2017,12,5,4,8,4,25,1,0
7_22,0,0,1,0,0,0,0,0,7_22_03_V02Y_0,Sonipat,2018,1,3,4,2,6,22,1,0
7_22,0,0,1,0,0,0,0,0,7_22_03_V02Y_0,Sonipat,2018,2,9,4,5,3,23,1,0
7_22,0,0,1,0,0,0,0,0,7_22_03_V02Y_0,Sonipat,2018,3,0,8,5,5,26,1,0
7_22,1,0,0,0,0,0,0,0,7_22_03_V03Y_0,Sonipat,2017,3,5,1,2,1,10,1,0
7_22,1,0,0,0,0,0,0,0,7_22_03_V03Y_0,Sonipat,2017,4,1,5,0,2,8,1,0
7_22,1,0,0,0,0,0,0,0,7_22_03_V03Y_0,Sonipat,2017,5,2,2,5,3,13,1,0
7_22,1,0,0,0,0,0,0,0,7_22_03_V03Y_0,Sonipat,2017,6,2,2,1,2,8,1,0
7_22,1,0,0,0,0,0,0,0,7_22_03_V03Y_0,Sonipat,2017,7,1,1,1,1,7,1,0
7_22,1,0,0,0,0,0,0,0,7_22_03_V03Y_0,Sonipat,2017,8,0,2,3,1,9,1,0
7_22,1,0,0,0,0,0,0,0,7_22_03_V03Y_0,Sonipat,2017,9,5,1,2,0,7,1,0
7_22,1,0,0,0,0,0,0,0,7_22_03_V03Y_0,Sonipat,2017,10,2,3,1,8,15,1,0
7_22,1,0,0,0,0,0,0,0,7_22_03_V03Y_0,Sonipat,2017,11,1,3,3,1,8,1,0
7_22,1,0,0,0,0,0,0,0,7_22_03_V03Y_0,Sonipat,2017,12,2,2,3,1,13,1,0
7_22,1,0,0,0,0,0,0,0,7_22_03_V03Y_0,Sonipat,2018,1,6,3,1,5,17,1,0
7_22,1,0,0,0,0,0,0,0,7_22_03_V03Y_0,Sonipat,2018,2,3,6,4,1,15,1,0
7_22,1,0,0,0,0,0,0,0,7_22_03_V03Y_0,Sonipat,2018,3,0,2,7,3,15,1,0
7_22,0,0,0,1,0,0,0,0,7_22_03_V04Y_0,Sonipat,2017,3,1,2,2,0,5,1,0
7_22,0,0,0,1,0,0,0,0,7_22_03_V04Y_0,Sonipat,2017,4,1,1,1,0,4,1,0
7_22,0,0,0,1,0,0,0,0,7_22_03_V04Y_0,Sonipat,2017,5,1,0,2,0,5,1,0
7_22,0,0,0,1,0,0,0,0,7_22_03_V04Y_0,Sonipat,2017,6,2,0,0,4,7,1,0
7_22,0,0,0,1,0,0,0,0,7_22_03_V04Y_0,Sonipat,2017,7,3,2,2,1,9,1,0
7_22,0,0,0,1,0,0,0,0,7_22_03_V04Y_0,Sonipat,2017,8,1,1,1,0,3,1,0
7_22,0,0,0,1,0,0,0,0,7_22_03_V04Y_0,Sonipat,2017,9,2,2,0,1,6,1,0
7_22,0,0,0,1,0,0,0,0,7_22_03_V04Y_0,Sonipat,2017,10,0,0,2,5,7,1,0
7_22,0,0,0,1,0,0,0,0,7_22_03_V04Y_0,Sonipat,2017,11,1,0,0,1,5,1,0
7_22,0,0,0,1,0,0,0,0,7_22_03_V04Y_0,Sonipat,2017,12,3,1,0,1,6,1,0
7_22,0,0,0,1,0,0,0,0,7_22_03_V04Y_0,Sonipat,2018,1,3,2,2,0,9,1,0
7_22,0,0,0,1,0,0,0,0,7_22_03_V04Y_0,Sonipat,2018,2,2,0,1,0,3,1,0
7_22,0,0,0,1,0,0,0,0,7_22_03_V04Y_0,Sonipat,2018,3,1,3,2,0,12,1,0
7_23,1,0,0,0,0,0,0,0,7_23_04_V02Y_0,Sonipat,2017,3,3,1,1,2,11,1,0
7_23,1,0,0,0,0,0,0,0,7_23_04_V02Y_0,Sonipat,2017,4,1,5,0,1,8,1,0
7_23,1,0,0,0,0,0,0,0,7_23_04_V02Y_0,Sonipat,2017,5,0,0,4,3,6,1,0
7_23,1,0,0,0,0,0,0,0,7_23_04_V02Y_0,Sonipat,2017,6,0,0,1,2,9,1,0
7_23,1,0,0,0,0,0,0,0,7_23_04_V02Y_0,Sonipat,2017,7,1,0,0,0,1,1,0
7_23,1,0,0,0,0,0,0,0,7_23_04_V02Y_0,Sonipat,2017,8,2,1,1,2,6,1,0
7_23,1,0,0,0,0,0,0,0,7_23_04_V02Y_0,Sonipat,2017,9,2,1,1,3,8,1,0
7_23,1,0,0,0,0,0,0,0,7_23_04_V02Y_0,Sonipat,2017,10,1,2,1,0,6,1,0
7_23,1,0,0,0,0,0,0,0,7_23_04_V02Y_0,Sonipat,2017,11,3,1,2,3,9,1,0
7_23,1,0,0,0,0,0,0,0,7_23_04_V02Y_0,Sonipat,2017,12,2,2,1,0,10,1,0
7_23,1,0,0,0,0,0,0,0,7_23_04_V02Y_0,Sonipat,2018,1,1,3,1,1,8,1,0
7_23,1,0,0,0,0,0,0,0,7_23_04_V02Y_0,Sonipat,2018,2,2,1,2,1,7,1,0
7_23,1,0,0,0,0,0,0,0,7_23_04_V02Y_0,Sonipat,2018,3,0,2,1,0,5,1,0
7_23,1,0,0,0,0,0,0,0,7_23_04_V04Y_0,Sonipat,2017,3,1,0,0,0,1,1,0
7_23,1,0,0,0,0,0,0,0,7_23_04_V04Y_0,Sonipat,2017,4,2,5,6,9,29,1,0
7_23,1,0,0,0,0,0,0,0,7_23_04_V04Y_0,Sonipat,2017,5,2,2,2,6,12,1,0
7_23,1,0,0,0,0,0,0,0,7_23_04_V04Y_0,Sonipat,2017,6,1,1,2,3,12,1,0
7_23,1,0,0,0,0,0,0,0,7_23_04_V04Y_0,Sonipat,2017,7,1,0,1,2,4,1,0
7_23,1,0,0,0,0,0,0,0,7_23_04_V04Y_0,Sonipat,2017,8,1,1,0,2,6,1,0
7_23,1,0,0,0,0,0,0,0,7_23_04_V04Y_0,Sonipat,2017,9,1,1,1,1,4,1,0
7_23,1,0,0,0,0,0,0,0,7_23_04_V04Y_0,Sonipat,2017,10,0,0,1,2,5,1,0
7_23,1,0,0,0,0,0,0,0,7_23_04_V04Y_0,Sonipat,2017,11,0,0,0,1,5,1,0
7_23,1,0,0,0,0,0,0,0,7_23_04_V04Y_0,Sonipat,2017,12,9,0,1,4,21,1,0
7_23,1,0,0,0,0,0,0,0,7_23_04_V04Y_0,Sonipat,2018,1,5,8,0,0,13,1,0
7_23,1,0,0,0,0,0,0,0,7_23_04_V04Y_0,Sonipat,2018,2,1,4,7,0,17,1,0
7_23,1,0,0,0,0,0,0,0,7_23_04_V04Y_0,Sonipat,2018,3,5,4,3,2,15,1,0
7_24,0,1,0,0,0,1,0,0,7_24_01_V02Y_0,Sonipat,2017,3,1,2,0,1,5,1,0
7_24,0,1,0,0,0,1,0,0,7_24_01_V02Y_0,Sonipat,2017,4,0,0,0,1,1,1,0
7_24,0,1,0,0,0,1,0,0,7_24_01_V02Y_0,Sonipat,2017,5,3,1,2,0,6,1,0
7_24,0,1,0,0,0,1,0,0,7_24_01_V02Y_0,Sonipat,2017,6,2,2,0,1,6,1,0
7_24,0,1,0,0,0,1,0,0,7_24_01_V02Y_0,Sonipat,2017,7,0,3,3,0,7,1,0
7_24,0,1,0,0,0,1,0,0,7_24_01_V02Y_0,Sonipat,2017,8,3,1,1,1,10,1,0
7_24,0,1,0,0,0,1,0,0,7_24_01_V02Y_0,Sonipat,2017,9,4,3,2,1,12,1,0
7_24,0,1,0,0,0,1,0,0,7_24_01_V02Y_0,Sonipat,2017,10,4,4,3,1,13,1,0
7_24,0,1,0,0,0,1,0,0,7_24_01_V02Y_0,Sonipat,2017,11,4,2,2,1,10,1,0
7_24,0,1,0,0,0,1,0,0,7_24_01_V02Y_0,Sonipat,2017,12,1,2,3,2,7,1,0
7_24,0,1,0,0,0,1,0,0,7_24_01_V02Y_0,Sonipat,2018,1,1,1,1,0,3,1,0
7_24,0,1,0,0,0,1,0,0,7_24_01_V02Y_0,Sonipat,2018,3,1,8,1,1,13,1,0
7_24,1,0,0,0,0,1,0,0,7_24_03_V03Y_0,Sonipat,2017,3,4,3,5,2,16,0,1
7_24,1,0,0,0,0,1,0,0,7_24_03_V03Y_0,Sonipat,2017,4,7,5,2,1,14,0,1
7_24,1,0,0,0,0,1,0,0,7_24_03_V03Y_0,Sonipat,2017,5,5,8,4,3,21,0,1
7_24,1,0,0,0,0,1,0,0,7_24_03_V03Y_0,Sonipat,2017,6,1,3,5,4,17,0,1
7_24,1,0,0,0,0,1,0,0,7_24_03_V03Y_0,Sonipat,2017,7,2,3,2,4,13,0,1
7_24,1,0,0,0,0,1,0,0,7_24_03_V03Y_0,Sonipat,2017,8,3,1,4,1,12,0,1
7_24,1,0,0,0,0,1,0,0,7_24_03_V03Y_0,Sonipat,2017,9,4,7,1,6,20,0,1
7_24,1,0,0,0,0,1,0,0,7_24_03_V03Y_0,Sonipat,2017,10,4,1,2,3,13,0,1
7_24,1,0,0,0,0,1,0,0,7_24_03_V03Y_0,Sonipat,2017,11,3,3,2,4,15,0,1
7_24,1,0,0,0,0,1,0,0,7_24_03_V03Y_0,Sonipat,2017,12,10,2,5,2,24,0,1
7_24,1,0,0,0,0,1,0,0,7_24_03_V03Y_0,Sonipat,2018,1,3,4,2,0,9,0,1
7_24,1,0,0,0,0,1,0,0,7_24_03_V03Y_0,Sonipat,2018,2,6,5,3,4,24,0,1
7_24,1,0,0,0,0,1,0,0,7_24_03_V03Y_0,Sonipat,2018,3,2,6,6,2,20,0,1
7_24,0,1,0,0,0,0,1,0,7_24_04_V05Y_0,Sonipat,2017,4,5,4,2,2,14,0,1
7_24,0,1,0,0,0,0,1,0,7_24_04_V05Y_0,Sonipat,2017,5,2,3,3,3,11,0,1
7_24,0,1,0,0,0,0,1,0,7_24_04_V05Y_0,Sonipat,2017,6,2,3,4,2,15,0,1
7_24,0,1,0,0,0,0,1,0,7_24_04_V05Y_0,Sonipat,2017,7,3,2,2,0,9,0,1
7_24,0,1,0,0,0,0,1,0,7_24_04_V05Y_0,Sonipat,2017,8,2,4,3,2,13,0,1
7_24,0,1,0,0,0,0,1,0,7_24_04_V05Y_0,Sonipat,2017,9,2,1,3,6,13,0,1
7_24,0,1,0,0,0,0,1,0,7_24_04_V05Y_0,Sonipat,2017,10,1,1,0,0,3,0,1
7_24,0,1,0,0,0,0,1,0,7_24_04_V05Y_0,Sonipat,2017,11,5,2,1,6,14,0,1
7_24,0,1,0,0,0,0,1,0,7_24_04_V05Y_0,Sonipat,2017,12,3,3,3,3,18,0,1
7_24,0,1,0,0,0,0,1,0,7_24_04_V05Y_0,Sonipat,2018,1,2,4,4,2,13,0,1
7_24,0,1,0,0,0,0,1,0,7_24_04_V05Y_0,Sonipat,2018,2,3,2,4,3,15,0,1
7_24,0,1,0,0,0,0,1,0,7_24_04_V05Y_0,Sonipat,2018,3,1,3,2,2,11,0,1
7_24,0,0,1,0,0,0,1,0,7_24_07_V03Y_0,Sonipat,2017,3,2,0,1,2,5,0,0
7_24,0,0,1,0,0,0,1,0,7_24_07_V03Y_0,Sonipat,2017,4,0,2,0,0,3,0,0
7_24,0,0,1,0,0,0,1,0,7_24_07_V03Y_0,Sonipat,2017,5,2,1,0,0,3,0,0
7_24,0,0,1,0,0,0,1,0,7_24_07_V03Y_0,Sonipat,2017,6,0,2,3,3,8,0,0
7_24,0,0,1,0,0,0,1,0,7_24_07_V03Y_0,Sonipat,2017,7,0,1,2,2,5,0,0
7_24,0,0,1,0,0,0,1,0,7_24_07_V03Y_0,Sonipat,2017,8,0,0,1,1,2,0,0
7_24,0,0,1,0,0,0,1,0,7_24_07_V03Y_0,Sonipat,2017,9,0,0,0,0,2,0,0
7_24,0,0,1,0,0,0,1,0,7_24_07_V03Y_0,Sonipat,2017,10,2,0,0,1,4,0,0
7_24,0,0,1,0,0,0,1,0,7_24_07_V03Y_0,Sonipat,2017,11,1,2,0,0,3,0,0
7_24,0,0,1,0,0,0,1,0,7_24_07_V03Y_0,Sonipat,2017,12,4,1,1,4,12,0,0
7_24,0,0,1,0,0,0,1,0,7_24_07_V03Y_0,Sonipat,2018,1,1,1,2,0,6,0,0
7_24,0,0,1,0,0,0,1,0,7_24_07_V03Y_0,Sonipat,2018,2,,,,,1,0,0
7_24,0,0,1,0,0,0,1,0,7_24_07_V03Y_0,Sonipat,2018,3,0,1,0,0,2,0,0
7_25,0,1,0,0,1,0,0,0,7_25_01_V02Y_0,Sonipat,2017,3,0,1,1,0,2,0,1
7_25,0,1,0,0,1,0,0,0,7_25_01_V02Y_0,Sonipat,2017,5,2,3,4,8,17,0,1
7_25,0,1,0,0,1,0,0,0,7_25_01_V02Y_0,Sonipat,2017,6,5,9,1,4,20,0,1
7_25,0,1,0,0,1,0,0,0,7_25_01_V02Y_0,Sonipat,2017,7,4,4,14,4,23,0,1
7_25,0,1,0,0,1,0,0,0,7_25_01_V02Y_0,Sonipat,2017,8,2,4,4,6,16,0,1
7_25,0,1,0,0,1,0,0,0,7_25_01_V02Y_0,Sonipat,2017,9,3,2,4,7,16,0,1
7_25,0,1,0,0,1,0,0,0,7_25_01_V02Y_0,Sonipat,2017,10,1,4,1,5,15,0,1
7_25,0,1,0,0,1,0,0,0,7_25_01_V02Y_0,Sonipat,2017,11,4,1,4,1,16,0,1
7_25,0,1,0,0,1,0,0,0,7_25_01_V02Y_0,Sonipat,2017,12,8,6,0,7,21,0,1
7_25,0,1,0,0,1,0,0,0,7_25_01_V02Y_0,Sonipat,2018,1,6,8,2,1,19,0,1
7_25,0,1,0,0,1,0,0,0,7_25_01_V02Y_0,Sonipat,2018,2,7,4,8,5,28,0,1
7_25,0,1,0,0,1,0,0,0,7_25_01_V02Y_0,Sonipat,2018,3,5,7,8,5,26,0,1
7_25,0,0,1,0,0,1,0,0,7_25_02_V06Y_0,Sonipat,2017,3,1,5,5,0,12,0,1
7_25,0,0,1,0,0,1,0,0,7_25_02_V06Y_0,Sonipat,2017,4,3,0,4,5,13,0,1
7_25,0,0,1,0,0,1,0,0,7_25_02_V06Y_0,Sonipat,2017,5,6,3,2,3,13,0,1
7_25,0,0,1,0,0,1,0,0,7_25_02_V06Y_0,Sonipat,2017,6,2,3,2,4,16,0,1
7_25,0,0,1,0,0,1,0,0,7_25_02_V06Y_0,Sonipat,2017,7,7,2,3,2,14,0,1
7_25,0,0,1,0,0,1,0,0,7_25_02_V06Y_0,Sonipat,2017,8,3,7,2,2,18,0,1
7_25,0,0,1,0,0,1,0,0,7_25_02_V06Y_0,Sonipat,2017,9,1,4,8,7,23,0,1
7_25,0,0,1,0,0,1,0,0,7_25_02_V06Y_0,Sonipat,2017,10,4,1,5,4,20,0,1
7_25,0,0,1,0,0,1,0,0,7_25_02_V06Y_0,Sonipat,2017,11,4,2,0,3,16,0,1
7_25,0,0,1,0,0,1,0,0,7_25_02_V06Y_0,Sonipat,2017,12,8,3,3,1,20,0,1
7_25,0,0,1,0,0,1,0,0,7_25_02_V06Y_0,Sonipat,2018,1,5,8,2,3,26,0,1
7_26,0,0,0,1,0,0,0,0,7_26_01_V02Y_0,Sonipat,2017,3,3,3,2,2,11,0,0
7_26,0,0,0,1,0,0,0,0,7_26_01_V02Y_0,Sonipat,2017,4,1,3,3,0,7,0,0
7_26,0,0,0,1,0,0,0,0,7_26_01_V02Y_0,Sonipat,2017,5,1,0,2,3,8,0,0
7_26,0,0,0,1,0,0,0,0,7_26_01_V02Y_0,Sonipat,2017,6,0,0,2,1,8,0,0
7_26,0,0,0,1,0,0,0,0,7_26_01_V02Y_0,Sonipat,2017,7,3,0,0,3,7,0,0
7_26,0,0,0,1,0,0,0,0,7_26_01_V02Y_0,Sonipat,2017,8,1,4,0,2,9,0,0
7_26,0,0,0,1,0,0,0,0,7_26_01_V02Y_0,Sonipat,2017,9,1,1,3,4,14,0,0
7_26,0,0,0,1,0,0,0,0,7_26_01_V02Y_0,Sonipat,2017,10,1,1,2,2,8,0,0
7_26,0,0,0,1,0,0,0,0,7_26_01_V02Y_0,Sonipat,2017,11,3,1,1,2,10,0,0
7_26,0,0,0,1,0,0,0,0,7_26_01_V02Y_0,Sonipat,2017,12,3,3,2,0,26,0,0
7_26,0,0,0,1,0,0,0,0,7_26_01_V02Y_0,Sonipat,2018,1,5,2,2,0,13,0,0
7_26,0,0,0,1,0,0,0,0,7_26_01_V02Y_0,Sonipat,2018,2,3,5,3,1,26,0,0
7_26,0,0,0,1,0,0,0,0,7_26_01_V02Y_0,Sonipat,2018,3,2,2,2,2,11,0,0
7_26,1,0,0,0,0,0,0,0,7_26_02_V01Y_0,Sonipat,2017,3,1,1,0,0,10,0,1
7_26,1,0,0,0,0,0,0,0,7_26_02_V01Y_0,Sonipat,2017,4,1,2,2,0,11,0,1
7_26,1,0,0,0,0,0,0,0,7_26_02_V01Y_0,Sonipat,2017,5,1,1,2,3,8,0,1
7_26,1,0,0,0,0,0,0,0,7_26_02_V01Y_0,Sonipat,2017,6,3,1,1,3,13,0,1
7_26,1,0,0,0,0,0,0,0,7_26_02_V01Y_0,Sonipat,2017,7,0,1,0,3,9,0,1
7_26,1,0,0,0,0,0,0,0,7_26_02_V01Y_0,Sonipat,2017,8,3,2,1,1,9,0,1
7_26,1,0,0,0,0,0,0,0,7_26_02_V01Y_0,Sonipat,2017,9,2,3,3,1,10,0,1
7_26,1,0,0,0,0,0,0,0,7_26_02_V01Y_0,Sonipat,2017,10,3,3,2,0,11,0,1
7_26,1,0,0,0,0,0,0,0,7_26_02_V01Y_0,Sonipat,2017,11,1,1,3,2,11,0,1
7_26,1,0,0,0,0,0,0,0,7_26_02_V01Y_0,Sonipat,2017,12,0,2,1,0,16,0,1
7_26,1,0,0,0,0,0,0,0,7_26_02_V01Y_0,Sonipat,2018,1,2,1,2,1,8,0,1
7_26,1,0,0,0,0,0,0,0,7_26_02_V01Y_0,Sonipat,2018,2,3,2,1,3,12,0,1
7_26,1,0,0,0,0,0,0,0,7_26_02_V01Y_0,Sonipat,2018,3,0,1,2,2,8,0,1
7_26,0,1,0,0,0,0,0,0,7_26_03_V01Y_0,Sonipat,2017,3,0,1,3,0,4,0,0
7_26,0,1,0,0,0,0,0,0,7_26_03_V01Y_0,Sonipat,2017,4,3,0,1,2,11,0,0
7_26,0,1,0,0,0,0,0,0,7_26_03_V01Y_0,Sonipat,2017,5,1,2,0,2,5,0,0
7_26,0,1,0,0,0,0,0,0,7_26_03_V01Y_0,Sonipat,2017,6,1,1,1,3,9,0,0
7_26,0,1,0,0,0,0,0,0,7_26_03_V01Y_0,Sonipat,2017,7,1,1,1,1,5,0,0
7_26,0,1,0,0,0,0,0,0,7_26_03_V01Y_0,Sonipat,2017,8,0,1,1,1,4,0,0
7_26,0,1,0,0,0,0,0,0,7_26_03_V01Y_0,Sonipat,2017,9,2,0,2,1,7,0,0
7_26,0,1,0,0,0,0,0,0,7_26_03_V01Y_0,Sonipat,2017,10,2,2,0,1,9,0,0
7_26,0,1,0,0,0,0,0,0,7_26_03_V01Y_0,Sonipat,2017,11,1,2,2,1,10,0,0
7_26,0,1,0,0,0,0,0,0,7_26_03_V01Y_0,Sonipat,2017,12,2,1,2,3,11,0,0
7_26,0,1,0,0,0,0,0,0,7_26_03_V01Y_0,Sonipat,2018,1,0,2,1,1,6,0,0
7_26,0,1,0,0,0,0,0,0,7_26_03_V01Y_0,Sonipat,2018,2,1,0,1,0,6,0,0
7_26,0,1,0,0,0,0,0,0,7_26_03_V01Y_0,Sonipat,2018,3,1,1,0,1,6,0,0
7_26,0,0,0,1,0,0,0,0,7_26_03_V02Y_0,Sonipat,2017,3,2,8,5,7,38,0,0
7_26,0,0,0,1,0,0,0,0,7_26_03_V02Y_0,Sonipat,2017,4,3,6,7,6,36,0,0
7_26,0,0,0,1,0,0,0,0,7_26_03_V02Y_0,Sonipat,2017,5,4,3,4,6,20,0,0
7_26,0,0,0,1,0,0,0,0,7_26_03_V02Y_0,Sonipat,2017,6,4,6,2,8,30,0,0
7_26,0,0,0,1,0,0,0,0,7_26_03_V02Y_0,Sonipat,2017,7,2,3,5,7,20,0,0
7_26,0,0,0,1,0,0,0,0,7_26_03_V02Y_0,Sonipat,2017,8,5,5,4,7,26,0,0
7_26,0,0,0,1,0,0,0,0,7_26_03_V02Y_0,Sonipat,2017,9,7,4,4,8,33,0,0
7_26,0,0,0,1,0,0,0,0,7_26_03_V02Y_0,Sonipat,2017,10,10,8,3,4,35,0,0
7_26,0,0,0,1,0,0,0,0,7_26_03_V02Y_0,Sonipat,2017,11,4,7,8,1,36,0,0
7_26,0,0,0,1,0,0,0,0,7_26_03_V02Y_0,Sonipat,2017,12,7,5,7,4,39,0,0
7_26,0,0,0,1,0,0,0,0,7_26_03_V02Y_0,Sonipat,2018,1,8,8,5,3,37,0,0
7_26,0,0,0,1,0,0,0,0,7_26_03_V02Y_0,Sonipat,2018,2,7,6,10,4,45,0,0
7_26,0,0,0,1,0,0,0,0,7_26_03_V02Y_0,Sonipat,2018,3,6,7,6,5,32,0,0
7_26,0,1,0,0,0,0,0,0,7_26_04_V02Y_0,Sonipat,2017,3,5,3,3,2,16,1,0
7_26,0,1,0,0,0,0,0,0,7_26_04_V02Y_0,Sonipat,2017,4,3,5,3,4,19,1,0
7_26,0,1,0,0,0,0,0,0,7_26_04_V02Y_0,Sonipat,2017,5,5,2,5,2,14,1,0
7_26,0,1,0,0,0,0,0,0,7_26_04_V02Y_0,Sonipat,2017,6,2,2,3,0,10,1,0
7_26,0,1,0,0,0,0,0,0,7_26_04_V02Y_0,Sonipat,2017,7,2,1,6,3,14,1,0
7_26,0,1,0,0,0,0,0,0,7_26_04_V02Y_0,Sonipat,2017,8,10,0,2,7,19,1,0
7_26,0,1,0,0,0,0,0,0,7_26_04_V02Y_0,Sonipat,2017,9,5,7,3,5,21,1,0
7_26,0,1,0,0,0,0,0,0,7_26_04_V02Y_0,Sonipat,2017,10,1,5,5,3,16,1,0
7_26,0,1,0,0,0,0,0,0,7_26_04_V02Y_0,Sonipat,2017,11,2,3,6,2,16,1,0
7_26,0,1,0,0,0,0,0,0,7_26_04_V02Y_0,Sonipat,2017,12,2,0,0,4,7,1,0
7_26,0,1,0,0,0,0,0,0,7_26_04_V02Y_0,Sonipat,2018,1,4,4,3,3,16,1,0
7_26,0,1,0,0,0,0,0,0,7_26_04_V02Y_0,Sonipat,2018,2,9,4,4,4,29,1,0
7_26,0,1,0,0,0,0,0,0,7_26_04_V02Y_0,Sonipat,2018,3,1,1,2,4,10,1,0
7_27,0,0,1,0,0,0,0,0,7_27_01_V02Y_0,Sonipat,2017,3,4,2,3,0,9,0,1
7_27,0,0,1,0,0,0,0,0,7_27_01_V02Y_0,Sonipat,2017,4,5,4,4,6,18,0,1
7_27,0,0,1,0,0,0,0,0,7_27_01_V02Y_0,Sonipat,2017,5,4,7,1,4,16,0,1
7_27,0,0,1,0,0,0,0,0,7_27_01_V02Y_0,Sonipat,2017,6,4,5,2,4,14,0,1
7_27,0,0,1,0,0,0,0,0,7_27_01_V02Y_0,Sonipat,2017,7,2,2,4,4,16,0,1
7_27,0,0,1,0,0,0,0,0,7_27_01_V02Y_0,Sonipat,2017,8,6,3,2,5,16,0,1
7_27,0,0,1,0,0,0,0,0,7_27_01_V02Y_0,Sonipat,2017,9,4,2,3,2,14,0,1
7_27,0,0,1,0,0,0,0,0,7_27_01_V02Y_0,Sonipat,2017,10,8,8,7,1,23,0,1
7_27,0,0,1,0,0,0,0,0,7_27_01_V02Y_0,Sonipat,2017,11,3,3,3,5,14,0,1
7_27,0,0,1,0,0,0,0,0,7_27_01_V02Y_0,Sonipat,2017,12,4,2,4,4,15,0,1
7_27,0,0,1,0,0,0,0,0,7_27_01_V02Y_0,Sonipat,2018,1,7,6,3,3,20,0,1
7_27,0,0,1,0,0,0,0,0,7_27_01_V02Y_0,Sonipat,2018,2,8,7,5,6,34,0,1
7_27,0,0,1,0,0,0,0,0,7_27_01_V02Y_0,Sonipat,2018,3,9,7,10,2,33,0,1
7_27,1,0,0,0,0,0,0,0,7_27_02_V01Y_0,Sonipat,2017,3,3,5,6,0,24,0,0
7_27,1,0,0,0,0,0,0,0,7_27_02_V01Y_0,Sonipat,2017,4,1,7,8,1,19,0,0
7_27,1,0,0,0,0,0,0,0,7_27_02_V01Y_0,Sonipat,2017,5,5,1,3,11,22,0,0
7_27,1,0,0,0,0,0,0,0,7_27_02_V01Y_0,Sonipat,2017,6,4,4,2,7,37,0,0
7_27,1,0,0,0,0,0,0,0,7_27_02_V01Y_0,Sonipat,2017,7,5,4,3,5,22,0,0
7_27,1,0,0,0,0,0,0,0,7_27_02_V01Y_0,Sonipat,2017,8,7,2,3,5,24,0,0
7_27,1,0,0,0,0,0,0,0,7_27_02_V01Y_0,Sonipat,2017,9,6,9,5,13,34,0,0
7_27,1,0,0,0,0,0,0,0,7_27_02_V01Y_0,Sonipat,2017,10,4,3,8,0,19,0,0
7_27,1,0,0,0,0,0,0,0,7_27_02_V01Y_0,Sonipat,2017,11,7,3,3,5,22,0,0
7_27,1,0,0,0,0,0,0,0,7_27_02_V01Y_0,Sonipat,2017,12,10,9,3,3,27,0,0
7_27,1,0,0,0,0,0,0,0,7_27_02_V01Y_0,Sonipat,2018,1,4,10,4,4,30,0,0
7_27,1,0,0,0,0,0,0,0,7_27_02_V01Y_0,Sonipat,2018,2,5,8,11,3,42,0,0
7_27,1,0,0,0,0,0,0,0,7_27_02_V01Y_0,Sonipat,2018,3,3,5,7,9,38,0,0
7_27,0,0,1,0,0,0,0,0,7_27_02_V02Y_0,Sonipat,2017,3,3,1,1,0,10,0,0
7_27,0,0,1,0,0,0,0,0,7_27_02_V02Y_0,Sonipat,2017,4,3,1,1,3,8,0,0
7_27,0,0,1,0,0,0,0,0,7_27_02_V02Y_0,Sonipat,2017,5,4,1,1,0,6,0,0
7_27,0,0,1,0,0,0,0,0,7_27_02_V02Y_0,Sonipat,2017,6,4,1,3,1,15,0,0
7_27,0,0,1,0,0,0,0,0,7_27_02_V02Y_0,Sonipat,2017,7,2,2,0,5,10,0,0
7_27,0,0,1,0,0,0,0,0,7_27_02_V02Y_0,Sonipat,2017,8,0,2,3,6,13,0,0
7_27,0,0,1,0,0,0,0,0,7_27_02_V02Y_0,Sonipat,2017,9,5,1,3,0,9,0,0
7_27,0,0,1,0,0,0,0,0,7_27_02_V02Y_0,Sonipat,2017,10,6,2,0,0,12,0,0
7_27,0,0,1,0,0,0,0,0,7_27_02_V02Y_0,Sonipat,2017,11,2,9,1,5,18,0,0
7_27,0,0,1,0,0,0,0,0,7_27_02_V02Y_0,Sonipat,2017,12,2,5,7,1,16,0,0
7_27,0,0,1,0,0,0,0,0,7_27_02_V02Y_0,Sonipat,2018,1,2,1,4,4,23,0,0
7_27,0,0,1,0,0,0,0,0,7_27_02_V02Y_0,Sonipat,2018,2,4,2,2,1,12,0,0
7_27,0,0,1,0,0,0,0,0,7_27_02_V02Y_0,Sonipat,2018,3,2,3,1,1,10,0,0
7_27,1,0,0,0,0,0,0,0,7_27_03_V02Y_0,Sonipat,2017,3,4,3,2,4,13,1,0
7_27,1,0,0,0,0,0,0,0,7_27_03_V02Y_0,Sonipat,2017,4,5,4,2,6,22,1,0
7_27,1,0,0,0,0,0,0,0,7_27_03_V02Y_0,Sonipat,2017,5,8,5,5,13,31,1,0
7_27,1,0,0,0,0,0,0,0,7_27_03_V02Y_0,Sonipat,2017,6,5,6,3,9,25,1,0
7_27,1,0,0,0,0,0,0,0,7_27_03_V02Y_0,Sonipat,2017,7,8,4,4,4,21,1,0
7_27,1,0,0,0,0,0,0,0,7_27_03_V02Y_0,Sonipat,2017,8,3,8,4,3,20,1,0
7_27,1,0,0,0,0,0,0,0,7_27_03_V02Y_0,Sonipat,2017,9,3,3,4,1,14,1,0
7_27,1,0,0,0,0,0,0,0,7_27_03_V02Y_0,Sonipat,2017,10,5,7,6,0,22,1,0
7_27,1,0,0,0,0,0,0,0,7_27_03_V02Y_0,Sonipat,2017,11,5,1,7,9,25,1,0
7_27,1,0,0,0,0,0,0,0,7_27_03_V02Y_0,Sonipat,2017,12,9,6,4,4,30,1,0
7_27,1,0,0,0,0,0,0,0,7_27_03_V02Y_0,Sonipat,2018,1,7,9,5,5,33,1,0
7_27,1,0,0,0,0,0,0,0,7_27_03_V02Y_0,Sonipat,2018,2,9,4,5,4,33,1,0
7_27,1,0,0,0,0,0,0,0,7_27_03_V02Y_0,Sonipat,2018,3,16,13,5,7,46,1,0
7_28,0,0,1,0,0,0,0,0,7_28_02_V02Y_0,Sonipat,2017,3,3,1,5,0,11,1,0
7_28,0,0,1,0,0,0,0,0,7_28_02_V02Y_0,Sonipat,2017,4,2,3,1,2,8,1,0
7_28,0,0,1,0,0,0,0,0,7_28_02_V02Y_0,Sonipat,2017,5,2,4,1,1,8,1,0
7_28,0,0,1,0,0,0,0,0,7_28_02_V02Y_0,Sonipat,2017,6,2,1,3,3,9,1,0
7_28,0,0,1,0,0,0,0,0,7_28_02_V02Y_0,Sonipat,2017,7,4,4,0,1,10,1,0
7_28,0,0,1,0,0,0,0,0,7_28_02_V02Y_0,Sonipat,2017,8,4,4,3,2,14,1,0
7_28,0,0,1,0,0,0,0,0,7_28_02_V02Y_0,Sonipat,2017,9,5,2,6,4,19,1,0
7_28,0,0,1,0,0,0,0,0,7_28_02_V02Y_0,Sonipat,2017,10,2,5,0,2,15,1,0
7_28,0,0,1,0,0,0,0,0,7_28_02_V02Y_0,Sonipat,2017,11,6,3,4,1,14,1,0
7_28,0,0,1,0,0,0,0,0,7_28_02_V02Y_0,Sonipat,2017,12,9,6,3,3,26,1,0
7_28,0,0,1,0,0,0,0,0,7_28_02_V02Y_0,Sonipat,2018,1,2,7,4,2,16,1,0
7_28,0,0,1,0,0,0,0,0,7_28_02_V02Y_0,Sonipat,2018,2,6,1,6,5,22,1,0
7_28,0,0,1,0,0,0,0,0,7_28_02_V02Y_0,Sonipat,2018,3,6,7,1,1,19,1,0
7_28,0,0,1,0,0,0,0,0,7_28_03_V01Y_0,Sonipat,2017,4,2,2,0,0,4,0,0
7_28,0,0,1,0,0,0,0,0,7_28_03_V01Y_0,Sonipat,2017,5,0,0,1,3,4,0,0
7_28,0,0,1,0,0,0,0,0,7_28_03_V01Y_0,Sonipat,2017,6,0,0,0,2,2,0,0
7_28,0,0,1,0,0,0,0,0,7_28_03_V01Y_0,Sonipat,2017,7,0,0,3,1,5,0,0
7_28,0,0,1,0,0,0,0,0,7_28_03_V01Y_0,Sonipat,2017,8,1,0,0,0,1,0,0
7_28,0,0,1,0,0,0,0,0,7_28_03_V01Y_0,Sonipat,2017,9,1,1,0,1,4,0,0
7_28,0,0,1,0,0,0,0,0,7_28_03_V01Y_0,Sonipat,2017,11,1,1,1,0,3,0,0
7_28,0,0,1,0,0,0,0,0,7_28_03_V01Y_0,Sonipat,2017,12,2,2,0,3,7,0,0
7_28,0,0,1,0,0,0,0,0,7_28_03_V01Y_0,Sonipat,2018,1,0,2,2,0,6,0,0
7_28,0,0,1,0,0,0,0,0,7_28_03_V01Y_0,Sonipat,2018,2,0,1,2,0,3,0,0
7_28,0,0,1,0,0,0,0,0,7_28_03_V01Y_0,Sonipat,2018,3,0,2,0,0,7,0,0
7_28,0,0,0,1,0,0,0,0,7_28_04_V02Y_0,Sonipat,2017,3,1,5,4,3,13,1,0
7_28,0,0,0,1,0,0,0,0,7_28_04_V02Y_0,Sonipat,2017,4,6,3,4,3,15,1,0
7_28,0,0,0,1,0,0,0,0,7_28_04_V02Y_0,Sonipat,2017,5,4,3,2,2,12,1,0
7_28,0,0,0,1,0,0,0,0,7_28_04_V02Y_0,Sonipat,2017,6,1,4,3,5,15,1,0
7_28,0,0,0,1,0,0,0,0,7_28_04_V02Y_0,Sonipat,2017,7,3,1,5,4,14,1,0
7_28,0,0,0,1,0,0,0,0,7_28_04_V02Y_0,Sonipat,2017,8,2,1,2,4,11,1,0
7_28,0,0,0,1,0,0,0,0,7_28_04_V02Y_0,Sonipat,2017,9,6,4,0,5,18,1,0
7_28,0,0,0,1,0,0,0,0,7_28_04_V02Y_0,Sonipat,2017,10,2,5,3,3,14,1,0
7_28,0,0,0,1,0,0,0,0,7_28_04_V02Y_0,Sonipat,2017,11,4,1,5,3,19,1,0
7_28,0,0,0,1,0,0,0,0,7_28_04_V02Y_0,Sonipat,2017,12,9,3,3,6,26,1,0
7_28,0,0,0,1,0,0,0,0,7_28_04_V02Y_0,Sonipat,2018,1,2,5,1,0,9,1,0
7_28,0,0,0,1,0,0,0,0,7_28_04_V02Y_0,Sonipat,2018,2,1,7,4,3,17,1,0
7_28,0,0,0,1,0,0,0,0,7_28_04_V02Y_0,Sonipat,2018,3,2,3,8,1,23,1,0
7_28,0,0,0,1,0,0,0,0,7_28_04_V03Y_0,Sonipat,2017,3,5,5,10,9,31,1,0
7_28,0,0,0,1,0,0,0,0,7_28_04_V03Y_0,Sonipat,2017,4,7,10,8,10,37,1,0
7_28,0,0,0,1,0,0,0,0,7_28_04_V03Y_0,Sonipat,2017,5,7,4,15,8,38,1,0
7_28,0,0,0,1,0,0,0,0,7_28_04_V03Y_0,Sonipat,2017,6,9,6,3,10,31,1,0
7_28,0,0,0,1,0,0,0,0,7_28_04_V03Y_0,Sonipat,2017,7,8,10,6,9,35,1,0
7_28,0,0,0,1,0,0,0,0,7_28_04_V03Y_0,Sonipat,2017,8,4,11,11,6,35,1,0
7_28,0,0,0,1,0,0,0,0,7_28_04_V03Y_0,Sonipat,2017,9,6,5,8,15,39,1,0
7_28,0,0,0,1,0,0,0,0,7_28_04_V03Y_0,Sonipat,2017,10,8,7,6,6,38,1,0
7_28,0,0,0,1,0,0,0,0,7_28_04_V03Y_0,Sonipat,2017,11,12,9,9,11,48,1,0
7_28,0,0,0,1,0,0,0,0,7_28_04_V03Y_0,Sonipat,2017,12,19,14,11,4,59,1,0
7_28,0,0,0,1,0,0,0,0,7_28_04_V03Y_0,Sonipat,2018,1,9,11,10,1,38,1,0
7_28,0,0,0,1,0,0,0,0,7_28_04_V03Y_0,Sonipat,2018,2,5,13,18,11,54,1,0
7_28,0,0,0,1,0,0,0,0,7_28_04_V03Y_0,Sonipat,2018,3,6,5,8,11,41,1,0
