anyseed,baseline,district,id_village_grp,slope,flat,random,gossip,trusted,trustgossip,created_year,created_month,nchildren
1,1,Bhiwani,1_01_02_V01Y_0,TRUE,FALSE,1,0,0,0,2017,3,24
1,1,Bhiwani,1_01_02_V01Y_0,TRUE,FALSE,1,0,0,0,2017,4,22
1,1,Bhiwani,1_01_02_V01Y_0,TRUE,FALSE,1,0,0,0,2017,5,14
1,1,Bhiwani,1_01_02_V01Y_0,TRUE,FALSE,1,0,0,0,2017,6,19
1,1,Bhiwani,1_01_02_V01Y_0,TRUE,FALSE,1,0,0,0,2017,7,26
1,1,Bhiwani,1_01_02_V01Y_0,TRUE,FALSE,1,0,0,0,2017,8,27
1,1,Bhiwani,1_01_02_V01Y_0,TRUE,FALSE,1,0,0,0,2017,9,17
1,1,Bhiwani,1_01_02_V01Y_0,TRUE,FALSE,1,0,0,0,2017,10,34
1,1,Bhiwani,1_01_02_V01Y_0,TRUE,FALSE,1,0,0,0,2017,11,36
1,1,Bhiwani,1_01_02_V01Y_0,TRUE,FALSE,1,0,0,0,2017,12,36
1,1,Bhiwani,1_01_02_V01Y_0,TRUE,FALSE,1,0,0,0,2018,1,27
1,1,Bhiwani,1_01_02_V01Y_0,TRUE,FALSE,1,0,0,0,2018,2,40
1,1,Bhiwani,1_01_02_V01Y_0,TRUE,FALSE,1,0,0,0,2018,3,36
1,1,Bhiwani,1_01_03_V01Y_0,FALSE,TRUE,0,0,0,1,2017,3,14
1,1,Bhiwani,1_01_03_V01Y_0,FALSE,TRUE,0,0,0,1,2017,4,12
1,1,Bhiwani,1_01_03_V01Y_0,FALSE,TRUE,0,0,0,1,2017,5,19
1,1,Bhiwani,1_01_03_V01Y_0,FALSE,TRUE,0,0,0,1,2017,6,16
1,1,Bhiwani,1_01_03_V01Y_0,FALSE,TRUE,0,0,0,1,2017,7,18
1,1,Bhiwani,1_01_03_V01Y_0,FALSE,TRUE,0,0,0,1,2017,8,27
1,1,Bhiwani,1_01_03_V01Y_0,FALSE,TRUE,0,0,0,1,2017,9,12
1,1,Bhiwani,1_01_03_V01Y_0,FALSE,TRUE,0,0,0,1,2017,10,10
1,1,Bhiwani,1_01_03_V01Y_0,FALSE,TRUE,0,0,0,1,2017,11,14
1,1,Bhiwani,1_01_03_V01Y_0,FALSE,TRUE,0,0,0,1,2017,12,24
1,1,Bhiwani,1_01_03_V01Y_0,FALSE,TRUE,0,0,0,1,2018,1,17
1,1,Bhiwani,1_01_03_V01Y_0,FALSE,TRUE,0,0,0,1,2018,2,20
1,1,Bhiwani,1_01_03_V01Y_0,FALSE,TRUE,0,0,0,1,2018,3,20
1,1,Bhiwani,1_01_03_V02Y_0,FALSE,TRUE,0,0,0,1,2017,3,6
1,1,Bhiwani,1_01_03_V02Y_0,FALSE,TRUE,0,0,0,1,2017,4,6
1,1,Bhiwani,1_01_03_V02Y_0,FALSE,TRUE,0,0,0,1,2017,5,9
1,1,Bhiwani,1_01_03_V02Y_0,FALSE,TRUE,0,0,0,1,2017,6,6
1,1,Bhiwani,1_01_03_V02Y_0,FALSE,TRUE,0,0,0,1,2017,7,8
1,1,Bhiwani,1_01_03_V02Y_0,FALSE,TRUE,0,0,0,1,2017,8,2
1,1,Bhiwani,1_01_03_V02Y_0,FALSE,TRUE,0,0,0,1,2017,9,4
1,1,Bhiwani,1_01_03_V02Y_0,FALSE,TRUE,0,0,0,1,2017,10,11
1,1,Bhiwani,1_01_03_V02Y_0,FALSE,TRUE,0,0,0,1,2017,11,9
1,1,Bhiwani,1_01_03_V02Y_0,FALSE,TRUE,0,0,0,1,2017,12,8
1,1,Bhiwani,1_01_03_V02Y_0,FALSE,TRUE,0,0,0,1,2018,1,7
1,1,Bhiwani,1_01_03_V02Y_0,FALSE,TRUE,0,0,0,1,2018,2,7
1,1,Bhiwani,1_01_03_V02Y_0,FALSE,TRUE,0,0,0,1,2018,3,6
1,1,Bhiwani,1_01_05_V01Y_0,FALSE,TRUE,0,0,0,1,2017,3,31
1,1,Bhiwani,1_01_05_V01Y_0,FALSE,TRUE,0,0,0,1,2017,4,20
1,1,Bhiwani,1_01_05_V01Y_0,FALSE,TRUE,0,0,0,1,2017,5,22
1,1,Bhiwani,1_01_05_V01Y_0,FALSE,TRUE,0,0,0,1,2017,6,23
1,1,Bhiwani,1_01_05_V01Y_0,FALSE,TRUE,0,0,0,1,2017,7,35
1,1,Bhiwani,1_01_05_V01Y_0,FALSE,TRUE,0,0,0,1,2017,8,27
1,1,Bhiwani,1_01_05_V01Y_0,FALSE,TRUE,0,0,0,1,2017,9,24
1,1,Bhiwani,1_01_05_V01Y_0,FALSE,TRUE,0,0,0,1,2017,10,37
1,1,Bhiwani,1_01_05_V01Y_0,FALSE,TRUE,0,0,0,1,2017,11,28
1,1,Bhiwani,1_01_05_V01Y_0,FALSE,TRUE,0,0,0,1,2017,12,38
1,1,Bhiwani,1_01_05_V01Y_0,FALSE,TRUE,0,0,0,1,2018,1,26
1,1,Bhiwani,1_01_05_V01Y_0,FALSE,TRUE,0,0,0,1,2018,2,43
1,1,Bhiwani,1_01_05_V01Y_0,FALSE,TRUE,0,0,0,1,2018,3,34
1,1,Bhiwani,1_02_01_V03Y_0,TRUE,FALSE,0,0,0,1,2017,3,5
1,1,Bhiwani,1_02_01_V03Y_0,TRUE,FALSE,0,0,0,1,2017,4,2
1,1,Bhiwani,1_02_01_V03Y_0,TRUE,FALSE,0,0,0,1,2017,5,2
1,1,Bhiwani,1_02_01_V03Y_0,TRUE,FALSE,0,0,0,1,2017,6,2
1,1,Bhiwani,1_02_01_V03Y_0,TRUE,FALSE,0,0,0,1,2017,7,3
1,1,Bhiwani,1_02_01_V03Y_0,TRUE,FALSE,0,0,0,1,2017,8,3
1,1,Bhiwani,1_02_01_V03Y_0,TRUE,FALSE,0,0,0,1,2017,9,3
1,1,Bhiwani,1_02_01_V03Y_0,TRUE,FALSE,0,0,0,1,2017,10,2
1,1,Bhiwani,1_02_01_V03Y_0,TRUE,FALSE,0,0,0,1,2017,11,5
1,1,Bhiwani,1_02_01_V03Y_0,TRUE,FALSE,0,0,0,1,2017,12,4
1,1,Bhiwani,1_02_01_V03Y_0,TRUE,FALSE,0,0,0,1,2018,2,4
1,1,Bhiwani,1_02_01_V03Y_0,TRUE,FALSE,0,0,0,1,2018,3,6
1,1,Bhiwani,1_02_02_V02Y_1,TRUE,FALSE,1,0,0,0,2017,2,2
1,1,Bhiwani,1_02_02_V02Y_1,TRUE,FALSE,1,0,0,0,2017,3,26
1,1,Bhiwani,1_02_02_V02Y_1,TRUE,FALSE,1,0,0,0,2017,4,17
1,1,Bhiwani,1_02_02_V02Y_1,TRUE,FALSE,1,0,0,0,2017,5,26
1,1,Bhiwani,1_02_02_V02Y_1,TRUE,FALSE,1,0,0,0,2017,6,18
1,1,Bhiwani,1_02_02_V02Y_1,TRUE,FALSE,1,0,0,0,2017,7,23
1,1,Bhiwani,1_02_02_V02Y_1,TRUE,FALSE,1,0,0,0,2017,8,19
1,1,Bhiwani,1_02_02_V02Y_1,TRUE,FALSE,1,0,0,0,2017,9,30
1,1,Bhiwani,1_02_02_V02Y_1,TRUE,FALSE,1,0,0,0,2017,10,12
1,1,Bhiwani,1_02_02_V02Y_1,TRUE,FALSE,1,0,0,0,2017,11,16
1,1,Bhiwani,1_02_02_V02Y_1,TRUE,FALSE,1,0,0,0,2017,12,29
1,1,Bhiwani,1_02_02_V02Y_1,TRUE,FALSE,1,0,0,0,2018,1,14
1,1,Bhiwani,1_02_02_V02Y_1,TRUE,FALSE,1,0,0,0,2018,2,33
1,1,Bhiwani,1_02_02_V02Y_1,TRUE,FALSE,1,0,0,0,2018,3,29
1,1,Bhiwani,1_02_03_V02Y_1,TRUE,FALSE,1,0,0,0,2017,2,6
1,1,Bhiwani,1_02_03_V02Y_1,TRUE,FALSE,1,0,0,0,2017,3,25
1,1,Bhiwani,1_02_03_V02Y_1,TRUE,FALSE,1,0,0,0,2017,4,26
1,1,Bhiwani,1_02_03_V02Y_1,TRUE,FALSE,1,0,0,0,2017,5,16
1,1,Bhiwani,1_02_03_V02Y_1,TRUE,FALSE,1,0,0,0,2017,6,22
1,1,Bhiwani,1_02_03_V02Y_1,TRUE,FALSE,1,0,0,0,2017,7,15
1,1,Bhiwani,1_02_03_V02Y_1,TRUE,FALSE,1,0,0,0,2017,8,13
1,1,Bhiwani,1_02_03_V02Y_1,TRUE,FALSE,1,0,0,0,2017,9,14
1,1,Bhiwani,1_02_03_V02Y_1,TRUE,FALSE,1,0,0,0,2017,10,21
1,1,Bhiwani,1_02_03_V02Y_1,TRUE,FALSE,1,0,0,0,2017,11,24
1,1,Bhiwani,1_02_03_V02Y_1,TRUE,FALSE,1,0,0,0,2017,12,16
1,1,Bhiwani,1_02_03_V02Y_1,TRUE,FALSE,1,0,0,0,2018,1,24
1,1,Bhiwani,1_02_03_V02Y_1,TRUE,FALSE,1,0,0,0,2018,2,27
1,1,Bhiwani,1_02_03_V02Y_1,TRUE,FALSE,1,0,0,0,2018,3,21
1,1,Bhiwani,1_02_05_V02Y_0,TRUE,FALSE,0,1,0,0,2017,3,6
1,1,Bhiwani,1_02_05_V02Y_0,TRUE,FALSE,0,1,0,0,2017,4,8
1,1,Bhiwani,1_02_05_V02Y_0,TRUE,FALSE,0,1,0,0,2017,5,5
1,1,Bhiwani,1_02_05_V02Y_0,TRUE,FALSE,0,1,0,0,2017,6,5
1,1,Bhiwani,1_02_05_V02Y_0,TRUE,FALSE,0,1,0,0,2017,7,3
1,1,Bhiwani,1_02_05_V02Y_0,TRUE,FALSE,0,1,0,0,2017,8,3
1,1,Bhiwani,1_02_05_V02Y_0,TRUE,FALSE,0,1,0,0,2017,9,5
1,1,Bhiwani,1_02_05_V02Y_0,TRUE,FALSE,0,1,0,0,2017,10,1
1,1,Bhiwani,1_02_05_V02Y_0,TRUE,FALSE,0,1,0,0,2017,11,2
1,1,Bhiwani,1_02_05_V02Y_0,TRUE,FALSE,0,1,0,0,2018,2,10
1,1,Bhiwani,1_02_05_V02Y_0,TRUE,FALSE,0,1,0,0,2018,3,8
1,1,Bhiwani,1_03_02_V02Y_0,TRUE,FALSE,1,0,0,0,2017,3,6
1,1,Bhiwani,1_03_02_V02Y_0,TRUE,FALSE,1,0,0,0,2017,4,9
1,1,Bhiwani,1_03_02_V02Y_0,TRUE,FALSE,1,0,0,0,2017,5,5
1,1,Bhiwani,1_03_02_V02Y_0,TRUE,FALSE,1,0,0,0,2017,6,8
1,1,Bhiwani,1_03_02_V02Y_0,TRUE,FALSE,1,0,0,0,2017,7,14
1,1,Bhiwani,1_03_02_V02Y_0,TRUE,FALSE,1,0,0,0,2017,8,6
1,1,Bhiwani,1_03_02_V02Y_0,TRUE,FALSE,1,0,0,0,2017,9,11
1,1,Bhiwani,1_03_02_V02Y_0,TRUE,FALSE,1,0,0,0,2017,10,7
1,1,Bhiwani,1_03_02_V02Y_0,TRUE,FALSE,1,0,0,0,2017,11,10
1,1,Bhiwani,1_03_02_V02Y_0,TRUE,FALSE,1,0,0,0,2017,12,9
1,1,Bhiwani,1_03_02_V02Y_0,TRUE,FALSE,1,0,0,0,2018,1,9
1,1,Bhiwani,1_03_02_V02Y_0,TRUE,FALSE,1,0,0,0,2018,2,12
1,1,Bhiwani,1_03_02_V02Y_0,TRUE,FALSE,1,0,0,0,2018,3,17
1,1,Bhiwani,1_03_06_V05Y_0,TRUE,FALSE,0,1,0,0,2017,3,10
1,1,Bhiwani,1_03_06_V05Y_0,TRUE,FALSE,0,1,0,0,2017,4,6
1,1,Bhiwani,1_03_06_V05Y_0,TRUE,FALSE,0,1,0,0,2017,5,1
1,1,Bhiwani,1_03_06_V05Y_0,TRUE,FALSE,0,1,0,0,2017,6,4
1,1,Bhiwani,1_03_06_V05Y_0,TRUE,FALSE,0,1,0,0,2017,7,12
1,1,Bhiwani,1_03_06_V05Y_0,TRUE,FALSE,0,1,0,0,2017,8,10
1,1,Bhiwani,1_03_06_V05Y_0,TRUE,FALSE,0,1,0,0,2017,9,16
1,1,Bhiwani,1_03_06_V05Y_0,TRUE,FALSE,0,1,0,0,2017,10,13
1,1,Bhiwani,1_03_06_V05Y_0,TRUE,FALSE,0,1,0,0,2017,11,20
1,1,Bhiwani,1_03_06_V05Y_0,TRUE,FALSE,0,1,0,0,2017,12,16
1,1,Bhiwani,1_03_06_V05Y_0,TRUE,FALSE,0,1,0,0,2018,1,12
1,1,Bhiwani,1_03_06_V05Y_0,TRUE,FALSE,0,1,0,0,2018,2,10
1,1,Bhiwani,1_03_06_V05Y_0,TRUE,FALSE,0,1,0,0,2018,3,13
1,1,Bhiwani,1_03_06_V06Y_0,TRUE,FALSE,0,1,0,0,2017,3,5
1,1,Bhiwani,1_03_06_V06Y_0,TRUE,FALSE,0,1,0,0,2017,4,3
1,1,Bhiwani,1_03_06_V06Y_0,TRUE,FALSE,0,1,0,0,2017,5,5
1,1,Bhiwani,1_03_06_V06Y_0,TRUE,FALSE,0,1,0,0,2017,6,2
1,1,Bhiwani,1_03_06_V06Y_0,TRUE,FALSE,0,1,0,0,2017,7,6
1,1,Bhiwani,1_03_06_V06Y_0,TRUE,FALSE,0,1,0,0,2017,8,1
1,1,Bhiwani,1_03_06_V06Y_0,TRUE,FALSE,0,1,0,0,2017,9,2
1,1,Bhiwani,1_03_06_V06Y_0,TRUE,FALSE,0,1,0,0,2017,10,5
1,1,Bhiwani,1_03_06_V06Y_0,TRUE,FALSE,0,1,0,0,2017,11,5
1,1,Bhiwani,1_03_06_V06Y_0,TRUE,FALSE,0,1,0,0,2017,12,5
1,1,Bhiwani,1_03_06_V06Y_0,TRUE,FALSE,0,1,0,0,2018,1,3
1,1,Bhiwani,1_03_06_V06Y_0,TRUE,FALSE,0,1,0,0,2018,2,1
1,1,Bhiwani,1_03_06_V06Y_0,TRUE,FALSE,0,1,0,0,2018,3,5
1,1,Bhiwani,1_03_08_V02Y_0,FALSE,TRUE,0,0,1,0,2017,3,7
1,1,Bhiwani,1_03_08_V02Y_0,FALSE,TRUE,0,0,1,0,2017,4,11
1,1,Bhiwani,1_03_08_V02Y_0,FALSE,TRUE,0,0,1,0,2017,5,7
1,1,Bhiwani,1_03_08_V02Y_0,FALSE,TRUE,0,0,1,0,2017,6,8
1,1,Bhiwani,1_03_08_V02Y_0,FALSE,TRUE,0,0,1,0,2017,7,5
1,1,Bhiwani,1_03_08_V02Y_0,FALSE,TRUE,0,0,1,0,2017,8,8
1,1,Bhiwani,1_03_08_V02Y_0,FALSE,TRUE,0,0,1,0,2017,9,6
1,1,Bhiwani,1_03_08_V02Y_0,FALSE,TRUE,0,0,1,0,2017,10,5
1,1,Bhiwani,1_03_08_V02Y_0,FALSE,TRUE,0,0,1,0,2017,11,11
1,1,Bhiwani,1_03_08_V02Y_0,FALSE,TRUE,0,0,1,0,2017,12,7
1,1,Bhiwani,1_03_08_V02Y_0,FALSE,TRUE,0,0,1,0,2018,1,9
1,1,Bhiwani,1_03_08_V02Y_0,FALSE,TRUE,0,0,1,0,2018,2,13
1,1,Bhiwani,1_03_08_V02Y_0,FALSE,TRUE,0,0,1,0,2018,3,15
1,1,Bhiwani,1_04_01_V01Y_0,FALSE,TRUE,0,0,1,0,2017,3,11
1,1,Bhiwani,1_04_01_V01Y_0,FALSE,TRUE,0,0,1,0,2017,4,11
1,1,Bhiwani,1_04_01_V01Y_0,FALSE,TRUE,0,0,1,0,2017,5,8
1,1,Bhiwani,1_04_01_V01Y_0,FALSE,TRUE,0,0,1,0,2017,6,12
1,1,Bhiwani,1_04_01_V01Y_0,FALSE,TRUE,0,0,1,0,2017,7,6
1,1,Bhiwani,1_04_01_V01Y_0,FALSE,TRUE,0,0,1,0,2017,8,10
1,1,Bhiwani,1_04_01_V01Y_0,FALSE,TRUE,0,0,1,0,2017,9,16
1,1,Bhiwani,1_04_01_V01Y_0,FALSE,TRUE,0,0,1,0,2017,10,13
1,1,Bhiwani,1_04_01_V01Y_0,FALSE,TRUE,0,0,1,0,2017,11,8
1,1,Bhiwani,1_04_01_V01Y_0,FALSE,TRUE,0,0,1,0,2017,12,15
1,1,Bhiwani,1_04_01_V01Y_0,FALSE,TRUE,0,0,1,0,2018,1,16
1,1,Bhiwani,1_04_01_V01Y_0,FALSE,TRUE,0,0,1,0,2018,2,19
1,1,Bhiwani,1_04_01_V01Y_0,FALSE,TRUE,0,0,1,0,2018,3,10
1,1,Bhiwani,1_04_02_V03Y_0,TRUE,FALSE,1,0,0,0,2017,3,1
1,1,Bhiwani,1_04_02_V03Y_0,TRUE,FALSE,1,0,0,0,2017,4,3
1,1,Bhiwani,1_04_02_V03Y_0,TRUE,FALSE,1,0,0,0,2017,5,4
1,1,Bhiwani,1_04_02_V03Y_0,TRUE,FALSE,1,0,0,0,2017,6,5
1,1,Bhiwani,1_04_02_V03Y_0,TRUE,FALSE,1,0,0,0,2017,7,3
1,1,Bhiwani,1_04_02_V03Y_0,TRUE,FALSE,1,0,0,0,2017,8,3
1,1,Bhiwani,1_04_02_V03Y_0,TRUE,FALSE,1,0,0,0,2017,9,3
1,1,Bhiwani,1_04_02_V03Y_0,TRUE,FALSE,1,0,0,0,2017,10,4
1,1,Bhiwani,1_04_02_V03Y_0,TRUE,FALSE,1,0,0,0,2017,11,5
1,1,Bhiwani,1_04_02_V03Y_0,TRUE,FALSE,1,0,0,0,2017,12,3
1,1,Bhiwani,1_04_02_V03Y_0,TRUE,FALSE,1,0,0,0,2018,1,1
1,1,Bhiwani,1_04_02_V03Y_0,TRUE,FALSE,1,0,0,0,2018,2,1
1,1,Bhiwani,1_04_02_V03Y_0,TRUE,FALSE,1,0,0,0,2018,3,3
1,1,Bhiwani,1_04_03_V01Y_0,TRUE,FALSE,0,1,0,0,2017,3,22
1,1,Bhiwani,1_04_03_V01Y_0,TRUE,FALSE,0,1,0,0,2017,4,16
1,1,Bhiwani,1_04_03_V01Y_0,TRUE,FALSE,0,1,0,0,2017,5,17
1,1,Bhiwani,1_04_03_V01Y_0,TRUE,FALSE,0,1,0,0,2017,6,16
1,1,Bhiwani,1_04_03_V01Y_0,TRUE,FALSE,0,1,0,0,2017,7,16
1,1,Bhiwani,1_04_03_V01Y_0,TRUE,FALSE,0,1,0,0,2017,8,15
1,1,Bhiwani,1_04_03_V01Y_0,TRUE,FALSE,0,1,0,0,2017,9,14
1,1,Bhiwani,1_04_03_V01Y_0,TRUE,FALSE,0,1,0,0,2017,10,17
1,1,Bhiwani,1_04_03_V01Y_0,TRUE,FALSE,0,1,0,0,2017,11,12
1,1,Bhiwani,1_04_03_V01Y_0,TRUE,FALSE,0,1,0,0,2017,12,21
1,1,Bhiwani,1_04_03_V01Y_0,TRUE,FALSE,0,1,0,0,2018,1,14
1,1,Bhiwani,1_04_03_V01Y_0,TRUE,FALSE,0,1,0,0,2018,2,23
1,1,Bhiwani,1_04_03_V01Y_0,TRUE,FALSE,0,1,0,0,2018,3,10
1,1,Bhiwani,1_04_05_V03Y_0,TRUE,FALSE,1,0,0,0,2017,3,6
1,1,Bhiwani,1_04_05_V03Y_0,TRUE,FALSE,1,0,0,0,2017,4,3
1,1,Bhiwani,1_04_05_V03Y_0,TRUE,FALSE,1,0,0,0,2017,5,5
1,1,Bhiwani,1_04_05_V03Y_0,TRUE,FALSE,1,0,0,0,2017,6,4
1,1,Bhiwani,1_04_05_V03Y_0,TRUE,FALSE,1,0,0,0,2017,7,5
1,1,Bhiwani,1_04_05_V03Y_0,TRUE,FALSE,1,0,0,0,2017,8,3
1,1,Bhiwani,1_04_05_V03Y_0,TRUE,FALSE,1,0,0,0,2017,9,2
1,1,Bhiwani,1_04_05_V03Y_0,TRUE,FALSE,1,0,0,0,2017,10,7
1,1,Bhiwani,1_04_05_V03Y_0,TRUE,FALSE,1,0,0,0,2017,11,7
1,1,Bhiwani,1_04_05_V03Y_0,TRUE,FALSE,1,0,0,0,2017,12,7
1,1,Bhiwani,1_04_05_V03Y_0,TRUE,FALSE,1,0,0,0,2018,1,7
1,1,Bhiwani,1_04_05_V03Y_0,TRUE,FALSE,1,0,0,0,2018,2,11
1,1,Bhiwani,1_04_05_V03Y_0,TRUE,FALSE,1,0,0,0,2018,3,6
1,1,Bhiwani,1_05_02_V02Y_0,FALSE,FALSE,0,0,0,1,2017,3,13
1,1,Bhiwani,1_05_02_V02Y_0,FALSE,FALSE,0,0,0,1,2017,4,11
1,1,Bhiwani,1_05_02_V02Y_0,FALSE,FALSE,0,0,0,1,2017,5,7
1,1,Bhiwani,1_05_02_V02Y_0,FALSE,FALSE,0,0,0,1,2017,6,10
1,1,Bhiwani,1_05_02_V02Y_0,FALSE,FALSE,0,0,0,1,2017,7,8
1,1,Bhiwani,1_05_02_V02Y_0,FALSE,FALSE,0,0,0,1,2017,8,6
1,1,Bhiwani,1_05_02_V02Y_0,FALSE,FALSE,0,0,0,1,2017,9,9
1,1,Bhiwani,1_05_02_V02Y_0,FALSE,FALSE,0,0,0,1,2017,10,8
1,1,Bhiwani,1_05_02_V02Y_0,FALSE,FALSE,0,0,0,1,2017,11,12
1,1,Bhiwani,1_05_02_V02Y_0,FALSE,FALSE,0,0,0,1,2017,12,14
1,1,Bhiwani,1_05_02_V02Y_0,FALSE,FALSE,0,0,0,1,2018,1,7
1,1,Bhiwani,1_05_02_V02Y_0,FALSE,FALSE,0,0,0,1,2018,2,11
1,1,Bhiwani,1_05_02_V04Y_0,FALSE,FALSE,1,0,0,0,2017,3,5
1,1,Bhiwani,1_05_02_V04Y_0,FALSE,FALSE,1,0,0,0,2017,4,7
1,1,Bhiwani,1_05_02_V04Y_0,FALSE,FALSE,1,0,0,0,2017,5,9
1,1,Bhiwani,1_05_02_V04Y_0,FALSE,FALSE,1,0,0,0,2017,6,13
1,1,Bhiwani,1_05_02_V04Y_0,FALSE,FALSE,1,0,0,0,2017,7,7
1,1,Bhiwani,1_05_02_V04Y_0,FALSE,FALSE,1,0,0,0,2017,8,8
1,1,Bhiwani,1_05_02_V04Y_0,FALSE,FALSE,1,0,0,0,2017,9,16
1,1,Bhiwani,1_05_02_V04Y_0,FALSE,FALSE,1,0,0,0,2017,10,8
1,1,Bhiwani,1_05_02_V04Y_0,FALSE,FALSE,1,0,0,0,2017,11,10
1,1,Bhiwani,1_05_02_V04Y_0,FALSE,FALSE,1,0,0,0,2017,12,15
1,1,Bhiwani,1_05_02_V04Y_0,FALSE,FALSE,1,0,0,0,2018,1,13
1,1,Bhiwani,1_05_02_V04Y_0,FALSE,FALSE,1,0,0,0,2018,2,10
1,1,Bhiwani,1_05_03_V02Y_0,FALSE,FALSE,0,0,0,1,2017,3,27
1,1,Bhiwani,1_05_03_V02Y_0,FALSE,FALSE,0,0,0,1,2017,4,17
1,1,Bhiwani,1_05_03_V02Y_0,FALSE,FALSE,0,0,0,1,2017,5,27
1,1,Bhiwani,1_05_03_V02Y_0,FALSE,FALSE,0,0,0,1,2017,6,23
1,1,Bhiwani,1_05_03_V02Y_0,FALSE,FALSE,0,0,0,1,2017,7,26
1,1,Bhiwani,1_05_03_V02Y_0,FALSE,FALSE,0,0,0,1,2017,8,17
1,1,Bhiwani,1_05_03_V02Y_0,FALSE,FALSE,0,0,0,1,2017,9,24
1,1,Bhiwani,1_05_03_V02Y_0,FALSE,FALSE,0,0,0,1,2017,10,35
1,1,Bhiwani,1_05_03_V02Y_0,FALSE,FALSE,0,0,0,1,2017,11,28
1,1,Bhiwani,1_05_03_V02Y_0,FALSE,FALSE,0,0,0,1,2017,12,37
1,1,Bhiwani,1_05_03_V02Y_0,FALSE,FALSE,0,0,0,1,2018,1,23
1,1,Bhiwani,1_05_03_V02Y_0,FALSE,FALSE,0,0,0,1,2018,2,26
1,1,Bhiwani,1_05_03_V02Y_0,FALSE,FALSE,0,0,0,1,2018,3,40
1,1,Bhiwani,1_05_06_V01Y_0,FALSE,FALSE,0,0,1,0,2017,3,18
1,1,Bhiwani,1_05_06_V01Y_0,FALSE,FALSE,0,0,1,0,2017,4,18
1,1,Bhiwani,1_05_06_V01Y_0,FALSE,FALSE,0,0,1,0,2017,5,11
1,1,Bhiwani,1_05_06_V01Y_0,FALSE,FALSE,0,0,1,0,2017,6,16
1,1,Bhiwani,1_05_06_V01Y_0,FALSE,FALSE,0,0,1,0,2017,7,12
1,1,Bhiwani,1_05_06_V01Y_0,FALSE,FALSE,0,0,1,0,2017,8,14
1,1,Bhiwani,1_05_06_V01Y_0,FALSE,FALSE,0,0,1,0,2017,9,24
1,1,Bhiwani,1_05_06_V01Y_0,FALSE,FALSE,0,0,1,0,2017,10,26
1,1,Bhiwani,1_05_06_V01Y_0,FALSE,FALSE,0,0,1,0,2017,11,17
1,1,Bhiwani,1_05_06_V01Y_0,FALSE,FALSE,0,0,1,0,2017,12,29
1,1,Bhiwani,1_05_06_V01Y_0,FALSE,FALSE,0,0,1,0,2018,1,20
1,1,Bhiwani,1_05_06_V01Y_0,FALSE,FALSE,0,0,1,0,2018,2,23
1,1,Bhiwani,1_05_06_V01Y_0,FALSE,FALSE,0,0,1,0,2018,3,32
1,1,Bhiwani,1_06_01_V01Y_1,FALSE,TRUE,1,0,0,0,2017,3,23
1,1,Bhiwani,1_06_01_V01Y_1,FALSE,TRUE,1,0,0,0,2017,4,44
1,1,Bhiwani,1_06_01_V01Y_1,FALSE,TRUE,1,0,0,0,2017,5,26
1,1,Bhiwani,1_06_01_V01Y_1,FALSE,TRUE,1,0,0,0,2017,6,32
1,1,Bhiwani,1_06_01_V01Y_1,FALSE,TRUE,1,0,0,0,2017,7,43
1,1,Bhiwani,1_06_01_V01Y_1,FALSE,TRUE,1,0,0,0,2017,8,24
1,1,Bhiwani,1_06_01_V01Y_1,FALSE,TRUE,1,0,0,0,2017,9,30
1,1,Bhiwani,1_06_01_V01Y_1,FALSE,TRUE,1,0,0,0,2017,10,34
1,1,Bhiwani,1_06_01_V01Y_1,FALSE,TRUE,1,0,0,0,2017,11,51
1,1,Bhiwani,1_06_01_V01Y_1,FALSE,TRUE,1,0,0,0,2017,12,56
1,1,Bhiwani,1_06_01_V01Y_1,FALSE,TRUE,1,0,0,0,2018,1,52
1,1,Bhiwani,1_06_01_V01Y_1,FALSE,TRUE,1,0,0,0,2018,2,46
1,1,Bhiwani,1_06_01_V01Y_1,FALSE,TRUE,1,0,0,0,2018,3,43
1,1,Bhiwani,1_06_02_V01Y_1,FALSE,TRUE,1,0,0,0,2017,3,16
1,1,Bhiwani,1_06_02_V01Y_1,FALSE,TRUE,1,0,0,0,2017,4,37
1,1,Bhiwani,1_06_02_V01Y_1,FALSE,TRUE,1,0,0,0,2017,5,45
1,1,Bhiwani,1_06_02_V01Y_1,FALSE,TRUE,1,0,0,0,2017,6,46
1,1,Bhiwani,1_06_02_V01Y_1,FALSE,TRUE,1,0,0,0,2017,7,33
1,1,Bhiwani,1_06_02_V01Y_1,FALSE,TRUE,1,0,0,0,2017,8,29
1,1,Bhiwani,1_06_02_V01Y_1,FALSE,TRUE,1,0,0,0,2017,9,45
1,1,Bhiwani,1_06_02_V01Y_1,FALSE,TRUE,1,0,0,0,2017,10,48
1,1,Bhiwani,1_06_02_V01Y_1,FALSE,TRUE,1,0,0,0,2017,11,43
1,1,Bhiwani,1_06_02_V01Y_1,FALSE,TRUE,1,0,0,0,2017,12,46
1,1,Bhiwani,1_06_02_V01Y_1,FALSE,TRUE,1,0,0,0,2018,1,49
1,1,Bhiwani,1_06_02_V01Y_1,FALSE,TRUE,1,0,0,0,2018,2,47
1,1,Bhiwani,1_06_02_V01Y_1,FALSE,TRUE,1,0,0,0,2018,3,54
1,1,Bhiwani,1_06_03_V01Y_0,TRUE,FALSE,0,0,1,0,2017,3,13
1,1,Bhiwani,1_06_03_V01Y_0,TRUE,FALSE,0,0,1,0,2017,4,8
1,1,Bhiwani,1_06_03_V01Y_0,TRUE,FALSE,0,0,1,0,2017,5,9
1,1,Bhiwani,1_06_03_V01Y_0,TRUE,FALSE,0,0,1,0,2017,6,7
1,1,Bhiwani,1_06_03_V01Y_0,TRUE,FALSE,0,0,1,0,2017,7,7
1,1,Bhiwani,1_06_03_V01Y_0,TRUE,FALSE,0,0,1,0,2017,8,13
1,1,Bhiwani,1_06_03_V01Y_0,TRUE,FALSE,0,0,1,0,2017,9,15
1,1,Bhiwani,1_06_03_V01Y_0,TRUE,FALSE,0,0,1,0,2017,10,15
1,1,Bhiwani,1_06_03_V01Y_0,TRUE,FALSE,0,0,1,0,2017,11,15
1,1,Bhiwani,1_06_03_V01Y_0,TRUE,FALSE,0,0,1,0,2017,12,15
1,1,Bhiwani,1_06_03_V01Y_0,TRUE,FALSE,0,0,1,0,2018,1,12
1,1,Bhiwani,1_06_03_V01Y_0,TRUE,FALSE,0,0,1,0,2018,2,11
1,1,Bhiwani,1_06_03_V01Y_0,TRUE,FALSE,0,0,1,0,2018,3,18
1,1,Bhiwani,1_06_03_V03Y_0,TRUE,FALSE,0,0,0,1,2017,3,16
1,1,Bhiwani,1_06_03_V03Y_0,TRUE,FALSE,0,0,0,1,2017,4,20
1,1,Bhiwani,1_06_03_V03Y_0,TRUE,FALSE,0,0,0,1,2017,5,19
1,1,Bhiwani,1_06_03_V03Y_0,TRUE,FALSE,0,0,0,1,2017,6,21
1,1,Bhiwani,1_06_03_V03Y_0,TRUE,FALSE,0,0,0,1,2017,7,28
1,1,Bhiwani,1_06_03_V03Y_0,TRUE,FALSE,0,0,0,1,2017,8,19
1,1,Bhiwani,1_06_03_V03Y_0,TRUE,FALSE,0,0,0,1,2017,9,16
1,1,Bhiwani,1_06_03_V03Y_0,TRUE,FALSE,0,0,0,1,2017,10,15
1,1,Bhiwani,1_06_03_V03Y_0,TRUE,FALSE,0,0,0,1,2017,11,17
1,1,Bhiwani,1_06_03_V03Y_0,TRUE,FALSE,0,0,0,1,2017,12,25
1,1,Bhiwani,1_06_03_V03Y_0,TRUE,FALSE,0,0,0,1,2018,1,21
1,1,Bhiwani,1_06_03_V03Y_0,TRUE,FALSE,0,0,0,1,2018,2,26
1,1,Bhiwani,1_06_03_V03Y_0,TRUE,FALSE,0,0,0,1,2018,3,16
1,1,Bhiwani,1_06_05_V01Y_0,FALSE,TRUE,0,1,0,0,2017,3,10
1,1,Bhiwani,1_06_05_V01Y_0,FALSE,TRUE,0,1,0,0,2017,4,17
1,1,Bhiwani,1_06_05_V01Y_0,FALSE,TRUE,0,1,0,0,2017,5,10
1,1,Bhiwani,1_06_05_V01Y_0,FALSE,TRUE,0,1,0,0,2017,6,16
1,1,Bhiwani,1_06_05_V01Y_0,FALSE,TRUE,0,1,0,0,2017,7,18
1,1,Bhiwani,1_06_05_V01Y_0,FALSE,TRUE,0,1,0,0,2017,8,13
1,1,Bhiwani,1_06_05_V01Y_0,FALSE,TRUE,0,1,0,0,2017,9,8
1,1,Bhiwani,1_06_05_V01Y_0,FALSE,TRUE,0,1,0,0,2017,10,18
1,1,Bhiwani,1_06_05_V01Y_0,FALSE,TRUE,0,1,0,0,2017,11,18
1,1,Bhiwani,1_06_05_V01Y_0,FALSE,TRUE,0,1,0,0,2017,12,19
1,1,Bhiwani,1_06_05_V01Y_0,FALSE,TRUE,0,1,0,0,2018,1,14
1,1,Bhiwani,1_06_05_V01Y_0,FALSE,TRUE,0,1,0,0,2018,2,15
1,1,Bhiwani,1_06_05_V01Y_0,FALSE,TRUE,0,1,0,0,2018,3,11
1,1,Bhiwani,1_07_03_V01Y_0,FALSE,FALSE,0,1,0,0,2017,3,21
1,1,Bhiwani,1_07_03_V01Y_0,FALSE,FALSE,0,1,0,0,2017,4,21
1,1,Bhiwani,1_07_03_V01Y_0,FALSE,FALSE,0,1,0,0,2017,5,27
1,1,Bhiwani,1_07_03_V01Y_0,FALSE,FALSE,0,1,0,0,2017,6,19
1,1,Bhiwani,1_07_03_V01Y_0,FALSE,FALSE,0,1,0,0,2017,7,25
1,1,Bhiwani,1_07_03_V01Y_0,FALSE,FALSE,0,1,0,0,2017,8,31
1,1,Bhiwani,1_07_03_V01Y_0,FALSE,FALSE,0,1,0,0,2017,9,29
1,1,Bhiwani,1_07_03_V01Y_0,FALSE,FALSE,0,1,0,0,2017,10,28
1,1,Bhiwani,1_07_03_V01Y_0,FALSE,FALSE,0,1,0,0,2017,11,23
1,1,Bhiwani,1_07_03_V01Y_0,FALSE,FALSE,0,1,0,0,2017,12,40
1,1,Bhiwani,1_07_03_V01Y_0,FALSE,FALSE,0,1,0,0,2018,1,39
1,1,Bhiwani,1_07_03_V01Y_0,FALSE,FALSE,0,1,0,0,2018,2,37
1,1,Bhiwani,1_07_03_V01Y_0,FALSE,FALSE,0,1,0,0,2018,3,25
1,1,Bhiwani,1_07_03_V02Y_0,FALSE,FALSE,0,0,0,1,2017,3,5
1,1,Bhiwani,1_07_03_V02Y_0,FALSE,FALSE,0,0,0,1,2017,4,2
1,1,Bhiwani,1_07_03_V02Y_0,FALSE,FALSE,0,0,0,1,2017,5,1
1,1,Bhiwani,1_07_03_V02Y_0,FALSE,FALSE,0,0,0,1,2017,6,1
1,1,Bhiwani,1_07_03_V02Y_0,FALSE,FALSE,0,0,0,1,2017,7,2
1,1,Bhiwani,1_07_03_V02Y_0,FALSE,FALSE,0,0,0,1,2017,8,1
1,1,Bhiwani,1_07_03_V02Y_0,FALSE,FALSE,0,0,0,1,2017,9,2
1,1,Bhiwani,1_07_03_V02Y_0,FALSE,FALSE,0,0,0,1,2017,11,3
1,1,Bhiwani,1_07_03_V02Y_0,FALSE,FALSE,0,0,0,1,2017,12,1
1,1,Bhiwani,1_07_03_V02Y_0,FALSE,FALSE,0,0,0,1,2018,2,3
1,1,Bhiwani,1_07_05_V02Y_0,FALSE,FALSE,0,0,1,0,2017,3,38
1,1,Bhiwani,1_07_05_V02Y_0,FALSE,FALSE,0,0,1,0,2017,4,7
1,1,Bhiwani,1_07_05_V02Y_0,FALSE,FALSE,0,0,1,0,2017,5,38
1,1,Bhiwani,1_07_05_V02Y_0,FALSE,FALSE,0,0,1,0,2017,6,32
1,1,Bhiwani,1_07_05_V02Y_0,FALSE,FALSE,0,0,1,0,2017,7,21
1,1,Bhiwani,1_07_05_V02Y_0,FALSE,FALSE,0,0,1,0,2017,8,28
1,1,Bhiwani,1_07_05_V02Y_0,FALSE,FALSE,0,0,1,0,2017,9,37
1,1,Bhiwani,1_07_05_V02Y_0,FALSE,FALSE,0,0,1,0,2017,10,37
1,1,Bhiwani,1_07_05_V02Y_0,FALSE,FALSE,0,0,1,0,2017,11,29
1,1,Bhiwani,1_07_05_V02Y_0,FALSE,FALSE,0,0,1,0,2017,12,38
1,1,Bhiwani,1_07_05_V02Y_0,FALSE,FALSE,0,0,1,0,2018,1,42
1,1,Bhiwani,1_07_05_V02Y_0,FALSE,FALSE,0,0,1,0,2018,2,20
1,1,Bhiwani,1_07_05_V02Y_0,FALSE,FALSE,0,0,1,0,2018,3,36
1,1,Bhiwani,1_08_01_V01Y_0,TRUE,FALSE,0,1,0,0,2017,3,28
1,1,Bhiwani,1_08_01_V01Y_0,TRUE,FALSE,0,1,0,0,2017,4,59
1,1,Bhiwani,1_08_01_V01Y_0,TRUE,FALSE,0,1,0,0,2017,5,38
1,1,Bhiwani,1_08_01_V01Y_0,TRUE,FALSE,0,1,0,0,2017,6,46
1,1,Bhiwani,1_08_01_V01Y_0,TRUE,FALSE,0,1,0,0,2017,7,53
1,1,Bhiwani,1_08_01_V01Y_0,TRUE,FALSE,0,1,0,0,2017,8,57
1,1,Bhiwani,1_08_01_V01Y_0,TRUE,FALSE,0,1,0,0,2017,9,66
1,1,Bhiwani,1_08_01_V01Y_0,TRUE,FALSE,0,1,0,0,2017,10,61
1,1,Bhiwani,1_08_01_V01Y_0,TRUE,FALSE,0,1,0,0,2017,11,43
1,1,Bhiwani,1_08_01_V01Y_0,TRUE,FALSE,0,1,0,0,2017,12,55
1,1,Bhiwani,1_08_01_V01Y_0,TRUE,FALSE,0,1,0,0,2018,1,59
1,1,Bhiwani,1_08_01_V01Y_0,TRUE,FALSE,0,1,0,0,2018,2,54
1,1,Bhiwani,1_08_01_V01Y_0,TRUE,FALSE,0,1,0,0,2018,3,37
1,1,Bhiwani,1_08_02_V01Y_0,TRUE,FALSE,0,0,1,0,2017,3,23
1,1,Bhiwani,1_08_02_V01Y_0,TRUE,FALSE,0,0,1,0,2017,4,31
1,1,Bhiwani,1_08_02_V01Y_0,TRUE,FALSE,0,0,1,0,2017,5,26
1,1,Bhiwani,1_08_02_V01Y_0,TRUE,FALSE,0,0,1,0,2017,6,25
1,1,Bhiwani,1_08_02_V01Y_0,TRUE,FALSE,0,0,1,0,2017,7,14
1,1,Bhiwani,1_08_02_V01Y_0,TRUE,FALSE,0,0,1,0,2017,8,16
1,1,Bhiwani,1_08_02_V01Y_0,TRUE,FALSE,0,0,1,0,2017,9,38
1,1,Bhiwani,1_08_02_V01Y_0,TRUE,FALSE,0,0,1,0,2017,10,32
1,1,Bhiwani,1_08_02_V01Y_0,TRUE,FALSE,0,0,1,0,2017,11,41
1,1,Bhiwani,1_08_02_V01Y_0,TRUE,FALSE,0,0,1,0,2017,12,49
1,1,Bhiwani,1_08_02_V01Y_0,TRUE,FALSE,0,0,1,0,2018,1,43
1,1,Bhiwani,1_08_02_V01Y_0,TRUE,FALSE,0,0,1,0,2018,2,38
1,1,Bhiwani,1_08_02_V01Y_0,TRUE,FALSE,0,0,1,0,2018,3,21
1,1,Bhiwani,1_08_03_V01Y_0,TRUE,FALSE,0,1,0,0,2017,3,16
1,1,Bhiwani,1_08_03_V01Y_0,TRUE,FALSE,0,1,0,0,2017,4,26
1,1,Bhiwani,1_08_03_V01Y_0,TRUE,FALSE,0,1,0,0,2017,5,35
1,1,Bhiwani,1_08_03_V01Y_0,TRUE,FALSE,0,1,0,0,2017,6,38
1,1,Bhiwani,1_08_03_V01Y_0,TRUE,FALSE,0,1,0,0,2017,7,41
1,1,Bhiwani,1_08_03_V01Y_0,TRUE,FALSE,0,1,0,0,2017,8,31
1,1,Bhiwani,1_08_03_V01Y_0,TRUE,FALSE,0,1,0,0,2017,9,42
1,1,Bhiwani,1_08_03_V01Y_0,TRUE,FALSE,0,1,0,0,2017,10,35
1,1,Bhiwani,1_08_03_V01Y_0,TRUE,FALSE,0,1,0,0,2017,11,37
1,1,Bhiwani,1_08_03_V01Y_0,TRUE,FALSE,0,1,0,0,2017,12,29
1,1,Bhiwani,1_08_03_V01Y_0,TRUE,FALSE,0,1,0,0,2018,1,25
1,1,Bhiwani,1_08_03_V01Y_0,TRUE,FALSE,0,1,0,0,2018,2,37
1,1,Bhiwani,1_08_03_V01Y_0,TRUE,FALSE,0,1,0,0,2018,3,31
1,1,Bhiwani,1_08_04_V02Y_0,FALSE,TRUE,0,0,0,1,2017,3,16
1,1,Bhiwani,1_08_04_V02Y_0,FALSE,TRUE,0,0,0,1,2017,4,20
1,1,Bhiwani,1_08_04_V02Y_0,FALSE,TRUE,0,0,0,1,2017,5,16
1,1,Bhiwani,1_08_04_V02Y_0,FALSE,TRUE,0,0,0,1,2017,6,22
1,1,Bhiwani,1_08_04_V02Y_0,FALSE,TRUE,0,0,0,1,2017,7,27
1,1,Bhiwani,1_08_04_V02Y_0,FALSE,TRUE,0,0,0,1,2017,8,21
1,1,Bhiwani,1_08_04_V02Y_0,FALSE,TRUE,0,0,0,1,2017,9,22
1,1,Bhiwani,1_08_04_V02Y_0,FALSE,TRUE,0,0,0,1,2017,10,18
1,1,Bhiwani,1_08_04_V02Y_0,FALSE,TRUE,0,0,0,1,2017,11,29
1,1,Bhiwani,1_08_04_V02Y_0,FALSE,TRUE,0,0,0,1,2017,12,27
1,1,Bhiwani,1_08_04_V02Y_0,FALSE,TRUE,0,0,0,1,2018,1,16
1,1,Bhiwani,1_08_04_V02Y_0,FALSE,TRUE,0,0,0,1,2018,2,35
1,1,Bhiwani,1_08_04_V02Y_0,FALSE,TRUE,0,0,0,1,2018,3,20
1,1,Bhiwani,1_09_03_V01Y_0,FALSE,TRUE,1,0,0,0,2017,3,9
1,1,Bhiwani,1_09_03_V01Y_0,FALSE,TRUE,1,0,0,0,2017,4,18
1,1,Bhiwani,1_09_03_V01Y_0,FALSE,TRUE,1,0,0,0,2017,5,16
1,1,Bhiwani,1_09_03_V01Y_0,FALSE,TRUE,1,0,0,0,2017,6,8
1,1,Bhiwani,1_09_03_V01Y_0,FALSE,TRUE,1,0,0,0,2017,7,7
1,1,Bhiwani,1_09_03_V01Y_0,FALSE,TRUE,1,0,0,0,2017,8,14
1,1,Bhiwani,1_09_03_V01Y_0,FALSE,TRUE,1,0,0,0,2017,9,19
1,1,Bhiwani,1_09_03_V01Y_0,FALSE,TRUE,1,0,0,0,2017,10,10
1,1,Bhiwani,1_09_03_V01Y_0,FALSE,TRUE,1,0,0,0,2017,11,27
1,1,Bhiwani,1_09_03_V01Y_0,FALSE,TRUE,1,0,0,0,2017,12,17
1,1,Bhiwani,1_09_03_V01Y_0,FALSE,TRUE,1,0,0,0,2018,1,31
1,1,Bhiwani,1_09_03_V01Y_0,FALSE,TRUE,1,0,0,0,2018,2,30
1,1,Bhiwani,1_09_03_V01Y_0,FALSE,TRUE,1,0,0,0,2018,3,31
1,1,Bhiwani,1_09_04_V01Y_0,TRUE,FALSE,0,1,0,0,2017,3,3
1,1,Bhiwani,1_09_04_V01Y_0,TRUE,FALSE,0,1,0,0,2017,4,2
1,1,Bhiwani,1_09_04_V01Y_0,TRUE,FALSE,0,1,0,0,2017,5,2
1,1,Bhiwani,1_09_04_V01Y_0,TRUE,FALSE,0,1,0,0,2017,6,3
1,1,Bhiwani,1_09_04_V01Y_0,TRUE,FALSE,0,1,0,0,2017,7,2
1,1,Bhiwani,1_09_04_V01Y_0,TRUE,FALSE,0,1,0,0,2017,8,3
1,1,Bhiwani,1_09_04_V01Y_0,TRUE,FALSE,0,1,0,0,2017,9,2
1,1,Bhiwani,1_09_04_V01Y_0,TRUE,FALSE,0,1,0,0,2017,11,1
1,1,Bhiwani,1_09_04_V01Y_0,TRUE,FALSE,0,1,0,0,2017,12,4
1,1,Bhiwani,1_09_04_V01Y_0,TRUE,FALSE,0,1,0,0,2018,1,4
1,1,Bhiwani,1_09_04_V01Y_0,TRUE,FALSE,0,1,0,0,2018,2,6
1,1,Bhiwani,1_09_04_V01Y_0,TRUE,FALSE,0,1,0,0,2018,3,10
1,1,Bhiwani,1_10_01_V01Y_0,FALSE,FALSE,0,0,0,1,2017,2,9
1,1,Bhiwani,1_10_01_V01Y_0,FALSE,FALSE,0,0,0,1,2017,3,43
1,1,Bhiwani,1_10_01_V01Y_0,FALSE,FALSE,0,0,0,1,2017,4,33
1,1,Bhiwani,1_10_01_V01Y_0,FALSE,FALSE,0,0,0,1,2017,5,30
1,1,Bhiwani,1_10_01_V01Y_0,FALSE,FALSE,0,0,0,1,2017,6,39
1,1,Bhiwani,1_10_01_V01Y_0,FALSE,FALSE,0,0,0,1,2017,7,39
1,1,Bhiwani,1_10_01_V01Y_0,FALSE,FALSE,0,0,0,1,2017,8,22
1,1,Bhiwani,1_10_01_V01Y_0,FALSE,FALSE,0,0,0,1,2017,9,52
1,1,Bhiwani,1_10_01_V01Y_0,FALSE,FALSE,0,0,0,1,2017,10,42
1,1,Bhiwani,1_10_01_V01Y_0,FALSE,FALSE,0,0,0,1,2017,11,48
1,1,Bhiwani,1_10_01_V01Y_0,FALSE,FALSE,0,0,0,1,2017,12,52
1,1,Bhiwani,1_10_01_V01Y_0,FALSE,FALSE,0,0,0,1,2018,1,45
1,1,Bhiwani,1_10_01_V01Y_0,FALSE,FALSE,0,0,0,1,2018,2,50
1,1,Bhiwani,1_10_01_V01Y_0,FALSE,FALSE,0,0,0,1,2018,3,67
1,1,Bhiwani,1_10_03_V01Y_0,FALSE,FALSE,0,0,1,0,2017,3,21
1,1,Bhiwani,1_10_03_V01Y_0,FALSE,FALSE,0,0,1,0,2017,4,17
1,1,Bhiwani,1_10_03_V01Y_0,FALSE,FALSE,0,0,1,0,2017,5,12
1,1,Bhiwani,1_10_03_V01Y_0,FALSE,FALSE,0,0,1,0,2017,6,18
1,1,Bhiwani,1_10_03_V01Y_0,FALSE,FALSE,0,0,1,0,2017,7,21
1,1,Bhiwani,1_10_03_V01Y_0,FALSE,FALSE,0,0,1,0,2017,8,16
1,1,Bhiwani,1_10_03_V01Y_0,FALSE,FALSE,0,0,1,0,2017,9,20
1,1,Bhiwani,1_10_03_V01Y_0,FALSE,FALSE,0,0,1,0,2017,10,15
1,1,Bhiwani,1_10_03_V01Y_0,FALSE,FALSE,0,0,1,0,2017,11,9
1,1,Bhiwani,1_10_03_V01Y_0,FALSE,FALSE,0,0,1,0,2017,12,13
1,1,Bhiwani,1_10_03_V01Y_0,FALSE,FALSE,0,0,1,0,2018,1,13
1,1,Bhiwani,1_10_03_V01Y_0,FALSE,FALSE,0,0,1,0,2018,2,20
1,1,Bhiwani,1_10_03_V01Y_0,FALSE,FALSE,0,0,1,0,2018,3,20
1,1,Bhiwani,1_10_04_V01Y_1,FALSE,FALSE,0,0,0,1,2017,2,10
1,1,Bhiwani,1_10_04_V01Y_1,FALSE,FALSE,0,0,0,1,2017,3,32
1,1,Bhiwani,1_10_04_V01Y_1,FALSE,FALSE,0,0,0,1,2017,4,29
1,1,Bhiwani,1_10_04_V01Y_1,FALSE,FALSE,0,0,0,1,2017,5,16
1,1,Bhiwani,1_10_04_V01Y_1,FALSE,FALSE,0,0,0,1,2017,6,20
1,1,Bhiwani,1_10_04_V01Y_1,FALSE,FALSE,0,0,0,1,2017,7,23
1,1,Bhiwani,1_10_04_V01Y_1,FALSE,FALSE,0,0,0,1,2017,8,25
1,1,Bhiwani,1_10_04_V01Y_1,FALSE,FALSE,0,0,0,1,2017,9,35
1,1,Bhiwani,1_10_04_V01Y_1,FALSE,FALSE,0,0,0,1,2017,10,30
1,1,Bhiwani,1_10_04_V01Y_1,FALSE,FALSE,0,0,0,1,2017,11,39
1,1,Bhiwani,1_10_04_V01Y_1,FALSE,FALSE,0,0,0,1,2017,12,49
1,1,Bhiwani,1_10_04_V01Y_1,FALSE,FALSE,0,0,0,1,2018,1,41
1,1,Bhiwani,1_10_04_V01Y_1,FALSE,FALSE,0,0,0,1,2018,2,55
1,1,Bhiwani,1_10_04_V01Y_1,FALSE,FALSE,0,0,0,1,2018,3,38
1,1,Bhiwani,1_10_05_V01Y_1,FALSE,FALSE,0,0,0,1,2017,4,36
1,1,Bhiwani,1_10_05_V01Y_1,FALSE,FALSE,0,0,0,1,2017,5,26
1,1,Bhiwani,1_10_05_V01Y_1,FALSE,FALSE,0,0,0,1,2017,6,29
1,1,Bhiwani,1_10_05_V01Y_1,FALSE,FALSE,0,0,0,1,2017,7,26
1,1,Bhiwani,1_10_05_V01Y_1,FALSE,FALSE,0,0,0,1,2017,8,32
1,1,Bhiwani,1_10_05_V01Y_1,FALSE,FALSE,0,0,0,1,2017,9,35
1,1,Bhiwani,1_10_05_V01Y_1,FALSE,FALSE,0,0,0,1,2017,10,29
1,1,Bhiwani,1_10_05_V01Y_1,FALSE,FALSE,0,0,0,1,2017,11,30
1,1,Bhiwani,1_10_05_V01Y_1,FALSE,FALSE,0,0,0,1,2017,12,52
1,1,Bhiwani,1_10_05_V01Y_1,FALSE,FALSE,0,0,0,1,2018,1,27
1,1,Bhiwani,1_10_05_V01Y_1,FALSE,FALSE,0,0,0,1,2018,2,43
1,1,Bhiwani,1_10_05_V01Y_1,FALSE,FALSE,0,0,0,1,2018,3,50
1,1,Bhiwani,1_11_01_V01Y_0,FALSE,FALSE,1,0,0,0,2017,3,20
1,1,Bhiwani,1_11_01_V01Y_0,FALSE,FALSE,1,0,0,0,2017,4,10
1,1,Bhiwani,1_11_01_V01Y_0,FALSE,FALSE,1,0,0,0,2017,5,11
1,1,Bhiwani,1_11_01_V01Y_0,FALSE,FALSE,1,0,0,0,2017,6,17
1,1,Bhiwani,1_11_01_V01Y_0,FALSE,FALSE,1,0,0,0,2017,7,14
1,1,Bhiwani,1_11_01_V01Y_0,FALSE,FALSE,1,0,0,0,2017,8,7
1,1,Bhiwani,1_11_01_V01Y_0,FALSE,FALSE,1,0,0,0,2017,9,8
1,1,Bhiwani,1_11_01_V01Y_0,FALSE,FALSE,1,0,0,0,2017,10,17
1,1,Bhiwani,1_11_01_V01Y_0,FALSE,FALSE,1,0,0,0,2017,11,19
1,1,Bhiwani,1_11_01_V01Y_0,FALSE,FALSE,1,0,0,0,2017,12,22
1,1,Bhiwani,1_11_01_V01Y_0,FALSE,FALSE,1,0,0,0,2018,1,19
1,1,Bhiwani,1_11_01_V01Y_0,FALSE,FALSE,1,0,0,0,2018,2,25
1,1,Bhiwani,1_11_01_V01Y_0,FALSE,FALSE,1,0,0,0,2018,3,27
1,1,Bhiwani,1_11_02_V03Y_0,FALSE,FALSE,0,1,0,0,2017,3,20
1,1,Bhiwani,1_11_02_V03Y_0,FALSE,FALSE,0,1,0,0,2017,4,19
1,1,Bhiwani,1_11_02_V03Y_0,FALSE,FALSE,0,1,0,0,2017,5,20
1,1,Bhiwani,1_11_02_V03Y_0,FALSE,FALSE,0,1,0,0,2017,6,32
1,1,Bhiwani,1_11_02_V03Y_0,FALSE,FALSE,0,1,0,0,2017,7,27
1,1,Bhiwani,1_11_02_V03Y_0,FALSE,FALSE,0,1,0,0,2017,8,12
1,1,Bhiwani,1_11_02_V03Y_0,FALSE,FALSE,0,1,0,0,2017,9,19
1,1,Bhiwani,1_11_02_V03Y_0,FALSE,FALSE,0,1,0,0,2017,10,40
1,1,Bhiwani,1_11_02_V03Y_0,FALSE,FALSE,0,1,0,0,2017,11,10
1,1,Bhiwani,1_11_02_V03Y_0,FALSE,FALSE,0,1,0,0,2017,12,33
1,1,Bhiwani,1_11_02_V03Y_0,FALSE,FALSE,0,1,0,0,2018,1,10
1,1,Bhiwani,1_11_02_V03Y_0,FALSE,FALSE,0,1,0,0,2018,2,44
1,1,Bhiwani,1_11_02_V03Y_0,FALSE,FALSE,0,1,0,0,2018,3,39
1,1,Bhiwani,1_11_04_V03Y_0,FALSE,FALSE,0,1,0,0,2017,3,3
1,1,Bhiwani,1_11_04_V03Y_0,FALSE,FALSE,0,1,0,0,2017,4,3
1,1,Bhiwani,1_11_04_V03Y_0,FALSE,FALSE,0,1,0,0,2017,5,1
1,1,Bhiwani,1_11_04_V03Y_0,FALSE,FALSE,0,1,0,0,2017,6,1
1,1,Bhiwani,1_11_04_V03Y_0,FALSE,FALSE,0,1,0,0,2017,7,1
1,1,Bhiwani,1_11_04_V03Y_0,FALSE,FALSE,0,1,0,0,2017,8,2
1,1,Bhiwani,1_11_04_V03Y_0,FALSE,FALSE,0,1,0,0,2017,9,3
1,1,Bhiwani,1_11_04_V03Y_0,FALSE,FALSE,0,1,0,0,2017,10,3
1,1,Bhiwani,1_11_04_V03Y_0,FALSE,FALSE,0,1,0,0,2017,11,5
1,1,Bhiwani,1_11_04_V03Y_0,FALSE,FALSE,0,1,0,0,2017,12,6
1,1,Bhiwani,1_11_04_V03Y_0,FALSE,FALSE,0,1,0,0,2018,1,7
1,1,Bhiwani,1_11_04_V03Y_0,FALSE,FALSE,0,1,0,0,2018,2,7
1,1,Bhiwani,1_11_04_V03Y_0,FALSE,FALSE,0,1,0,0,2018,3,9
1,1,Bhiwani,1_11_05_V02Y_0,FALSE,FALSE,1,0,0,0,2017,3,10
1,1,Bhiwani,1_11_05_V02Y_0,FALSE,FALSE,1,0,0,0,2017,4,5
1,1,Bhiwani,1_11_05_V02Y_0,FALSE,FALSE,1,0,0,0,2017,5,8
1,1,Bhiwani,1_11_05_V02Y_0,FALSE,FALSE,1,0,0,0,2017,6,5
1,1,Bhiwani,1_11_05_V02Y_0,FALSE,FALSE,1,0,0,0,2017,7,6
1,1,Bhiwani,1_11_05_V02Y_0,FALSE,FALSE,1,0,0,0,2017,8,5
1,1,Bhiwani,1_11_05_V02Y_0,FALSE,FALSE,1,0,0,0,2017,9,6
1,1,Bhiwani,1_11_05_V02Y_0,FALSE,FALSE,1,0,0,0,2017,10,4
1,1,Bhiwani,1_11_05_V02Y_0,FALSE,FALSE,1,0,0,0,2017,11,5
1,1,Bhiwani,1_11_05_V02Y_0,FALSE,FALSE,1,0,0,0,2017,12,9
1,1,Bhiwani,1_11_05_V02Y_0,FALSE,FALSE,1,0,0,0,2018,1,11
1,1,Bhiwani,1_11_05_V02Y_0,FALSE,FALSE,1,0,0,0,2018,2,13
1,1,Bhiwani,1_11_05_V02Y_0,FALSE,FALSE,1,0,0,0,2018,3,9
1,1,Bhiwani,1_11_05_V03Y_0,FALSE,FALSE,0,1,0,0,2017,3,25
1,1,Bhiwani,1_11_05_V03Y_0,FALSE,FALSE,0,1,0,0,2017,4,23
1,1,Bhiwani,1_11_05_V03Y_0,FALSE,FALSE,0,1,0,0,2017,5,19
1,1,Bhiwani,1_11_05_V03Y_0,FALSE,FALSE,0,1,0,0,2017,6,28
1,1,Bhiwani,1_11_05_V03Y_0,FALSE,FALSE,0,1,0,0,2017,7,25
1,1,Bhiwani,1_11_05_V03Y_0,FALSE,FALSE,0,1,0,0,2017,8,16
1,1,Bhiwani,1_11_05_V03Y_0,FALSE,FALSE,0,1,0,0,2017,9,39
1,1,Bhiwani,1_11_05_V03Y_0,FALSE,FALSE,0,1,0,0,2017,10,46
1,1,Bhiwani,1_11_05_V03Y_0,FALSE,FALSE,0,1,0,0,2017,11,41
1,1,Bhiwani,1_11_05_V03Y_0,FALSE,FALSE,0,1,0,0,2017,12,62
1,1,Bhiwani,1_11_05_V03Y_0,FALSE,FALSE,0,1,0,0,2018,1,41
1,1,Bhiwani,1_11_05_V03Y_0,FALSE,FALSE,0,1,0,0,2018,2,49
1,1,Bhiwani,1_11_05_V03Y_0,FALSE,FALSE,0,1,0,0,2018,3,50
1,1,Bhiwani,1_12_03_V01Y_0,FALSE,FALSE,0,0,0,1,2017,3,65
1,1,Bhiwani,1_12_03_V01Y_0,FALSE,FALSE,0,0,0,1,2017,4,59
1,1,Bhiwani,1_12_03_V01Y_0,FALSE,FALSE,0,0,0,1,2017,5,55
1,1,Bhiwani,1_12_03_V01Y_0,FALSE,FALSE,0,0,0,1,2017,6,18
1,1,Bhiwani,1_12_03_V01Y_0,FALSE,FALSE,0,0,0,1,2017,7,60
1,1,Bhiwani,1_12_03_V01Y_0,FALSE,FALSE,0,0,0,1,2017,8,51
1,1,Bhiwani,1_12_03_V01Y_0,FALSE,FALSE,0,0,0,1,2017,9,75
1,1,Bhiwani,1_12_03_V01Y_0,FALSE,FALSE,0,0,0,1,2017,10,85
1,1,Bhiwani,1_12_03_V01Y_0,FALSE,FALSE,0,0,0,1,2017,11,71
1,1,Bhiwani,1_12_03_V01Y_0,FALSE,FALSE,0,0,0,1,2017,12,85
1,1,Bhiwani,1_12_03_V01Y_0,FALSE,FALSE,0,0,0,1,2018,1,64
1,1,Bhiwani,1_12_03_V01Y_0,FALSE,FALSE,0,0,0,1,2018,2,88
1,1,Bhiwani,1_12_03_V01Y_0,FALSE,FALSE,0,0,0,1,2018,3,87
1,1,Bhiwani,1_12_04_V02Y_0,FALSE,FALSE,0,1,0,0,2017,3,51
1,1,Bhiwani,1_12_04_V02Y_0,FALSE,FALSE,0,1,0,0,2017,4,35
1,1,Bhiwani,1_12_04_V02Y_0,FALSE,FALSE,0,1,0,0,2017,5,46
1,1,Bhiwani,1_12_04_V02Y_0,FALSE,FALSE,0,1,0,0,2017,6,43
1,1,Bhiwani,1_12_04_V02Y_0,FALSE,FALSE,0,1,0,0,2017,7,40
1,1,Bhiwani,1_12_04_V02Y_0,FALSE,FALSE,0,1,0,0,2017,8,45
1,1,Bhiwani,1_12_04_V02Y_0,FALSE,FALSE,0,1,0,0,2017,9,50
1,1,Bhiwani,1_12_04_V02Y_0,FALSE,FALSE,0,1,0,0,2017,10,48
1,1,Bhiwani,1_12_04_V02Y_0,FALSE,FALSE,0,1,0,0,2017,11,49
1,1,Bhiwani,1_12_04_V02Y_0,FALSE,FALSE,0,1,0,0,2017,12,48
1,1,Bhiwani,1_12_04_V02Y_0,FALSE,FALSE,0,1,0,0,2018,1,37
1,1,Bhiwani,1_12_04_V02Y_0,FALSE,FALSE,0,1,0,0,2018,2,50
1,1,Bhiwani,1_12_04_V02Y_0,FALSE,FALSE,0,1,0,0,2018,3,51
1,1,Bhiwani,1_13_01_V01Y_0,FALSE,FALSE,0,0,1,0,2017,3,11
1,1,Bhiwani,1_13_01_V01Y_0,FALSE,FALSE,0,0,1,0,2017,4,12
1,1,Bhiwani,1_13_01_V01Y_0,FALSE,FALSE,0,0,1,0,2017,5,14
1,1,Bhiwani,1_13_01_V01Y_0,FALSE,FALSE,0,0,1,0,2017,6,8
1,1,Bhiwani,1_13_01_V01Y_0,FALSE,FALSE,0,0,1,0,2017,7,8
1,1,Bhiwani,1_13_01_V01Y_0,FALSE,FALSE,0,0,1,0,2017,8,7
1,1,Bhiwani,1_13_01_V01Y_0,FALSE,FALSE,0,0,1,0,2017,9,13
1,1,Bhiwani,1_13_01_V01Y_0,FALSE,FALSE,0,0,1,0,2017,10,14
1,1,Bhiwani,1_13_01_V01Y_0,FALSE,FALSE,0,0,1,0,2017,11,13
1,1,Bhiwani,1_13_01_V01Y_0,FALSE,FALSE,0,0,1,0,2017,12,8
1,1,Bhiwani,1_13_01_V01Y_0,FALSE,FALSE,0,0,1,0,2018,1,12
1,1,Bhiwani,1_13_01_V01Y_0,FALSE,FALSE,0,0,1,0,2018,2,13
1,1,Bhiwani,1_13_01_V01Y_0,FALSE,FALSE,0,0,1,0,2018,3,14
1,1,Bhiwani,1_13_02_V02Y_0,FALSE,FALSE,0,0,0,1,2017,3,16
1,1,Bhiwani,1_13_02_V02Y_0,FALSE,FALSE,0,0,0,1,2017,4,22
1,1,Bhiwani,1_13_02_V02Y_0,FALSE,FALSE,0,0,0,1,2017,5,14
1,1,Bhiwani,1_13_02_V02Y_0,FALSE,FALSE,0,0,0,1,2017,6,9
1,1,Bhiwani,1_13_02_V02Y_0,FALSE,FALSE,0,0,0,1,2017,7,24
1,1,Bhiwani,1_13_02_V02Y_0,FALSE,FALSE,0,0,0,1,2017,8,18
1,1,Bhiwani,1_13_02_V02Y_0,FALSE,FALSE,0,0,0,1,2017,9,15
1,1,Bhiwani,1_13_02_V02Y_0,FALSE,FALSE,0,0,0,1,2017,10,15
1,1,Bhiwani,1_13_02_V02Y_0,FALSE,FALSE,0,0,0,1,2017,11,17
1,1,Bhiwani,1_13_02_V02Y_0,FALSE,FALSE,0,0,0,1,2017,12,14
1,1,Bhiwani,1_13_02_V02Y_0,FALSE,FALSE,0,0,0,1,2018,1,17
1,1,Bhiwani,1_13_02_V02Y_0,FALSE,FALSE,0,0,0,1,2018,2,11
1,1,Bhiwani,1_13_02_V02Y_0,FALSE,FALSE,0,0,0,1,2018,3,20
1,1,Bhiwani,1_13_02_V04Y_0,FALSE,FALSE,0,0,0,1,2017,3,15
1,1,Bhiwani,1_13_02_V04Y_0,FALSE,FALSE,0,0,0,1,2017,4,14
1,1,Bhiwani,1_13_02_V04Y_0,FALSE,FALSE,0,0,0,1,2017,5,5
1,1,Bhiwani,1_13_02_V04Y_0,FALSE,FALSE,0,0,0,1,2017,6,11
1,1,Bhiwani,1_13_02_V04Y_0,FALSE,FALSE,0,0,0,1,2017,7,9
1,1,Bhiwani,1_13_02_V04Y_0,FALSE,FALSE,0,0,0,1,2017,8,9
1,1,Bhiwani,1_13_02_V04Y_0,FALSE,FALSE,0,0,0,1,2017,9,15
1,1,Bhiwani,1_13_02_V04Y_0,FALSE,FALSE,0,0,0,1,2017,10,6
1,1,Bhiwani,1_13_02_V04Y_0,FALSE,FALSE,0,0,0,1,2017,11,8
1,1,Bhiwani,1_13_02_V04Y_0,FALSE,FALSE,0,0,0,1,2017,12,9
1,1,Bhiwani,1_13_02_V04Y_0,FALSE,FALSE,0,0,0,1,2018,1,11
1,1,Bhiwani,1_13_02_V04Y_0,FALSE,FALSE,0,0,0,1,2018,2,11
1,1,Bhiwani,1_13_02_V04Y_0,FALSE,FALSE,0,0,0,1,2018,3,15
1,1,Bhiwani,1_13_04_V04Y_0,FALSE,FALSE,1,0,0,0,2017,3,20
1,1,Bhiwani,1_13_04_V04Y_0,FALSE,FALSE,1,0,0,0,2017,4,12
1,1,Bhiwani,1_13_04_V04Y_0,FALSE,FALSE,1,0,0,0,2017,5,8
1,1,Bhiwani,1_13_04_V04Y_0,FALSE,FALSE,1,0,0,0,2017,6,11
1,1,Bhiwani,1_13_04_V04Y_0,FALSE,FALSE,1,0,0,0,2017,7,15
1,1,Bhiwani,1_13_04_V04Y_0,FALSE,FALSE,1,0,0,0,2017,8,14
1,1,Bhiwani,1_13_04_V04Y_0,FALSE,FALSE,1,0,0,0,2017,9,10
1,1,Bhiwani,1_13_04_V04Y_0,FALSE,FALSE,1,0,0,0,2017,10,25
1,1,Bhiwani,1_13_04_V04Y_0,FALSE,FALSE,1,0,0,0,2017,11,20
1,1,Bhiwani,1_13_04_V04Y_0,FALSE,FALSE,1,0,0,0,2017,12,19
1,1,Bhiwani,1_13_04_V04Y_0,FALSE,FALSE,1,0,0,0,2018,1,19
1,1,Bhiwani,1_13_04_V04Y_0,FALSE,FALSE,1,0,0,0,2018,2,19
1,1,Bhiwani,1_13_04_V04Y_0,FALSE,FALSE,1,0,0,0,2018,3,28
1,1,Bhiwani,1_13_05_V03Y_0,FALSE,FALSE,0,0,1,0,2017,3,3
1,1,Bhiwani,1_13_05_V03Y_0,FALSE,FALSE,0,0,1,0,2017,4,13
1,1,Bhiwani,1_13_05_V03Y_0,FALSE,FALSE,0,0,1,0,2017,5,8
1,1,Bhiwani,1_13_05_V03Y_0,FALSE,FALSE,0,0,1,0,2017,6,11
1,1,Bhiwani,1_13_05_V03Y_0,FALSE,FALSE,0,0,1,0,2017,7,11
1,1,Bhiwani,1_13_05_V03Y_0,FALSE,FALSE,0,0,1,0,2017,8,8
1,1,Bhiwani,1_13_05_V03Y_0,FALSE,FALSE,0,0,1,0,2017,9,7
1,1,Bhiwani,1_13_05_V03Y_0,FALSE,FALSE,0,0,1,0,2017,10,13
1,1,Bhiwani,1_13_05_V03Y_0,FALSE,FALSE,0,0,1,0,2017,11,14
1,1,Bhiwani,1_13_05_V03Y_0,FALSE,FALSE,0,0,1,0,2017,12,15
1,1,Bhiwani,1_13_05_V03Y_0,FALSE,FALSE,0,0,1,0,2018,1,12
1,1,Bhiwani,1_13_05_V03Y_0,FALSE,FALSE,0,0,1,0,2018,2,12
1,1,Bhiwani,1_13_05_V03Y_0,FALSE,FALSE,0,0,1,0,2018,3,19
1,1,Bhiwani,1_14_01_V01Y_0,FALSE,TRUE,0,0,1,0,2017,3,56
1,1,Bhiwani,1_14_01_V01Y_0,FALSE,TRUE,0,0,1,0,2017,4,43
1,1,Bhiwani,1_14_01_V01Y_0,FALSE,TRUE,0,0,1,0,2017,5,49
1,1,Bhiwani,1_14_01_V01Y_0,FALSE,TRUE,0,0,1,0,2017,6,35
1,1,Bhiwani,1_14_01_V01Y_0,FALSE,TRUE,0,0,1,0,2017,7,33
1,1,Bhiwani,1_14_01_V01Y_0,FALSE,TRUE,0,0,1,0,2017,8,51
1,1,Bhiwani,1_14_01_V01Y_0,FALSE,TRUE,0,0,1,0,2017,9,52
1,1,Bhiwani,1_14_01_V01Y_0,FALSE,TRUE,0,0,1,0,2017,10,49
1,1,Bhiwani,1_14_01_V01Y_0,FALSE,TRUE,0,0,1,0,2017,11,73
1,1,Bhiwani,1_14_01_V01Y_0,FALSE,TRUE,0,0,1,0,2017,12,61
1,1,Bhiwani,1_14_01_V01Y_0,FALSE,TRUE,0,0,1,0,2018,1,58
1,1,Bhiwani,1_14_01_V01Y_0,FALSE,TRUE,0,0,1,0,2018,2,68
1,1,Bhiwani,1_14_01_V01Y_0,FALSE,TRUE,0,0,1,0,2018,3,61
1,1,Bhiwani,1_14_02_V03Y_0,FALSE,TRUE,0,0,0,1,2017,3,10
1,1,Bhiwani,1_14_02_V03Y_0,FALSE,TRUE,0,0,0,1,2017,4,28
1,1,Bhiwani,1_14_02_V03Y_0,FALSE,TRUE,0,0,0,1,2017,5,17
1,1,Bhiwani,1_14_02_V03Y_0,FALSE,TRUE,0,0,0,1,2017,6,22
1,1,Bhiwani,1_14_02_V03Y_0,FALSE,TRUE,0,0,0,1,2017,7,21
1,1,Bhiwani,1_14_02_V03Y_0,FALSE,TRUE,0,0,0,1,2017,8,23
1,1,Bhiwani,1_14_02_V03Y_0,FALSE,TRUE,0,0,0,1,2017,9,24
1,1,Bhiwani,1_14_02_V03Y_0,FALSE,TRUE,0,0,0,1,2017,10,17
1,1,Bhiwani,1_14_02_V03Y_0,FALSE,TRUE,0,0,0,1,2017,11,27
1,1,Bhiwani,1_14_02_V03Y_0,FALSE,TRUE,0,0,0,1,2017,12,28
1,1,Bhiwani,1_14_02_V03Y_0,FALSE,TRUE,0,0,0,1,2018,1,15
1,1,Bhiwani,1_14_02_V03Y_0,FALSE,TRUE,0,0,0,1,2018,2,17
1,1,Bhiwani,1_14_02_V03Y_0,FALSE,TRUE,0,0,0,1,2018,3,16
1,1,Bhiwani,1_14_03_V01Y_0,FALSE,TRUE,0,0,0,1,2017,3,25
1,1,Bhiwani,1_14_03_V01Y_0,FALSE,TRUE,0,0,0,1,2017,4,29
1,1,Bhiwani,1_14_03_V01Y_0,FALSE,TRUE,0,0,0,1,2017,5,29
1,1,Bhiwani,1_14_03_V01Y_0,FALSE,TRUE,0,0,0,1,2017,6,24
1,1,Bhiwani,1_14_03_V01Y_0,FALSE,TRUE,0,0,0,1,2017,7,28
1,1,Bhiwani,1_14_03_V01Y_0,FALSE,TRUE,0,0,0,1,2017,8,29
1,1,Bhiwani,1_14_03_V01Y_0,FALSE,TRUE,0,0,0,1,2017,9,25
1,1,Bhiwani,1_14_03_V01Y_0,FALSE,TRUE,0,0,0,1,2017,10,30
1,1,Bhiwani,1_14_03_V01Y_0,FALSE,TRUE,0,0,0,1,2017,11,33
1,1,Bhiwani,1_14_03_V01Y_0,FALSE,TRUE,0,0,0,1,2017,12,35
1,1,Bhiwani,1_14_03_V01Y_0,FALSE,TRUE,0,0,0,1,2018,1,42
1,1,Bhiwani,1_14_03_V01Y_0,FALSE,TRUE,0,0,0,1,2018,2,28
1,1,Bhiwani,1_14_03_V01Y_0,FALSE,TRUE,0,0,0,1,2018,3,15
1,1,Bhiwani,1_15_01_V02Y_0,FALSE,FALSE,0,1,0,0,2017,3,6
1,1,Bhiwani,1_15_01_V02Y_0,FALSE,FALSE,0,1,0,0,2017,4,4
1,1,Bhiwani,1_15_01_V02Y_0,FALSE,FALSE,0,1,0,0,2017,5,9
1,1,Bhiwani,1_15_01_V02Y_0,FALSE,FALSE,0,1,0,0,2017,6,8
1,1,Bhiwani,1_15_01_V02Y_0,FALSE,FALSE,0,1,0,0,2017,7,6
1,1,Bhiwani,1_15_01_V02Y_0,FALSE,FALSE,0,1,0,0,2017,8,6
1,1,Bhiwani,1_15_01_V02Y_0,FALSE,FALSE,0,1,0,0,2017,9,8
1,1,Bhiwani,1_15_01_V02Y_0,FALSE,FALSE,0,1,0,0,2017,10,12
1,1,Bhiwani,1_15_01_V02Y_0,FALSE,FALSE,0,1,0,0,2017,11,4
1,1,Bhiwani,1_15_01_V02Y_0,FALSE,FALSE,0,1,0,0,2017,12,7
1,1,Bhiwani,1_15_01_V02Y_0,FALSE,FALSE,0,1,0,0,2018,1,5
1,1,Bhiwani,1_15_01_V02Y_0,FALSE,FALSE,0,1,0,0,2018,2,10
1,1,Bhiwani,1_15_01_V02Y_0,FALSE,FALSE,0,1,0,0,2018,3,4
1,1,Bhiwani,1_15_06_V03Y_0,FALSE,FALSE,0,0,1,0,2017,3,3
1,1,Bhiwani,1_15_06_V03Y_0,FALSE,FALSE,0,0,1,0,2017,4,3
1,1,Bhiwani,1_15_06_V03Y_0,FALSE,FALSE,0,0,1,0,2017,5,5
1,1,Bhiwani,1_15_06_V03Y_0,FALSE,FALSE,0,0,1,0,2017,6,6
1,1,Bhiwani,1_15_06_V03Y_0,FALSE,FALSE,0,0,1,0,2017,7,6
1,1,Bhiwani,1_15_06_V03Y_0,FALSE,FALSE,0,0,1,0,2017,8,5
1,1,Bhiwani,1_15_06_V03Y_0,FALSE,FALSE,0,0,1,0,2017,9,6
1,1,Bhiwani,1_15_06_V03Y_0,FALSE,FALSE,0,0,1,0,2017,10,9
1,1,Bhiwani,1_15_06_V03Y_0,FALSE,FALSE,0,0,1,0,2017,11,5
1,1,Bhiwani,1_15_06_V03Y_0,FALSE,FALSE,0,0,1,0,2017,12,8
1,1,Bhiwani,1_15_06_V03Y_0,FALSE,FALSE,0,0,1,0,2018,2,9
1,1,Bhiwani,1_15_06_V03Y_0,FALSE,FALSE,0,0,1,0,2018,3,8
1,1,Bhiwani,1_16_01_V02Y_0,FALSE,FALSE,0,1,0,0,2017,3,6
1,1,Bhiwani,1_16_01_V02Y_0,FALSE,FALSE,0,1,0,0,2017,4,8
1,1,Bhiwani,1_16_01_V02Y_0,FALSE,FALSE,0,1,0,0,2017,5,8
1,1,Bhiwani,1_16_01_V02Y_0,FALSE,FALSE,0,1,0,0,2017,6,12
1,1,Bhiwani,1_16_01_V02Y_0,FALSE,FALSE,0,1,0,0,2017,7,7
1,1,Bhiwani,1_16_01_V02Y_0,FALSE,FALSE,0,1,0,0,2017,8,8
1,1,Bhiwani,1_16_01_V02Y_0,FALSE,FALSE,0,1,0,0,2017,9,10
1,1,Bhiwani,1_16_01_V02Y_0,FALSE,FALSE,0,1,0,0,2017,10,8
1,1,Bhiwani,1_16_01_V02Y_0,FALSE,FALSE,0,1,0,0,2017,11,9
1,1,Bhiwani,1_16_01_V02Y_0,FALSE,FALSE,0,1,0,0,2017,12,8
1,1,Bhiwani,1_16_01_V02Y_0,FALSE,FALSE,0,1,0,0,2018,1,13
1,1,Bhiwani,1_16_01_V02Y_0,FALSE,FALSE,0,1,0,0,2018,2,11
1,1,Bhiwani,1_16_01_V02Y_0,FALSE,FALSE,0,1,0,0,2018,3,13
1,1,Bhiwani,1_16_01_V03Y_0,FALSE,FALSE,1,0,0,0,2017,3,6
1,1,Bhiwani,1_16_01_V03Y_0,FALSE,FALSE,1,0,0,0,2017,4,4
1,1,Bhiwani,1_16_01_V03Y_0,FALSE,FALSE,1,0,0,0,2017,5,9
1,1,Bhiwani,1_16_01_V03Y_0,FALSE,FALSE,1,0,0,0,2017,6,4
1,1,Bhiwani,1_16_01_V03Y_0,FALSE,FALSE,1,0,0,0,2017,7,7
1,1,Bhiwani,1_16_01_V03Y_0,FALSE,FALSE,1,0,0,0,2017,8,8
1,1,Bhiwani,1_16_01_V03Y_0,FALSE,FALSE,1,0,0,0,2017,9,6
1,1,Bhiwani,1_16_01_V03Y_0,FALSE,FALSE,1,0,0,0,2017,10,10
1,1,Bhiwani,1_16_01_V03Y_0,FALSE,FALSE,1,0,0,0,2017,11,6
1,1,Bhiwani,1_16_01_V03Y_0,FALSE,FALSE,1,0,0,0,2017,12,10
1,1,Bhiwani,1_16_01_V03Y_0,FALSE,FALSE,1,0,0,0,2018,1,9
1,1,Bhiwani,1_16_01_V03Y_0,FALSE,FALSE,1,0,0,0,2018,2,13
1,1,Bhiwani,1_16_01_V03Y_0,FALSE,FALSE,1,0,0,0,2018,3,9
1,1,Bhiwani,1_16_01_V04Y_0,FALSE,FALSE,0,0,1,0,2017,3,5
1,1,Bhiwani,1_16_01_V04Y_0,FALSE,FALSE,0,0,1,0,2017,4,9
1,1,Bhiwani,1_16_01_V04Y_0,FALSE,FALSE,0,0,1,0,2017,5,9
1,1,Bhiwani,1_16_01_V04Y_0,FALSE,FALSE,0,0,1,0,2017,6,5
1,1,Bhiwani,1_16_01_V04Y_0,FALSE,FALSE,0,0,1,0,2017,7,1
1,1,Bhiwani,1_16_01_V04Y_0,FALSE,FALSE,0,0,1,0,2017,8,5
1,1,Bhiwani,1_16_01_V04Y_0,FALSE,FALSE,0,0,1,0,2017,9,6
1,1,Bhiwani,1_16_01_V04Y_0,FALSE,FALSE,0,0,1,0,2017,10,10
1,1,Bhiwani,1_16_01_V04Y_0,FALSE,FALSE,0,0,1,0,2017,11,10
1,1,Bhiwani,1_16_01_V04Y_0,FALSE,FALSE,0,0,1,0,2017,12,14
1,1,Bhiwani,1_16_01_V04Y_0,FALSE,FALSE,0,0,1,0,2018,1,3
1,1,Bhiwani,1_16_01_V04Y_0,FALSE,FALSE,0,0,1,0,2018,2,15
1,1,Bhiwani,1_16_01_V04Y_0,FALSE,FALSE,0,0,1,0,2018,3,11
1,1,Bhiwani,1_16_02_V02Y_0,FALSE,FALSE,0,1,0,0,2017,3,23
1,1,Bhiwani,1_16_02_V02Y_0,FALSE,FALSE,0,1,0,0,2017,4,20
1,1,Bhiwani,1_16_02_V02Y_0,FALSE,FALSE,0,1,0,0,2017,5,17
1,1,Bhiwani,1_16_02_V02Y_0,FALSE,FALSE,0,1,0,0,2017,6,15
1,1,Bhiwani,1_16_02_V02Y_0,FALSE,FALSE,0,1,0,0,2017,7,18
1,1,Bhiwani,1_16_02_V02Y_0,FALSE,FALSE,0,1,0,0,2017,8,21
1,1,Bhiwani,1_16_02_V02Y_0,FALSE,FALSE,0,1,0,0,2017,9,20
1,1,Bhiwani,1_16_02_V02Y_0,FALSE,FALSE,0,1,0,0,2017,10,22
1,1,Bhiwani,1_16_02_V02Y_0,FALSE,FALSE,0,1,0,0,2017,11,19
1,1,Bhiwani,1_16_02_V02Y_0,FALSE,FALSE,0,1,0,0,2017,12,22
1,1,Bhiwani,1_16_02_V02Y_0,FALSE,FALSE,0,1,0,0,2018,1,17
1,1,Bhiwani,1_16_02_V02Y_0,FALSE,FALSE,0,1,0,0,2018,2,17
1,1,Bhiwani,1_16_02_V02Y_0,FALSE,FALSE,0,1,0,0,2018,3,16
1,1,Bhiwani,1_16_02_V03Y_0,FALSE,FALSE,1,0,0,0,2017,3,5
1,1,Bhiwani,1_16_02_V03Y_0,FALSE,FALSE,1,0,0,0,2017,4,4
1,1,Bhiwani,1_16_02_V03Y_0,FALSE,FALSE,1,0,0,0,2017,5,3
1,1,Bhiwani,1_16_02_V03Y_0,FALSE,FALSE,1,0,0,0,2017,6,1
1,1,Bhiwani,1_16_02_V03Y_0,FALSE,FALSE,1,0,0,0,2017,7,4
1,1,Bhiwani,1_16_02_V03Y_0,FALSE,FALSE,1,0,0,0,2017,8,3
1,1,Bhiwani,1_16_02_V03Y_0,FALSE,FALSE,1,0,0,0,2017,9,2
1,1,Bhiwani,1_16_02_V03Y_0,FALSE,FALSE,1,0,0,0,2017,10,2
1,1,Bhiwani,1_16_02_V03Y_0,FALSE,FALSE,1,0,0,0,2017,11,2
1,1,Bhiwani,1_16_02_V03Y_0,FALSE,FALSE,1,0,0,0,2017,12,6
1,1,Bhiwani,1_16_02_V03Y_0,FALSE,FALSE,1,0,0,0,2018,1,6
1,1,Bhiwani,1_16_02_V03Y_0,FALSE,FALSE,1,0,0,0,2018,2,5
1,1,Bhiwani,1_16_02_V03Y_0,FALSE,FALSE,1,0,0,0,2018,3,4
1,1,Bhiwani,1_16_02_V04Y_0,FALSE,FALSE,1,0,0,0,2017,3,16
1,1,Bhiwani,1_16_02_V04Y_0,FALSE,FALSE,1,0,0,0,2017,4,6
1,1,Bhiwani,1_16_02_V04Y_0,FALSE,FALSE,1,0,0,0,2017,5,9
1,1,Bhiwani,1_16_02_V04Y_0,FALSE,FALSE,1,0,0,0,2017,6,2
1,1,Bhiwani,1_16_02_V04Y_0,FALSE,FALSE,1,0,0,0,2017,7,11
1,1,Bhiwani,1_16_02_V04Y_0,FALSE,FALSE,1,0,0,0,2017,8,5
1,1,Bhiwani,1_16_02_V04Y_0,FALSE,FALSE,1,0,0,0,2017,9,11
1,1,Bhiwani,1_16_02_V04Y_0,FALSE,FALSE,1,0,0,0,2017,10,10
1,1,Bhiwani,1_16_02_V04Y_0,FALSE,FALSE,1,0,0,0,2017,11,15
1,1,Bhiwani,1_16_02_V04Y_0,FALSE,FALSE,1,0,0,0,2017,12,12
1,1,Bhiwani,1_16_02_V04Y_0,FALSE,FALSE,1,0,0,0,2018,1,8
1,1,Bhiwani,1_16_02_V04Y_0,FALSE,FALSE,1,0,0,0,2018,2,12
1,1,Bhiwani,1_16_02_V04Y_0,FALSE,FALSE,1,0,0,0,2018,3,10
1,1,Bhiwani,1_16_02_V05Y_0,FALSE,FALSE,0,0,0,1,2017,4,2
1,1,Bhiwani,1_16_02_V05Y_0,FALSE,FALSE,0,0,0,1,2017,5,4
1,1,Bhiwani,1_16_02_V05Y_0,FALSE,FALSE,0,0,0,1,2017,6,5
1,1,Bhiwani,1_16_02_V05Y_0,FALSE,FALSE,0,0,0,1,2017,7,7
1,1,Bhiwani,1_16_02_V05Y_0,FALSE,FALSE,0,0,0,1,2017,8,6
1,1,Bhiwani,1_16_02_V05Y_0,FALSE,FALSE,0,0,0,1,2017,9,6
1,1,Bhiwani,1_16_02_V05Y_0,FALSE,FALSE,0,0,0,1,2017,10,6
1,1,Bhiwani,1_16_02_V05Y_0,FALSE,FALSE,0,0,0,1,2017,11,1
1,1,Bhiwani,1_16_02_V05Y_0,FALSE,FALSE,0,0,0,1,2017,12,2
1,1,Bhiwani,1_16_02_V05Y_0,FALSE,FALSE,0,0,0,1,2018,1,3
1,1,Bhiwani,1_16_02_V05Y_0,FALSE,FALSE,0,0,0,1,2018,2,2
1,1,Bhiwani,1_17_01_V01Y_0,FALSE,FALSE,0,0,0,1,2017,4,11
1,1,Bhiwani,1_17_01_V01Y_0,FALSE,FALSE,0,0,0,1,2017,5,10
1,1,Bhiwani,1_17_01_V01Y_0,FALSE,FALSE,0,0,0,1,2017,6,5
1,1,Bhiwani,1_17_01_V01Y_0,FALSE,FALSE,0,0,0,1,2017,7,4
1,1,Bhiwani,1_17_01_V01Y_0,FALSE,FALSE,0,0,0,1,2017,8,2
1,1,Bhiwani,1_17_01_V01Y_0,FALSE,FALSE,0,0,0,1,2017,9,12
1,1,Bhiwani,1_17_01_V01Y_0,FALSE,FALSE,0,0,0,1,2017,10,8
1,1,Bhiwani,1_17_01_V01Y_0,FALSE,FALSE,0,0,0,1,2017,11,9
1,1,Bhiwani,1_17_01_V01Y_0,FALSE,FALSE,0,0,0,1,2017,12,13
1,1,Bhiwani,1_17_01_V01Y_0,FALSE,FALSE,0,0,0,1,2018,1,8
1,1,Bhiwani,1_17_01_V01Y_0,FALSE,FALSE,0,0,0,1,2018,2,13
1,1,Bhiwani,1_17_01_V01Y_0,FALSE,FALSE,0,0,0,1,2018,3,6
1,1,Bhiwani,1_17_02_V03Y_0,FALSE,FALSE,0,0,0,1,2017,3,10
1,1,Bhiwani,1_17_02_V03Y_0,FALSE,FALSE,0,0,0,1,2017,4,20
1,1,Bhiwani,1_17_02_V03Y_0,FALSE,FALSE,0,0,0,1,2017,5,14
1,1,Bhiwani,1_17_02_V03Y_0,FALSE,FALSE,0,0,0,1,2017,6,17
1,1,Bhiwani,1_17_02_V03Y_0,FALSE,FALSE,0,0,0,1,2017,7,15
1,1,Bhiwani,1_17_02_V03Y_0,FALSE,FALSE,0,0,0,1,2017,8,17
1,1,Bhiwani,1_17_02_V03Y_0,FALSE,FALSE,0,0,0,1,2017,9,29
1,1,Bhiwani,1_17_02_V03Y_0,FALSE,FALSE,0,0,0,1,2017,10,23
1,1,Bhiwani,1_17_02_V03Y_0,FALSE,FALSE,0,0,0,1,2017,11,21
1,1,Bhiwani,1_17_02_V03Y_0,FALSE,FALSE,0,0,0,1,2017,12,23
1,1,Bhiwani,1_17_02_V03Y_0,FALSE,FALSE,0,0,0,1,2018,1,29
1,1,Bhiwani,1_17_02_V03Y_0,FALSE,FALSE,0,0,0,1,2018,2,28
1,1,Bhiwani,1_17_02_V03Y_0,FALSE,FALSE,0,0,0,1,2018,3,26
1,1,Bhiwani,1_17_04_V03Y_0,FALSE,FALSE,0,0,1,0,2017,3,11
1,1,Bhiwani,1_17_04_V03Y_0,FALSE,FALSE,0,0,1,0,2017,4,37
1,1,Bhiwani,1_17_04_V03Y_0,FALSE,FALSE,0,0,1,0,2017,5,43
1,1,Bhiwani,1_17_04_V03Y_0,FALSE,FALSE,0,0,1,0,2017,6,34
1,1,Bhiwani,1_17_04_V03Y_0,FALSE,FALSE,0,0,1,0,2017,7,47
1,1,Bhiwani,1_17_04_V03Y_0,FALSE,FALSE,0,0,1,0,2017,8,32
1,1,Bhiwani,1_17_04_V03Y_0,FALSE,FALSE,0,0,1,0,2017,9,39
1,1,Bhiwani,1_17_04_V03Y_0,FALSE,FALSE,0,0,1,0,2017,10,54
1,1,Bhiwani,1_17_04_V03Y_0,FALSE,FALSE,0,0,1,0,2017,11,40
1,1,Bhiwani,1_17_04_V03Y_0,FALSE,FALSE,0,0,1,0,2017,12,40
1,1,Bhiwani,1_17_04_V03Y_0,FALSE,FALSE,0,0,1,0,2018,1,51
1,1,Bhiwani,1_17_04_V03Y_0,FALSE,FALSE,0,0,1,0,2018,2,66
1,1,Bhiwani,1_17_04_V03Y_0,FALSE,FALSE,0,0,1,0,2018,3,61
1,1,Bhiwani,1_17_05_V01Y_0,FALSE,FALSE,0,1,0,0,2017,3,2
1,1,Bhiwani,1_17_05_V01Y_0,FALSE,FALSE,0,1,0,0,2017,4,15
1,1,Bhiwani,1_17_05_V01Y_0,FALSE,FALSE,0,1,0,0,2017,5,16
1,1,Bhiwani,1_17_05_V01Y_0,FALSE,FALSE,0,1,0,0,2017,6,9
1,1,Bhiwani,1_17_05_V01Y_0,FALSE,FALSE,0,1,0,0,2017,7,18
1,1,Bhiwani,1_17_05_V01Y_0,FALSE,FALSE,0,1,0,0,2017,8,6
1,1,Bhiwani,1_17_05_V01Y_0,FALSE,FALSE,0,1,0,0,2017,9,21
1,1,Bhiwani,1_17_05_V01Y_0,FALSE,FALSE,0,1,0,0,2017,10,16
1,1,Bhiwani,1_17_05_V01Y_0,FALSE,FALSE,0,1,0,0,2017,11,12
1,1,Bhiwani,1_17_05_V01Y_0,FALSE,FALSE,0,1,0,0,2017,12,18
1,1,Bhiwani,1_17_05_V01Y_0,FALSE,FALSE,0,1,0,0,2018,1,10
1,1,Bhiwani,1_17_05_V01Y_0,FALSE,FALSE,0,1,0,0,2018,2,20
1,1,Bhiwani,1_17_05_V01Y_0,FALSE,FALSE,0,1,0,0,2018,3,18
1,1,Bhiwani,1_17_06_V03Y_0,FALSE,FALSE,1,0,0,0,2017,4,8
1,1,Bhiwani,1_17_06_V03Y_0,FALSE,FALSE,1,0,0,0,2017,5,8
1,1,Bhiwani,1_17_06_V03Y_0,FALSE,FALSE,1,0,0,0,2017,6,4
1,1,Bhiwani,1_17_06_V03Y_0,FALSE,FALSE,1,0,0,0,2017,7,8
1,1,Bhiwani,1_17_06_V03Y_0,FALSE,FALSE,1,0,0,0,2017,8,6
1,1,Bhiwani,1_17_06_V03Y_0,FALSE,FALSE,1,0,0,0,2017,9,8
1,1,Bhiwani,1_17_06_V03Y_0,FALSE,FALSE,1,0,0,0,2017,10,5
1,1,Bhiwani,1_17_06_V03Y_0,FALSE,FALSE,1,0,0,0,2017,11,5
1,1,Bhiwani,1_17_06_V03Y_0,FALSE,FALSE,1,0,0,0,2017,12,8
1,1,Bhiwani,1_17_06_V03Y_0,FALSE,FALSE,1,0,0,0,2018,1,6
1,1,Bhiwani,1_17_06_V03Y_0,FALSE,FALSE,1,0,0,0,2018,2,15
1,1,Bhiwani,1_17_06_V03Y_0,FALSE,FALSE,1,0,0,0,2018,3,10
1,1,Bhiwani,1_18_04_V02Y_0,TRUE,FALSE,0,1,0,0,2017,3,6
1,1,Bhiwani,1_18_04_V02Y_0,TRUE,FALSE,0,1,0,0,2017,4,35
1,1,Bhiwani,1_18_04_V02Y_0,TRUE,FALSE,0,1,0,0,2017,5,25
1,1,Bhiwani,1_18_04_V02Y_0,TRUE,FALSE,0,1,0,0,2017,6,25
1,1,Bhiwani,1_18_04_V02Y_0,TRUE,FALSE,0,1,0,0,2017,7,35
1,1,Bhiwani,1_18_04_V02Y_0,TRUE,FALSE,0,1,0,0,2017,8,20
1,1,Bhiwani,1_18_04_V02Y_0,TRUE,FALSE,0,1,0,0,2017,9,40
1,1,Bhiwani,1_18_04_V02Y_0,TRUE,FALSE,0,1,0,0,2017,10,37
1,1,Bhiwani,1_18_04_V02Y_0,TRUE,FALSE,0,1,0,0,2017,11,34
1,1,Bhiwani,1_18_04_V02Y_0,TRUE,FALSE,0,1,0,0,2017,12,31
1,1,Bhiwani,1_18_04_V02Y_0,TRUE,FALSE,0,1,0,0,2018,1,31
1,1,Bhiwani,1_18_04_V02Y_0,TRUE,FALSE,0,1,0,0,2018,2,31
1,1,Bhiwani,1_18_04_V02Y_0,TRUE,FALSE,0,1,0,0,2018,3,34
1,1,Bhiwani,1_19_01_V01Y_0,FALSE,FALSE,0,1,0,0,2017,3,6
1,1,Bhiwani,1_19_01_V01Y_0,FALSE,FALSE,0,1,0,0,2017,4,8
1,1,Bhiwani,1_19_01_V01Y_0,FALSE,FALSE,0,1,0,0,2017,5,10
1,1,Bhiwani,1_19_01_V01Y_0,FALSE,FALSE,0,1,0,0,2017,6,9
1,1,Bhiwani,1_19_01_V01Y_0,FALSE,FALSE,0,1,0,0,2017,7,14
1,1,Bhiwani,1_19_01_V01Y_0,FALSE,FALSE,0,1,0,0,2017,8,12
1,1,Bhiwani,1_19_01_V01Y_0,FALSE,FALSE,0,1,0,0,2017,9,10
1,1,Bhiwani,1_19_01_V01Y_0,FALSE,FALSE,0,1,0,0,2017,10,10
1,1,Bhiwani,1_19_01_V01Y_0,FALSE,FALSE,0,1,0,0,2017,11,11
1,1,Bhiwani,1_19_01_V01Y_0,FALSE,FALSE,0,1,0,0,2017,12,16
1,1,Bhiwani,1_19_01_V01Y_0,FALSE,FALSE,0,1,0,0,2018,1,13
1,1,Bhiwani,1_19_01_V01Y_0,FALSE,FALSE,0,1,0,0,2018,3,12
1,1,Bhiwani,1_19_01_V02Y_0,FALSE,FALSE,0,1,0,0,2017,4,22
1,1,Bhiwani,1_19_01_V02Y_0,FALSE,FALSE,0,1,0,0,2017,5,20
1,1,Bhiwani,1_19_01_V02Y_0,FALSE,FALSE,0,1,0,0,2017,6,10
1,1,Bhiwani,1_19_01_V02Y_0,FALSE,FALSE,0,1,0,0,2017,7,10
1,1,Bhiwani,1_19_01_V02Y_0,FALSE,FALSE,0,1,0,0,2017,8,10
1,1,Bhiwani,1_19_01_V02Y_0,FALSE,FALSE,0,1,0,0,2017,9,15
1,1,Bhiwani,1_19_01_V02Y_0,FALSE,FALSE,0,1,0,0,2017,10,24
1,1,Bhiwani,1_19_01_V02Y_0,FALSE,FALSE,0,1,0,0,2017,11,18
1,1,Bhiwani,1_19_01_V02Y_0,FALSE,FALSE,0,1,0,0,2017,12,22
1,1,Bhiwani,1_19_01_V02Y_0,FALSE,FALSE,0,1,0,0,2018,1,26
1,1,Bhiwani,1_19_01_V02Y_0,FALSE,FALSE,0,1,0,0,2018,3,32
1,1,Bhiwani,1_19_04_V04Y_0,FALSE,FALSE,0,0,1,0,2017,4,6
1,1,Bhiwani,1_19_04_V04Y_0,FALSE,FALSE,0,0,1,0,2017,5,4
1,1,Bhiwani,1_19_04_V04Y_0,FALSE,FALSE,0,0,1,0,2017,6,4
1,1,Bhiwani,1_19_04_V04Y_0,FALSE,FALSE,0,0,1,0,2017,7,5
1,1,Bhiwani,1_19_04_V04Y_0,FALSE,FALSE,0,0,1,0,2017,8,6
1,1,Bhiwani,1_19_04_V04Y_0,FALSE,FALSE,0,0,1,0,2017,9,4
1,1,Bhiwani,1_19_04_V04Y_0,FALSE,FALSE,0,0,1,0,2017,10,6
1,1,Bhiwani,1_19_04_V04Y_0,FALSE,FALSE,0,0,1,0,2017,11,7
1,1,Bhiwani,1_19_04_V04Y_0,FALSE,FALSE,0,0,1,0,2017,12,8
1,1,Bhiwani,1_20_01_V01Y_0,FALSE,FALSE,1,0,0,0,2017,3,8
1,1,Bhiwani,1_20_01_V01Y_0,FALSE,FALSE,1,0,0,0,2017,4,29
1,1,Bhiwani,1_20_01_V01Y_0,FALSE,FALSE,1,0,0,0,2017,5,17
1,1,Bhiwani,1_20_01_V01Y_0,FALSE,FALSE,1,0,0,0,2017,6,18
1,1,Bhiwani,1_20_01_V01Y_0,FALSE,FALSE,1,0,0,0,2017,7,24
1,1,Bhiwani,1_20_01_V01Y_0,FALSE,FALSE,1,0,0,0,2017,8,16
1,1,Bhiwani,1_20_01_V01Y_0,FALSE,FALSE,1,0,0,0,2017,9,21
1,1,Bhiwani,1_20_01_V01Y_0,FALSE,FALSE,1,0,0,0,2017,10,26
1,1,Bhiwani,1_20_01_V01Y_0,FALSE,FALSE,1,0,0,0,2017,11,26
1,1,Bhiwani,1_20_01_V01Y_0,FALSE,FALSE,1,0,0,0,2017,12,29
1,1,Bhiwani,1_20_01_V01Y_0,FALSE,FALSE,1,0,0,0,2018,1,17
1,1,Bhiwani,1_20_01_V01Y_0,FALSE,FALSE,1,0,0,0,2018,2,22
1,1,Bhiwani,1_20_01_V01Y_0,FALSE,FALSE,1,0,0,0,2018,3,35
1,1,Bhiwani,1_20_04_V01Y_1,FALSE,FALSE,0,1,0,0,2017,3,6
1,1,Bhiwani,1_20_04_V01Y_1,FALSE,FALSE,0,1,0,0,2017,4,44
1,1,Bhiwani,1_20_04_V01Y_1,FALSE,FALSE,0,1,0,0,2017,5,33
1,1,Bhiwani,1_20_04_V01Y_1,FALSE,FALSE,0,1,0,0,2017,6,35
1,1,Bhiwani,1_20_04_V01Y_1,FALSE,FALSE,0,1,0,0,2017,7,32
1,1,Bhiwani,1_20_04_V01Y_1,FALSE,FALSE,0,1,0,0,2017,8,41
1,1,Bhiwani,1_20_04_V01Y_1,FALSE,FALSE,0,1,0,0,2017,9,42
1,1,Bhiwani,1_20_04_V01Y_1,FALSE,FALSE,0,1,0,0,2017,10,34
1,1,Bhiwani,1_20_04_V01Y_1,FALSE,FALSE,0,1,0,0,2017,11,44
1,1,Bhiwani,1_20_04_V01Y_1,FALSE,FALSE,0,1,0,0,2017,12,54
1,1,Bhiwani,1_20_04_V01Y_1,FALSE,FALSE,0,1,0,0,2018,1,47
1,1,Bhiwani,1_20_04_V01Y_1,FALSE,FALSE,0,1,0,0,2018,2,56
1,1,Bhiwani,1_20_04_V01Y_1,FALSE,FALSE,0,1,0,0,2018,3,47
1,1,Bhiwani,1_20_05_V01Y_0,FALSE,FALSE,0,1,0,0,2017,3,5
1,1,Bhiwani,1_20_05_V01Y_0,FALSE,FALSE,0,1,0,0,2017,4,11
1,1,Bhiwani,1_20_05_V01Y_0,FALSE,FALSE,0,1,0,0,2017,5,11
1,1,Bhiwani,1_20_05_V01Y_0,FALSE,FALSE,0,1,0,0,2017,6,8
1,1,Bhiwani,1_20_05_V01Y_0,FALSE,FALSE,0,1,0,0,2017,7,7
1,1,Bhiwani,1_20_05_V01Y_0,FALSE,FALSE,0,1,0,0,2017,8,4
1,1,Bhiwani,1_20_05_V01Y_0,FALSE,FALSE,0,1,0,0,2017,9,5
1,1,Bhiwani,1_20_05_V01Y_0,FALSE,FALSE,0,1,0,0,2017,10,8
1,1,Bhiwani,1_20_05_V01Y_0,FALSE,FALSE,0,1,0,0,2017,11,13
1,1,Bhiwani,1_20_05_V01Y_0,FALSE,FALSE,0,1,0,0,2017,12,10
1,1,Bhiwani,1_20_05_V01Y_0,FALSE,FALSE,0,1,0,0,2018,1,10
1,1,Bhiwani,1_20_05_V01Y_0,FALSE,FALSE,0,1,0,0,2018,2,15
1,1,Bhiwani,1_20_05_V01Y_0,FALSE,FALSE,0,1,0,0,2018,3,10
1,1,Bhiwani,1_20_05_V02Y_1,FALSE,FALSE,0,1,0,0,2017,4,21
1,1,Bhiwani,1_20_05_V02Y_1,FALSE,FALSE,0,1,0,0,2017,5,14
1,1,Bhiwani,1_20_05_V02Y_1,FALSE,FALSE,0,1,0,0,2017,6,22
1,1,Bhiwani,1_20_05_V02Y_1,FALSE,FALSE,0,1,0,0,2017,7,10
1,1,Bhiwani,1_20_05_V02Y_1,FALSE,FALSE,0,1,0,0,2017,8,12
1,1,Bhiwani,1_20_05_V02Y_1,FALSE,FALSE,0,1,0,0,2017,9,10
1,1,Bhiwani,1_20_05_V02Y_1,FALSE,FALSE,0,1,0,0,2017,10,10
1,1,Bhiwani,1_20_05_V02Y_1,FALSE,FALSE,0,1,0,0,2017,11,17
1,1,Bhiwani,1_20_05_V02Y_1,FALSE,FALSE,0,1,0,0,2017,12,11
1,1,Bhiwani,1_20_05_V02Y_1,FALSE,FALSE,0,1,0,0,2018,1,11
1,1,Bhiwani,1_20_05_V02Y_1,FALSE,FALSE,0,1,0,0,2018,2,17
1,1,Bhiwani,1_20_05_V02Y_1,FALSE,FALSE,0,1,0,0,2018,3,12
1,1,Bhiwani,1_21_02_V01Y_0,FALSE,FALSE,1,0,0,0,2017,4,19
1,1,Bhiwani,1_21_02_V01Y_0,FALSE,FALSE,1,0,0,0,2017,5,10
1,1,Bhiwani,1_21_02_V01Y_0,FALSE,FALSE,1,0,0,0,2017,6,11
1,1,Bhiwani,1_21_02_V01Y_0,FALSE,FALSE,1,0,0,0,2017,7,9
1,1,Bhiwani,1_21_02_V01Y_0,FALSE,FALSE,1,0,0,0,2017,8,6
1,1,Bhiwani,1_21_02_V01Y_0,FALSE,FALSE,1,0,0,0,2017,9,12
1,1,Bhiwani,1_21_02_V01Y_0,FALSE,FALSE,1,0,0,0,2017,10,14
1,1,Bhiwani,1_21_02_V01Y_0,FALSE,FALSE,1,0,0,0,2017,11,18
1,1,Bhiwani,1_21_02_V01Y_0,FALSE,FALSE,1,0,0,0,2017,12,21
1,1,Bhiwani,1_21_02_V01Y_0,FALSE,FALSE,1,0,0,0,2018,1,11
1,1,Bhiwani,1_21_02_V01Y_0,FALSE,FALSE,1,0,0,0,2018,2,18
1,1,Bhiwani,1_21_02_V01Y_0,FALSE,FALSE,1,0,0,0,2018,3,12
1,1,Bhiwani,1_21_04_V02Y_0,FALSE,FALSE,0,0,1,0,2017,4,15
1,1,Bhiwani,1_21_04_V02Y_0,FALSE,FALSE,0,0,1,0,2017,5,15
1,1,Bhiwani,1_21_04_V02Y_0,FALSE,FALSE,0,0,1,0,2017,6,2
1,1,Bhiwani,1_21_04_V02Y_0,FALSE,FALSE,0,0,1,0,2017,7,6
1,1,Bhiwani,1_21_04_V02Y_0,FALSE,FALSE,0,0,1,0,2017,8,9
1,1,Bhiwani,1_21_04_V02Y_0,FALSE,FALSE,0,0,1,0,2017,9,14
1,1,Bhiwani,1_21_04_V02Y_0,FALSE,FALSE,0,0,1,0,2017,10,11
1,1,Bhiwani,1_21_04_V02Y_0,FALSE,FALSE,0,0,1,0,2017,11,16
1,1,Bhiwani,1_21_04_V02Y_0,FALSE,FALSE,0,0,1,0,2017,12,9
1,1,Bhiwani,1_21_04_V02Y_0,FALSE,FALSE,0,0,1,0,2018,1,8
1,1,Bhiwani,1_21_04_V02Y_0,FALSE,FALSE,0,0,1,0,2018,2,7
1,1,Bhiwani,1_21_04_V02Y_0,FALSE,FALSE,0,0,1,0,2018,3,17
1,1,Bhiwani,1_21_05_V03Y_0,FALSE,FALSE,0,0,1,0,2017,4,12
1,1,Bhiwani,1_21_05_V03Y_0,FALSE,FALSE,0,0,1,0,2017,5,8
1,1,Bhiwani,1_21_05_V03Y_0,FALSE,FALSE,0,0,1,0,2017,6,26
1,1,Bhiwani,1_21_05_V03Y_0,FALSE,FALSE,0,0,1,0,2017,7,21
1,1,Bhiwani,1_21_05_V03Y_0,FALSE,FALSE,0,0,1,0,2017,8,10
1,1,Bhiwani,1_21_05_V03Y_0,FALSE,FALSE,0,0,1,0,2017,9,4
1,1,Bhiwani,1_21_05_V03Y_0,FALSE,FALSE,0,0,1,0,2017,10,18
1,1,Bhiwani,1_21_05_V03Y_0,FALSE,FALSE,0,0,1,0,2017,11,13
1,1,Bhiwani,1_21_05_V03Y_0,FALSE,FALSE,0,0,1,0,2017,12,21
1,1,Bhiwani,1_21_05_V03Y_0,FALSE,FALSE,0,0,1,0,2018,1,25
1,1,Bhiwani,1_21_05_V03Y_0,FALSE,FALSE,0,0,1,0,2018,2,25
1,1,Bhiwani,1_21_05_V03Y_0,FALSE,FALSE,0,0,1,0,2018,3,33
1,1,Bhiwani,1_22_01_V01Y_0,TRUE,FALSE,0,0,1,0,2017,3,4
1,1,Bhiwani,1_22_01_V01Y_0,TRUE,FALSE,0,0,1,0,2017,4,24
1,1,Bhiwani,1_22_01_V01Y_0,TRUE,FALSE,0,0,1,0,2017,5,35
1,1,Bhiwani,1_22_01_V01Y_0,TRUE,FALSE,0,0,1,0,2017,6,26
1,1,Bhiwani,1_22_01_V01Y_0,TRUE,FALSE,0,0,1,0,2017,7,28
1,1,Bhiwani,1_22_01_V01Y_0,TRUE,FALSE,0,0,1,0,2017,8,31
1,1,Bhiwani,1_22_01_V01Y_0,TRUE,FALSE,0,0,1,0,2017,9,48
1,1,Bhiwani,1_22_01_V01Y_0,TRUE,FALSE,0,0,1,0,2017,10,43
1,1,Bhiwani,1_22_01_V01Y_0,TRUE,FALSE,0,0,1,0,2017,11,34
1,1,Bhiwani,1_22_01_V01Y_0,TRUE,FALSE,0,0,1,0,2017,12,46
1,1,Bhiwani,1_22_01_V01Y_0,TRUE,FALSE,0,0,1,0,2018,1,41
1,1,Bhiwani,1_22_01_V01Y_0,TRUE,FALSE,0,0,1,0,2018,2,31
1,1,Bhiwani,1_22_01_V01Y_0,TRUE,FALSE,0,0,1,0,2018,3,35
1,1,Bhiwani,1_22_03_V01Y_1,TRUE,FALSE,0,0,1,0,2017,3,13
1,1,Bhiwani,1_22_03_V01Y_1,TRUE,FALSE,0,0,1,0,2017,4,24
1,1,Bhiwani,1_22_03_V01Y_1,TRUE,FALSE,0,0,1,0,2017,5,17
1,1,Bhiwani,1_22_03_V01Y_1,TRUE,FALSE,0,0,1,0,2017,6,2
1,1,Bhiwani,1_22_03_V01Y_1,TRUE,FALSE,0,0,1,0,2017,8,4
1,1,Bhiwani,1_22_03_V01Y_1,TRUE,FALSE,0,0,1,0,2017,9,10
1,1,Bhiwani,1_22_03_V01Y_1,TRUE,FALSE,0,0,1,0,2017,10,19
1,1,Bhiwani,1_22_03_V01Y_1,TRUE,FALSE,0,0,1,0,2017,11,9
1,1,Bhiwani,1_22_03_V01Y_1,TRUE,FALSE,0,0,1,0,2017,12,5
1,1,Bhiwani,1_22_03_V01Y_1,TRUE,FALSE,0,0,1,0,2018,1,11
1,1,Bhiwani,1_22_03_V01Y_1,TRUE,FALSE,0,0,1,0,2018,2,1
1,1,Bhiwani,1_22_03_V01Y_1,TRUE,FALSE,0,0,1,0,2018,3,1
1,1,Bhiwani,1_22_03_V02Y_1,TRUE,FALSE,0,0,1,0,2017,4,64
1,1,Bhiwani,1_22_03_V02Y_1,TRUE,FALSE,0,0,1,0,2017,5,59
1,1,Bhiwani,1_22_03_V02Y_1,TRUE,FALSE,0,0,1,0,2017,6,44
1,1,Bhiwani,1_22_03_V02Y_1,TRUE,FALSE,0,0,1,0,2017,7,46
1,1,Bhiwani,1_22_03_V02Y_1,TRUE,FALSE,0,0,1,0,2017,8,51
1,1,Bhiwani,1_22_03_V02Y_1,TRUE,FALSE,0,0,1,0,2017,9,68
1,1,Bhiwani,1_22_03_V02Y_1,TRUE,FALSE,0,0,1,0,2017,10,71
1,1,Bhiwani,1_22_03_V02Y_1,TRUE,FALSE,0,0,1,0,2017,11,79
1,1,Bhiwani,1_22_03_V02Y_1,TRUE,FALSE,0,0,1,0,2017,12,80
1,1,Bhiwani,1_22_03_V02Y_1,TRUE,FALSE,0,0,1,0,2018,1,98
1,1,Bhiwani,1_22_03_V02Y_1,TRUE,FALSE,0,0,1,0,2018,2,80
1,1,Bhiwani,1_22_03_V02Y_1,TRUE,FALSE,0,0,1,0,2018,3,63
1,1,Bhiwani,1_22_03_V06Y_0,TRUE,FALSE,0,0,0,1,2018,1,5
1,1,Bhiwani,1_23_03_V01Y_0,FALSE,FALSE,1,0,0,0,2017,4,17
1,1,Bhiwani,1_23_03_V01Y_0,FALSE,FALSE,1,0,0,0,2017,5,14
1,1,Bhiwani,1_23_03_V01Y_0,FALSE,FALSE,1,0,0,0,2017,6,9
1,1,Bhiwani,1_23_03_V01Y_0,FALSE,FALSE,1,0,0,0,2017,7,14
1,1,Bhiwani,1_23_03_V01Y_0,FALSE,FALSE,1,0,0,0,2017,8,13
1,1,Bhiwani,1_23_03_V01Y_0,FALSE,FALSE,1,0,0,0,2017,9,15
1,1,Bhiwani,1_23_03_V01Y_0,FALSE,FALSE,1,0,0,0,2018,2,19
1,1,Bhiwani,1_23_03_V01Y_0,FALSE,FALSE,1,0,0,0,2018,3,23
1,1,Bhiwani,1_23_04_V01Y_1,FALSE,FALSE,0,0,0,1,2017,4,24
1,1,Bhiwani,1_23_04_V01Y_1,FALSE,FALSE,0,0,0,1,2017,5,23
1,1,Bhiwani,1_23_04_V01Y_1,FALSE,FALSE,0,0,0,1,2017,6,20
1,1,Bhiwani,1_23_04_V01Y_1,FALSE,FALSE,0,0,0,1,2017,7,17
1,1,Bhiwani,1_23_04_V01Y_1,FALSE,FALSE,0,0,0,1,2017,8,22
1,1,Bhiwani,1_23_04_V01Y_1,FALSE,FALSE,0,0,0,1,2017,9,21
1,1,Bhiwani,1_23_04_V01Y_1,FALSE,FALSE,0,0,0,1,2017,10,21
1,1,Bhiwani,1_23_04_V01Y_1,FALSE,FALSE,0,0,0,1,2017,11,33
1,1,Bhiwani,1_23_04_V01Y_1,FALSE,FALSE,0,0,0,1,2017,12,34
1,1,Bhiwani,1_23_04_V01Y_1,FALSE,FALSE,0,0,0,1,2018,1,31
1,1,Bhiwani,1_23_04_V01Y_1,FALSE,FALSE,0,0,0,1,2018,2,24
1,1,Bhiwani,1_23_04_V01Y_1,FALSE,FALSE,0,0,0,1,2018,3,27
1,1,Bhiwani,1_23_05_V01Y_1,FALSE,FALSE,0,0,0,1,2017,4,26
1,1,Bhiwani,1_23_05_V01Y_1,FALSE,FALSE,0,0,0,1,2017,5,23
1,1,Bhiwani,1_23_05_V01Y_1,FALSE,FALSE,0,0,0,1,2017,6,21
1,1,Bhiwani,1_23_05_V01Y_1,FALSE,FALSE,0,0,0,1,2017,7,17
1,1,Bhiwani,1_23_05_V01Y_1,FALSE,FALSE,0,0,0,1,2017,8,13
1,1,Bhiwani,1_23_05_V01Y_1,FALSE,FALSE,0,0,0,1,2017,9,21
1,1,Bhiwani,1_23_05_V01Y_1,FALSE,FALSE,0,0,0,1,2017,10,25
1,1,Bhiwani,1_23_05_V01Y_1,FALSE,FALSE,0,0,0,1,2017,11,29
1,1,Bhiwani,1_23_05_V01Y_1,FALSE,FALSE,0,0,0,1,2017,12,29
1,1,Bhiwani,1_23_05_V01Y_1,FALSE,FALSE,0,0,0,1,2018,1,33
1,1,Bhiwani,1_23_05_V01Y_1,FALSE,FALSE,0,0,0,1,2018,2,22
1,1,Bhiwani,1_23_05_V01Y_1,FALSE,FALSE,0,0,0,1,2018,3,33
1,1,Bhiwani,1_23_06_V01Y_0,FALSE,FALSE,0,0,0,1,2017,4,13
1,1,Bhiwani,1_23_06_V01Y_0,FALSE,FALSE,0,0,0,1,2017,5,13
1,1,Bhiwani,1_23_06_V01Y_0,FALSE,FALSE,0,0,0,1,2017,6,13
1,1,Bhiwani,1_23_06_V01Y_0,FALSE,FALSE,0,0,0,1,2017,7,12
1,1,Bhiwani,1_23_06_V01Y_0,FALSE,FALSE,0,0,0,1,2017,8,7
1,1,Bhiwani,1_23_06_V01Y_0,FALSE,FALSE,0,0,0,1,2017,9,12
1,1,Bhiwani,1_23_06_V01Y_0,FALSE,FALSE,0,0,0,1,2017,10,16
1,1,Bhiwani,1_23_06_V01Y_0,FALSE,FALSE,0,0,0,1,2017,11,7
1,1,Bhiwani,1_23_06_V01Y_0,FALSE,FALSE,0,0,0,1,2017,12,11
1,1,Bhiwani,1_23_06_V01Y_0,FALSE,FALSE,0,0,0,1,2018,1,10
1,1,Bhiwani,1_23_06_V01Y_0,FALSE,FALSE,0,0,0,1,2018,2,8
1,1,Bhiwani,1_23_06_V01Y_0,FALSE,FALSE,0,0,0,1,2018,3,10
1,1,Bhiwani,1_23_06_V02Y_0,FALSE,FALSE,1,0,0,0,2017,4,28
1,1,Bhiwani,1_23_06_V02Y_0,FALSE,FALSE,1,0,0,0,2017,5,25
1,1,Bhiwani,1_23_06_V02Y_0,FALSE,FALSE,1,0,0,0,2017,6,30
1,1,Bhiwani,1_23_06_V02Y_0,FALSE,FALSE,1,0,0,0,2017,7,19
1,1,Bhiwani,1_23_06_V02Y_0,FALSE,FALSE,1,0,0,0,2017,8,28
1,1,Bhiwani,1_23_06_V02Y_0,FALSE,FALSE,1,0,0,0,2017,9,25
1,1,Bhiwani,1_23_06_V02Y_0,FALSE,FALSE,1,0,0,0,2017,10,29
1,1,Bhiwani,1_23_06_V02Y_0,FALSE,FALSE,1,0,0,0,2017,11,20
1,1,Bhiwani,1_23_06_V02Y_0,FALSE,FALSE,1,0,0,0,2017,12,28
1,1,Bhiwani,1_23_06_V02Y_0,FALSE,FALSE,1,0,0,0,2018,1,30
1,1,Bhiwani,1_23_06_V02Y_0,FALSE,FALSE,1,0,0,0,2018,2,23
1,1,Bhiwani,1_23_06_V02Y_0,FALSE,FALSE,1,0,0,0,2018,3,25
1,1,Bhiwani,1_24_01_V01Y_0,FALSE,TRUE,1,0,0,0,2017,4,29
1,1,Bhiwani,1_24_01_V01Y_0,FALSE,TRUE,1,0,0,0,2017,5,19
1,1,Bhiwani,1_24_01_V01Y_0,FALSE,TRUE,1,0,0,0,2017,6,25
1,1,Bhiwani,1_24_01_V01Y_0,FALSE,TRUE,1,0,0,0,2017,7,22
1,1,Bhiwani,1_24_01_V01Y_0,FALSE,TRUE,1,0,0,0,2017,8,34
1,1,Bhiwani,1_24_01_V01Y_0,FALSE,TRUE,1,0,0,0,2017,9,42
1,1,Bhiwani,1_24_01_V01Y_0,FALSE,TRUE,1,0,0,0,2017,10,25
1,1,Bhiwani,1_24_01_V01Y_0,FALSE,TRUE,1,0,0,0,2017,11,37
1,1,Bhiwani,1_24_01_V01Y_0,FALSE,TRUE,1,0,0,0,2017,12,38
1,1,Bhiwani,1_24_01_V01Y_0,FALSE,TRUE,1,0,0,0,2018,1,30
1,1,Bhiwani,1_24_01_V01Y_0,FALSE,TRUE,1,0,0,0,2018,2,31
1,1,Bhiwani,1_24_01_V01Y_0,FALSE,TRUE,1,0,0,0,2018,3,38
1,1,Bhiwani,1_24_02_V01Y_0,FALSE,TRUE,1,0,0,0,2017,4,2
1,1,Bhiwani,1_24_02_V01Y_0,FALSE,TRUE,1,0,0,0,2017,5,7
1,1,Bhiwani,1_24_02_V01Y_0,FALSE,TRUE,1,0,0,0,2017,6,4
1,1,Bhiwani,1_24_02_V01Y_0,FALSE,TRUE,1,0,0,0,2017,7,3
1,1,Bhiwani,1_24_02_V01Y_0,FALSE,TRUE,1,0,0,0,2017,8,3
1,1,Bhiwani,1_24_02_V01Y_0,FALSE,TRUE,1,0,0,0,2017,9,4
1,1,Bhiwani,1_24_02_V01Y_0,FALSE,TRUE,1,0,0,0,2017,10,6
1,1,Bhiwani,1_24_02_V01Y_0,FALSE,TRUE,1,0,0,0,2017,11,5
1,1,Bhiwani,1_24_02_V01Y_0,FALSE,TRUE,1,0,0,0,2017,12,3
1,1,Bhiwani,1_24_02_V01Y_0,FALSE,TRUE,1,0,0,0,2018,1,8
1,1,Bhiwani,1_24_02_V01Y_0,FALSE,TRUE,1,0,0,0,2018,2,5
1,1,Bhiwani,1_24_02_V01Y_0,FALSE,TRUE,1,0,0,0,2018,3,4
1,1,Bhiwani,1_24_02_V02Y_0,FALSE,TRUE,0,1,0,0,2017,4,3
1,1,Bhiwani,1_24_02_V02Y_0,FALSE,TRUE,0,1,0,0,2017,5,3
1,1,Bhiwani,1_24_02_V02Y_0,FALSE,TRUE,0,1,0,0,2017,6,7
1,1,Bhiwani,1_24_02_V02Y_0,FALSE,TRUE,0,1,0,0,2017,7,10
1,1,Bhiwani,1_24_02_V02Y_0,FALSE,TRUE,0,1,0,0,2017,8,4
1,1,Bhiwani,1_24_02_V02Y_0,FALSE,TRUE,0,1,0,0,2017,9,5
1,1,Bhiwani,1_24_02_V02Y_0,FALSE,TRUE,0,1,0,0,2017,10,3
1,1,Bhiwani,1_24_02_V02Y_0,FALSE,TRUE,0,1,0,0,2017,11,4
1,1,Bhiwani,1_24_02_V02Y_0,FALSE,TRUE,0,1,0,0,2017,12,5
1,1,Bhiwani,1_24_02_V02Y_0,FALSE,TRUE,0,1,0,0,2018,1,10
1,1,Bhiwani,1_24_02_V02Y_0,FALSE,TRUE,0,1,0,0,2018,2,10
1,1,Bhiwani,1_24_02_V02Y_0,FALSE,TRUE,0,1,0,0,2018,3,10
1,1,Bhiwani,1_24_04_V02Y_0,TRUE,FALSE,0,0,0,1,2017,4,12
1,1,Bhiwani,1_24_04_V02Y_0,TRUE,FALSE,0,0,0,1,2017,5,13
1,1,Bhiwani,1_24_04_V02Y_0,TRUE,FALSE,0,0,0,1,2017,6,15
1,1,Bhiwani,1_24_04_V02Y_0,TRUE,FALSE,0,0,0,1,2017,7,10
1,1,Bhiwani,1_24_04_V02Y_0,TRUE,FALSE,0,0,0,1,2017,8,10
1,1,Bhiwani,1_24_04_V02Y_0,TRUE,FALSE,0,0,0,1,2017,9,9
1,1,Bhiwani,1_24_04_V02Y_0,TRUE,FALSE,0,0,0,1,2017,10,9
1,1,Bhiwani,1_24_04_V02Y_0,TRUE,FALSE,0,0,0,1,2017,11,10
1,1,Bhiwani,1_24_04_V02Y_0,TRUE,FALSE,0,0,0,1,2017,12,14
1,1,Bhiwani,1_24_04_V02Y_0,TRUE,FALSE,0,0,0,1,2018,1,7
1,1,Bhiwani,1_24_04_V02Y_0,TRUE,FALSE,0,0,0,1,2018,2,12
1,1,Bhiwani,1_24_04_V02Y_0,TRUE,FALSE,0,0,0,1,2018,3,15
1,1,Bhiwani,1_24_04_V03Y_0,TRUE,FALSE,0,0,1,0,2017,3,4
1,1,Bhiwani,1_24_04_V03Y_0,TRUE,FALSE,0,0,1,0,2017,4,10
1,1,Bhiwani,1_24_04_V03Y_0,TRUE,FALSE,0,0,1,0,2017,5,9
1,1,Bhiwani,1_24_04_V03Y_0,TRUE,FALSE,0,0,1,0,2017,6,12
1,1,Bhiwani,1_24_04_V03Y_0,TRUE,FALSE,0,0,1,0,2017,7,2
1,1,Bhiwani,1_24_04_V03Y_0,TRUE,FALSE,0,0,1,0,2017,8,5
1,1,Bhiwani,1_24_04_V03Y_0,TRUE,FALSE,0,0,1,0,2017,9,6
1,1,Bhiwani,1_24_04_V03Y_0,TRUE,FALSE,0,0,1,0,2017,10,13
1,1,Bhiwani,1_24_04_V03Y_0,TRUE,FALSE,0,0,1,0,2017,11,11
1,1,Bhiwani,1_24_04_V03Y_0,TRUE,FALSE,0,0,1,0,2017,12,10
1,1,Bhiwani,1_24_04_V03Y_0,TRUE,FALSE,0,0,1,0,2018,2,7
1,1,Bhiwani,1_24_04_V03Y_0,TRUE,FALSE,0,0,1,0,2018,3,15
1,1,Bhiwani,1_24_04_V04Y_0,TRUE,FALSE,0,0,0,1,2017,4,5
1,1,Bhiwani,1_24_04_V04Y_0,TRUE,FALSE,0,0,0,1,2017,5,6
1,1,Bhiwani,1_24_04_V04Y_0,TRUE,FALSE,0,0,0,1,2017,6,6
1,1,Bhiwani,1_24_04_V04Y_0,TRUE,FALSE,0,0,0,1,2017,7,4
1,1,Bhiwani,1_24_04_V04Y_0,TRUE,FALSE,0,0,0,1,2017,8,5
1,1,Bhiwani,1_24_04_V04Y_0,TRUE,FALSE,0,0,0,1,2017,9,5
1,1,Bhiwani,1_24_04_V04Y_0,TRUE,FALSE,0,0,0,1,2017,10,2
1,1,Bhiwani,1_24_04_V04Y_0,TRUE,FALSE,0,0,0,1,2017,11,6
1,1,Bhiwani,1_24_04_V04Y_0,TRUE,FALSE,0,0,0,1,2017,12,3
1,1,Bhiwani,1_24_04_V04Y_0,TRUE,FALSE,0,0,0,1,2018,1,7
1,1,Bhiwani,1_24_04_V04Y_0,TRUE,FALSE,0,0,0,1,2018,2,14
1,1,Bhiwani,1_24_04_V04Y_0,TRUE,FALSE,0,0,0,1,2018,3,7
1,1,Bhiwani,1_25_01_V01Y_0,TRUE,FALSE,0,0,1,0,2017,4,16
1,1,Bhiwani,1_25_01_V01Y_0,TRUE,FALSE,0,0,1,0,2017,5,14
1,1,Bhiwani,1_25_01_V01Y_0,TRUE,FALSE,0,0,1,0,2017,6,13
1,1,Bhiwani,1_25_01_V01Y_0,TRUE,FALSE,0,0,1,0,2017,7,14
1,1,Bhiwani,1_25_01_V01Y_0,TRUE,FALSE,0,0,1,0,2017,8,21
1,1,Bhiwani,1_25_01_V01Y_0,TRUE,FALSE,0,0,1,0,2017,9,15
1,1,Bhiwani,1_25_01_V01Y_0,TRUE,FALSE,0,0,1,0,2017,10,19
1,1,Bhiwani,1_25_01_V01Y_0,TRUE,FALSE,0,0,1,0,2017,11,15
1,1,Bhiwani,1_25_01_V01Y_0,TRUE,FALSE,0,0,1,0,2017,12,17
1,1,Bhiwani,1_25_01_V01Y_0,TRUE,FALSE,0,0,1,0,2018,1,16
1,1,Bhiwani,1_25_01_V01Y_0,TRUE,FALSE,0,0,1,0,2018,2,18
1,1,Bhiwani,1_25_01_V01Y_0,TRUE,FALSE,0,0,1,0,2018,3,16
1,1,Bhiwani,1_25_02_V02Y_0,TRUE,FALSE,0,1,0,0,2017,4,3
1,1,Bhiwani,1_25_02_V02Y_0,TRUE,FALSE,0,1,0,0,2017,5,6
1,1,Bhiwani,1_25_02_V02Y_0,TRUE,FALSE,0,1,0,0,2017,6,4
1,1,Bhiwani,1_25_02_V02Y_0,TRUE,FALSE,0,1,0,0,2017,7,4
1,1,Bhiwani,1_25_02_V02Y_0,TRUE,FALSE,0,1,0,0,2017,8,5
1,1,Bhiwani,1_25_02_V02Y_0,TRUE,FALSE,0,1,0,0,2017,9,4
1,1,Bhiwani,1_25_02_V02Y_0,TRUE,FALSE,0,1,0,0,2017,10,6
1,1,Bhiwani,1_25_02_V02Y_0,TRUE,FALSE,0,1,0,0,2017,11,7
1,1,Bhiwani,1_25_02_V02Y_0,TRUE,FALSE,0,1,0,0,2017,12,11
1,1,Bhiwani,1_25_02_V02Y_0,TRUE,FALSE,0,1,0,0,2018,1,10
1,1,Bhiwani,1_25_02_V02Y_0,TRUE,FALSE,0,1,0,0,2018,2,8
1,1,Bhiwani,1_25_02_V02Y_0,TRUE,FALSE,0,1,0,0,2018,3,8
1,1,Bhiwani,1_25_02_V04Y_0,TRUE,FALSE,0,0,1,0,2017,4,3
1,1,Bhiwani,1_25_02_V04Y_0,TRUE,FALSE,0,0,1,0,2017,5,7
1,1,Bhiwani,1_25_02_V04Y_0,TRUE,FALSE,0,0,1,0,2017,6,7
1,1,Bhiwani,1_25_02_V04Y_0,TRUE,FALSE,0,0,1,0,2017,7,7
1,1,Bhiwani,1_25_02_V04Y_0,TRUE,FALSE,0,0,1,0,2017,8,7
1,1,Bhiwani,1_25_02_V04Y_0,TRUE,FALSE,0,0,1,0,2017,9,4
1,1,Bhiwani,1_25_02_V04Y_0,TRUE,FALSE,0,0,1,0,2017,10,6
1,1,Bhiwani,1_25_02_V04Y_0,TRUE,FALSE,0,0,1,0,2017,11,6
1,1,Bhiwani,1_25_02_V04Y_0,TRUE,FALSE,0,0,1,0,2017,12,8
1,1,Bhiwani,1_25_02_V04Y_0,TRUE,FALSE,0,0,1,0,2018,1,9
1,1,Bhiwani,1_25_02_V04Y_0,TRUE,FALSE,0,0,1,0,2018,2,4
1,1,Bhiwani,1_25_02_V04Y_0,TRUE,FALSE,0,0,1,0,2018,3,4
1,1,Bhiwani,1_25_03_V01Y_0,TRUE,FALSE,0,0,1,0,2017,4,2
1,1,Bhiwani,1_25_03_V01Y_0,TRUE,FALSE,0,0,1,0,2017,5,1
1,1,Bhiwani,1_25_03_V01Y_0,TRUE,FALSE,0,0,1,0,2017,6,1
1,1,Bhiwani,1_25_03_V01Y_0,TRUE,FALSE,0,0,1,0,2017,7,4
1,1,Bhiwani,1_25_03_V01Y_0,TRUE,FALSE,0,0,1,0,2017,9,2
1,1,Bhiwani,1_25_03_V01Y_0,TRUE,FALSE,0,0,1,0,2017,11,1
1,1,Bhiwani,1_25_03_V01Y_0,TRUE,FALSE,0,0,1,0,2017,12,2
1,1,Bhiwani,1_25_03_V01Y_0,TRUE,FALSE,0,0,1,0,2018,1,6
1,1,Bhiwani,1_25_03_V01Y_0,TRUE,FALSE,0,0,1,0,2018,2,4
1,1,Bhiwani,1_25_03_V01Y_0,TRUE,FALSE,0,0,1,0,2018,3,3
1,1,Bhiwani,1_25_05_V01Y_1,TRUE,FALSE,1,0,0,0,2017,3,1
1,1,Bhiwani,1_25_05_V01Y_1,TRUE,FALSE,1,0,0,0,2017,4,36
1,1,Bhiwani,1_25_05_V01Y_1,TRUE,FALSE,1,0,0,0,2017,5,23
1,1,Bhiwani,1_25_05_V01Y_1,TRUE,FALSE,1,0,0,0,2017,6,26
1,1,Bhiwani,1_25_05_V01Y_1,TRUE,FALSE,1,0,0,0,2017,7,19
1,1,Bhiwani,1_25_05_V01Y_1,TRUE,FALSE,1,0,0,0,2017,8,11
1,1,Bhiwani,1_25_05_V01Y_1,TRUE,FALSE,1,0,0,0,2017,9,8
1,1,Bhiwani,1_25_05_V01Y_1,TRUE,FALSE,1,0,0,0,2017,10,19
1,1,Bhiwani,1_25_05_V01Y_1,TRUE,FALSE,1,0,0,0,2017,11,36
1,1,Bhiwani,1_25_05_V01Y_1,TRUE,FALSE,1,0,0,0,2017,12,38
1,1,Bhiwani,1_25_05_V01Y_1,TRUE,FALSE,1,0,0,0,2018,1,39
1,1,Bhiwani,1_25_05_V01Y_1,TRUE,FALSE,1,0,0,0,2018,2,53
1,1,Bhiwani,1_25_05_V01Y_1,TRUE,FALSE,1,0,0,0,2018,3,37
1,1,Bhiwani,1_26_03_V01Y_0,FALSE,TRUE,0,0,1,0,2017,4,25
1,1,Bhiwani,1_26_03_V01Y_0,FALSE,TRUE,0,0,1,0,2017,5,25
1,1,Bhiwani,1_26_03_V01Y_0,FALSE,TRUE,0,0,1,0,2017,6,27
1,1,Bhiwani,1_26_03_V01Y_0,FALSE,TRUE,0,0,1,0,2017,7,30
1,1,Bhiwani,1_26_03_V01Y_0,FALSE,TRUE,0,0,1,0,2017,8,26
1,1,Bhiwani,1_26_03_V01Y_0,FALSE,TRUE,0,0,1,0,2017,9,37
1,1,Bhiwani,1_26_03_V01Y_0,FALSE,TRUE,0,0,1,0,2017,10,33
1,1,Bhiwani,1_26_03_V01Y_0,FALSE,TRUE,0,0,1,0,2017,11,36
1,1,Bhiwani,1_26_03_V01Y_0,FALSE,TRUE,0,0,1,0,2017,12,40
1,1,Bhiwani,1_26_03_V01Y_0,FALSE,TRUE,0,0,1,0,2018,1,27
1,1,Bhiwani,1_26_03_V01Y_0,FALSE,TRUE,0,0,1,0,2018,2,33
1,1,Bhiwani,1_26_03_V01Y_0,FALSE,TRUE,0,0,1,0,2018,3,30
1,1,Bhiwani,1_26_03_V01Y_0,FALSE,TRUE,0,0,1,0,2020,6,2
1,1,Bhiwani,1_26_05_V01Y_0,TRUE,FALSE,0,0,0,1,2017,4,4
1,1,Bhiwani,1_26_05_V01Y_0,TRUE,FALSE,0,0,0,1,2017,5,10
1,1,Bhiwani,1_26_05_V01Y_0,TRUE,FALSE,0,0,0,1,2017,6,4
1,1,Bhiwani,1_26_05_V01Y_0,TRUE,FALSE,0,0,0,1,2017,7,4
1,1,Bhiwani,1_26_05_V01Y_0,TRUE,FALSE,0,0,0,1,2017,8,5
1,1,Bhiwani,1_26_05_V01Y_0,TRUE,FALSE,0,0,0,1,2017,9,4
1,1,Bhiwani,1_26_05_V01Y_0,TRUE,FALSE,0,0,0,1,2017,10,5
1,1,Bhiwani,1_26_05_V01Y_0,TRUE,FALSE,0,0,0,1,2017,11,4
1,1,Bhiwani,1_26_05_V01Y_0,TRUE,FALSE,0,0,0,1,2017,12,8
1,1,Bhiwani,1_26_05_V01Y_0,TRUE,FALSE,0,0,0,1,2018,1,1
1,1,Bhiwani,1_26_05_V01Y_0,TRUE,FALSE,0,0,0,1,2018,2,2
1,1,Bhiwani,1_26_05_V01Y_0,TRUE,FALSE,0,0,0,1,2018,3,3
1,1,Bhiwani,1_26_05_V02Y_0,TRUE,FALSE,1,0,0,0,2017,4,24
1,1,Bhiwani,1_26_05_V02Y_0,TRUE,FALSE,1,0,0,0,2017,5,12
1,1,Bhiwani,1_26_05_V02Y_0,TRUE,FALSE,1,0,0,0,2017,6,27
1,1,Bhiwani,1_26_05_V02Y_0,TRUE,FALSE,1,0,0,0,2017,7,25
1,1,Bhiwani,1_26_05_V02Y_0,TRUE,FALSE,1,0,0,0,2017,8,26
1,1,Bhiwani,1_26_05_V02Y_0,TRUE,FALSE,1,0,0,0,2017,9,25
1,1,Bhiwani,1_26_05_V02Y_0,TRUE,FALSE,1,0,0,0,2017,10,22
1,1,Bhiwani,1_26_05_V02Y_0,TRUE,FALSE,1,0,0,0,2017,11,39
1,1,Bhiwani,1_26_05_V02Y_0,TRUE,FALSE,1,0,0,0,2017,12,32
1,1,Bhiwani,1_26_05_V02Y_0,TRUE,FALSE,1,0,0,0,2018,1,26
1,1,Bhiwani,1_26_05_V02Y_0,TRUE,FALSE,1,0,0,0,2018,2,39
1,1,Bhiwani,1_26_05_V02Y_0,TRUE,FALSE,1,0,0,0,2018,3,32
1,1,Bhiwani,1_27_02_V01Y_0,TRUE,FALSE,1,0,0,0,2017,4,9
1,1,Bhiwani,1_27_02_V01Y_0,TRUE,FALSE,1,0,0,0,2017,5,15
1,1,Bhiwani,1_27_02_V01Y_0,TRUE,FALSE,1,0,0,0,2017,6,4
1,1,Bhiwani,1_27_02_V01Y_0,TRUE,FALSE,1,0,0,0,2017,7,6
1,1,Bhiwani,1_27_02_V01Y_0,TRUE,FALSE,1,0,0,0,2017,8,15
1,1,Bhiwani,1_27_02_V01Y_0,TRUE,FALSE,1,0,0,0,2017,9,7
1,1,Bhiwani,1_27_02_V01Y_0,TRUE,FALSE,1,0,0,0,2017,10,14
1,1,Bhiwani,1_27_02_V01Y_0,TRUE,FALSE,1,0,0,0,2017,11,15
1,1,Bhiwani,1_27_02_V01Y_0,TRUE,FALSE,1,0,0,0,2017,12,15
1,1,Bhiwani,1_27_02_V01Y_0,TRUE,FALSE,1,0,0,0,2018,1,19
1,1,Bhiwani,1_27_02_V01Y_0,TRUE,FALSE,1,0,0,0,2018,2,23
1,1,Bhiwani,1_27_02_V01Y_0,TRUE,FALSE,1,0,0,0,2018,3,26
1,1,Bhiwani,1_27_02_V02Y_0,TRUE,FALSE,0,1,0,0,2017,4,23
1,1,Bhiwani,1_27_02_V02Y_0,TRUE,FALSE,0,1,0,0,2017,5,10
1,1,Bhiwani,1_27_02_V02Y_0,TRUE,FALSE,0,1,0,0,2017,6,8
1,1,Bhiwani,1_27_02_V02Y_0,TRUE,FALSE,0,1,0,0,2017,7,20
1,1,Bhiwani,1_27_02_V02Y_0,TRUE,FALSE,0,1,0,0,2017,8,17
1,1,Bhiwani,1_27_02_V02Y_0,TRUE,FALSE,0,1,0,0,2017,9,13
1,1,Bhiwani,1_27_02_V02Y_0,TRUE,FALSE,0,1,0,0,2017,10,17
1,1,Bhiwani,1_27_02_V02Y_0,TRUE,FALSE,0,1,0,0,2017,11,29
1,1,Bhiwani,1_27_02_V02Y_0,TRUE,FALSE,0,1,0,0,2017,12,34
1,1,Bhiwani,1_27_02_V02Y_0,TRUE,FALSE,0,1,0,0,2018,1,23
1,1,Bhiwani,1_27_02_V02Y_0,TRUE,FALSE,0,1,0,0,2018,2,30
1,1,Bhiwani,1_27_02_V02Y_0,TRUE,FALSE,0,1,0,0,2018,3,33
1,1,Bhiwani,1_27_03_V01Y_0,TRUE,FALSE,1,0,0,0,2017,4,15
1,1,Bhiwani,1_27_03_V01Y_0,TRUE,FALSE,1,0,0,0,2017,5,13
1,1,Bhiwani,1_27_03_V01Y_0,TRUE,FALSE,1,0,0,0,2017,6,27
1,1,Bhiwani,1_27_03_V01Y_0,TRUE,FALSE,1,0,0,0,2017,7,14
1,1,Bhiwani,1_27_03_V01Y_0,TRUE,FALSE,1,0,0,0,2017,8,16
1,1,Bhiwani,1_27_03_V01Y_0,TRUE,FALSE,1,0,0,0,2017,9,33
1,1,Bhiwani,1_27_03_V01Y_0,TRUE,FALSE,1,0,0,0,2017,10,23
1,1,Bhiwani,1_27_03_V01Y_0,TRUE,FALSE,1,0,0,0,2017,11,22
1,1,Bhiwani,1_27_03_V01Y_0,TRUE,FALSE,1,0,0,0,2017,12,22
1,1,Bhiwani,1_27_03_V01Y_0,TRUE,FALSE,1,0,0,0,2018,1,16
1,1,Bhiwani,1_27_03_V01Y_0,TRUE,FALSE,1,0,0,0,2018,2,15
1,1,Bhiwani,1_27_03_V01Y_0,TRUE,FALSE,1,0,0,0,2018,3,28
1,1,Bhiwani,1_27_03_V03Y_0,TRUE,FALSE,0,1,0,0,2017,4,4
1,1,Bhiwani,1_27_03_V03Y_0,TRUE,FALSE,0,1,0,0,2017,5,3
1,1,Bhiwani,1_27_03_V03Y_0,TRUE,FALSE,0,1,0,0,2017,6,1
1,1,Bhiwani,1_27_03_V03Y_0,TRUE,FALSE,0,1,0,0,2017,7,3
1,1,Bhiwani,1_27_03_V03Y_0,TRUE,FALSE,0,1,0,0,2017,8,1
1,1,Bhiwani,1_27_03_V03Y_0,TRUE,FALSE,0,1,0,0,2017,9,6
1,1,Bhiwani,1_27_03_V03Y_0,TRUE,FALSE,0,1,0,0,2017,10,2
1,1,Bhiwani,1_27_03_V03Y_0,TRUE,FALSE,0,1,0,0,2017,11,4
1,1,Bhiwani,1_27_03_V03Y_0,TRUE,FALSE,0,1,0,0,2017,12,5
1,1,Bhiwani,1_27_03_V03Y_0,TRUE,FALSE,0,1,0,0,2018,1,4
1,1,Bhiwani,1_27_03_V03Y_0,TRUE,FALSE,0,1,0,0,2018,3,1
1,1,Bhiwani,1_27_04_V01Y_0,TRUE,FALSE,0,0,0,1,2017,4,19
1,1,Bhiwani,1_27_04_V01Y_0,TRUE,FALSE,0,0,0,1,2017,5,27
1,1,Bhiwani,1_27_04_V01Y_0,TRUE,FALSE,0,0,0,1,2017,6,24
1,1,Bhiwani,1_27_04_V01Y_0,TRUE,FALSE,0,0,0,1,2017,7,28
1,1,Bhiwani,1_27_04_V01Y_0,TRUE,FALSE,0,0,0,1,2017,8,30
1,1,Bhiwani,1_27_04_V01Y_0,TRUE,FALSE,0,0,0,1,2017,9,28
1,1,Bhiwani,1_27_04_V01Y_0,TRUE,FALSE,0,0,0,1,2017,10,29
1,1,Bhiwani,1_27_04_V01Y_0,TRUE,FALSE,0,0,0,1,2017,11,37
1,1,Bhiwani,1_27_04_V01Y_0,TRUE,FALSE,0,0,0,1,2017,12,27
1,1,Bhiwani,1_27_04_V01Y_0,TRUE,FALSE,0,0,0,1,2018,1,24
1,1,Bhiwani,1_27_04_V01Y_0,TRUE,FALSE,0,0,0,1,2018,2,22
1,1,Bhiwani,1_27_04_V01Y_0,TRUE,FALSE,0,0,0,1,2018,3,47
1,1,Bhiwani,1_28_01_V01Y_0,FALSE,FALSE,1,0,0,0,2017,4,10
1,1,Bhiwani,1_28_01_V01Y_0,FALSE,FALSE,1,0,0,0,2017,5,9
1,1,Bhiwani,1_28_01_V01Y_0,FALSE,FALSE,1,0,0,0,2017,6,7
1,1,Bhiwani,1_28_01_V01Y_0,FALSE,FALSE,1,0,0,0,2017,7,3
1,1,Bhiwani,1_28_01_V01Y_0,FALSE,FALSE,1,0,0,0,2017,8,8
1,1,Bhiwani,1_28_01_V01Y_0,FALSE,FALSE,1,0,0,0,2017,9,15
1,1,Bhiwani,1_28_01_V01Y_0,FALSE,FALSE,1,0,0,0,2017,10,12
1,1,Bhiwani,1_28_01_V01Y_0,FALSE,FALSE,1,0,0,0,2017,11,11
1,1,Bhiwani,1_28_01_V01Y_0,FALSE,FALSE,1,0,0,0,2017,12,13
1,1,Bhiwani,1_28_01_V01Y_0,FALSE,FALSE,1,0,0,0,2018,1,9
1,1,Bhiwani,1_28_01_V01Y_0,FALSE,FALSE,1,0,0,0,2018,2,16
1,1,Bhiwani,1_28_01_V01Y_0,FALSE,FALSE,1,0,0,0,2018,3,10
1,1,Bhiwani,1_28_02_V01Y_0,FALSE,FALSE,0,0,1,0,2017,4,28
1,1,Bhiwani,1_28_02_V01Y_0,FALSE,FALSE,0,0,1,0,2017,5,25
1,1,Bhiwani,1_28_02_V01Y_0,FALSE,FALSE,0,0,1,0,2017,6,35
1,1,Bhiwani,1_28_02_V01Y_0,FALSE,FALSE,0,0,1,0,2017,7,24
1,1,Bhiwani,1_28_02_V01Y_0,FALSE,FALSE,0,0,1,0,2017,8,26
1,1,Bhiwani,1_28_02_V01Y_0,FALSE,FALSE,0,0,1,0,2017,9,37
1,1,Bhiwani,1_28_02_V01Y_0,FALSE,FALSE,0,0,1,0,2017,10,28
1,1,Bhiwani,1_28_02_V01Y_0,FALSE,FALSE,0,0,1,0,2017,11,26
1,1,Bhiwani,1_28_02_V01Y_0,FALSE,FALSE,0,0,1,0,2017,12,34
1,1,Bhiwani,1_28_02_V01Y_0,FALSE,FALSE,0,0,1,0,2018,1,22
1,1,Bhiwani,1_28_02_V01Y_0,FALSE,FALSE,0,0,1,0,2018,2,32
1,1,Bhiwani,1_28_02_V01Y_0,FALSE,FALSE,0,0,1,0,2018,3,25
1,1,Bhiwani,1_28_02_V02Y_0,FALSE,FALSE,1,0,0,0,2017,4,5
1,1,Bhiwani,1_28_02_V02Y_0,FALSE,FALSE,1,0,0,0,2017,5,8
1,1,Bhiwani,1_28_02_V02Y_0,FALSE,FALSE,1,0,0,0,2017,6,8
1,1,Bhiwani,1_28_02_V02Y_0,FALSE,FALSE,1,0,0,0,2017,7,9
1,1,Bhiwani,1_28_02_V02Y_0,FALSE,FALSE,1,0,0,0,2017,8,10
1,1,Bhiwani,1_28_02_V02Y_0,FALSE,FALSE,1,0,0,0,2017,9,14
1,1,Bhiwani,1_28_02_V02Y_0,FALSE,FALSE,1,0,0,0,2017,10,14
1,1,Bhiwani,1_28_02_V02Y_0,FALSE,FALSE,1,0,0,0,2017,11,13
1,1,Bhiwani,1_28_02_V02Y_0,FALSE,FALSE,1,0,0,0,2017,12,14
1,1,Bhiwani,1_28_02_V02Y_0,FALSE,FALSE,1,0,0,0,2018,1,9
1,1,Bhiwani,1_28_02_V02Y_0,FALSE,FALSE,1,0,0,0,2018,2,17
1,1,Bhiwani,1_28_02_V02Y_0,FALSE,FALSE,1,0,0,0,2018,3,6
1,1,Bhiwani,1_28_03_V01Y_0,FALSE,FALSE,0,0,1,0,2017,4,38
1,1,Bhiwani,1_28_03_V01Y_0,FALSE,FALSE,0,0,1,0,2017,5,32
1,1,Bhiwani,1_28_03_V01Y_0,FALSE,FALSE,0,0,1,0,2017,6,41
1,1,Bhiwani,1_28_03_V01Y_0,FALSE,FALSE,0,0,1,0,2017,7,37
1,1,Bhiwani,1_28_03_V01Y_0,FALSE,FALSE,0,0,1,0,2017,8,44
1,1,Bhiwani,1_28_03_V01Y_0,FALSE,FALSE,0,0,1,0,2017,9,46
1,1,Bhiwani,1_28_03_V01Y_0,FALSE,FALSE,0,0,1,0,2017,10,57
1,1,Bhiwani,1_28_03_V01Y_0,FALSE,FALSE,0,0,1,0,2017,11,62
1,1,Bhiwani,1_28_03_V01Y_0,FALSE,FALSE,0,0,1,0,2017,12,69
1,1,Bhiwani,1_28_03_V01Y_0,FALSE,FALSE,0,0,1,0,2018,1,54
1,1,Bhiwani,1_28_03_V01Y_0,FALSE,FALSE,0,0,1,0,2018,2,47
1,1,Bhiwani,1_28_03_V01Y_0,FALSE,FALSE,0,0,1,0,2018,3,52
1,1,Jhajjar,2_01_02_V01Y_1,TRUE,FALSE,0,0,0,1,2017,3,40
1,1,Jhajjar,2_01_02_V01Y_1,TRUE,FALSE,0,0,0,1,2017,4,37
1,1,Jhajjar,2_01_02_V01Y_1,TRUE,FALSE,0,0,0,1,2017,5,31
1,1,Jhajjar,2_01_02_V01Y_1,TRUE,FALSE,0,0,0,1,2017,6,18
1,1,Jhajjar,2_01_02_V01Y_1,TRUE,FALSE,0,0,0,1,2017,7,11
1,1,Jhajjar,2_01_02_V01Y_1,TRUE,FALSE,0,0,0,1,2017,8,23
1,1,Jhajjar,2_01_02_V01Y_1,TRUE,FALSE,0,0,0,1,2017,9,23
1,1,Jhajjar,2_01_02_V01Y_1,TRUE,FALSE,0,0,0,1,2017,10,24
1,1,Jhajjar,2_01_02_V01Y_1,TRUE,FALSE,0,0,0,1,2017,11,21
1,1,Jhajjar,2_01_02_V01Y_1,TRUE,FALSE,0,0,0,1,2017,12,20
1,1,Jhajjar,2_01_02_V01Y_1,TRUE,FALSE,0,0,0,1,2018,1,27
1,1,Jhajjar,2_01_02_V01Y_1,TRUE,FALSE,0,0,0,1,2018,2,47
1,1,Jhajjar,2_01_02_V01Y_1,TRUE,FALSE,0,0,0,1,2018,3,39
1,1,Jhajjar,2_01_03_V02Y_0,TRUE,FALSE,0,1,0,0,2017,4,3
1,1,Jhajjar,2_01_03_V02Y_0,TRUE,FALSE,0,1,0,0,2017,8,2
1,1,Jhajjar,2_01_03_V02Y_0,TRUE,FALSE,0,1,0,0,2017,9,5
1,1,Jhajjar,2_01_03_V02Y_0,TRUE,FALSE,0,1,0,0,2017,10,1
1,1,Jhajjar,2_01_03_V02Y_0,TRUE,FALSE,0,1,0,0,2017,12,2
1,1,Jhajjar,2_01_05_V02Y_0,FALSE,TRUE,0,0,1,0,2017,3,11
1,1,Jhajjar,2_01_05_V02Y_0,FALSE,TRUE,0,0,1,0,2017,4,13
1,1,Jhajjar,2_01_05_V02Y_0,FALSE,TRUE,0,0,1,0,2017,5,7
1,1,Jhajjar,2_01_05_V02Y_0,FALSE,TRUE,0,0,1,0,2017,6,6
1,1,Jhajjar,2_01_05_V02Y_0,FALSE,TRUE,0,0,1,0,2017,7,11
1,1,Jhajjar,2_01_05_V02Y_0,FALSE,TRUE,0,0,1,0,2017,8,4
1,1,Jhajjar,2_01_05_V02Y_0,FALSE,TRUE,0,0,1,0,2017,9,13
1,1,Jhajjar,2_01_05_V02Y_0,FALSE,TRUE,0,0,1,0,2017,10,10
1,1,Jhajjar,2_01_05_V02Y_0,FALSE,TRUE,0,0,1,0,2017,11,7
1,1,Jhajjar,2_01_05_V02Y_0,FALSE,TRUE,0,0,1,0,2017,12,6
1,1,Jhajjar,2_01_05_V02Y_0,FALSE,TRUE,0,0,1,0,2018,1,14
1,1,Jhajjar,2_01_05_V02Y_0,FALSE,TRUE,0,0,1,0,2018,2,12
1,1,Jhajjar,2_01_05_V02Y_0,FALSE,TRUE,0,0,1,0,2018,3,13
1,1,Jhajjar,2_01_06_V03Y_0,TRUE,FALSE,0,0,1,0,2017,5,13
1,1,Jhajjar,2_01_06_V03Y_0,TRUE,FALSE,0,0,1,0,2017,6,3
1,1,Jhajjar,2_01_06_V03Y_0,TRUE,FALSE,0,0,1,0,2017,7,8
1,1,Jhajjar,2_01_06_V03Y_0,TRUE,FALSE,0,0,1,0,2017,8,6
1,1,Jhajjar,2_01_06_V03Y_0,TRUE,FALSE,0,0,1,0,2017,9,9
1,1,Jhajjar,2_01_06_V03Y_0,TRUE,FALSE,0,0,1,0,2017,10,4
1,1,Jhajjar,2_01_06_V03Y_0,TRUE,FALSE,0,0,1,0,2017,11,8
1,1,Jhajjar,2_01_06_V03Y_0,TRUE,FALSE,0,0,1,0,2017,12,9
1,1,Jhajjar,2_01_06_V03Y_0,TRUE,FALSE,0,0,1,0,2018,1,3
1,1,Jhajjar,2_01_06_V03Y_0,TRUE,FALSE,0,0,1,0,2018,2,9
1,1,Jhajjar,2_01_06_V03Y_0,TRUE,FALSE,0,0,1,0,2018,3,9
1,1,Jhajjar,2_02_01_V01Y_0,TRUE,FALSE,1,0,0,0,2017,3,11
1,1,Jhajjar,2_02_01_V01Y_0,TRUE,FALSE,1,0,0,0,2017,4,18
1,1,Jhajjar,2_02_01_V01Y_0,TRUE,FALSE,1,0,0,0,2017,5,10
1,1,Jhajjar,2_02_01_V01Y_0,TRUE,FALSE,1,0,0,0,2017,6,6
1,1,Jhajjar,2_02_01_V01Y_0,TRUE,FALSE,1,0,0,0,2017,7,4
1,1,Jhajjar,2_02_01_V01Y_0,TRUE,FALSE,1,0,0,0,2017,8,8
1,1,Jhajjar,2_02_01_V01Y_0,TRUE,FALSE,1,0,0,0,2017,9,4
1,1,Jhajjar,2_02_01_V01Y_0,TRUE,FALSE,1,0,0,0,2017,10,10
1,1,Jhajjar,2_02_01_V01Y_0,TRUE,FALSE,1,0,0,0,2017,11,10
1,1,Jhajjar,2_02_01_V01Y_0,TRUE,FALSE,1,0,0,0,2017,12,7
1,1,Jhajjar,2_02_01_V01Y_0,TRUE,FALSE,1,0,0,0,2018,1,5
1,1,Jhajjar,2_02_01_V01Y_0,TRUE,FALSE,1,0,0,0,2018,2,19
1,1,Jhajjar,2_02_01_V01Y_0,TRUE,FALSE,1,0,0,0,2018,3,15
1,1,Jhajjar,2_02_01_V02Y_0,TRUE,FALSE,0,0,0,1,2017,3,10
1,1,Jhajjar,2_02_01_V02Y_0,TRUE,FALSE,0,0,0,1,2017,4,8
1,1,Jhajjar,2_02_01_V02Y_0,TRUE,FALSE,0,0,0,1,2017,5,9
1,1,Jhajjar,2_02_01_V02Y_0,TRUE,FALSE,0,0,0,1,2017,6,7
1,1,Jhajjar,2_02_01_V02Y_0,TRUE,FALSE,0,0,0,1,2017,7,9
1,1,Jhajjar,2_02_01_V02Y_0,TRUE,FALSE,0,0,0,1,2017,8,3
1,1,Jhajjar,2_02_01_V02Y_0,TRUE,FALSE,0,0,0,1,2017,9,8
1,1,Jhajjar,2_02_01_V02Y_0,TRUE,FALSE,0,0,0,1,2017,10,7
1,1,Jhajjar,2_02_01_V02Y_0,TRUE,FALSE,0,0,0,1,2017,11,8
1,1,Jhajjar,2_02_01_V02Y_0,TRUE,FALSE,0,0,0,1,2018,1,7
1,1,Jhajjar,2_02_01_V02Y_0,TRUE,FALSE,0,0,0,1,2018,2,10
1,1,Jhajjar,2_02_01_V02Y_0,TRUE,FALSE,0,0,0,1,2018,3,10
1,1,Jhajjar,2_02_01_V03Y_0,TRUE,FALSE,0,1,0,0,2017,4,5
1,1,Jhajjar,2_02_01_V03Y_0,TRUE,FALSE,0,1,0,0,2017,5,8
1,1,Jhajjar,2_02_01_V03Y_0,TRUE,FALSE,0,1,0,0,2017,6,2
1,1,Jhajjar,2_02_01_V03Y_0,TRUE,FALSE,0,1,0,0,2017,7,9
1,1,Jhajjar,2_02_01_V03Y_0,TRUE,FALSE,0,1,0,0,2017,8,9
1,1,Jhajjar,2_02_01_V03Y_0,TRUE,FALSE,0,1,0,0,2017,9,8
1,1,Jhajjar,2_02_01_V03Y_0,TRUE,FALSE,0,1,0,0,2017,10,10
1,1,Jhajjar,2_02_01_V03Y_0,TRUE,FALSE,0,1,0,0,2017,11,8
1,1,Jhajjar,2_02_01_V03Y_0,TRUE,FALSE,0,1,0,0,2017,12,16
1,1,Jhajjar,2_02_01_V03Y_0,TRUE,FALSE,0,1,0,0,2018,1,9
1,1,Jhajjar,2_02_01_V03Y_0,TRUE,FALSE,0,1,0,0,2018,2,18
1,1,Jhajjar,2_02_01_V03Y_0,TRUE,FALSE,0,1,0,0,2018,3,8
1,1,Jhajjar,2_02_06_V02Y_0,TRUE,FALSE,1,0,0,0,2017,3,5
1,1,Jhajjar,2_02_06_V02Y_0,TRUE,FALSE,1,0,0,0,2017,4,4
1,1,Jhajjar,2_02_06_V02Y_0,TRUE,FALSE,1,0,0,0,2017,5,4
1,1,Jhajjar,2_02_06_V02Y_0,TRUE,FALSE,1,0,0,0,2017,7,6
1,1,Jhajjar,2_02_06_V02Y_0,TRUE,FALSE,1,0,0,0,2017,8,2
1,1,Jhajjar,2_02_06_V02Y_0,TRUE,FALSE,1,0,0,0,2017,9,8
1,1,Jhajjar,2_02_06_V02Y_0,TRUE,FALSE,1,0,0,0,2017,10,7
1,1,Jhajjar,2_02_06_V02Y_0,TRUE,FALSE,1,0,0,0,2017,12,8
1,1,Jhajjar,2_02_06_V02Y_0,TRUE,FALSE,1,0,0,0,2018,1,3
1,1,Jhajjar,2_02_06_V02Y_0,TRUE,FALSE,1,0,0,0,2018,2,8
1,1,Jhajjar,2_02_06_V02Y_0,TRUE,FALSE,1,0,0,0,2018,3,7
1,1,Jhajjar,2_02_06_V06Y_0,TRUE,FALSE,0,0,1,0,2017,3,13
1,1,Jhajjar,2_02_06_V06Y_0,TRUE,FALSE,0,0,1,0,2017,4,5
1,1,Jhajjar,2_02_06_V06Y_0,TRUE,FALSE,0,0,1,0,2017,5,9
1,1,Jhajjar,2_02_06_V06Y_0,TRUE,FALSE,0,0,1,0,2017,6,9
1,1,Jhajjar,2_02_06_V06Y_0,TRUE,FALSE,0,0,1,0,2017,7,4
1,1,Jhajjar,2_02_06_V06Y_0,TRUE,FALSE,0,0,1,0,2017,8,9
1,1,Jhajjar,2_02_06_V06Y_0,TRUE,FALSE,0,0,1,0,2017,9,12
1,1,Jhajjar,2_02_06_V06Y_0,TRUE,FALSE,0,0,1,0,2017,10,12
1,1,Jhajjar,2_02_06_V06Y_0,TRUE,FALSE,0,0,1,0,2017,11,19
1,1,Jhajjar,2_02_06_V06Y_0,TRUE,FALSE,0,0,1,0,2017,12,10
1,1,Jhajjar,2_02_06_V06Y_0,TRUE,FALSE,0,0,1,0,2018,1,6
1,1,Jhajjar,2_02_06_V06Y_0,TRUE,FALSE,0,0,1,0,2018,2,7
1,1,Jhajjar,2_02_06_V06Y_0,TRUE,FALSE,0,0,1,0,2018,3,11
1,1,Jhajjar,2_03_01_V02Y_0,FALSE,FALSE,0,0,1,0,2017,3,2
1,1,Jhajjar,2_03_01_V02Y_0,FALSE,FALSE,0,0,1,0,2017,4,3
1,1,Jhajjar,2_03_01_V02Y_0,FALSE,FALSE,0,0,1,0,2017,6,1
1,1,Jhajjar,2_03_01_V02Y_0,FALSE,FALSE,0,0,1,0,2017,7,4
1,1,Jhajjar,2_03_01_V02Y_0,FALSE,FALSE,0,0,1,0,2017,8,2
1,1,Jhajjar,2_03_01_V02Y_0,FALSE,FALSE,0,0,1,0,2017,9,4
1,1,Jhajjar,2_03_01_V02Y_0,FALSE,FALSE,0,0,1,0,2017,10,3
1,1,Jhajjar,2_03_01_V02Y_0,FALSE,FALSE,0,0,1,0,2017,11,3
1,1,Jhajjar,2_03_01_V02Y_0,FALSE,FALSE,0,0,1,0,2017,12,4
1,1,Jhajjar,2_03_01_V02Y_0,FALSE,FALSE,0,0,1,0,2018,1,2
1,1,Jhajjar,2_03_01_V02Y_0,FALSE,FALSE,0,0,1,0,2018,2,1
1,1,Jhajjar,2_03_01_V02Y_0,FALSE,FALSE,0,0,1,0,2018,3,3
1,1,Jhajjar,2_03_02_V01Y_0,FALSE,FALSE,0,0,0,1,2017,3,19
1,1,Jhajjar,2_03_02_V01Y_0,FALSE,FALSE,0,0,0,1,2017,4,22
1,1,Jhajjar,2_03_02_V01Y_0,FALSE,FALSE,0,0,0,1,2017,5,30
1,1,Jhajjar,2_03_02_V01Y_0,FALSE,FALSE,0,0,0,1,2017,6,15
1,1,Jhajjar,2_03_02_V01Y_0,FALSE,FALSE,0,0,0,1,2017,7,19
1,1,Jhajjar,2_03_02_V01Y_0,FALSE,FALSE,0,0,0,1,2017,8,16
1,1,Jhajjar,2_03_02_V01Y_0,FALSE,FALSE,0,0,0,1,2017,9,24
1,1,Jhajjar,2_03_02_V01Y_0,FALSE,FALSE,0,0,0,1,2017,10,19
1,1,Jhajjar,2_03_02_V01Y_0,FALSE,FALSE,0,0,0,1,2017,11,17
1,1,Jhajjar,2_03_02_V01Y_0,FALSE,FALSE,0,0,0,1,2017,12,18
1,1,Jhajjar,2_03_02_V01Y_0,FALSE,FALSE,0,0,0,1,2018,1,20
1,1,Jhajjar,2_03_02_V01Y_0,FALSE,FALSE,0,0,0,1,2018,2,28
1,1,Jhajjar,2_03_02_V01Y_0,FALSE,FALSE,0,0,0,1,2018,3,27
1,1,Jhajjar,2_03_04_V02Y_0,FALSE,FALSE,0,1,0,0,2017,3,12
1,1,Jhajjar,2_03_04_V02Y_0,FALSE,FALSE,0,1,0,0,2017,5,9
1,1,Jhajjar,2_03_04_V02Y_0,FALSE,FALSE,0,1,0,0,2017,6,1
1,1,Jhajjar,2_03_04_V02Y_0,FALSE,FALSE,0,1,0,0,2017,8,6
1,1,Jhajjar,2_03_04_V02Y_0,FALSE,FALSE,0,1,0,0,2017,9,9
1,1,Jhajjar,2_03_04_V02Y_0,FALSE,FALSE,0,1,0,0,2017,10,12
1,1,Jhajjar,2_03_04_V02Y_0,FALSE,FALSE,0,1,0,0,2017,11,17
1,1,Jhajjar,2_03_04_V02Y_0,FALSE,FALSE,0,1,0,0,2017,12,12
1,1,Jhajjar,2_03_04_V02Y_0,FALSE,FALSE,0,1,0,0,2018,1,11
1,1,Jhajjar,2_03_04_V02Y_0,FALSE,FALSE,0,1,0,0,2018,2,11
1,1,Jhajjar,2_03_04_V02Y_0,FALSE,FALSE,0,1,0,0,2018,3,13
1,1,Jhajjar,2_03_04_V03Y_0,FALSE,FALSE,0,1,0,0,2017,3,6
1,1,Jhajjar,2_03_04_V03Y_0,FALSE,FALSE,0,1,0,0,2017,4,7
1,1,Jhajjar,2_03_04_V03Y_0,FALSE,FALSE,0,1,0,0,2017,5,18
1,1,Jhajjar,2_03_04_V03Y_0,FALSE,FALSE,0,1,0,0,2017,6,21
1,1,Jhajjar,2_03_04_V03Y_0,FALSE,FALSE,0,1,0,0,2017,7,15
1,1,Jhajjar,2_03_04_V03Y_0,FALSE,FALSE,0,1,0,0,2017,8,17
1,1,Jhajjar,2_03_04_V03Y_0,FALSE,FALSE,0,1,0,0,2017,9,21
1,1,Jhajjar,2_03_04_V03Y_0,FALSE,FALSE,0,1,0,0,2017,10,20
1,1,Jhajjar,2_03_04_V03Y_0,FALSE,FALSE,0,1,0,0,2017,11,22
1,1,Jhajjar,2_03_04_V03Y_0,FALSE,FALSE,0,1,0,0,2017,12,20
1,1,Jhajjar,2_03_04_V03Y_0,FALSE,FALSE,0,1,0,0,2018,1,18
1,1,Jhajjar,2_03_04_V03Y_0,FALSE,FALSE,0,1,0,0,2018,2,33
1,1,Jhajjar,2_03_04_V03Y_0,FALSE,FALSE,0,1,0,0,2018,3,28
1,1,Jhajjar,2_04_01_V01Y_0,FALSE,TRUE,0,0,0,1,2017,3,34
1,1,Jhajjar,2_04_01_V01Y_0,FALSE,TRUE,0,0,0,1,2017,4,32
1,1,Jhajjar,2_04_01_V01Y_0,FALSE,TRUE,0,0,0,1,2017,5,38
1,1,Jhajjar,2_04_01_V01Y_0,FALSE,TRUE,0,0,0,1,2017,6,37
1,1,Jhajjar,2_04_01_V01Y_0,FALSE,TRUE,0,0,0,1,2017,7,48
1,1,Jhajjar,2_04_01_V01Y_0,FALSE,TRUE,0,0,0,1,2017,8,51
1,1,Jhajjar,2_04_01_V01Y_0,FALSE,TRUE,0,0,0,1,2017,9,37
1,1,Jhajjar,2_04_01_V01Y_0,FALSE,TRUE,0,0,0,1,2017,10,42
1,1,Jhajjar,2_04_01_V01Y_0,FALSE,TRUE,0,0,0,1,2017,11,34
1,1,Jhajjar,2_04_01_V01Y_0,FALSE,TRUE,0,0,0,1,2017,12,54
1,1,Jhajjar,2_04_01_V01Y_0,FALSE,TRUE,0,0,0,1,2018,1,49
1,1,Jhajjar,2_04_01_V01Y_0,FALSE,TRUE,0,0,0,1,2018,2,57
1,1,Jhajjar,2_04_01_V01Y_0,FALSE,TRUE,0,0,0,1,2018,3,64
1,1,Jhajjar,2_04_02_V01Y_0,FALSE,TRUE,0,1,0,0,2017,3,14
1,1,Jhajjar,2_04_02_V01Y_0,FALSE,TRUE,0,1,0,0,2017,4,16
1,1,Jhajjar,2_04_02_V01Y_0,FALSE,TRUE,0,1,0,0,2017,5,17
1,1,Jhajjar,2_04_02_V01Y_0,FALSE,TRUE,0,1,0,0,2017,6,13
1,1,Jhajjar,2_04_02_V01Y_0,FALSE,TRUE,0,1,0,0,2017,7,14
1,1,Jhajjar,2_04_02_V01Y_0,FALSE,TRUE,0,1,0,0,2017,8,22
1,1,Jhajjar,2_04_02_V01Y_0,FALSE,TRUE,0,1,0,0,2017,9,22
1,1,Jhajjar,2_04_02_V01Y_0,FALSE,TRUE,0,1,0,0,2017,10,19
1,1,Jhajjar,2_04_02_V01Y_0,FALSE,TRUE,0,1,0,0,2017,11,20
1,1,Jhajjar,2_04_02_V01Y_0,FALSE,TRUE,0,1,0,0,2017,12,27
1,1,Jhajjar,2_04_02_V01Y_0,FALSE,TRUE,0,1,0,0,2018,1,18
1,1,Jhajjar,2_04_02_V01Y_0,FALSE,TRUE,0,1,0,0,2018,2,18
1,1,Jhajjar,2_04_02_V01Y_0,FALSE,TRUE,0,1,0,0,2018,3,23
1,1,Jhajjar,2_04_04_V02Y_0,TRUE,FALSE,0,0,1,0,2017,3,8
1,1,Jhajjar,2_04_04_V02Y_0,TRUE,FALSE,0,0,1,0,2017,4,9
1,1,Jhajjar,2_04_04_V02Y_0,TRUE,FALSE,0,0,1,0,2017,5,8
1,1,Jhajjar,2_04_04_V02Y_0,TRUE,FALSE,0,0,1,0,2017,6,12
1,1,Jhajjar,2_04_04_V02Y_0,TRUE,FALSE,0,0,1,0,2017,7,13
1,1,Jhajjar,2_04_04_V02Y_0,TRUE,FALSE,0,0,1,0,2017,8,3
1,1,Jhajjar,2_04_04_V02Y_0,TRUE,FALSE,0,0,1,0,2017,9,12
1,1,Jhajjar,2_04_04_V02Y_0,TRUE,FALSE,0,0,1,0,2017,10,9
1,1,Jhajjar,2_04_04_V02Y_0,TRUE,FALSE,0,0,1,0,2017,11,15
1,1,Jhajjar,2_04_04_V02Y_0,TRUE,FALSE,0,0,1,0,2017,12,10
1,1,Jhajjar,2_04_04_V02Y_0,TRUE,FALSE,0,0,1,0,2018,1,8
1,1,Jhajjar,2_04_04_V02Y_0,TRUE,FALSE,0,0,1,0,2018,2,16
1,1,Jhajjar,2_05_01_V01Y_1,FALSE,FALSE,0,0,1,0,2017,3,18
1,1,Jhajjar,2_05_01_V01Y_1,FALSE,FALSE,0,0,1,0,2017,4,9
1,1,Jhajjar,2_05_01_V01Y_1,FALSE,FALSE,0,0,1,0,2017,5,14
1,1,Jhajjar,2_05_01_V01Y_1,FALSE,FALSE,0,0,1,0,2017,6,10
1,1,Jhajjar,2_05_01_V01Y_1,FALSE,FALSE,0,0,1,0,2017,7,12
1,1,Jhajjar,2_05_01_V01Y_1,FALSE,FALSE,0,0,1,0,2017,8,11
1,1,Jhajjar,2_05_01_V01Y_1,FALSE,FALSE,0,0,1,0,2017,9,18
1,1,Jhajjar,2_05_01_V01Y_1,FALSE,FALSE,0,0,1,0,2017,10,13
1,1,Jhajjar,2_05_01_V01Y_1,FALSE,FALSE,0,0,1,0,2017,11,12
1,1,Jhajjar,2_05_01_V01Y_1,FALSE,FALSE,0,0,1,0,2017,12,17
1,1,Jhajjar,2_05_01_V01Y_1,FALSE,FALSE,0,0,1,0,2018,1,12
1,1,Jhajjar,2_05_01_V01Y_1,FALSE,FALSE,0,0,1,0,2018,2,18
1,1,Jhajjar,2_05_01_V01Y_1,FALSE,FALSE,0,0,1,0,2018,3,15
1,1,Jhajjar,2_05_01_V02Y_0,FALSE,FALSE,0,0,1,0,2017,3,10
1,1,Jhajjar,2_05_01_V02Y_0,FALSE,FALSE,0,0,1,0,2017,4,6
1,1,Jhajjar,2_05_01_V02Y_0,FALSE,FALSE,0,0,1,0,2017,5,10
1,1,Jhajjar,2_05_01_V02Y_0,FALSE,FALSE,0,0,1,0,2017,6,7
1,1,Jhajjar,2_05_01_V02Y_0,FALSE,FALSE,0,0,1,0,2017,7,7
1,1,Jhajjar,2_05_01_V02Y_0,FALSE,FALSE,0,0,1,0,2017,8,6
1,1,Jhajjar,2_05_01_V02Y_0,FALSE,FALSE,0,0,1,0,2017,9,7
1,1,Jhajjar,2_05_01_V02Y_0,FALSE,FALSE,0,0,1,0,2017,10,4
1,1,Jhajjar,2_05_01_V02Y_0,FALSE,FALSE,0,0,1,0,2017,11,8
1,1,Jhajjar,2_05_01_V02Y_0,FALSE,FALSE,0,0,1,0,2017,12,10
1,1,Jhajjar,2_05_01_V02Y_0,FALSE,FALSE,0,0,1,0,2018,1,7
1,1,Jhajjar,2_05_01_V02Y_0,FALSE,FALSE,0,0,1,0,2018,2,9
1,1,Jhajjar,2_05_01_V02Y_0,FALSE,FALSE,0,0,1,0,2018,3,6
1,1,Jhajjar,2_05_04_V01Y_0,FALSE,FALSE,1,0,0,0,2017,3,5
1,1,Jhajjar,2_05_04_V01Y_0,FALSE,FALSE,1,0,0,0,2017,4,1
1,1,Jhajjar,2_05_04_V01Y_0,FALSE,FALSE,1,0,0,0,2017,5,11
1,1,Jhajjar,2_05_04_V01Y_0,FALSE,FALSE,1,0,0,0,2017,6,12
1,1,Jhajjar,2_05_04_V01Y_0,FALSE,FALSE,1,0,0,0,2017,7,8
1,1,Jhajjar,2_05_04_V01Y_0,FALSE,FALSE,1,0,0,0,2017,8,2
1,1,Jhajjar,2_05_04_V01Y_0,FALSE,FALSE,1,0,0,0,2017,9,3
1,1,Jhajjar,2_05_04_V01Y_0,FALSE,FALSE,1,0,0,0,2017,10,4
1,1,Jhajjar,2_05_04_V01Y_0,FALSE,FALSE,1,0,0,0,2017,11,7
1,1,Jhajjar,2_05_04_V01Y_0,FALSE,FALSE,1,0,0,0,2017,12,7
1,1,Jhajjar,2_05_04_V01Y_0,FALSE,FALSE,1,0,0,0,2018,1,5
1,1,Jhajjar,2_05_04_V01Y_0,FALSE,FALSE,1,0,0,0,2018,2,5
1,1,Jhajjar,2_05_04_V01Y_0,FALSE,FALSE,1,0,0,0,2018,3,2
1,1,Jhajjar,2_05_05_V02Y_0,FALSE,FALSE,0,0,0,1,2017,3,11
1,1,Jhajjar,2_05_05_V02Y_0,FALSE,FALSE,0,0,0,1,2017,4,20
1,1,Jhajjar,2_05_05_V02Y_0,FALSE,FALSE,0,0,0,1,2017,5,27
1,1,Jhajjar,2_05_05_V02Y_0,FALSE,FALSE,0,0,0,1,2017,6,22
1,1,Jhajjar,2_05_05_V02Y_0,FALSE,FALSE,0,0,0,1,2017,7,17
1,1,Jhajjar,2_05_05_V02Y_0,FALSE,FALSE,0,0,0,1,2017,8,12
1,1,Jhajjar,2_05_05_V02Y_0,FALSE,FALSE,0,0,0,1,2017,9,21
1,1,Jhajjar,2_05_05_V02Y_0,FALSE,FALSE,0,0,0,1,2017,10,26
1,1,Jhajjar,2_05_05_V02Y_0,FALSE,FALSE,0,0,0,1,2017,11,20
1,1,Jhajjar,2_05_05_V02Y_0,FALSE,FALSE,0,0,0,1,2017,12,27
1,1,Jhajjar,2_05_05_V02Y_0,FALSE,FALSE,0,0,0,1,2018,1,23
1,1,Jhajjar,2_05_05_V02Y_0,FALSE,FALSE,0,0,0,1,2018,2,28
1,1,Jhajjar,2_05_05_V02Y_0,FALSE,FALSE,0,0,0,1,2018,3,27
1,1,Jhajjar,2_05_06_V01Y_0,FALSE,FALSE,0,1,0,0,2017,3,3
1,1,Jhajjar,2_05_06_V01Y_0,FALSE,FALSE,0,1,0,0,2017,4,6
1,1,Jhajjar,2_05_06_V01Y_0,FALSE,FALSE,0,1,0,0,2017,5,2
1,1,Jhajjar,2_05_06_V01Y_0,FALSE,FALSE,0,1,0,0,2017,6,6
1,1,Jhajjar,2_05_06_V01Y_0,FALSE,FALSE,0,1,0,0,2017,7,6
1,1,Jhajjar,2_05_06_V01Y_0,FALSE,FALSE,0,1,0,0,2017,8,4
1,1,Jhajjar,2_05_06_V01Y_0,FALSE,FALSE,0,1,0,0,2017,9,10
1,1,Jhajjar,2_05_06_V01Y_0,FALSE,FALSE,0,1,0,0,2017,10,6
1,1,Jhajjar,2_05_06_V01Y_0,FALSE,FALSE,0,1,0,0,2017,11,5
1,1,Jhajjar,2_05_06_V01Y_0,FALSE,FALSE,0,1,0,0,2017,12,6
1,1,Jhajjar,2_05_06_V01Y_0,FALSE,FALSE,0,1,0,0,2018,1,7
1,1,Jhajjar,2_05_06_V01Y_0,FALSE,FALSE,0,1,0,0,2018,2,7
1,1,Jhajjar,2_05_06_V01Y_0,FALSE,FALSE,0,1,0,0,2018,3,8
1,1,Jhajjar,2_05_06_V02Y_0,FALSE,FALSE,1,0,0,0,2017,3,8
1,1,Jhajjar,2_05_06_V02Y_0,FALSE,FALSE,1,0,0,0,2017,4,18
1,1,Jhajjar,2_05_06_V02Y_0,FALSE,FALSE,1,0,0,0,2017,5,19
1,1,Jhajjar,2_05_06_V02Y_0,FALSE,FALSE,1,0,0,0,2017,6,13
1,1,Jhajjar,2_05_06_V02Y_0,FALSE,FALSE,1,0,0,0,2017,7,14
1,1,Jhajjar,2_05_06_V02Y_0,FALSE,FALSE,1,0,0,0,2017,8,8
1,1,Jhajjar,2_05_06_V02Y_0,FALSE,FALSE,1,0,0,0,2017,9,17
1,1,Jhajjar,2_05_06_V02Y_0,FALSE,FALSE,1,0,0,0,2017,10,14
1,1,Jhajjar,2_05_06_V02Y_0,FALSE,FALSE,1,0,0,0,2017,11,14
1,1,Jhajjar,2_05_06_V02Y_0,FALSE,FALSE,1,0,0,0,2017,12,13
1,1,Jhajjar,2_05_06_V02Y_0,FALSE,FALSE,1,0,0,0,2018,1,9
1,1,Jhajjar,2_05_06_V02Y_0,FALSE,FALSE,1,0,0,0,2018,2,14
1,1,Jhajjar,2_05_06_V02Y_0,FALSE,FALSE,1,0,0,0,2018,3,16
1,1,Jhajjar,2_06_01_V01Y_1,FALSE,FALSE,0,0,1,0,2017,3,21
1,1,Jhajjar,2_06_01_V01Y_1,FALSE,FALSE,0,0,1,0,2017,4,53
1,1,Jhajjar,2_06_01_V01Y_1,FALSE,FALSE,0,0,1,0,2017,5,40
1,1,Jhajjar,2_06_01_V01Y_1,FALSE,FALSE,0,0,1,0,2017,6,46
1,1,Jhajjar,2_06_01_V01Y_1,FALSE,FALSE,0,0,1,0,2017,7,47
1,1,Jhajjar,2_06_01_V01Y_1,FALSE,FALSE,0,0,1,0,2017,8,28
1,1,Jhajjar,2_06_01_V01Y_1,FALSE,FALSE,0,0,1,0,2017,9,42
1,1,Jhajjar,2_06_01_V01Y_1,FALSE,FALSE,0,0,1,0,2017,10,42
1,1,Jhajjar,2_06_01_V01Y_1,FALSE,FALSE,0,0,1,0,2017,11,46
1,1,Jhajjar,2_06_01_V01Y_1,FALSE,FALSE,0,0,1,0,2017,12,49
1,1,Jhajjar,2_06_01_V01Y_1,FALSE,FALSE,0,0,1,0,2018,1,44
1,1,Jhajjar,2_06_01_V01Y_1,FALSE,FALSE,0,0,1,0,2018,2,47
1,1,Jhajjar,2_06_01_V01Y_1,FALSE,FALSE,0,0,1,0,2018,3,45
1,1,Jhajjar,2_06_02_V01Y_1,FALSE,FALSE,0,0,1,0,2017,3,15
1,1,Jhajjar,2_06_02_V01Y_1,FALSE,FALSE,0,0,1,0,2017,4,32
1,1,Jhajjar,2_06_02_V01Y_1,FALSE,FALSE,0,0,1,0,2017,5,21
1,1,Jhajjar,2_06_02_V01Y_1,FALSE,FALSE,0,0,1,0,2017,6,37
1,1,Jhajjar,2_06_02_V01Y_1,FALSE,FALSE,0,0,1,0,2017,7,31
1,1,Jhajjar,2_06_02_V01Y_1,FALSE,FALSE,0,0,1,0,2017,8,13
1,1,Jhajjar,2_06_02_V01Y_1,FALSE,FALSE,0,0,1,0,2017,9,31
1,1,Jhajjar,2_06_02_V01Y_1,FALSE,FALSE,0,0,1,0,2017,10,29
1,1,Jhajjar,2_06_02_V01Y_1,FALSE,FALSE,0,0,1,0,2017,11,33
1,1,Jhajjar,2_06_02_V01Y_1,FALSE,FALSE,0,0,1,0,2017,12,39
1,1,Jhajjar,2_06_02_V01Y_1,FALSE,FALSE,0,0,1,0,2018,1,34
1,1,Jhajjar,2_06_02_V01Y_1,FALSE,FALSE,0,0,1,0,2018,2,46
1,1,Jhajjar,2_06_02_V01Y_1,FALSE,FALSE,0,0,1,0,2018,3,34
1,1,Jhajjar,2_06_03_V01Y_0,FALSE,FALSE,0,1,0,0,2017,3,4
1,1,Jhajjar,2_06_03_V01Y_0,FALSE,FALSE,0,1,0,0,2017,4,20
1,1,Jhajjar,2_06_03_V01Y_0,FALSE,FALSE,0,1,0,0,2017,5,14
1,1,Jhajjar,2_06_03_V01Y_0,FALSE,FALSE,0,1,0,0,2017,6,11
1,1,Jhajjar,2_06_03_V01Y_0,FALSE,FALSE,0,1,0,0,2017,7,15
1,1,Jhajjar,2_06_03_V01Y_0,FALSE,FALSE,0,1,0,0,2017,8,13
1,1,Jhajjar,2_06_03_V01Y_0,FALSE,FALSE,0,1,0,0,2017,9,16
1,1,Jhajjar,2_06_03_V01Y_0,FALSE,FALSE,0,1,0,0,2017,10,15
1,1,Jhajjar,2_06_03_V01Y_0,FALSE,FALSE,0,1,0,0,2017,11,21
1,1,Jhajjar,2_06_03_V01Y_0,FALSE,FALSE,0,1,0,0,2017,12,17
1,1,Jhajjar,2_06_03_V01Y_0,FALSE,FALSE,0,1,0,0,2018,1,14
1,1,Jhajjar,2_06_03_V01Y_0,FALSE,FALSE,0,1,0,0,2018,2,20
1,1,Jhajjar,2_06_03_V01Y_0,FALSE,FALSE,0,1,0,0,2018,3,19
1,1,Jhajjar,2_07_01_V01Y_0,FALSE,FALSE,0,0,1,0,2017,3,4
1,1,Jhajjar,2_07_01_V01Y_0,FALSE,FALSE,0,0,1,0,2017,4,14
1,1,Jhajjar,2_07_01_V01Y_0,FALSE,FALSE,0,0,1,0,2017,5,13
1,1,Jhajjar,2_07_01_V01Y_0,FALSE,FALSE,0,0,1,0,2017,6,7
1,1,Jhajjar,2_07_01_V01Y_0,FALSE,FALSE,0,0,1,0,2017,7,7
1,1,Jhajjar,2_07_01_V01Y_0,FALSE,FALSE,0,0,1,0,2017,8,13
1,1,Jhajjar,2_07_01_V01Y_0,FALSE,FALSE,0,0,1,0,2017,9,12
1,1,Jhajjar,2_07_01_V01Y_0,FALSE,FALSE,0,0,1,0,2017,10,5
1,1,Jhajjar,2_07_01_V01Y_0,FALSE,FALSE,0,0,1,0,2017,11,9
1,1,Jhajjar,2_07_01_V01Y_0,FALSE,FALSE,0,0,1,0,2017,12,17
1,1,Jhajjar,2_07_01_V01Y_0,FALSE,FALSE,0,0,1,0,2018,1,13
1,1,Jhajjar,2_07_01_V01Y_0,FALSE,FALSE,0,0,1,0,2018,2,12
1,1,Jhajjar,2_07_01_V01Y_0,FALSE,FALSE,0,0,1,0,2018,3,17
1,1,Jhajjar,2_07_03_V01Y_0,FALSE,FALSE,1,0,0,0,2017,3,8
1,1,Jhajjar,2_07_03_V01Y_0,FALSE,FALSE,1,0,0,0,2017,4,10
1,1,Jhajjar,2_07_03_V01Y_0,FALSE,FALSE,1,0,0,0,2017,5,10
1,1,Jhajjar,2_07_03_V01Y_0,FALSE,FALSE,1,0,0,0,2017,6,11
1,1,Jhajjar,2_07_03_V01Y_0,FALSE,FALSE,1,0,0,0,2017,7,18
1,1,Jhajjar,2_07_03_V01Y_0,FALSE,FALSE,1,0,0,0,2017,8,16
1,1,Jhajjar,2_07_03_V01Y_0,FALSE,FALSE,1,0,0,0,2017,9,19
1,1,Jhajjar,2_07_03_V01Y_0,FALSE,FALSE,1,0,0,0,2017,10,14
1,1,Jhajjar,2_07_03_V01Y_0,FALSE,FALSE,1,0,0,0,2017,11,18
1,1,Jhajjar,2_07_03_V01Y_0,FALSE,FALSE,1,0,0,0,2017,12,17
1,1,Jhajjar,2_07_03_V01Y_0,FALSE,FALSE,1,0,0,0,2018,1,15
1,1,Jhajjar,2_07_03_V01Y_0,FALSE,FALSE,1,0,0,0,2018,2,11
1,1,Jhajjar,2_07_03_V01Y_0,FALSE,FALSE,1,0,0,0,2018,3,16
1,1,Jhajjar,2_07_03_V02Y_0,FALSE,FALSE,0,0,1,0,2017,3,9
1,1,Jhajjar,2_07_03_V02Y_0,FALSE,FALSE,0,0,1,0,2017,4,8
1,1,Jhajjar,2_07_03_V02Y_0,FALSE,FALSE,0,0,1,0,2017,5,10
1,1,Jhajjar,2_07_03_V02Y_0,FALSE,FALSE,0,0,1,0,2017,6,11
1,1,Jhajjar,2_07_03_V02Y_0,FALSE,FALSE,0,0,1,0,2017,7,2
1,1,Jhajjar,2_07_03_V02Y_0,FALSE,FALSE,0,0,1,0,2017,8,4
1,1,Jhajjar,2_07_03_V02Y_0,FALSE,FALSE,0,0,1,0,2017,9,7
1,1,Jhajjar,2_07_03_V02Y_0,FALSE,FALSE,0,0,1,0,2017,10,13
1,1,Jhajjar,2_07_03_V02Y_0,FALSE,FALSE,0,0,1,0,2017,11,8
1,1,Jhajjar,2_07_03_V02Y_0,FALSE,FALSE,0,0,1,0,2017,12,13
1,1,Jhajjar,2_07_03_V02Y_0,FALSE,FALSE,0,0,1,0,2018,1,7
1,1,Jhajjar,2_07_03_V02Y_0,FALSE,FALSE,0,0,1,0,2018,2,14
1,1,Jhajjar,2_07_03_V02Y_0,FALSE,FALSE,0,0,1,0,2018,3,8
1,1,Jhajjar,2_08_01_V01Y_0,TRUE,FALSE,0,1,0,0,2017,3,5
1,1,Jhajjar,2_08_01_V01Y_0,TRUE,FALSE,0,1,0,0,2017,4,2
1,1,Jhajjar,2_08_01_V01Y_0,TRUE,FALSE,0,1,0,0,2017,5,4
1,1,Jhajjar,2_08_01_V01Y_0,TRUE,FALSE,0,1,0,0,2017,6,1
1,1,Jhajjar,2_08_01_V01Y_0,TRUE,FALSE,0,1,0,0,2017,7,4
1,1,Jhajjar,2_08_01_V01Y_0,TRUE,FALSE,0,1,0,0,2017,8,2
1,1,Jhajjar,2_08_01_V01Y_0,TRUE,FALSE,0,1,0,0,2017,9,6
1,1,Jhajjar,2_08_01_V01Y_0,TRUE,FALSE,0,1,0,0,2017,10,4
1,1,Jhajjar,2_08_01_V01Y_0,TRUE,FALSE,0,1,0,0,2017,11,3
1,1,Jhajjar,2_08_01_V01Y_0,TRUE,FALSE,0,1,0,0,2017,12,5
1,1,Jhajjar,2_08_01_V01Y_0,TRUE,FALSE,0,1,0,0,2018,1,3
1,1,Jhajjar,2_08_01_V01Y_0,TRUE,FALSE,0,1,0,0,2018,2,5
1,1,Jhajjar,2_08_01_V01Y_0,TRUE,FALSE,0,1,0,0,2018,3,6
1,1,Jhajjar,2_08_01_V02Y_0,TRUE,FALSE,0,0,0,1,2017,3,22
1,1,Jhajjar,2_08_01_V02Y_0,TRUE,FALSE,0,0,0,1,2017,4,16
1,1,Jhajjar,2_08_01_V02Y_0,TRUE,FALSE,0,0,0,1,2017,5,16
1,1,Jhajjar,2_08_01_V02Y_0,TRUE,FALSE,0,0,0,1,2017,6,15
1,1,Jhajjar,2_08_01_V02Y_0,TRUE,FALSE,0,0,0,1,2017,7,12
1,1,Jhajjar,2_08_01_V02Y_0,TRUE,FALSE,0,0,0,1,2017,8,17
1,1,Jhajjar,2_08_01_V02Y_0,TRUE,FALSE,0,0,0,1,2017,9,13
1,1,Jhajjar,2_08_01_V02Y_0,TRUE,FALSE,0,0,0,1,2017,10,17
1,1,Jhajjar,2_08_01_V02Y_0,TRUE,FALSE,0,0,0,1,2017,11,22
1,1,Jhajjar,2_08_01_V02Y_0,TRUE,FALSE,0,0,0,1,2017,12,26
1,1,Jhajjar,2_08_01_V02Y_0,TRUE,FALSE,0,0,0,1,2018,1,16
1,1,Jhajjar,2_08_01_V02Y_0,TRUE,FALSE,0,0,0,1,2018,2,20
1,1,Jhajjar,2_08_01_V02Y_0,TRUE,FALSE,0,0,0,1,2018,3,20
1,1,Jhajjar,2_08_03_V01Y_0,TRUE,FALSE,0,1,0,0,2017,3,33
1,1,Jhajjar,2_08_03_V01Y_0,TRUE,FALSE,0,1,0,0,2017,4,37
1,1,Jhajjar,2_08_03_V01Y_0,TRUE,FALSE,0,1,0,0,2017,5,38
1,1,Jhajjar,2_08_03_V01Y_0,TRUE,FALSE,0,1,0,0,2017,6,35
1,1,Jhajjar,2_08_03_V01Y_0,TRUE,FALSE,0,1,0,0,2017,7,36
1,1,Jhajjar,2_08_03_V01Y_0,TRUE,FALSE,0,1,0,0,2017,8,26
1,1,Jhajjar,2_08_03_V01Y_0,TRUE,FALSE,0,1,0,0,2017,9,32
1,1,Jhajjar,2_08_03_V01Y_0,TRUE,FALSE,0,1,0,0,2017,10,32
1,1,Jhajjar,2_08_03_V01Y_0,TRUE,FALSE,0,1,0,0,2017,11,38
1,1,Jhajjar,2_08_03_V01Y_0,TRUE,FALSE,0,1,0,0,2017,12,34
1,1,Jhajjar,2_08_03_V01Y_0,TRUE,FALSE,0,1,0,0,2018,1,27
1,1,Jhajjar,2_08_03_V01Y_0,TRUE,FALSE,0,1,0,0,2018,2,51
1,1,Jhajjar,2_08_03_V01Y_0,TRUE,FALSE,0,1,0,0,2018,3,37
1,1,Jhajjar,2_08_04_V01Y_0,TRUE,FALSE,1,0,0,0,2017,3,4
1,1,Jhajjar,2_08_04_V01Y_0,TRUE,FALSE,1,0,0,0,2017,4,3
1,1,Jhajjar,2_08_04_V01Y_0,TRUE,FALSE,1,0,0,0,2017,5,9
1,1,Jhajjar,2_08_04_V01Y_0,TRUE,FALSE,1,0,0,0,2017,6,9
1,1,Jhajjar,2_08_04_V01Y_0,TRUE,FALSE,1,0,0,0,2017,7,13
1,1,Jhajjar,2_08_04_V01Y_0,TRUE,FALSE,1,0,0,0,2017,8,12
1,1,Jhajjar,2_08_04_V01Y_0,TRUE,FALSE,1,0,0,0,2017,9,13
1,1,Jhajjar,2_08_04_V01Y_0,TRUE,FALSE,1,0,0,0,2017,10,11
1,1,Jhajjar,2_08_04_V01Y_0,TRUE,FALSE,1,0,0,0,2017,11,20
1,1,Jhajjar,2_08_04_V01Y_0,TRUE,FALSE,1,0,0,0,2017,12,21
1,1,Jhajjar,2_08_04_V01Y_0,TRUE,FALSE,1,0,0,0,2018,1,23
1,1,Jhajjar,2_08_04_V01Y_0,TRUE,FALSE,1,0,0,0,2018,2,28
1,1,Jhajjar,2_08_04_V01Y_0,TRUE,FALSE,1,0,0,0,2018,3,27
1,1,Jhajjar,2_09_01_V01Y_0,FALSE,FALSE,0,1,0,0,2017,3,12
1,1,Jhajjar,2_09_01_V01Y_0,FALSE,FALSE,0,1,0,0,2017,4,9
1,1,Jhajjar,2_09_01_V01Y_0,FALSE,FALSE,0,1,0,0,2017,5,9
1,1,Jhajjar,2_09_01_V01Y_0,FALSE,FALSE,0,1,0,0,2017,6,14
1,1,Jhajjar,2_09_01_V01Y_0,FALSE,FALSE,0,1,0,0,2017,7,16
1,1,Jhajjar,2_09_01_V01Y_0,FALSE,FALSE,0,1,0,0,2017,8,14
1,1,Jhajjar,2_09_01_V01Y_0,FALSE,FALSE,0,1,0,0,2017,9,13
1,1,Jhajjar,2_09_01_V01Y_0,FALSE,FALSE,0,1,0,0,2017,10,20
1,1,Jhajjar,2_09_01_V01Y_0,FALSE,FALSE,0,1,0,0,2017,11,27
1,1,Jhajjar,2_09_01_V01Y_0,FALSE,FALSE,0,1,0,0,2017,12,14
1,1,Jhajjar,2_09_01_V01Y_0,FALSE,FALSE,0,1,0,0,2018,1,25
1,1,Jhajjar,2_09_01_V01Y_0,FALSE,FALSE,0,1,0,0,2018,2,27
1,1,Jhajjar,2_09_01_V01Y_0,FALSE,FALSE,0,1,0,0,2018,3,18
1,1,Jhajjar,2_09_01_V02Y_0,FALSE,FALSE,0,1,0,0,2017,3,16
1,1,Jhajjar,2_09_01_V02Y_0,FALSE,FALSE,0,1,0,0,2017,4,18
1,1,Jhajjar,2_09_01_V02Y_0,FALSE,FALSE,0,1,0,0,2017,5,15
1,1,Jhajjar,2_09_01_V02Y_0,FALSE,FALSE,0,1,0,0,2017,6,11
1,1,Jhajjar,2_09_01_V02Y_0,FALSE,FALSE,0,1,0,0,2017,7,8
1,1,Jhajjar,2_09_01_V02Y_0,FALSE,FALSE,0,1,0,0,2017,8,9
1,1,Jhajjar,2_09_01_V02Y_0,FALSE,FALSE,0,1,0,0,2017,9,15
1,1,Jhajjar,2_09_01_V02Y_0,FALSE,FALSE,0,1,0,0,2017,10,24
1,1,Jhajjar,2_09_01_V02Y_0,FALSE,FALSE,0,1,0,0,2017,11,28
1,1,Jhajjar,2_09_01_V02Y_0,FALSE,FALSE,0,1,0,0,2017,12,14
1,1,Jhajjar,2_09_01_V02Y_0,FALSE,FALSE,0,1,0,0,2018,1,20
1,1,Jhajjar,2_09_01_V02Y_0,FALSE,FALSE,0,1,0,0,2018,2,12
1,1,Jhajjar,2_09_01_V02Y_0,FALSE,FALSE,0,1,0,0,2018,3,22
1,1,Jhajjar,2_09_02_V02Y_0,FALSE,FALSE,1,0,0,0,2017,3,14
1,1,Jhajjar,2_09_02_V02Y_0,FALSE,FALSE,1,0,0,0,2017,4,20
1,1,Jhajjar,2_09_02_V02Y_0,FALSE,FALSE,1,0,0,0,2017,5,10
1,1,Jhajjar,2_09_02_V02Y_0,FALSE,FALSE,1,0,0,0,2017,6,24
1,1,Jhajjar,2_09_02_V02Y_0,FALSE,FALSE,1,0,0,0,2017,7,11
1,1,Jhajjar,2_09_02_V02Y_0,FALSE,FALSE,1,0,0,0,2017,8,10
1,1,Jhajjar,2_09_02_V02Y_0,FALSE,FALSE,1,0,0,0,2017,9,25
1,1,Jhajjar,2_09_02_V02Y_0,FALSE,FALSE,1,0,0,0,2017,10,41
1,1,Jhajjar,2_09_02_V02Y_0,FALSE,FALSE,1,0,0,0,2017,11,29
1,1,Jhajjar,2_09_02_V02Y_0,FALSE,FALSE,1,0,0,0,2017,12,33
1,1,Jhajjar,2_09_02_V02Y_0,FALSE,FALSE,1,0,0,0,2018,1,25
1,1,Jhajjar,2_09_02_V02Y_0,FALSE,FALSE,1,0,0,0,2018,2,31
1,1,Jhajjar,2_09_02_V02Y_0,FALSE,FALSE,1,0,0,0,2018,3,28
1,1,Jhajjar,2_09_03_V03Y_0,FALSE,FALSE,0,0,0,1,2017,3,10
1,1,Jhajjar,2_09_03_V03Y_0,FALSE,FALSE,0,0,0,1,2017,4,6
1,1,Jhajjar,2_09_03_V03Y_0,FALSE,FALSE,0,0,0,1,2017,5,7
1,1,Jhajjar,2_09_03_V03Y_0,FALSE,FALSE,0,0,0,1,2017,6,9
1,1,Jhajjar,2_09_03_V03Y_0,FALSE,FALSE,0,0,0,1,2017,7,9
1,1,Jhajjar,2_09_03_V03Y_0,FALSE,FALSE,0,0,0,1,2017,8,4
1,1,Jhajjar,2_09_03_V03Y_0,FALSE,FALSE,0,0,0,1,2017,9,5
1,1,Jhajjar,2_09_03_V03Y_0,FALSE,FALSE,0,0,0,1,2017,10,10
1,1,Jhajjar,2_09_03_V03Y_0,FALSE,FALSE,0,0,0,1,2017,11,9
1,1,Jhajjar,2_09_03_V03Y_0,FALSE,FALSE,0,0,0,1,2017,12,14
1,1,Jhajjar,2_09_03_V03Y_0,FALSE,FALSE,0,0,0,1,2018,1,14
1,1,Jhajjar,2_09_03_V03Y_0,FALSE,FALSE,0,0,0,1,2018,2,13
1,1,Jhajjar,2_09_03_V03Y_0,FALSE,FALSE,0,0,0,1,2018,3,8
1,1,Jhajjar,2_09_03_V05Y_0,FALSE,FALSE,0,1,0,0,2017,3,1
1,1,Jhajjar,2_09_03_V05Y_0,FALSE,FALSE,0,1,0,0,2017,4,14
1,1,Jhajjar,2_09_03_V05Y_0,FALSE,FALSE,0,1,0,0,2017,5,10
1,1,Jhajjar,2_09_03_V05Y_0,FALSE,FALSE,0,1,0,0,2017,6,10
1,1,Jhajjar,2_09_03_V05Y_0,FALSE,FALSE,0,1,0,0,2017,7,6
1,1,Jhajjar,2_09_03_V05Y_0,FALSE,FALSE,0,1,0,0,2017,8,11
1,1,Jhajjar,2_09_03_V05Y_0,FALSE,FALSE,0,1,0,0,2017,9,5
1,1,Jhajjar,2_09_03_V05Y_0,FALSE,FALSE,0,1,0,0,2017,10,8
1,1,Jhajjar,2_09_03_V05Y_0,FALSE,FALSE,0,1,0,0,2017,11,7
1,1,Jhajjar,2_09_03_V05Y_0,FALSE,FALSE,0,1,0,0,2017,12,16
1,1,Jhajjar,2_09_03_V05Y_0,FALSE,FALSE,0,1,0,0,2018,1,16
1,1,Jhajjar,2_09_03_V05Y_0,FALSE,FALSE,0,1,0,0,2018,2,21
1,1,Jhajjar,2_09_03_V05Y_0,FALSE,FALSE,0,1,0,0,2018,3,12
1,1,Jhajjar,2_10_01_V02Y_0,FALSE,FALSE,1,0,0,0,2017,3,6
1,1,Jhajjar,2_10_01_V02Y_0,FALSE,FALSE,1,0,0,0,2017,4,6
1,1,Jhajjar,2_10_01_V02Y_0,FALSE,FALSE,1,0,0,0,2017,5,9
1,1,Jhajjar,2_10_01_V02Y_0,FALSE,FALSE,1,0,0,0,2017,6,4
1,1,Jhajjar,2_10_01_V02Y_0,FALSE,FALSE,1,0,0,0,2017,7,10
1,1,Jhajjar,2_10_01_V02Y_0,FALSE,FALSE,1,0,0,0,2017,8,9
1,1,Jhajjar,2_10_01_V02Y_0,FALSE,FALSE,1,0,0,0,2017,9,9
1,1,Jhajjar,2_10_01_V02Y_0,FALSE,FALSE,1,0,0,0,2017,10,13
1,1,Jhajjar,2_10_01_V02Y_0,FALSE,FALSE,1,0,0,0,2017,11,17
1,1,Jhajjar,2_10_01_V02Y_0,FALSE,FALSE,1,0,0,0,2017,12,14
1,1,Jhajjar,2_10_01_V02Y_0,FALSE,FALSE,1,0,0,0,2018,1,7
1,1,Jhajjar,2_10_01_V02Y_0,FALSE,FALSE,1,0,0,0,2018,2,13
1,1,Jhajjar,2_10_01_V02Y_0,FALSE,FALSE,1,0,0,0,2018,3,7
1,1,Jhajjar,2_10_02_V01Y_0,FALSE,FALSE,0,0,1,0,2017,3,12
1,1,Jhajjar,2_10_02_V01Y_0,FALSE,FALSE,0,0,1,0,2017,4,12
1,1,Jhajjar,2_10_02_V01Y_0,FALSE,FALSE,0,0,1,0,2017,5,17
1,1,Jhajjar,2_10_02_V01Y_0,FALSE,FALSE,0,0,1,0,2017,6,21
1,1,Jhajjar,2_10_02_V01Y_0,FALSE,FALSE,0,0,1,0,2017,7,15
1,1,Jhajjar,2_10_02_V01Y_0,FALSE,FALSE,0,0,1,0,2017,8,16
1,1,Jhajjar,2_10_02_V01Y_0,FALSE,FALSE,0,0,1,0,2017,9,13
1,1,Jhajjar,2_10_02_V01Y_0,FALSE,FALSE,0,0,1,0,2017,10,12
1,1,Jhajjar,2_10_02_V01Y_0,FALSE,FALSE,0,0,1,0,2017,11,13
1,1,Jhajjar,2_10_02_V01Y_0,FALSE,FALSE,0,0,1,0,2017,12,22
1,1,Jhajjar,2_10_02_V01Y_0,FALSE,FALSE,0,0,1,0,2018,1,19
1,1,Jhajjar,2_10_02_V01Y_0,FALSE,FALSE,0,0,1,0,2018,2,32
1,1,Jhajjar,2_10_02_V01Y_0,FALSE,FALSE,0,0,1,0,2018,3,16
1,1,Jhajjar,2_11_01_V01Y_0,FALSE,TRUE,1,0,0,0,2017,3,6
1,1,Jhajjar,2_11_01_V01Y_0,FALSE,TRUE,1,0,0,0,2017,4,5
1,1,Jhajjar,2_11_01_V01Y_0,FALSE,TRUE,1,0,0,0,2017,5,7
1,1,Jhajjar,2_11_01_V01Y_0,FALSE,TRUE,1,0,0,0,2017,6,6
1,1,Jhajjar,2_11_01_V01Y_0,FALSE,TRUE,1,0,0,0,2017,7,8
1,1,Jhajjar,2_11_01_V01Y_0,FALSE,TRUE,1,0,0,0,2017,8,9
1,1,Jhajjar,2_11_01_V01Y_0,FALSE,TRUE,1,0,0,0,2017,10,6
1,1,Jhajjar,2_11_01_V01Y_0,FALSE,TRUE,1,0,0,0,2017,11,12
1,1,Jhajjar,2_11_01_V01Y_0,FALSE,TRUE,1,0,0,0,2017,12,13
1,1,Jhajjar,2_11_01_V01Y_0,FALSE,TRUE,1,0,0,0,2018,1,12
1,1,Jhajjar,2_11_01_V01Y_0,FALSE,TRUE,1,0,0,0,2018,2,14
1,1,Jhajjar,2_11_01_V01Y_0,FALSE,TRUE,1,0,0,0,2018,3,6
1,1,Jhajjar,2_11_02_V02Y_0,TRUE,FALSE,0,0,0,1,2017,3,10
1,1,Jhajjar,2_11_03_V02Y_1,TRUE,FALSE,0,0,1,0,2017,3,29
1,1,Jhajjar,2_11_03_V02Y_1,TRUE,FALSE,0,0,1,0,2017,4,31
1,1,Jhajjar,2_11_03_V02Y_1,TRUE,FALSE,0,0,1,0,2017,5,33
1,1,Jhajjar,2_11_03_V02Y_1,TRUE,FALSE,0,0,1,0,2017,6,4
1,1,Jhajjar,2_11_04_V01Y_1,FALSE,TRUE,0,0,1,0,2017,3,18
1,1,Jhajjar,2_11_04_V01Y_1,FALSE,TRUE,0,0,1,0,2017,4,19
1,1,Jhajjar,2_11_04_V01Y_1,FALSE,TRUE,0,0,1,0,2017,5,20
1,1,Jhajjar,2_11_04_V01Y_1,FALSE,TRUE,0,0,1,0,2017,6,20
1,1,Jhajjar,2_11_04_V01Y_1,FALSE,TRUE,0,0,1,0,2017,7,19
1,1,Jhajjar,2_11_04_V01Y_1,FALSE,TRUE,0,0,1,0,2017,8,34
1,1,Jhajjar,2_11_04_V01Y_1,FALSE,TRUE,0,0,1,0,2017,9,29
1,1,Jhajjar,2_11_04_V01Y_1,FALSE,TRUE,0,0,1,0,2017,10,32
1,1,Jhajjar,2_11_04_V01Y_1,FALSE,TRUE,0,0,1,0,2017,11,28
1,1,Jhajjar,2_11_04_V01Y_1,FALSE,TRUE,0,0,1,0,2017,12,18
1,1,Jhajjar,2_11_04_V01Y_1,FALSE,TRUE,0,0,1,0,2018,1,14
1,1,Jhajjar,2_11_04_V01Y_1,FALSE,TRUE,0,0,1,0,2018,2,42
1,1,Jhajjar,2_11_04_V01Y_1,FALSE,TRUE,0,0,1,0,2018,3,34
1,1,Jhajjar,2_11_05_V01Y_1,FALSE,TRUE,0,0,1,0,2017,3,28
1,1,Jhajjar,2_11_05_V01Y_1,FALSE,TRUE,0,0,1,0,2017,4,22
1,1,Jhajjar,2_11_05_V01Y_1,FALSE,TRUE,0,0,1,0,2017,5,32
1,1,Jhajjar,2_11_05_V01Y_1,FALSE,TRUE,0,0,1,0,2017,6,22
1,1,Jhajjar,2_11_05_V01Y_1,FALSE,TRUE,0,0,1,0,2017,7,22
1,1,Jhajjar,2_12_02_V01Y_0,FALSE,FALSE,1,0,0,0,2017,3,3
1,1,Jhajjar,2_12_02_V01Y_0,FALSE,FALSE,1,0,0,0,2017,4,13
1,1,Jhajjar,2_12_02_V01Y_0,FALSE,FALSE,1,0,0,0,2017,5,12
1,1,Jhajjar,2_12_02_V01Y_0,FALSE,FALSE,1,0,0,0,2017,6,5
1,1,Jhajjar,2_12_02_V01Y_0,FALSE,FALSE,1,0,0,0,2017,7,15
1,1,Jhajjar,2_12_02_V01Y_0,FALSE,FALSE,1,0,0,0,2017,8,11
1,1,Jhajjar,2_12_02_V01Y_0,FALSE,FALSE,1,0,0,0,2017,9,9
1,1,Jhajjar,2_12_02_V01Y_0,FALSE,FALSE,1,0,0,0,2017,10,13
1,1,Jhajjar,2_12_02_V01Y_0,FALSE,FALSE,1,0,0,0,2017,11,14
1,1,Jhajjar,2_12_02_V01Y_0,FALSE,FALSE,1,0,0,0,2017,12,11
1,1,Jhajjar,2_12_02_V01Y_0,FALSE,FALSE,1,0,0,0,2018,1,17
1,1,Jhajjar,2_12_02_V01Y_0,FALSE,FALSE,1,0,0,0,2018,2,16
1,1,Jhajjar,2_12_02_V01Y_0,FALSE,FALSE,1,0,0,0,2018,3,6
1,1,Jhajjar,2_12_03_V01Y_0,FALSE,FALSE,0,1,0,0,2017,3,21
1,1,Jhajjar,2_12_03_V01Y_0,FALSE,FALSE,0,1,0,0,2017,4,16
1,1,Jhajjar,2_12_03_V01Y_0,FALSE,FALSE,0,1,0,0,2017,5,38
1,1,Jhajjar,2_12_03_V01Y_0,FALSE,FALSE,0,1,0,0,2017,6,41
1,1,Jhajjar,2_12_03_V01Y_0,FALSE,FALSE,0,1,0,0,2017,7,39
1,1,Jhajjar,2_12_03_V01Y_0,FALSE,FALSE,0,1,0,0,2017,8,39
1,1,Jhajjar,2_12_03_V01Y_0,FALSE,FALSE,0,1,0,0,2017,9,41
1,1,Jhajjar,2_12_03_V01Y_0,FALSE,FALSE,0,1,0,0,2017,10,48
1,1,Jhajjar,2_12_03_V01Y_0,FALSE,FALSE,0,1,0,0,2017,11,39
1,1,Jhajjar,2_12_03_V01Y_0,FALSE,FALSE,0,1,0,0,2017,12,46
1,1,Jhajjar,2_12_03_V01Y_0,FALSE,FALSE,0,1,0,0,2018,1,56
1,1,Jhajjar,2_12_03_V01Y_0,FALSE,FALSE,0,1,0,0,2018,2,43
1,1,Jhajjar,2_12_03_V01Y_0,FALSE,FALSE,0,1,0,0,2018,3,43
1,1,Jhajjar,2_12_04_V01Y_0,FALSE,FALSE,0,0,1,0,2017,7,4
1,1,Jhajjar,2_12_04_V01Y_0,FALSE,FALSE,0,0,1,0,2017,8,9
1,1,Jhajjar,2_12_04_V01Y_0,FALSE,FALSE,0,0,1,0,2017,9,10
1,1,Jhajjar,2_12_04_V01Y_0,FALSE,FALSE,0,0,1,0,2017,10,10
1,1,Jhajjar,2_12_04_V01Y_0,FALSE,FALSE,0,0,1,0,2017,11,9
1,1,Jhajjar,2_12_04_V01Y_0,FALSE,FALSE,0,0,1,0,2017,12,8
1,1,Jhajjar,2_12_04_V01Y_0,FALSE,FALSE,0,0,1,0,2018,1,5
1,1,Jhajjar,2_12_04_V01Y_0,FALSE,FALSE,0,0,1,0,2018,2,3
1,1,Jhajjar,2_12_04_V01Y_0,FALSE,FALSE,0,0,1,0,2018,3,4
1,1,Jhajjar,2_12_06_V02Y_0,FALSE,FALSE,0,0,0,1,2017,4,2
1,1,Jhajjar,2_12_06_V02Y_0,FALSE,FALSE,0,0,0,1,2017,5,4
1,1,Jhajjar,2_12_06_V02Y_0,FALSE,FALSE,0,0,0,1,2017,6,8
1,1,Jhajjar,2_12_06_V02Y_0,FALSE,FALSE,0,0,0,1,2017,7,4
1,1,Jhajjar,2_12_06_V02Y_0,FALSE,FALSE,0,0,0,1,2017,8,7
1,1,Jhajjar,2_12_06_V02Y_0,FALSE,FALSE,0,0,0,1,2017,9,10
1,1,Jhajjar,2_12_06_V02Y_0,FALSE,FALSE,0,0,0,1,2017,10,6
1,1,Jhajjar,2_12_06_V02Y_0,FALSE,FALSE,0,0,0,1,2017,11,12
1,1,Jhajjar,2_12_06_V02Y_0,FALSE,FALSE,0,0,0,1,2017,12,5
1,1,Jhajjar,2_12_06_V02Y_0,FALSE,FALSE,0,0,0,1,2018,1,8
1,1,Jhajjar,2_12_06_V02Y_0,FALSE,FALSE,0,0,0,1,2018,2,6
1,1,Jhajjar,2_12_06_V02Y_0,FALSE,FALSE,0,0,0,1,2018,3,6
1,1,Jhajjar,2_12_06_V03Y_0,FALSE,FALSE,0,0,0,1,2017,3,1
1,1,Jhajjar,2_12_06_V03Y_0,FALSE,FALSE,0,0,0,1,2017,4,4
1,1,Jhajjar,2_12_06_V03Y_0,FALSE,FALSE,0,0,0,1,2017,5,5
1,1,Jhajjar,2_12_06_V03Y_0,FALSE,FALSE,0,0,0,1,2017,6,4
1,1,Jhajjar,2_12_06_V03Y_0,FALSE,FALSE,0,0,0,1,2017,7,4
1,1,Jhajjar,2_12_06_V03Y_0,FALSE,FALSE,0,0,0,1,2017,8,1
1,1,Jhajjar,2_12_06_V03Y_0,FALSE,FALSE,0,0,0,1,2017,9,4
1,1,Jhajjar,2_12_06_V03Y_0,FALSE,FALSE,0,0,0,1,2017,10,10
1,1,Jhajjar,2_12_06_V03Y_0,FALSE,FALSE,0,0,0,1,2017,11,3
1,1,Jhajjar,2_12_06_V03Y_0,FALSE,FALSE,0,0,0,1,2017,12,4
1,1,Jhajjar,2_12_06_V03Y_0,FALSE,FALSE,0,0,0,1,2018,1,5
1,1,Jhajjar,2_12_06_V03Y_0,FALSE,FALSE,0,0,0,1,2018,2,4
1,1,Jhajjar,2_12_06_V03Y_0,FALSE,FALSE,0,0,0,1,2018,3,3
1,1,Jhajjar,2_13_01_V01Y_0,TRUE,FALSE,0,0,0,1,2017,3,28
1,1,Jhajjar,2_13_01_V01Y_0,TRUE,FALSE,0,0,0,1,2017,4,24
1,1,Jhajjar,2_13_01_V01Y_0,TRUE,FALSE,0,0,0,1,2017,5,29
1,1,Jhajjar,2_13_01_V01Y_0,TRUE,FALSE,0,0,0,1,2017,6,25
1,1,Jhajjar,2_13_01_V01Y_0,TRUE,FALSE,0,0,0,1,2017,7,22
1,1,Jhajjar,2_13_01_V01Y_0,TRUE,FALSE,0,0,0,1,2017,8,24
1,1,Jhajjar,2_13_01_V01Y_0,TRUE,FALSE,0,0,0,1,2017,9,23
1,1,Jhajjar,2_13_01_V01Y_0,TRUE,FALSE,0,0,0,1,2017,10,21
1,1,Jhajjar,2_13_01_V01Y_0,TRUE,FALSE,0,0,0,1,2017,11,33
1,1,Jhajjar,2_13_01_V01Y_0,TRUE,FALSE,0,0,0,1,2017,12,19
1,1,Jhajjar,2_13_01_V01Y_0,TRUE,FALSE,0,0,0,1,2018,1,26
1,1,Jhajjar,2_13_01_V01Y_0,TRUE,FALSE,0,0,0,1,2018,2,45
1,1,Jhajjar,2_13_01_V01Y_0,TRUE,FALSE,0,0,0,1,2018,3,41
1,1,Jhajjar,2_13_02_V03Y_0,FALSE,TRUE,0,1,0,0,2017,3,25
1,1,Jhajjar,2_13_02_V03Y_0,FALSE,TRUE,0,1,0,0,2017,4,25
1,1,Jhajjar,2_13_02_V03Y_0,FALSE,TRUE,0,1,0,0,2017,5,19
1,1,Jhajjar,2_13_02_V03Y_0,FALSE,TRUE,0,1,0,0,2017,6,13
1,1,Jhajjar,2_13_02_V03Y_0,FALSE,TRUE,0,1,0,0,2017,7,31
1,1,Jhajjar,2_13_02_V03Y_0,FALSE,TRUE,0,1,0,0,2017,8,26
1,1,Jhajjar,2_13_02_V03Y_0,FALSE,TRUE,0,1,0,0,2017,9,21
1,1,Jhajjar,2_13_02_V03Y_0,FALSE,TRUE,0,1,0,0,2017,10,17
1,1,Jhajjar,2_13_02_V03Y_0,FALSE,TRUE,0,1,0,0,2017,11,16
1,1,Jhajjar,2_13_02_V03Y_0,FALSE,TRUE,0,1,0,0,2017,12,17
1,1,Jhajjar,2_13_02_V03Y_0,FALSE,TRUE,0,1,0,0,2018,1,16
1,1,Jhajjar,2_13_02_V03Y_0,FALSE,TRUE,0,1,0,0,2018,2,32
1,1,Jhajjar,2_13_02_V03Y_0,FALSE,TRUE,0,1,0,0,2018,3,23
1,1,Jhajjar,2_13_02_V04Y_0,FALSE,TRUE,0,0,1,0,2017,5,6
1,1,Jhajjar,2_13_02_V04Y_0,FALSE,TRUE,0,0,1,0,2017,6,10
1,1,Jhajjar,2_13_02_V04Y_0,FALSE,TRUE,0,0,1,0,2017,7,1
1,1,Jhajjar,2_13_02_V04Y_0,FALSE,TRUE,0,0,1,0,2017,9,2
1,1,Jhajjar,2_13_02_V04Y_0,FALSE,TRUE,0,0,1,0,2017,10,14
1,1,Jhajjar,2_13_02_V04Y_0,FALSE,TRUE,0,0,1,0,2017,11,8
1,1,Jhajjar,2_13_02_V04Y_0,FALSE,TRUE,0,0,1,0,2017,12,9
1,1,Jhajjar,2_13_02_V04Y_0,FALSE,TRUE,0,0,1,0,2018,1,7
1,1,Jhajjar,2_13_02_V04Y_0,FALSE,TRUE,0,0,1,0,2018,2,11
1,1,Jhajjar,2_13_02_V04Y_0,FALSE,TRUE,0,0,1,0,2018,3,14
1,1,Jhajjar,2_13_04_V02Y_0,FALSE,TRUE,0,0,0,1,2017,3,5
1,1,Jhajjar,2_13_04_V02Y_0,FALSE,TRUE,0,0,0,1,2017,4,8
1,1,Jhajjar,2_13_04_V02Y_0,FALSE,TRUE,0,0,0,1,2017,5,7
1,1,Jhajjar,2_13_04_V02Y_0,FALSE,TRUE,0,0,0,1,2017,6,5
1,1,Jhajjar,2_13_04_V02Y_0,FALSE,TRUE,0,0,0,1,2017,7,5
1,1,Jhajjar,2_13_04_V02Y_0,FALSE,TRUE,0,0,0,1,2017,8,8
1,1,Jhajjar,2_13_04_V02Y_0,FALSE,TRUE,0,0,0,1,2017,9,12
1,1,Jhajjar,2_13_04_V02Y_0,FALSE,TRUE,0,0,0,1,2017,10,5
1,1,Jhajjar,2_13_04_V02Y_0,FALSE,TRUE,0,0,0,1,2017,11,7
1,1,Jhajjar,2_13_04_V02Y_0,FALSE,TRUE,0,0,0,1,2017,12,12
1,1,Jhajjar,2_13_04_V02Y_0,FALSE,TRUE,0,0,0,1,2018,1,7
1,1,Jhajjar,2_13_04_V02Y_0,FALSE,TRUE,0,0,0,1,2018,2,5
1,1,Jhajjar,2_13_04_V02Y_0,FALSE,TRUE,0,0,0,1,2018,3,8
1,1,Jhajjar,2_14_01_V01Y_1,FALSE,FALSE,0,0,0,1,2017,3,36
1,1,Jhajjar,2_14_01_V01Y_1,FALSE,FALSE,0,0,0,1,2017,4,42
1,1,Jhajjar,2_14_01_V01Y_1,FALSE,FALSE,0,0,0,1,2017,5,51
1,1,Jhajjar,2_14_01_V01Y_1,FALSE,FALSE,0,0,0,1,2017,6,48
1,1,Jhajjar,2_14_01_V01Y_1,FALSE,FALSE,0,0,0,1,2017,7,37
1,1,Jhajjar,2_14_01_V01Y_1,FALSE,FALSE,0,0,0,1,2017,8,28
1,1,Jhajjar,2_14_01_V01Y_1,FALSE,FALSE,0,0,0,1,2017,9,51
1,1,Jhajjar,2_14_01_V01Y_1,FALSE,FALSE,0,0,0,1,2017,10,44
1,1,Jhajjar,2_14_01_V01Y_1,FALSE,FALSE,0,0,0,1,2017,11,48
1,1,Jhajjar,2_14_01_V01Y_1,FALSE,FALSE,0,0,0,1,2017,12,58
1,1,Jhajjar,2_14_01_V01Y_1,FALSE,FALSE,0,0,0,1,2018,1,52
1,1,Jhajjar,2_14_01_V01Y_1,FALSE,FALSE,0,0,0,1,2018,2,81
1,1,Jhajjar,2_14_01_V01Y_1,FALSE,FALSE,0,0,0,1,2018,3,61
1,1,Jhajjar,2_14_04_V01Y_0,FALSE,FALSE,0,1,0,0,2017,3,7
1,1,Jhajjar,2_14_04_V01Y_0,FALSE,FALSE,0,1,0,0,2017,4,14
1,1,Jhajjar,2_14_04_V01Y_0,FALSE,FALSE,0,1,0,0,2017,5,14
1,1,Jhajjar,2_14_04_V01Y_0,FALSE,FALSE,0,1,0,0,2017,6,11
1,1,Jhajjar,2_14_04_V01Y_0,FALSE,FALSE,0,1,0,0,2017,7,22
1,1,Jhajjar,2_14_04_V01Y_0,FALSE,FALSE,0,1,0,0,2017,8,15
1,1,Jhajjar,2_14_04_V01Y_0,FALSE,FALSE,0,1,0,0,2017,9,20
1,1,Jhajjar,2_14_04_V01Y_0,FALSE,FALSE,0,1,0,0,2017,10,17
1,1,Jhajjar,2_14_04_V01Y_0,FALSE,FALSE,0,1,0,0,2017,11,12
1,1,Jhajjar,2_14_04_V01Y_0,FALSE,FALSE,0,1,0,0,2017,12,23
1,1,Jhajjar,2_14_04_V01Y_0,FALSE,FALSE,0,1,0,0,2018,1,14
1,1,Jhajjar,2_14_04_V01Y_0,FALSE,FALSE,0,1,0,0,2018,2,28
1,1,Jhajjar,2_14_04_V01Y_0,FALSE,FALSE,0,1,0,0,2018,3,22
1,1,Jhajjar,2_14_05_V01Y_0,FALSE,FALSE,0,0,0,1,2017,3,1
1,1,Jhajjar,2_14_05_V01Y_0,FALSE,FALSE,0,0,0,1,2017,4,17
1,1,Jhajjar,2_14_05_V01Y_0,FALSE,FALSE,0,0,0,1,2017,5,18
1,1,Jhajjar,2_14_05_V01Y_0,FALSE,FALSE,0,0,0,1,2017,6,17
1,1,Jhajjar,2_14_05_V01Y_0,FALSE,FALSE,0,0,0,1,2017,7,14
1,1,Jhajjar,2_14_05_V01Y_0,FALSE,FALSE,0,0,0,1,2017,8,4
1,1,Jhajjar,2_14_05_V01Y_0,FALSE,FALSE,0,0,0,1,2017,9,23
1,1,Jhajjar,2_14_05_V01Y_0,FALSE,FALSE,0,0,0,1,2017,10,18
1,1,Jhajjar,2_14_05_V01Y_0,FALSE,FALSE,0,0,0,1,2017,11,28
1,1,Jhajjar,2_14_05_V01Y_0,FALSE,FALSE,0,0,0,1,2017,12,19
1,1,Jhajjar,2_14_05_V01Y_0,FALSE,FALSE,0,0,0,1,2018,1,21
1,1,Jhajjar,2_14_05_V01Y_0,FALSE,FALSE,0,0,0,1,2018,2,14
1,1,Jhajjar,2_14_05_V01Y_0,FALSE,FALSE,0,0,0,1,2018,3,20
1,1,Jhajjar,2_15_01_V01Y_0,TRUE,FALSE,1,0,0,0,2017,3,29
1,1,Jhajjar,2_15_01_V01Y_0,TRUE,FALSE,1,0,0,0,2017,4,35
1,1,Jhajjar,2_15_01_V01Y_0,TRUE,FALSE,1,0,0,0,2017,5,27
1,1,Jhajjar,2_15_01_V01Y_0,TRUE,FALSE,1,0,0,0,2017,6,35
1,1,Jhajjar,2_15_01_V01Y_0,TRUE,FALSE,1,0,0,0,2017,7,26
1,1,Jhajjar,2_15_01_V01Y_0,TRUE,FALSE,1,0,0,0,2017,8,20
1,1,Jhajjar,2_15_01_V01Y_0,TRUE,FALSE,1,0,0,0,2017,9,26
1,1,Jhajjar,2_15_01_V01Y_0,TRUE,FALSE,1,0,0,0,2017,10,29
1,1,Jhajjar,2_15_01_V01Y_0,TRUE,FALSE,1,0,0,0,2017,11,35
1,1,Jhajjar,2_15_01_V01Y_0,TRUE,FALSE,1,0,0,0,2017,12,36
1,1,Jhajjar,2_15_01_V01Y_0,TRUE,FALSE,1,0,0,0,2018,1,37
1,1,Jhajjar,2_15_01_V01Y_0,TRUE,FALSE,1,0,0,0,2018,2,45
1,1,Jhajjar,2_15_01_V01Y_0,TRUE,FALSE,1,0,0,0,2018,3,30
1,1,Jhajjar,2_15_02_V01Y_0,TRUE,FALSE,0,0,0,1,2017,3,27
1,1,Jhajjar,2_15_02_V01Y_0,TRUE,FALSE,0,0,0,1,2017,4,27
1,1,Jhajjar,2_15_02_V01Y_0,TRUE,FALSE,0,0,0,1,2017,5,16
1,1,Jhajjar,2_15_02_V01Y_0,TRUE,FALSE,0,0,0,1,2017,6,25
1,1,Jhajjar,2_15_02_V01Y_0,TRUE,FALSE,0,0,0,1,2017,7,19
1,1,Jhajjar,2_15_02_V01Y_0,TRUE,FALSE,0,0,0,1,2017,8,18
1,1,Jhajjar,2_15_02_V01Y_0,TRUE,FALSE,0,0,0,1,2017,9,22
1,1,Jhajjar,2_15_02_V01Y_0,TRUE,FALSE,0,0,0,1,2017,10,20
1,1,Jhajjar,2_15_02_V01Y_0,TRUE,FALSE,0,0,0,1,2017,11,22
1,1,Jhajjar,2_15_02_V01Y_0,TRUE,FALSE,0,0,0,1,2017,12,28
1,1,Jhajjar,2_15_02_V01Y_0,TRUE,FALSE,0,0,0,1,2018,1,29
1,1,Jhajjar,2_15_02_V01Y_0,TRUE,FALSE,0,0,0,1,2018,2,39
1,1,Jhajjar,2_15_02_V01Y_0,TRUE,FALSE,0,0,0,1,2018,3,39
1,1,Jhajjar,2_15_05_V02Y_0,FALSE,TRUE,0,1,0,0,2017,3,20
1,1,Jhajjar,2_15_05_V02Y_0,FALSE,TRUE,0,1,0,0,2017,4,17
1,1,Jhajjar,2_15_05_V02Y_0,FALSE,TRUE,0,1,0,0,2017,5,16
1,1,Jhajjar,2_15_05_V02Y_0,FALSE,TRUE,0,1,0,0,2017,6,27
1,1,Jhajjar,2_15_05_V02Y_0,FALSE,TRUE,0,1,0,0,2017,7,27
1,1,Jhajjar,2_15_05_V02Y_0,FALSE,TRUE,0,1,0,0,2017,8,15
1,1,Jhajjar,2_15_05_V02Y_0,FALSE,TRUE,0,1,0,0,2017,9,20
1,1,Jhajjar,2_15_05_V02Y_0,FALSE,TRUE,0,1,0,0,2017,10,20
1,1,Jhajjar,2_15_05_V02Y_0,FALSE,TRUE,0,1,0,0,2017,11,22
1,1,Jhajjar,2_15_05_V02Y_0,FALSE,TRUE,0,1,0,0,2017,12,28
1,1,Jhajjar,2_15_05_V02Y_0,FALSE,TRUE,0,1,0,0,2018,1,21
1,1,Jhajjar,2_15_05_V02Y_0,FALSE,TRUE,0,1,0,0,2018,2,29
1,1,Jhajjar,2_15_05_V02Y_0,FALSE,TRUE,0,1,0,0,2018,3,27
1,1,Jhajjar,2_15_06_V01Y_0,TRUE,FALSE,0,0,1,0,2017,3,13
1,1,Jhajjar,2_15_06_V01Y_0,TRUE,FALSE,0,0,1,0,2017,4,13
1,1,Jhajjar,2_15_06_V01Y_0,TRUE,FALSE,0,0,1,0,2017,5,28
1,1,Jhajjar,2_15_06_V01Y_0,TRUE,FALSE,0,0,1,0,2017,6,28
1,1,Jhajjar,2_15_06_V01Y_0,TRUE,FALSE,0,0,1,0,2017,7,27
1,1,Jhajjar,2_15_06_V01Y_0,TRUE,FALSE,0,0,1,0,2017,8,32
1,1,Jhajjar,2_15_06_V01Y_0,TRUE,FALSE,0,0,1,0,2017,9,25
1,1,Jhajjar,2_15_06_V01Y_0,TRUE,FALSE,0,0,1,0,2017,10,23
1,1,Jhajjar,2_15_06_V01Y_0,TRUE,FALSE,0,0,1,0,2017,11,25
1,1,Jhajjar,2_15_06_V01Y_0,TRUE,FALSE,0,0,1,0,2017,12,29
1,1,Jhajjar,2_15_06_V01Y_0,TRUE,FALSE,0,0,1,0,2018,1,35
1,1,Jhajjar,2_15_06_V01Y_0,TRUE,FALSE,0,0,1,0,2018,2,30
1,1,Jhajjar,2_15_06_V01Y_0,TRUE,FALSE,0,0,1,0,2018,3,23
1,1,Jhajjar,2_16_02_V01Y_0,TRUE,FALSE,0,1,0,0,2017,3,30
1,1,Jhajjar,2_16_02_V01Y_0,TRUE,FALSE,0,1,0,0,2017,4,28
1,1,Jhajjar,2_16_02_V01Y_0,TRUE,FALSE,0,1,0,0,2017,5,16
1,1,Jhajjar,2_16_02_V01Y_0,TRUE,FALSE,0,1,0,0,2017,6,32
1,1,Jhajjar,2_16_02_V01Y_0,TRUE,FALSE,0,1,0,0,2017,7,28
1,1,Jhajjar,2_16_02_V01Y_0,TRUE,FALSE,0,1,0,0,2017,8,27
1,1,Jhajjar,2_16_02_V01Y_0,TRUE,FALSE,0,1,0,0,2017,9,37
1,1,Jhajjar,2_16_02_V01Y_0,TRUE,FALSE,0,1,0,0,2017,10,28
1,1,Jhajjar,2_16_02_V01Y_0,TRUE,FALSE,0,1,0,0,2017,11,31
1,1,Jhajjar,2_16_02_V01Y_0,TRUE,FALSE,0,1,0,0,2017,12,39
1,1,Jhajjar,2_16_02_V01Y_0,TRUE,FALSE,0,1,0,0,2018,1,28
1,1,Jhajjar,2_16_02_V01Y_0,TRUE,FALSE,0,1,0,0,2018,2,40
1,1,Jhajjar,2_16_02_V01Y_0,TRUE,FALSE,0,1,0,0,2018,3,33
1,1,Jhajjar,2_16_04_V01Y_0,FALSE,TRUE,0,0,0,1,2017,3,59
1,1,Jhajjar,2_16_04_V01Y_0,FALSE,TRUE,0,0,0,1,2017,4,50
1,1,Jhajjar,2_16_04_V01Y_0,FALSE,TRUE,0,0,0,1,2017,5,43
1,1,Jhajjar,2_16_04_V01Y_0,FALSE,TRUE,0,0,0,1,2017,6,41
1,1,Jhajjar,2_16_04_V01Y_0,FALSE,TRUE,0,0,0,1,2017,7,30
1,1,Jhajjar,2_16_04_V01Y_0,FALSE,TRUE,0,0,0,1,2017,8,23
1,1,Jhajjar,2_16_04_V01Y_0,FALSE,TRUE,0,0,0,1,2017,9,57
1,1,Jhajjar,2_16_04_V01Y_0,FALSE,TRUE,0,0,0,1,2017,10,45
1,1,Jhajjar,2_16_04_V01Y_0,FALSE,TRUE,0,0,0,1,2017,11,57
1,1,Jhajjar,2_16_04_V01Y_0,FALSE,TRUE,0,0,0,1,2017,12,62
1,1,Jhajjar,2_16_04_V01Y_0,FALSE,TRUE,0,0,0,1,2018,1,31
1,1,Jhajjar,2_16_04_V01Y_0,FALSE,TRUE,0,0,0,1,2018,2,40
1,1,Jhajjar,2_16_04_V01Y_0,FALSE,TRUE,0,0,0,1,2018,3,49
1,1,Jhajjar,2_17_01_V02Y_0,FALSE,FALSE,0,0,1,0,2017,3,8
1,1,Jhajjar,2_17_01_V02Y_0,FALSE,FALSE,0,0,1,0,2017,4,5
1,1,Jhajjar,2_17_01_V02Y_0,FALSE,FALSE,0,0,1,0,2017,5,6
1,1,Jhajjar,2_17_01_V02Y_0,FALSE,FALSE,0,0,1,0,2017,6,6
1,1,Jhajjar,2_17_01_V02Y_0,FALSE,FALSE,0,0,1,0,2017,7,5
1,1,Jhajjar,2_17_01_V02Y_0,FALSE,FALSE,0,0,1,0,2017,8,3
1,1,Jhajjar,2_17_01_V02Y_0,FALSE,FALSE,0,0,1,0,2017,9,3
1,1,Jhajjar,2_17_01_V02Y_0,FALSE,FALSE,0,0,1,0,2017,10,3
1,1,Jhajjar,2_17_01_V02Y_0,FALSE,FALSE,0,0,1,0,2017,11,7
1,1,Jhajjar,2_17_01_V02Y_0,FALSE,FALSE,0,0,1,0,2017,12,7
1,1,Jhajjar,2_17_01_V02Y_0,FALSE,FALSE,0,0,1,0,2018,1,9
1,1,Jhajjar,2_17_01_V02Y_0,FALSE,FALSE,0,0,1,0,2018,2,7
1,1,Jhajjar,2_17_01_V02Y_0,FALSE,FALSE,0,0,1,0,2018,3,7
1,1,Jhajjar,2_17_02_V02Y_0,FALSE,FALSE,1,0,0,0,2017,4,6
1,1,Jhajjar,2_17_02_V02Y_0,FALSE,FALSE,1,0,0,0,2017,5,6
1,1,Jhajjar,2_17_02_V02Y_0,FALSE,FALSE,1,0,0,0,2017,6,4
1,1,Jhajjar,2_17_02_V02Y_0,FALSE,FALSE,1,0,0,0,2017,7,5
1,1,Jhajjar,2_17_02_V02Y_0,FALSE,FALSE,1,0,0,0,2017,8,7
1,1,Jhajjar,2_17_02_V02Y_0,FALSE,FALSE,1,0,0,0,2017,9,3
1,1,Jhajjar,2_17_02_V02Y_0,FALSE,FALSE,1,0,0,0,2017,10,3
1,1,Jhajjar,2_17_02_V02Y_0,FALSE,FALSE,1,0,0,0,2017,11,5
1,1,Jhajjar,2_17_02_V02Y_0,FALSE,FALSE,1,0,0,0,2017,12,9
1,1,Jhajjar,2_17_02_V02Y_0,FALSE,FALSE,1,0,0,0,2018,1,9
1,1,Jhajjar,2_17_02_V02Y_0,FALSE,FALSE,1,0,0,0,2018,2,5
1,1,Jhajjar,2_17_05_V01Y_0,FALSE,FALSE,1,0,0,0,2017,3,3
1,1,Jhajjar,2_17_05_V01Y_0,FALSE,FALSE,1,0,0,0,2017,4,2
1,1,Jhajjar,2_17_05_V01Y_0,FALSE,FALSE,1,0,0,0,2017,5,1
1,1,Jhajjar,2_17_05_V01Y_0,FALSE,FALSE,1,0,0,0,2017,6,3
1,1,Jhajjar,2_17_05_V01Y_0,FALSE,FALSE,1,0,0,0,2017,7,5
1,1,Jhajjar,2_17_05_V01Y_0,FALSE,FALSE,1,0,0,0,2017,8,2
1,1,Jhajjar,2_17_05_V01Y_0,FALSE,FALSE,1,0,0,0,2017,9,7
1,1,Jhajjar,2_17_05_V01Y_0,FALSE,FALSE,1,0,0,0,2017,10,4
1,1,Jhajjar,2_17_05_V01Y_0,FALSE,FALSE,1,0,0,0,2017,11,2
1,1,Jhajjar,2_17_05_V01Y_0,FALSE,FALSE,1,0,0,0,2018,1,5
1,1,Jhajjar,2_17_05_V01Y_0,FALSE,FALSE,1,0,0,0,2018,2,4
1,1,Jhajjar,2_17_05_V01Y_0,FALSE,FALSE,1,0,0,0,2018,3,6
1,1,Jhajjar,2_17_05_V03Y_0,FALSE,FALSE,1,0,0,0,2017,3,6
1,1,Jhajjar,2_17_05_V03Y_0,FALSE,FALSE,1,0,0,0,2017,4,6
1,1,Jhajjar,2_17_05_V03Y_0,FALSE,FALSE,1,0,0,0,2017,5,5
1,1,Jhajjar,2_17_05_V03Y_0,FALSE,FALSE,1,0,0,0,2017,6,3
1,1,Jhajjar,2_17_05_V03Y_0,FALSE,FALSE,1,0,0,0,2017,7,9
1,1,Jhajjar,2_17_05_V03Y_0,FALSE,FALSE,1,0,0,0,2017,8,5
1,1,Jhajjar,2_17_05_V03Y_0,FALSE,FALSE,1,0,0,0,2017,9,8
1,1,Jhajjar,2_17_05_V03Y_0,FALSE,FALSE,1,0,0,0,2017,10,9
1,1,Jhajjar,2_17_05_V03Y_0,FALSE,FALSE,1,0,0,0,2017,11,7
1,1,Jhajjar,2_17_05_V03Y_0,FALSE,FALSE,1,0,0,0,2017,12,10
1,1,Jhajjar,2_17_05_V03Y_0,FALSE,FALSE,1,0,0,0,2018,1,9
1,1,Jhajjar,2_17_05_V03Y_0,FALSE,FALSE,1,0,0,0,2018,2,12
1,1,Jhajjar,2_17_05_V03Y_0,FALSE,FALSE,1,0,0,0,2018,3,5
1,1,Jhajjar,2_17_05_V05Y_0,FALSE,FALSE,0,0,1,0,2017,4,7
1,1,Jhajjar,2_17_05_V05Y_0,FALSE,FALSE,0,0,1,0,2017,5,8
1,1,Jhajjar,2_17_05_V05Y_0,FALSE,FALSE,0,0,1,0,2017,6,6
1,1,Jhajjar,2_17_05_V05Y_0,FALSE,FALSE,0,0,1,0,2017,7,6
1,1,Jhajjar,2_17_05_V05Y_0,FALSE,FALSE,0,0,1,0,2017,8,8
1,1,Jhajjar,2_17_05_V05Y_0,FALSE,FALSE,0,0,1,0,2017,9,10
1,1,Jhajjar,2_17_05_V05Y_0,FALSE,FALSE,0,0,1,0,2017,10,6
1,1,Jhajjar,2_17_05_V05Y_0,FALSE,FALSE,0,0,1,0,2017,11,9
1,1,Jhajjar,2_17_05_V05Y_0,FALSE,FALSE,0,0,1,0,2017,12,1
1,1,Jhajjar,2_17_05_V05Y_0,FALSE,FALSE,0,0,1,0,2018,1,12
1,1,Jhajjar,2_17_05_V05Y_0,FALSE,FALSE,0,0,1,0,2018,2,21
1,1,Jhajjar,2_17_05_V05Y_0,FALSE,FALSE,0,0,1,0,2018,3,19
1,1,Jhajjar,2_18_02_V01Y_0,TRUE,FALSE,0,1,0,0,2017,3,20
1,1,Jhajjar,2_18_02_V01Y_0,TRUE,FALSE,0,1,0,0,2017,4,11
1,1,Jhajjar,2_18_02_V01Y_0,TRUE,FALSE,0,1,0,0,2017,5,4
1,1,Jhajjar,2_18_02_V01Y_0,TRUE,FALSE,0,1,0,0,2017,6,5
1,1,Jhajjar,2_18_02_V01Y_0,TRUE,FALSE,0,1,0,0,2017,7,20
1,1,Jhajjar,2_18_02_V01Y_0,TRUE,FALSE,0,1,0,0,2017,8,8
1,1,Jhajjar,2_18_02_V01Y_0,TRUE,FALSE,0,1,0,0,2017,9,20
1,1,Jhajjar,2_18_02_V01Y_0,TRUE,FALSE,0,1,0,0,2017,10,19
1,1,Jhajjar,2_18_02_V01Y_0,TRUE,FALSE,0,1,0,0,2017,12,11
1,1,Jhajjar,2_18_02_V01Y_0,TRUE,FALSE,0,1,0,0,2018,1,3
1,1,Jhajjar,2_18_02_V01Y_0,TRUE,FALSE,0,1,0,0,2018,2,20
1,1,Jhajjar,2_18_02_V01Y_0,TRUE,FALSE,0,1,0,0,2018,3,8
1,1,Jhajjar,2_18_04_V01Y_0,FALSE,TRUE,0,0,0,1,2017,3,20
1,1,Jhajjar,2_18_04_V01Y_0,FALSE,TRUE,0,0,0,1,2017,4,16
1,1,Jhajjar,2_18_04_V01Y_0,FALSE,TRUE,0,0,0,1,2017,5,7
1,1,Jhajjar,2_18_04_V01Y_0,FALSE,TRUE,0,0,0,1,2017,6,15
1,1,Jhajjar,2_18_04_V01Y_0,FALSE,TRUE,0,0,0,1,2017,7,16
1,1,Jhajjar,2_18_04_V01Y_0,FALSE,TRUE,0,0,0,1,2017,8,16
1,1,Jhajjar,2_18_04_V01Y_0,FALSE,TRUE,0,0,0,1,2017,9,17
1,1,Jhajjar,2_18_04_V01Y_0,FALSE,TRUE,0,0,0,1,2017,10,34
1,1,Jhajjar,2_18_04_V01Y_0,FALSE,TRUE,0,0,0,1,2017,11,23
1,1,Jhajjar,2_18_04_V01Y_0,FALSE,TRUE,0,0,0,1,2017,12,21
1,1,Jhajjar,2_18_04_V01Y_0,FALSE,TRUE,0,0,0,1,2018,1,19
1,1,Jhajjar,2_18_04_V01Y_0,FALSE,TRUE,0,0,0,1,2018,2,26
1,1,Jhajjar,2_18_04_V01Y_0,FALSE,TRUE,0,0,0,1,2018,3,34
1,1,Jhajjar,2_19_01_V01Y_0,FALSE,TRUE,0,0,1,0,2017,3,23
1,1,Jhajjar,2_19_01_V01Y_0,FALSE,TRUE,0,0,1,0,2017,4,41
1,1,Jhajjar,2_19_01_V01Y_0,FALSE,TRUE,0,0,1,0,2017,5,17
1,1,Jhajjar,2_19_01_V01Y_0,FALSE,TRUE,0,0,1,0,2017,6,25
1,1,Jhajjar,2_19_01_V01Y_0,FALSE,TRUE,0,0,1,0,2017,7,24
1,1,Jhajjar,2_19_01_V01Y_0,FALSE,TRUE,0,0,1,0,2017,8,25
1,1,Jhajjar,2_19_01_V01Y_0,FALSE,TRUE,0,0,1,0,2017,9,33
1,1,Jhajjar,2_19_01_V01Y_0,FALSE,TRUE,0,0,1,0,2017,10,23
1,1,Jhajjar,2_19_01_V01Y_0,FALSE,TRUE,0,0,1,0,2017,11,29
1,1,Jhajjar,2_19_01_V01Y_0,FALSE,TRUE,0,0,1,0,2017,12,39
1,1,Jhajjar,2_19_01_V01Y_0,FALSE,TRUE,0,0,1,0,2018,1,30
1,1,Jhajjar,2_19_01_V01Y_0,FALSE,TRUE,0,0,1,0,2018,2,32
1,1,Jhajjar,2_19_01_V01Y_0,FALSE,TRUE,0,0,1,0,2018,3,24
1,1,Jhajjar,2_19_02_V01Y_0,TRUE,FALSE,1,0,0,0,2017,3,17
1,1,Jhajjar,2_19_02_V01Y_0,TRUE,FALSE,1,0,0,0,2017,4,21
1,1,Jhajjar,2_19_02_V01Y_0,TRUE,FALSE,1,0,0,0,2017,5,25
1,1,Jhajjar,2_19_02_V01Y_0,TRUE,FALSE,1,0,0,0,2017,6,15
1,1,Jhajjar,2_19_02_V01Y_0,TRUE,FALSE,1,0,0,0,2017,7,24
1,1,Jhajjar,2_19_02_V01Y_0,TRUE,FALSE,1,0,0,0,2017,8,17
1,1,Jhajjar,2_19_02_V01Y_0,TRUE,FALSE,1,0,0,0,2017,9,20
1,1,Jhajjar,2_19_02_V01Y_0,TRUE,FALSE,1,0,0,0,2017,10,19
1,1,Jhajjar,2_19_02_V01Y_0,TRUE,FALSE,1,0,0,0,2017,11,25
1,1,Jhajjar,2_19_02_V01Y_0,TRUE,FALSE,1,0,0,0,2017,12,31
1,1,Jhajjar,2_19_02_V01Y_0,TRUE,FALSE,1,0,0,0,2018,1,27
1,1,Jhajjar,2_19_02_V01Y_0,TRUE,FALSE,1,0,0,0,2018,2,31
1,1,Jhajjar,2_19_02_V01Y_0,TRUE,FALSE,1,0,0,0,2018,3,34
1,1,Jhajjar,2_19_04_V01Y_0,FALSE,TRUE,0,0,0,1,2017,3,33
1,1,Jhajjar,2_19_04_V01Y_0,FALSE,TRUE,0,0,0,1,2017,4,37
1,1,Jhajjar,2_19_04_V01Y_0,FALSE,TRUE,0,0,0,1,2017,5,35
1,1,Jhajjar,2_19_04_V01Y_0,FALSE,TRUE,0,0,0,1,2017,6,30
1,1,Jhajjar,2_19_04_V01Y_0,FALSE,TRUE,0,0,0,1,2017,7,35
1,1,Jhajjar,2_19_04_V01Y_0,FALSE,TRUE,0,0,0,1,2017,8,30
1,1,Jhajjar,2_19_04_V01Y_0,FALSE,TRUE,0,0,0,1,2017,9,31
1,1,Jhajjar,2_19_04_V01Y_0,FALSE,TRUE,0,0,0,1,2017,10,32
1,1,Jhajjar,2_19_04_V01Y_0,FALSE,TRUE,0,0,0,1,2017,11,30
1,1,Jhajjar,2_19_04_V01Y_0,FALSE,TRUE,0,0,0,1,2017,12,43
1,1,Jhajjar,2_19_04_V01Y_0,FALSE,TRUE,0,0,0,1,2018,1,43
1,1,Jhajjar,2_19_04_V01Y_0,FALSE,TRUE,0,0,0,1,2018,2,47
1,1,Jhajjar,2_19_04_V01Y_0,FALSE,TRUE,0,0,0,1,2018,3,43
1,1,Jhajjar,2_20_01_V01Y_0,TRUE,FALSE,1,0,0,0,2017,3,3
1,1,Jhajjar,2_20_01_V01Y_0,TRUE,FALSE,1,0,0,0,2017,4,8
1,1,Jhajjar,2_20_01_V01Y_0,TRUE,FALSE,1,0,0,0,2017,5,6
1,1,Jhajjar,2_20_01_V01Y_0,TRUE,FALSE,1,0,0,0,2017,6,3
1,1,Jhajjar,2_20_01_V01Y_0,TRUE,FALSE,1,0,0,0,2017,7,4
1,1,Jhajjar,2_20_01_V01Y_0,TRUE,FALSE,1,0,0,0,2017,8,5
1,1,Jhajjar,2_20_01_V01Y_0,TRUE,FALSE,1,0,0,0,2017,9,6
1,1,Jhajjar,2_20_01_V01Y_0,TRUE,FALSE,1,0,0,0,2017,10,9
1,1,Jhajjar,2_20_01_V01Y_0,TRUE,FALSE,1,0,0,0,2017,11,5
1,1,Jhajjar,2_20_01_V01Y_0,TRUE,FALSE,1,0,0,0,2017,12,5
1,1,Jhajjar,2_20_01_V01Y_0,TRUE,FALSE,1,0,0,0,2018,2,10
1,1,Jhajjar,2_20_01_V01Y_0,TRUE,FALSE,1,0,0,0,2018,3,5
1,1,Jhajjar,2_20_02_V03Y_0,TRUE,FALSE,1,0,0,0,2017,3,12
1,1,Jhajjar,2_20_02_V03Y_0,TRUE,FALSE,1,0,0,0,2017,4,15
1,1,Jhajjar,2_20_02_V03Y_0,TRUE,FALSE,1,0,0,0,2017,5,17
1,1,Jhajjar,2_20_02_V03Y_0,TRUE,FALSE,1,0,0,0,2017,6,9
1,1,Jhajjar,2_20_02_V03Y_0,TRUE,FALSE,1,0,0,0,2017,7,8
1,1,Jhajjar,2_20_02_V03Y_0,TRUE,FALSE,1,0,0,0,2017,8,4
1,1,Jhajjar,2_20_02_V03Y_0,TRUE,FALSE,1,0,0,0,2017,9,10
1,1,Jhajjar,2_20_02_V03Y_0,TRUE,FALSE,1,0,0,0,2017,10,11
1,1,Jhajjar,2_20_02_V03Y_0,TRUE,FALSE,1,0,0,0,2017,11,11
1,1,Jhajjar,2_20_02_V03Y_0,TRUE,FALSE,1,0,0,0,2017,12,19
1,1,Jhajjar,2_20_02_V03Y_0,TRUE,FALSE,1,0,0,0,2018,1,15
1,1,Jhajjar,2_20_02_V03Y_0,TRUE,FALSE,1,0,0,0,2018,2,16
1,1,Jhajjar,2_20_02_V03Y_0,TRUE,FALSE,1,0,0,0,2018,3,14
1,1,Jhajjar,2_20_02_V03Y_0,TRUE,FALSE,1,0,0,0,2022,7,1
1,1,Jhajjar,2_20_03_V01Y_1,TRUE,FALSE,0,0,1,0,2017,3,23
1,1,Jhajjar,2_20_03_V01Y_1,TRUE,FALSE,0,0,1,0,2017,4,16
1,1,Jhajjar,2_20_03_V01Y_1,TRUE,FALSE,0,0,1,0,2017,5,28
1,1,Jhajjar,2_20_03_V01Y_1,TRUE,FALSE,0,0,1,0,2017,6,26
1,1,Jhajjar,2_20_03_V01Y_1,TRUE,FALSE,0,0,1,0,2017,7,24
1,1,Jhajjar,2_20_03_V01Y_1,TRUE,FALSE,0,0,1,0,2017,8,22
1,1,Jhajjar,2_20_03_V01Y_1,TRUE,FALSE,0,0,1,0,2017,9,30
1,1,Jhajjar,2_20_03_V01Y_1,TRUE,FALSE,0,0,1,0,2017,10,19
1,1,Jhajjar,2_20_03_V01Y_1,TRUE,FALSE,0,0,1,0,2017,11,30
1,1,Jhajjar,2_20_03_V01Y_1,TRUE,FALSE,0,0,1,0,2017,12,29
1,1,Jhajjar,2_20_03_V01Y_1,TRUE,FALSE,0,0,1,0,2018,1,28
1,1,Jhajjar,2_20_03_V01Y_1,TRUE,FALSE,0,0,1,0,2018,2,39
1,1,Jhajjar,2_20_03_V01Y_1,TRUE,FALSE,0,0,1,0,2018,3,34
1,1,Jhajjar,2_21_06_V01Y_0,FALSE,FALSE,0,0,1,0,2017,6,2
1,1,Jhajjar,2_21_06_V01Y_0,FALSE,FALSE,0,0,1,0,2017,7,8
1,1,Jhajjar,2_21_06_V01Y_0,FALSE,FALSE,0,0,1,0,2017,8,6
1,1,Jhajjar,2_21_06_V01Y_0,FALSE,FALSE,0,0,1,0,2017,9,7
1,1,Jhajjar,2_21_06_V01Y_0,FALSE,FALSE,0,0,1,0,2017,10,8
1,1,Jhajjar,2_21_06_V01Y_0,FALSE,FALSE,0,0,1,0,2017,11,10
1,1,Jhajjar,2_21_06_V01Y_0,FALSE,FALSE,0,0,1,0,2017,12,10
1,1,Jhajjar,2_21_06_V01Y_0,FALSE,FALSE,0,0,1,0,2018,1,9
1,1,Jhajjar,2_21_06_V01Y_0,FALSE,FALSE,0,0,1,0,2018,2,4
1,1,Jhajjar,2_21_06_V01Y_0,FALSE,FALSE,0,0,1,0,2018,3,10
1,1,Jhajjar,2_21_07_V01Y_0,FALSE,FALSE,1,0,0,0,2017,3,9
1,1,Jhajjar,2_21_07_V01Y_0,FALSE,FALSE,1,0,0,0,2017,4,9
1,1,Jhajjar,2_21_07_V01Y_0,FALSE,FALSE,1,0,0,0,2017,5,10
1,1,Jhajjar,2_21_07_V01Y_0,FALSE,FALSE,1,0,0,0,2017,6,8
1,1,Jhajjar,2_21_07_V01Y_0,FALSE,FALSE,1,0,0,0,2017,7,13
1,1,Jhajjar,2_21_07_V01Y_0,FALSE,FALSE,1,0,0,0,2017,8,14
1,1,Jhajjar,2_21_07_V01Y_0,FALSE,FALSE,1,0,0,0,2017,9,15
1,1,Jhajjar,2_21_07_V01Y_0,FALSE,FALSE,1,0,0,0,2017,10,13
1,1,Jhajjar,2_21_07_V01Y_0,FALSE,FALSE,1,0,0,0,2017,11,11
1,1,Jhajjar,2_21_07_V01Y_0,FALSE,FALSE,1,0,0,0,2017,12,16
1,1,Jhajjar,2_21_07_V01Y_0,FALSE,FALSE,1,0,0,0,2018,1,14
1,1,Jhajjar,2_21_07_V01Y_0,FALSE,FALSE,1,0,0,0,2018,2,15
1,1,Jhajjar,2_21_07_V01Y_0,FALSE,FALSE,1,0,0,0,2018,3,19
1,1,Jhajjar,2_22_01_V03Y_0,TRUE,FALSE,1,0,0,0,2017,3,2
1,1,Jhajjar,2_22_01_V03Y_0,TRUE,FALSE,1,0,0,0,2017,4,8
1,1,Jhajjar,2_22_01_V03Y_0,TRUE,FALSE,1,0,0,0,2017,6,3
1,1,Jhajjar,2_22_01_V03Y_0,TRUE,FALSE,1,0,0,0,2017,7,1
1,1,Jhajjar,2_22_01_V03Y_0,TRUE,FALSE,1,0,0,0,2017,8,4
1,1,Jhajjar,2_22_01_V03Y_0,TRUE,FALSE,1,0,0,0,2017,9,2
1,1,Jhajjar,2_22_01_V03Y_0,TRUE,FALSE,1,0,0,0,2017,10,1
1,1,Jhajjar,2_22_01_V03Y_0,TRUE,FALSE,1,0,0,0,2017,11,5
1,1,Jhajjar,2_22_01_V03Y_0,TRUE,FALSE,1,0,0,0,2017,12,7
1,1,Jhajjar,2_22_01_V03Y_0,TRUE,FALSE,1,0,0,0,2018,1,4
1,1,Jhajjar,2_22_01_V03Y_0,TRUE,FALSE,1,0,0,0,2018,2,5
1,1,Jhajjar,2_22_01_V03Y_0,TRUE,FALSE,1,0,0,0,2018,3,7
1,1,Jhajjar,2_22_02_V03Y_0,TRUE,FALSE,0,0,1,0,2017,3,3
1,1,Jhajjar,2_22_02_V03Y_0,TRUE,FALSE,0,0,1,0,2017,4,2
1,1,Jhajjar,2_22_02_V03Y_0,TRUE,FALSE,0,0,1,0,2017,5,2
1,1,Jhajjar,2_22_02_V03Y_0,TRUE,FALSE,0,0,1,0,2017,6,1
1,1,Jhajjar,2_22_02_V03Y_0,TRUE,FALSE,0,0,1,0,2017,7,4
1,1,Jhajjar,2_22_02_V03Y_0,TRUE,FALSE,0,0,1,0,2017,9,1
1,1,Jhajjar,2_22_02_V03Y_0,TRUE,FALSE,0,0,1,0,2017,10,2
1,1,Jhajjar,2_22_02_V03Y_0,TRUE,FALSE,0,0,1,0,2017,11,5
1,1,Jhajjar,2_22_02_V03Y_0,TRUE,FALSE,0,0,1,0,2017,12,6
1,1,Jhajjar,2_22_02_V03Y_0,TRUE,FALSE,0,0,1,0,2018,1,3
1,1,Jhajjar,2_22_02_V03Y_0,TRUE,FALSE,0,0,1,0,2018,2,2
1,1,Jhajjar,2_22_02_V03Y_0,TRUE,FALSE,0,0,1,0,2018,3,4
1,1,Jhajjar,2_22_02_V05Y_0,TRUE,FALSE,0,1,0,0,2017,3,15
1,1,Jhajjar,2_22_02_V05Y_0,TRUE,FALSE,0,1,0,0,2017,4,6
1,1,Jhajjar,2_22_02_V05Y_0,TRUE,FALSE,0,1,0,0,2017,5,7
1,1,Jhajjar,2_22_02_V05Y_0,TRUE,FALSE,0,1,0,0,2017,6,1
1,1,Jhajjar,2_22_02_V05Y_0,TRUE,FALSE,0,1,0,0,2017,7,6
1,1,Jhajjar,2_22_02_V05Y_0,TRUE,FALSE,0,1,0,0,2017,8,6
1,1,Jhajjar,2_22_02_V05Y_0,TRUE,FALSE,0,1,0,0,2017,9,13
1,1,Jhajjar,2_22_02_V05Y_0,TRUE,FALSE,0,1,0,0,2017,10,14
1,1,Jhajjar,2_22_02_V05Y_0,TRUE,FALSE,0,1,0,0,2017,11,5
1,1,Jhajjar,2_22_02_V05Y_0,TRUE,FALSE,0,1,0,0,2017,12,19
1,1,Jhajjar,2_22_02_V05Y_0,TRUE,FALSE,0,1,0,0,2018,1,12
1,1,Jhajjar,2_22_02_V05Y_0,TRUE,FALSE,0,1,0,0,2018,2,10
1,1,Jhajjar,2_22_02_V05Y_0,TRUE,FALSE,0,1,0,0,2018,3,16
1,1,Jhajjar,2_22_03_V02Y_0,FALSE,TRUE,1,0,0,0,2017,3,4
1,1,Jhajjar,2_22_03_V02Y_0,FALSE,TRUE,1,0,0,0,2017,4,2
1,1,Jhajjar,2_22_03_V02Y_0,FALSE,TRUE,1,0,0,0,2017,5,2
1,1,Jhajjar,2_22_03_V02Y_0,FALSE,TRUE,1,0,0,0,2017,6,2
1,1,Jhajjar,2_22_03_V02Y_0,FALSE,TRUE,1,0,0,0,2017,7,7
1,1,Jhajjar,2_22_03_V02Y_0,FALSE,TRUE,1,0,0,0,2017,8,5
1,1,Jhajjar,2_22_03_V02Y_0,FALSE,TRUE,1,0,0,0,2017,9,1
1,1,Jhajjar,2_22_03_V02Y_0,FALSE,TRUE,1,0,0,0,2017,10,3
1,1,Jhajjar,2_22_03_V02Y_0,FALSE,TRUE,1,0,0,0,2017,11,7
1,1,Jhajjar,2_22_03_V02Y_0,FALSE,TRUE,1,0,0,0,2017,12,7
1,1,Jhajjar,2_22_03_V02Y_0,FALSE,TRUE,1,0,0,0,2018,1,11
1,1,Jhajjar,2_22_03_V02Y_0,FALSE,TRUE,1,0,0,0,2018,2,3
1,1,Jhajjar,2_22_03_V02Y_0,FALSE,TRUE,1,0,0,0,2018,3,9
1,1,Jhajjar,2_23_01_V02Y_0,FALSE,FALSE,0,0,0,1,2017,3,8
1,1,Jhajjar,2_23_01_V02Y_0,FALSE,FALSE,0,0,0,1,2017,4,5
1,1,Jhajjar,2_23_01_V02Y_0,FALSE,FALSE,0,0,0,1,2017,5,8
1,1,Jhajjar,2_23_01_V02Y_0,FALSE,FALSE,0,0,0,1,2017,6,10
1,1,Jhajjar,2_23_01_V02Y_0,FALSE,FALSE,0,0,0,1,2017,7,4
1,1,Jhajjar,2_23_01_V02Y_0,FALSE,FALSE,0,0,0,1,2017,8,8
1,1,Jhajjar,2_23_01_V02Y_0,FALSE,FALSE,0,0,0,1,2017,9,8
1,1,Jhajjar,2_23_01_V02Y_0,FALSE,FALSE,0,0,0,1,2017,10,11
1,1,Jhajjar,2_23_01_V02Y_0,FALSE,FALSE,0,0,0,1,2017,11,6
1,1,Jhajjar,2_23_01_V02Y_0,FALSE,FALSE,0,0,0,1,2017,12,7
1,1,Jhajjar,2_23_01_V02Y_0,FALSE,FALSE,0,0,0,1,2018,1,7
1,1,Jhajjar,2_23_01_V02Y_0,FALSE,FALSE,0,0,0,1,2018,2,7
1,1,Jhajjar,2_23_01_V02Y_0,FALSE,FALSE,0,0,0,1,2018,3,14
1,1,Jhajjar,2_23_02_V02Y_0,FALSE,FALSE,0,0,1,0,2017,3,6
1,1,Jhajjar,2_23_02_V02Y_0,FALSE,FALSE,0,0,1,0,2017,4,5
1,1,Jhajjar,2_23_02_V02Y_0,FALSE,FALSE,0,0,1,0,2017,5,5
1,1,Jhajjar,2_23_02_V02Y_0,FALSE,FALSE,0,0,1,0,2017,6,4
1,1,Jhajjar,2_23_02_V02Y_0,FALSE,FALSE,0,0,1,0,2017,7,6
1,1,Jhajjar,2_23_02_V02Y_0,FALSE,FALSE,0,0,1,0,2017,8,6
1,1,Jhajjar,2_23_02_V02Y_0,FALSE,FALSE,0,0,1,0,2017,9,5
1,1,Jhajjar,2_23_02_V02Y_0,FALSE,FALSE,0,0,1,0,2017,10,10
1,1,Jhajjar,2_23_02_V02Y_0,FALSE,FALSE,0,0,1,0,2017,11,4
1,1,Jhajjar,2_23_02_V02Y_0,FALSE,FALSE,0,0,1,0,2017,12,10
1,1,Jhajjar,2_23_02_V02Y_0,FALSE,FALSE,0,0,1,0,2018,1,9
1,1,Jhajjar,2_23_02_V02Y_0,FALSE,FALSE,0,0,1,0,2018,2,6
1,1,Jhajjar,2_23_02_V02Y_0,FALSE,FALSE,0,0,1,0,2018,3,9
1,1,Jhajjar,2_23_03_V02Y_0,FALSE,FALSE,0,0,0,1,2017,3,6
1,1,Jhajjar,2_23_03_V02Y_0,FALSE,FALSE,0,0,0,1,2017,4,8
1,1,Jhajjar,2_23_03_V02Y_0,FALSE,FALSE,0,0,0,1,2017,5,9
1,1,Jhajjar,2_23_03_V02Y_0,FALSE,FALSE,0,0,0,1,2017,6,7
1,1,Jhajjar,2_23_03_V02Y_0,FALSE,FALSE,0,0,0,1,2017,7,6
1,1,Jhajjar,2_23_03_V02Y_0,FALSE,FALSE,0,0,0,1,2017,8,5
1,1,Jhajjar,2_23_03_V02Y_0,FALSE,FALSE,0,0,0,1,2017,9,7
1,1,Jhajjar,2_23_03_V02Y_0,FALSE,FALSE,0,0,0,1,2017,10,8
1,1,Jhajjar,2_23_03_V02Y_0,FALSE,FALSE,0,0,0,1,2017,11,8
1,1,Jhajjar,2_23_03_V02Y_0,FALSE,FALSE,0,0,0,1,2017,12,8
1,1,Jhajjar,2_23_03_V02Y_0,FALSE,FALSE,0,0,0,1,2018,1,7
1,1,Jhajjar,2_23_03_V02Y_0,FALSE,FALSE,0,0,0,1,2018,2,11
1,1,Jhajjar,2_23_03_V02Y_0,FALSE,FALSE,0,0,0,1,2018,3,9
1,1,Jhajjar,2_23_03_V03Y_0,FALSE,FALSE,0,0,0,1,2017,3,6
1,1,Jhajjar,2_23_03_V03Y_0,FALSE,FALSE,0,0,0,1,2017,4,13
1,1,Jhajjar,2_23_03_V03Y_0,FALSE,FALSE,0,0,0,1,2017,5,8
1,1,Jhajjar,2_23_03_V03Y_0,FALSE,FALSE,0,0,0,1,2017,6,9
1,1,Jhajjar,2_23_03_V03Y_0,FALSE,FALSE,0,0,0,1,2017,7,4
1,1,Jhajjar,2_23_03_V03Y_0,FALSE,FALSE,0,0,0,1,2017,8,7
1,1,Jhajjar,2_23_03_V03Y_0,FALSE,FALSE,0,0,0,1,2017,9,12
1,1,Jhajjar,2_23_03_V03Y_0,FALSE,FALSE,0,0,0,1,2017,10,14
1,1,Jhajjar,2_23_03_V03Y_0,FALSE,FALSE,0,0,0,1,2017,11,10
1,1,Jhajjar,2_23_03_V03Y_0,FALSE,FALSE,0,0,0,1,2017,12,14
1,1,Jhajjar,2_23_03_V03Y_0,FALSE,FALSE,0,0,0,1,2018,1,11
1,1,Jhajjar,2_23_03_V03Y_0,FALSE,FALSE,0,0,0,1,2018,2,8
1,1,Jhajjar,2_23_03_V03Y_0,FALSE,FALSE,0,0,0,1,2018,3,11
1,1,Jhajjar,2_23_04_V01Y_0,FALSE,FALSE,1,0,0,0,2017,3,1
1,1,Jhajjar,2_23_04_V01Y_0,FALSE,FALSE,1,0,0,0,2017,4,3
1,1,Jhajjar,2_23_04_V01Y_0,FALSE,FALSE,1,0,0,0,2017,5,3
1,1,Jhajjar,2_23_04_V01Y_0,FALSE,FALSE,1,0,0,0,2017,7,2
1,1,Jhajjar,2_23_04_V01Y_0,FALSE,FALSE,1,0,0,0,2017,8,3
1,1,Jhajjar,2_23_04_V01Y_0,FALSE,FALSE,1,0,0,0,2017,9,1
1,1,Jhajjar,2_23_04_V01Y_0,FALSE,FALSE,1,0,0,0,2017,11,1
1,1,Jhajjar,2_23_04_V01Y_0,FALSE,FALSE,1,0,0,0,2017,12,2
1,1,Jhajjar,2_23_04_V01Y_0,FALSE,FALSE,1,0,0,0,2018,1,2
1,1,Jhajjar,2_23_04_V01Y_0,FALSE,FALSE,1,0,0,0,2018,2,3
1,1,Jhajjar,2_23_04_V01Y_0,FALSE,FALSE,1,0,0,0,2018,3,3
1,1,Jhajjar,2_23_04_V02Y_0,FALSE,FALSE,0,0,0,1,2017,3,3
1,1,Jhajjar,2_23_04_V02Y_0,FALSE,FALSE,0,0,0,1,2017,4,8
1,1,Jhajjar,2_23_04_V02Y_0,FALSE,FALSE,0,0,0,1,2017,5,7
1,1,Jhajjar,2_23_04_V02Y_0,FALSE,FALSE,0,0,0,1,2017,6,4
1,1,Jhajjar,2_23_04_V02Y_0,FALSE,FALSE,0,0,0,1,2017,7,9
1,1,Jhajjar,2_23_04_V02Y_0,FALSE,FALSE,0,0,0,1,2017,8,5
1,1,Jhajjar,2_23_04_V02Y_0,FALSE,FALSE,0,0,0,1,2017,9,6
1,1,Jhajjar,2_23_04_V02Y_0,FALSE,FALSE,0,0,0,1,2017,10,7
1,1,Jhajjar,2_23_04_V02Y_0,FALSE,FALSE,0,0,0,1,2017,11,7
1,1,Jhajjar,2_23_04_V02Y_0,FALSE,FALSE,0,0,0,1,2017,12,9
1,1,Jhajjar,2_23_04_V02Y_0,FALSE,FALSE,0,0,0,1,2018,1,9
1,1,Jhajjar,2_23_04_V02Y_0,FALSE,FALSE,0,0,0,1,2018,2,6
1,1,Jhajjar,2_23_04_V02Y_0,FALSE,FALSE,0,0,0,1,2018,3,10
1,1,Jhajjar,2_24_04_V02Y_0,FALSE,FALSE,0,1,0,0,2017,3,8
1,1,Jhajjar,2_24_04_V02Y_0,FALSE,FALSE,0,1,0,0,2017,4,17
1,1,Jhajjar,2_24_04_V02Y_0,FALSE,FALSE,0,1,0,0,2017,5,19
1,1,Jhajjar,2_24_04_V02Y_0,FALSE,FALSE,0,1,0,0,2017,6,19
1,1,Jhajjar,2_24_04_V02Y_0,FALSE,FALSE,0,1,0,0,2017,7,14
1,1,Jhajjar,2_24_04_V02Y_0,FALSE,FALSE,0,1,0,0,2017,8,14
1,1,Jhajjar,2_24_04_V02Y_0,FALSE,FALSE,0,1,0,0,2017,9,14
1,1,Jhajjar,2_24_04_V02Y_0,FALSE,FALSE,0,1,0,0,2017,10,13
1,1,Jhajjar,2_24_04_V02Y_0,FALSE,FALSE,0,1,0,0,2017,11,18
1,1,Jhajjar,2_24_04_V02Y_0,FALSE,FALSE,0,1,0,0,2017,12,22
1,1,Jhajjar,2_24_04_V02Y_0,FALSE,FALSE,0,1,0,0,2018,1,17
1,1,Jhajjar,2_24_04_V02Y_0,FALSE,FALSE,0,1,0,0,2018,2,18
1,1,Jhajjar,2_24_04_V02Y_0,FALSE,FALSE,0,1,0,0,2018,3,24
1,1,Jhajjar,2_24_05_V01Y_0,FALSE,FALSE,0,0,0,1,2017,3,13
1,1,Jhajjar,2_24_05_V01Y_0,FALSE,FALSE,0,0,0,1,2017,4,12
1,1,Jhajjar,2_24_05_V01Y_0,FALSE,FALSE,0,0,0,1,2017,5,11
1,1,Jhajjar,2_24_05_V01Y_0,FALSE,FALSE,0,0,0,1,2017,6,8
1,1,Jhajjar,2_24_05_V01Y_0,FALSE,FALSE,0,0,0,1,2017,7,11
1,1,Jhajjar,2_24_05_V01Y_0,FALSE,FALSE,0,0,0,1,2017,8,8
1,1,Jhajjar,2_24_05_V01Y_0,FALSE,FALSE,0,0,0,1,2017,9,8
1,1,Jhajjar,2_24_05_V01Y_0,FALSE,FALSE,0,0,0,1,2017,10,15
1,1,Jhajjar,2_24_05_V01Y_0,FALSE,FALSE,0,0,0,1,2017,11,12
1,1,Jhajjar,2_24_05_V01Y_0,FALSE,FALSE,0,0,0,1,2017,12,16
1,1,Jhajjar,2_24_05_V01Y_0,FALSE,FALSE,0,0,0,1,2018,1,14
1,1,Jhajjar,2_24_05_V01Y_0,FALSE,FALSE,0,0,0,1,2018,2,14
1,1,Jhajjar,2_24_05_V01Y_0,FALSE,FALSE,0,0,0,1,2018,3,20
1,1,Jhajjar,2_25_02_V02Y_0,FALSE,FALSE,1,0,0,0,2017,3,13
1,1,Jhajjar,2_25_02_V02Y_0,FALSE,FALSE,1,0,0,0,2017,4,10
1,1,Jhajjar,2_25_02_V02Y_0,FALSE,FALSE,1,0,0,0,2017,5,5
1,1,Jhajjar,2_25_02_V02Y_0,FALSE,FALSE,1,0,0,0,2017,6,11
1,1,Jhajjar,2_25_02_V02Y_0,FALSE,FALSE,1,0,0,0,2017,7,7
1,1,Jhajjar,2_25_02_V02Y_0,FALSE,FALSE,1,0,0,0,2017,8,7
1,1,Jhajjar,2_25_02_V02Y_0,FALSE,FALSE,1,0,0,0,2017,9,13
1,1,Jhajjar,2_25_02_V02Y_0,FALSE,FALSE,1,0,0,0,2017,10,11
1,1,Jhajjar,2_25_02_V02Y_0,FALSE,FALSE,1,0,0,0,2017,11,11
1,1,Jhajjar,2_25_02_V02Y_0,FALSE,FALSE,1,0,0,0,2017,12,10
1,1,Jhajjar,2_25_02_V02Y_0,FALSE,FALSE,1,0,0,0,2018,1,9
1,1,Jhajjar,2_25_02_V02Y_0,FALSE,FALSE,1,0,0,0,2018,2,13
1,1,Jhajjar,2_25_02_V02Y_0,FALSE,FALSE,1,0,0,0,2018,3,11
1,1,Jhajjar,2_25_03_V02Y_0,FALSE,FALSE,0,0,0,1,2017,3,8
1,1,Jhajjar,2_25_03_V02Y_0,FALSE,FALSE,0,0,0,1,2017,4,6
1,1,Jhajjar,2_25_03_V02Y_0,FALSE,FALSE,0,0,0,1,2017,5,7
1,1,Jhajjar,2_25_03_V02Y_0,FALSE,FALSE,0,0,0,1,2017,6,12
1,1,Jhajjar,2_25_03_V02Y_0,FALSE,FALSE,0,0,0,1,2017,7,10
1,1,Jhajjar,2_25_03_V02Y_0,FALSE,FALSE,0,0,0,1,2017,8,6
1,1,Jhajjar,2_25_03_V02Y_0,FALSE,FALSE,0,0,0,1,2017,9,9
1,1,Jhajjar,2_25_03_V02Y_0,FALSE,FALSE,0,0,0,1,2017,10,9
1,1,Jhajjar,2_25_03_V02Y_0,FALSE,FALSE,0,0,0,1,2017,11,5
1,1,Jhajjar,2_25_03_V02Y_0,FALSE,FALSE,0,0,0,1,2017,12,7
1,1,Jhajjar,2_25_03_V02Y_0,FALSE,FALSE,0,0,0,1,2018,1,12
1,1,Jhajjar,2_25_03_V02Y_0,FALSE,FALSE,0,0,0,1,2018,2,14
1,1,Jhajjar,2_25_03_V02Y_0,FALSE,FALSE,0,0,0,1,2018,3,10
1,1,Jhajjar,2_25_04_V01Y_0,FALSE,FALSE,0,1,0,0,2017,3,4
1,1,Jhajjar,2_25_04_V01Y_0,FALSE,FALSE,0,1,0,0,2017,4,11
1,1,Jhajjar,2_25_04_V01Y_0,FALSE,FALSE,0,1,0,0,2017,5,5
1,1,Jhajjar,2_25_04_V01Y_0,FALSE,FALSE,0,1,0,0,2017,6,6
1,1,Jhajjar,2_25_04_V01Y_0,FALSE,FALSE,0,1,0,0,2017,7,6
1,1,Jhajjar,2_25_04_V01Y_0,FALSE,FALSE,0,1,0,0,2017,8,3
1,1,Jhajjar,2_25_04_V01Y_0,FALSE,FALSE,0,1,0,0,2017,9,3
1,1,Jhajjar,2_25_04_V01Y_0,FALSE,FALSE,0,1,0,0,2017,10,8
1,1,Jhajjar,2_25_04_V01Y_0,FALSE,FALSE,0,1,0,0,2017,11,6
1,1,Jhajjar,2_25_04_V01Y_0,FALSE,FALSE,0,1,0,0,2017,12,7
1,1,Jhajjar,2_25_04_V01Y_0,FALSE,FALSE,0,1,0,0,2018,1,4
1,1,Jhajjar,2_25_04_V01Y_0,FALSE,FALSE,0,1,0,0,2018,2,6
1,1,Jhajjar,2_25_04_V01Y_0,FALSE,FALSE,0,1,0,0,2018,3,7
1,1,Jhajjar,2_25_04_V02Y_0,FALSE,FALSE,0,1,0,0,2017,3,8
1,1,Jhajjar,2_25_04_V02Y_0,FALSE,FALSE,0,1,0,0,2017,4,8
1,1,Jhajjar,2_25_04_V02Y_0,FALSE,FALSE,0,1,0,0,2017,5,16
1,1,Jhajjar,2_25_04_V02Y_0,FALSE,FALSE,0,1,0,0,2017,6,29
1,1,Jhajjar,2_25_04_V02Y_0,FALSE,FALSE,0,1,0,0,2017,7,21
1,1,Jhajjar,2_25_04_V02Y_0,FALSE,FALSE,0,1,0,0,2017,8,14
1,1,Jhajjar,2_25_04_V02Y_0,FALSE,FALSE,0,1,0,0,2017,9,11
1,1,Jhajjar,2_25_04_V02Y_0,FALSE,FALSE,0,1,0,0,2017,10,21
1,1,Jhajjar,2_25_04_V02Y_0,FALSE,FALSE,0,1,0,0,2017,11,26
1,1,Jhajjar,2_25_04_V02Y_0,FALSE,FALSE,0,1,0,0,2017,12,35
1,1,Jhajjar,2_25_04_V02Y_0,FALSE,FALSE,0,1,0,0,2018,1,24
1,1,Jhajjar,2_25_04_V02Y_0,FALSE,FALSE,0,1,0,0,2018,2,30
1,1,Jhajjar,2_25_04_V02Y_0,FALSE,FALSE,0,1,0,0,2018,3,22
1,1,Mewat,3_01_02_V03Y_0,TRUE,FALSE,0,0,1,0,2017,1,6
1,1,Mewat,3_01_02_V03Y_0,TRUE,FALSE,0,0,1,0,2017,3,6
1,1,Mewat,3_01_02_V03Y_0,TRUE,FALSE,0,0,1,0,2017,5,7
1,1,Mewat,3_01_02_V03Y_0,TRUE,FALSE,0,0,1,0,2017,6,5
1,1,Mewat,3_01_02_V03Y_0,TRUE,FALSE,0,0,1,0,2017,7,12
1,1,Mewat,3_01_02_V03Y_0,TRUE,FALSE,0,0,1,0,2017,8,4
1,1,Mewat,3_01_02_V03Y_0,TRUE,FALSE,0,0,1,0,2017,9,11
1,1,Mewat,3_01_02_V03Y_0,TRUE,FALSE,0,0,1,0,2017,10,15
1,1,Mewat,3_01_02_V03Y_0,TRUE,FALSE,0,0,1,0,2017,11,15
1,1,Mewat,3_01_02_V03Y_0,TRUE,FALSE,0,0,1,0,2017,12,12
1,1,Mewat,3_01_02_V03Y_0,TRUE,FALSE,0,0,1,0,2018,1,7
1,1,Mewat,3_01_02_V03Y_0,TRUE,FALSE,0,0,1,0,2018,2,5
1,1,Mewat,3_01_02_V03Y_0,TRUE,FALSE,0,0,1,0,2018,3,1
1,1,Mewat,3_01_04_V02Y_0,TRUE,FALSE,0,0,1,0,2017,1,83
1,1,Mewat,3_01_04_V02Y_0,TRUE,FALSE,0,0,1,0,2017,2,107
1,1,Mewat,3_01_04_V02Y_0,TRUE,FALSE,0,0,1,0,2017,3,29
1,1,Mewat,3_01_04_V02Y_0,TRUE,FALSE,0,0,1,0,2017,4,45
1,1,Mewat,3_01_04_V02Y_0,TRUE,FALSE,0,0,1,0,2017,5,57
1,1,Mewat,3_01_04_V02Y_0,TRUE,FALSE,0,0,1,0,2017,6,23
1,1,Mewat,3_01_04_V02Y_0,TRUE,FALSE,0,0,1,0,2017,7,75
1,1,Mewat,3_01_04_V02Y_0,TRUE,FALSE,0,0,1,0,2017,8,90
1,1,Mewat,3_01_04_V02Y_0,TRUE,FALSE,0,0,1,0,2017,9,39
1,1,Mewat,3_01_04_V02Y_0,TRUE,FALSE,0,0,1,0,2017,10,108
1,1,Mewat,3_01_04_V02Y_0,TRUE,FALSE,0,0,1,0,2017,11,82
1,1,Mewat,3_01_04_V02Y_0,TRUE,FALSE,0,0,1,0,2017,12,113
1,1,Mewat,3_01_04_V02Y_0,TRUE,FALSE,0,0,1,0,2018,1,70
1,1,Mewat,3_01_04_V02Y_0,TRUE,FALSE,0,0,1,0,2018,2,64
1,1,Mewat,3_01_04_V02Y_0,TRUE,FALSE,0,0,1,0,2018,3,1
1,1,Mewat,3_01_04_V03Y_0,TRUE,FALSE,1,0,0,0,2017,2,15
1,1,Mewat,3_01_04_V03Y_0,TRUE,FALSE,1,0,0,0,2017,3,12
1,1,Mewat,3_01_04_V03Y_0,TRUE,FALSE,1,0,0,0,2017,4,6
1,1,Mewat,3_01_04_V03Y_0,TRUE,FALSE,1,0,0,0,2017,5,21
1,1,Mewat,3_01_04_V03Y_0,TRUE,FALSE,1,0,0,0,2017,6,1
1,1,Mewat,3_01_04_V03Y_0,TRUE,FALSE,1,0,0,0,2017,7,15
1,1,Mewat,3_01_04_V03Y_0,TRUE,FALSE,1,0,0,0,2017,8,11
1,1,Mewat,3_01_04_V03Y_0,TRUE,FALSE,1,0,0,0,2017,9,4
1,1,Mewat,3_01_04_V03Y_0,TRUE,FALSE,1,0,0,0,2017,10,34
1,1,Mewat,3_01_04_V03Y_0,TRUE,FALSE,1,0,0,0,2017,11,20
1,1,Mewat,3_01_04_V03Y_0,TRUE,FALSE,1,0,0,0,2017,12,31
1,1,Mewat,3_01_04_V03Y_0,TRUE,FALSE,1,0,0,0,2018,1,13
1,1,Mewat,3_01_04_V03Y_0,TRUE,FALSE,1,0,0,0,2018,2,4
1,1,Mewat,3_01_04_V03Y_0,TRUE,FALSE,1,0,0,0,2018,3,8
1,1,Mewat,3_02_01_V14Y_0,FALSE,FALSE,1,0,0,0,2017,1,30
1,1,Mewat,3_02_01_V14Y_0,FALSE,FALSE,1,0,0,0,2017,2,20
1,1,Mewat,3_02_01_V14Y_0,FALSE,FALSE,1,0,0,0,2017,4,18
1,1,Mewat,3_02_01_V14Y_0,FALSE,FALSE,1,0,0,0,2017,5,13
1,1,Mewat,3_02_01_V14Y_0,FALSE,FALSE,1,0,0,0,2017,6,10
1,1,Mewat,3_02_01_V14Y_0,FALSE,FALSE,1,0,0,0,2017,7,20
1,1,Mewat,3_02_01_V14Y_0,FALSE,FALSE,1,0,0,0,2017,8,25
1,1,Mewat,3_02_01_V14Y_0,FALSE,FALSE,1,0,0,0,2017,9,15
1,1,Mewat,3_02_01_V14Y_0,FALSE,FALSE,1,0,0,0,2017,10,31
1,1,Mewat,3_02_01_V14Y_0,FALSE,FALSE,1,0,0,0,2017,11,6
1,1,Mewat,3_02_01_V14Y_0,FALSE,FALSE,1,0,0,0,2017,12,25
1,1,Mewat,3_02_01_V14Y_0,FALSE,FALSE,1,0,0,0,2018,1,20
1,1,Mewat,3_02_01_V14Y_0,FALSE,FALSE,1,0,0,0,2018,2,31
1,1,Mewat,3_02_02_V01Y_0,FALSE,FALSE,0,0,0,1,2017,1,29
1,1,Mewat,3_02_02_V01Y_0,FALSE,FALSE,0,0,0,1,2017,2,44
1,1,Mewat,3_02_02_V01Y_0,FALSE,FALSE,0,0,0,1,2017,3,29
1,1,Mewat,3_02_02_V01Y_0,FALSE,FALSE,0,0,0,1,2017,4,28
1,1,Mewat,3_02_02_V01Y_0,FALSE,FALSE,0,0,0,1,2017,5,47
1,1,Mewat,3_02_02_V01Y_0,FALSE,FALSE,0,0,0,1,2017,6,26
1,1,Mewat,3_02_02_V01Y_0,FALSE,FALSE,0,0,0,1,2017,7,28
1,1,Mewat,3_02_02_V01Y_0,FALSE,FALSE,0,0,0,1,2017,8,45
1,1,Mewat,3_02_02_V01Y_0,FALSE,FALSE,0,0,0,1,2017,9,34
1,1,Mewat,3_02_02_V01Y_0,FALSE,FALSE,0,0,0,1,2017,10,89
1,1,Mewat,3_02_02_V01Y_0,FALSE,FALSE,0,0,0,1,2017,11,74
1,1,Mewat,3_02_02_V01Y_0,FALSE,FALSE,0,0,0,1,2017,12,59
1,1,Mewat,3_02_02_V01Y_0,FALSE,FALSE,0,0,0,1,2018,1,63
1,1,Mewat,3_02_02_V01Y_0,FALSE,FALSE,0,0,0,1,2018,2,43
1,1,Mewat,3_02_02_V01Y_0,FALSE,FALSE,0,0,0,1,2018,3,24
1,1,Mewat,3_02_06_V04Y_0,FALSE,FALSE,0,0,0,1,2017,2,9
1,1,Mewat,3_02_06_V04Y_0,FALSE,FALSE,0,0,0,1,2017,4,6
1,1,Mewat,3_02_06_V04Y_0,FALSE,FALSE,0,0,0,1,2017,5,15
1,1,Mewat,3_02_06_V04Y_0,FALSE,FALSE,0,0,0,1,2017,6,5
1,1,Mewat,3_02_06_V04Y_0,FALSE,FALSE,0,0,0,1,2017,7,10
1,1,Mewat,3_02_06_V04Y_0,FALSE,FALSE,0,0,0,1,2017,8,6
1,1,Mewat,3_02_06_V04Y_0,FALSE,FALSE,0,0,0,1,2017,9,7
1,1,Mewat,3_02_06_V04Y_0,FALSE,FALSE,0,0,0,1,2017,12,10
1,1,Mewat,3_02_06_V04Y_0,FALSE,FALSE,0,0,0,1,2018,1,20
1,1,Mewat,3_02_06_V04Y_0,FALSE,FALSE,0,0,0,1,2018,2,11
1,1,Mewat,3_02_06_V06Y_0,FALSE,FALSE,1,0,0,0,2017,1,38
1,1,Mewat,3_02_06_V06Y_0,FALSE,FALSE,1,0,0,0,2017,2,40
1,1,Mewat,3_02_06_V06Y_0,FALSE,FALSE,1,0,0,0,2017,3,22
1,1,Mewat,3_02_06_V06Y_0,FALSE,FALSE,1,0,0,0,2017,4,28
1,1,Mewat,3_02_06_V06Y_0,FALSE,FALSE,1,0,0,0,2017,5,66
1,1,Mewat,3_02_06_V06Y_0,FALSE,FALSE,1,0,0,0,2017,6,22
1,1,Mewat,3_02_06_V06Y_0,FALSE,FALSE,1,0,0,0,2017,7,36
1,1,Mewat,3_02_06_V06Y_0,FALSE,FALSE,1,0,0,0,2017,8,37
1,1,Mewat,3_02_06_V06Y_0,FALSE,FALSE,1,0,0,0,2017,9,26
1,1,Mewat,3_02_06_V06Y_0,FALSE,FALSE,1,0,0,0,2017,12,67
1,1,Mewat,3_02_06_V06Y_0,FALSE,FALSE,1,0,0,0,2018,1,79
1,1,Mewat,3_02_06_V06Y_0,FALSE,FALSE,1,0,0,0,2018,2,46
1,1,Mewat,3_02_06_V06Y_0,FALSE,FALSE,1,0,0,0,2018,3,6
1,1,Mewat,3_02_07_V10Y_0,FALSE,FALSE,0,0,1,0,2017,2,53
1,1,Mewat,3_02_07_V10Y_0,FALSE,FALSE,0,0,1,0,2017,3,18
1,1,Mewat,3_02_07_V10Y_0,FALSE,FALSE,0,0,1,0,2017,4,28
1,1,Mewat,3_02_07_V10Y_0,FALSE,FALSE,0,0,1,0,2017,5,44
1,1,Mewat,3_02_07_V10Y_0,FALSE,FALSE,0,0,1,0,2017,6,35
1,1,Mewat,3_02_07_V10Y_0,FALSE,FALSE,0,0,1,0,2017,7,37
1,1,Mewat,3_02_07_V10Y_0,FALSE,FALSE,0,0,1,0,2017,8,35
1,1,Mewat,3_02_07_V10Y_0,FALSE,FALSE,0,0,1,0,2017,9,24
1,1,Mewat,3_02_07_V10Y_0,FALSE,FALSE,0,0,1,0,2017,10,59
1,1,Mewat,3_02_07_V10Y_0,FALSE,FALSE,0,0,1,0,2017,11,35
1,1,Mewat,3_02_07_V10Y_0,FALSE,FALSE,0,0,1,0,2017,12,32
1,1,Mewat,3_02_07_V10Y_0,FALSE,FALSE,0,0,1,0,2018,1,64
1,1,Mewat,3_02_07_V10Y_0,FALSE,FALSE,0,0,1,0,2018,2,29
1,1,Mewat,3_02_07_V10Y_0,FALSE,FALSE,0,0,1,0,2018,3,26
1,1,Mewat,3_02_08_V02Y_0,FALSE,FALSE,0,1,0,0,2017,1,87
1,1,Mewat,3_02_08_V02Y_0,FALSE,FALSE,0,1,0,0,2017,2,113
1,1,Mewat,3_02_08_V02Y_0,FALSE,FALSE,0,1,0,0,2017,3,56
1,1,Mewat,3_02_08_V02Y_0,FALSE,FALSE,0,1,0,0,2017,4,81
1,1,Mewat,3_02_08_V02Y_0,FALSE,FALSE,0,1,0,0,2017,5,159
1,1,Mewat,3_02_08_V02Y_0,FALSE,FALSE,0,1,0,0,2017,6,91
1,1,Mewat,3_02_08_V02Y_0,FALSE,FALSE,0,1,0,0,2017,7,160
1,1,Mewat,3_02_08_V02Y_0,FALSE,FALSE,0,1,0,0,2017,8,132
1,1,Mewat,3_02_08_V02Y_0,FALSE,FALSE,0,1,0,0,2017,9,127
1,1,Mewat,3_02_08_V02Y_0,FALSE,FALSE,0,1,0,0,2017,10,240
1,1,Mewat,3_02_08_V02Y_0,FALSE,FALSE,0,1,0,0,2017,11,162
1,1,Mewat,3_02_08_V02Y_0,FALSE,FALSE,0,1,0,0,2017,12,179
1,1,Mewat,3_02_08_V02Y_0,FALSE,FALSE,0,1,0,0,2018,1,115
1,1,Mewat,3_02_08_V02Y_0,FALSE,FALSE,0,1,0,0,2018,2,172
1,1,Mewat,3_02_08_V02Y_0,FALSE,FALSE,0,1,0,0,2018,3,8
1,1,Mewat,3_03_05_V02Y_0,TRUE,FALSE,0,0,1,0,2017,1,12
1,1,Mewat,3_03_05_V02Y_0,TRUE,FALSE,0,0,1,0,2017,2,12
1,1,Mewat,3_03_05_V02Y_0,TRUE,FALSE,0,0,1,0,2017,3,10
1,1,Mewat,3_03_05_V02Y_0,TRUE,FALSE,0,0,1,0,2017,4,6
1,1,Mewat,3_03_05_V02Y_0,TRUE,FALSE,0,0,1,0,2017,5,13
1,1,Mewat,3_03_05_V02Y_0,TRUE,FALSE,0,0,1,0,2017,6,11
1,1,Mewat,3_03_05_V02Y_0,TRUE,FALSE,0,0,1,0,2017,7,9
1,1,Mewat,3_03_05_V02Y_0,TRUE,FALSE,0,0,1,0,2017,8,12
1,1,Mewat,3_03_05_V02Y_0,TRUE,FALSE,0,0,1,0,2017,9,16
1,1,Mewat,3_03_05_V02Y_0,TRUE,FALSE,0,0,1,0,2017,10,15
1,1,Mewat,3_03_05_V02Y_0,TRUE,FALSE,0,0,1,0,2017,11,27
1,1,Mewat,3_03_05_V02Y_0,TRUE,FALSE,0,0,1,0,2017,12,18
1,1,Mewat,3_03_05_V02Y_0,TRUE,FALSE,0,0,1,0,2018,1,15
1,1,Mewat,3_03_05_V02Y_0,TRUE,FALSE,0,0,1,0,2018,2,14
1,1,Mewat,3_03_05_V02Y_0,TRUE,FALSE,0,0,1,0,2018,3,4
1,1,Mewat,3_03_05_V05Y_0,TRUE,FALSE,0,0,0,1,2017,1,11
1,1,Mewat,3_03_05_V05Y_0,TRUE,FALSE,0,0,0,1,2017,2,10
1,1,Mewat,3_03_05_V05Y_0,TRUE,FALSE,0,0,0,1,2017,3,11
1,1,Mewat,3_03_05_V05Y_0,TRUE,FALSE,0,0,0,1,2017,4,13
1,1,Mewat,3_03_05_V05Y_0,TRUE,FALSE,0,0,0,1,2017,5,20
1,1,Mewat,3_03_05_V05Y_0,TRUE,FALSE,0,0,0,1,2017,6,11
1,1,Mewat,3_03_05_V05Y_0,TRUE,FALSE,0,0,0,1,2017,7,11
1,1,Mewat,3_03_05_V05Y_0,TRUE,FALSE,0,0,0,1,2017,8,7
1,1,Mewat,3_03_05_V05Y_0,TRUE,FALSE,0,0,0,1,2017,9,12
1,1,Mewat,3_03_05_V05Y_0,TRUE,FALSE,0,0,0,1,2017,10,13
1,1,Mewat,3_03_05_V05Y_0,TRUE,FALSE,0,0,0,1,2017,11,14
1,1,Mewat,3_03_05_V05Y_0,TRUE,FALSE,0,0,0,1,2017,12,12
1,1,Mewat,3_03_05_V05Y_0,TRUE,FALSE,0,0,0,1,2018,1,5
1,1,Mewat,3_03_05_V05Y_0,TRUE,FALSE,0,0,0,1,2018,2,13
1,1,Mewat,3_04_04_V01Y_0,FALSE,FALSE,1,0,0,0,2017,2,9
1,1,Mewat,3_04_04_V01Y_0,FALSE,FALSE,1,0,0,0,2017,4,4
1,1,Mewat,3_04_04_V01Y_0,FALSE,FALSE,1,0,0,0,2017,6,5
1,1,Mewat,3_04_04_V01Y_0,FALSE,FALSE,1,0,0,0,2017,8,2
1,1,Mewat,3_04_04_V01Y_0,FALSE,FALSE,1,0,0,0,2017,10,4
1,1,Mewat,3_04_04_V02Y_0,FALSE,FALSE,0,0,1,0,2017,1,6
1,1,Mewat,3_04_04_V02Y_0,FALSE,FALSE,0,0,1,0,2017,2,9
1,1,Mewat,3_04_04_V02Y_0,FALSE,FALSE,0,0,1,0,2017,3,4
1,1,Mewat,3_04_04_V02Y_0,FALSE,FALSE,0,0,1,0,2017,4,3
1,1,Mewat,3_04_04_V02Y_0,FALSE,FALSE,0,0,1,0,2017,5,2
1,1,Mewat,3_04_04_V02Y_0,FALSE,FALSE,0,0,1,0,2017,6,4
1,1,Mewat,3_04_04_V02Y_0,FALSE,FALSE,0,0,1,0,2017,7,3
1,1,Mewat,3_04_04_V02Y_0,FALSE,FALSE,0,0,1,0,2017,8,12
1,1,Mewat,3_04_04_V02Y_0,FALSE,FALSE,0,0,1,0,2017,9,3
1,1,Mewat,3_04_04_V02Y_0,FALSE,FALSE,0,0,1,0,2017,10,3
1,1,Mewat,3_05_03_V05Y_0,FALSE,FALSE,1,0,0,0,2017,1,16
1,1,Mewat,3_05_03_V05Y_0,FALSE,FALSE,1,0,0,0,2017,2,49
1,1,Mewat,3_05_03_V05Y_0,FALSE,FALSE,1,0,0,0,2017,3,11
1,1,Mewat,3_05_03_V05Y_0,FALSE,FALSE,1,0,0,0,2017,4,12
1,1,Mewat,3_05_03_V05Y_0,FALSE,FALSE,1,0,0,0,2017,5,42
1,1,Mewat,3_05_03_V05Y_0,FALSE,FALSE,1,0,0,0,2017,6,16
1,1,Mewat,3_05_03_V05Y_0,FALSE,FALSE,1,0,0,0,2017,7,55
1,1,Mewat,3_05_03_V05Y_0,FALSE,FALSE,1,0,0,0,2017,8,62
1,1,Mewat,3_05_03_V05Y_0,FALSE,FALSE,1,0,0,0,2017,9,30
1,1,Mewat,3_05_03_V05Y_0,FALSE,FALSE,1,0,0,0,2017,10,31
1,1,Mewat,3_05_03_V05Y_0,FALSE,FALSE,1,0,0,0,2017,11,92
1,1,Mewat,3_05_03_V05Y_0,FALSE,FALSE,1,0,0,0,2017,12,57
1,1,Mewat,3_05_03_V05Y_0,FALSE,FALSE,1,0,0,0,2018,1,34
1,1,Mewat,3_05_03_V05Y_0,FALSE,FALSE,1,0,0,0,2018,2,47
1,1,Mewat,3_05_03_V05Y_0,FALSE,FALSE,1,0,0,0,2018,3,11
1,1,Mewat,3_05_04_V03Y_0,FALSE,FALSE,0,0,0,1,2017,1,12
1,1,Mewat,3_05_04_V03Y_0,FALSE,FALSE,0,0,0,1,2017,2,5
1,1,Mewat,3_05_04_V03Y_0,FALSE,FALSE,0,0,0,1,2017,3,6
1,1,Mewat,3_05_04_V03Y_0,FALSE,FALSE,0,0,0,1,2017,4,4
1,1,Mewat,3_05_04_V03Y_0,FALSE,FALSE,0,0,0,1,2017,5,9
1,1,Mewat,3_05_04_V03Y_0,FALSE,FALSE,0,0,0,1,2017,6,1
1,1,Mewat,3_05_04_V03Y_0,FALSE,FALSE,0,0,0,1,2017,7,11
1,1,Mewat,3_05_04_V03Y_0,FALSE,FALSE,0,0,0,1,2017,8,4
1,1,Mewat,3_05_04_V03Y_0,FALSE,FALSE,0,0,0,1,2017,10,8
1,1,Mewat,3_05_04_V03Y_0,FALSE,FALSE,0,0,0,1,2017,11,3
1,1,Mewat,3_05_04_V03Y_0,FALSE,FALSE,0,0,0,1,2017,12,4
1,1,Mewat,3_05_04_V03Y_0,FALSE,FALSE,0,0,0,1,2018,1,7
1,1,Mewat,3_05_04_V06Y_0,FALSE,FALSE,1,0,0,0,2017,1,12
1,1,Mewat,3_05_04_V06Y_0,FALSE,FALSE,1,0,0,0,2017,2,26
1,1,Mewat,3_05_04_V06Y_0,FALSE,FALSE,1,0,0,0,2017,3,2
1,1,Mewat,3_05_04_V06Y_0,FALSE,FALSE,1,0,0,0,2017,4,7
1,1,Mewat,3_05_04_V06Y_0,FALSE,FALSE,1,0,0,0,2017,5,29
1,1,Mewat,3_05_04_V06Y_0,FALSE,FALSE,1,0,0,0,2017,6,17
1,1,Mewat,3_05_04_V06Y_0,FALSE,FALSE,1,0,0,0,2017,7,33
1,1,Mewat,3_05_04_V06Y_0,FALSE,FALSE,1,0,0,0,2017,8,26
1,1,Mewat,3_05_04_V06Y_0,FALSE,FALSE,1,0,0,0,2017,9,24
1,1,Mewat,3_05_04_V06Y_0,FALSE,FALSE,1,0,0,0,2017,10,54
1,1,Mewat,3_05_04_V06Y_0,FALSE,FALSE,1,0,0,0,2017,11,32
1,1,Mewat,3_05_04_V06Y_0,FALSE,FALSE,1,0,0,0,2017,12,16
1,1,Mewat,3_05_04_V06Y_0,FALSE,FALSE,1,0,0,0,2018,1,19
1,1,Mewat,3_06_01_V03Y_0,TRUE,FALSE,1,0,0,0,2017,1,52
1,1,Mewat,3_06_01_V03Y_0,TRUE,FALSE,1,0,0,0,2017,2,31
1,1,Mewat,3_06_01_V03Y_0,TRUE,FALSE,1,0,0,0,2017,3,4
1,1,Mewat,3_06_01_V03Y_0,TRUE,FALSE,1,0,0,0,2017,4,8
1,1,Mewat,3_06_01_V03Y_0,TRUE,FALSE,1,0,0,0,2017,5,41
1,1,Mewat,3_06_01_V03Y_0,TRUE,FALSE,1,0,0,0,2017,6,17
1,1,Mewat,3_06_01_V03Y_0,TRUE,FALSE,1,0,0,0,2017,7,39
1,1,Mewat,3_06_01_V03Y_0,TRUE,FALSE,1,0,0,0,2017,8,37
1,1,Mewat,3_06_01_V03Y_0,TRUE,FALSE,1,0,0,0,2017,9,14
1,1,Mewat,3_06_01_V03Y_0,TRUE,FALSE,1,0,0,0,2017,10,84
1,1,Mewat,3_06_01_V03Y_0,TRUE,FALSE,1,0,0,0,2017,11,54
1,1,Mewat,3_06_01_V03Y_0,TRUE,FALSE,1,0,0,0,2017,12,24
1,1,Mewat,3_06_01_V03Y_0,TRUE,FALSE,1,0,0,0,2018,1,52
1,1,Mewat,3_06_01_V03Y_0,TRUE,FALSE,1,0,0,0,2018,2,23
1,1,Mewat,3_06_01_V03Y_0,TRUE,FALSE,1,0,0,0,2018,3,12
1,1,Mewat,3_06_01_V04Y_0,TRUE,FALSE,0,1,0,0,2017,2,26
1,1,Mewat,3_06_01_V04Y_0,TRUE,FALSE,0,1,0,0,2017,3,2
1,1,Mewat,3_06_01_V04Y_0,TRUE,FALSE,0,1,0,0,2017,4,5
1,1,Mewat,3_06_01_V04Y_0,TRUE,FALSE,0,1,0,0,2017,5,7
1,1,Mewat,3_06_01_V04Y_0,TRUE,FALSE,0,1,0,0,2017,6,2
1,1,Mewat,3_06_01_V04Y_0,TRUE,FALSE,0,1,0,0,2017,7,11
1,1,Mewat,3_06_01_V04Y_0,TRUE,FALSE,0,1,0,0,2017,8,8
1,1,Mewat,3_06_01_V04Y_0,TRUE,FALSE,0,1,0,0,2017,9,4
1,1,Mewat,3_06_01_V04Y_0,TRUE,FALSE,0,1,0,0,2017,10,15
1,1,Mewat,3_06_01_V04Y_0,TRUE,FALSE,0,1,0,0,2017,11,15
1,1,Mewat,3_06_01_V04Y_0,TRUE,FALSE,0,1,0,0,2017,12,26
1,1,Mewat,3_06_01_V04Y_0,TRUE,FALSE,0,1,0,0,2018,1,7
1,1,Mewat,3_06_01_V04Y_0,TRUE,FALSE,0,1,0,0,2018,2,10
1,1,Mewat,3_06_03_V04Y_0,FALSE,TRUE,1,0,0,0,2017,1,14
1,1,Mewat,3_06_03_V04Y_0,FALSE,TRUE,1,0,0,0,2017,2,2
1,1,Mewat,3_06_03_V04Y_0,FALSE,TRUE,1,0,0,0,2017,4,7
1,1,Mewat,3_06_03_V04Y_0,FALSE,TRUE,1,0,0,0,2017,5,6
1,1,Mewat,3_06_03_V04Y_0,FALSE,TRUE,1,0,0,0,2017,6,2
1,1,Mewat,3_06_03_V04Y_0,FALSE,TRUE,1,0,0,0,2017,7,7
1,1,Mewat,3_06_03_V04Y_0,FALSE,TRUE,1,0,0,0,2017,8,4
1,1,Mewat,3_06_03_V04Y_0,FALSE,TRUE,1,0,0,0,2017,9,2
1,1,Mewat,3_06_03_V04Y_0,FALSE,TRUE,1,0,0,0,2017,10,14
1,1,Mewat,3_06_03_V04Y_0,FALSE,TRUE,1,0,0,0,2017,11,8
1,1,Mewat,3_06_03_V04Y_0,FALSE,TRUE,1,0,0,0,2017,12,8
1,1,Mewat,3_06_03_V04Y_0,FALSE,TRUE,1,0,0,0,2018,1,4
1,1,Mewat,3_06_03_V04Y_0,FALSE,TRUE,1,0,0,0,2018,2,7
1,1,Mewat,3_06_04_V03Y_0,TRUE,FALSE,0,0,0,1,2017,1,10
1,1,Mewat,3_06_04_V03Y_0,TRUE,FALSE,0,0,0,1,2017,2,13
1,1,Mewat,3_06_04_V03Y_0,TRUE,FALSE,0,0,0,1,2017,5,8
1,1,Mewat,3_06_04_V03Y_0,TRUE,FALSE,0,0,0,1,2017,7,4
1,1,Mewat,3_06_04_V03Y_0,TRUE,FALSE,0,0,0,1,2017,8,3
1,1,Mewat,3_06_04_V03Y_0,TRUE,FALSE,0,0,0,1,2017,9,1
1,1,Mewat,3_06_04_V03Y_0,TRUE,FALSE,0,0,0,1,2017,10,6
1,1,Mewat,3_06_04_V03Y_0,TRUE,FALSE,0,0,0,1,2017,11,3
1,1,Mewat,3_06_04_V03Y_0,TRUE,FALSE,0,0,0,1,2017,12,8
1,1,Mewat,3_06_04_V03Y_0,TRUE,FALSE,0,0,0,1,2018,1,3
1,1,Mewat,3_06_04_V11Y_0,TRUE,FALSE,0,1,0,0,2017,1,5
1,1,Mewat,3_06_04_V11Y_0,TRUE,FALSE,0,1,0,0,2017,2,2
1,1,Mewat,3_06_04_V11Y_0,TRUE,FALSE,0,1,0,0,2017,5,2
1,1,Mewat,3_06_04_V11Y_0,TRUE,FALSE,0,1,0,0,2017,7,3
1,1,Mewat,3_06_04_V11Y_0,TRUE,FALSE,0,1,0,0,2017,8,4
1,1,Mewat,3_06_04_V11Y_0,TRUE,FALSE,0,1,0,0,2017,9,6
1,1,Mewat,3_06_04_V11Y_0,TRUE,FALSE,0,1,0,0,2017,10,10
1,1,Mewat,3_06_04_V11Y_0,TRUE,FALSE,0,1,0,0,2017,11,3
1,1,Mewat,3_06_04_V11Y_0,TRUE,FALSE,0,1,0,0,2017,12,3
1,1,Mewat,3_06_04_V11Y_0,TRUE,FALSE,0,1,0,0,2018,1,6
1,1,Mewat,3_06_04_V11Y_0,TRUE,FALSE,0,1,0,0,2018,2,11
1,1,Mewat,3_06_06_V06Y_0,TRUE,FALSE,0,0,1,0,2017,1,2
1,1,Mewat,3_06_06_V06Y_0,TRUE,FALSE,0,0,1,0,2017,2,37
1,1,Mewat,3_06_06_V06Y_0,TRUE,FALSE,0,0,1,0,2017,3,11
1,1,Mewat,3_06_06_V06Y_0,TRUE,FALSE,0,0,1,0,2017,4,11
1,1,Mewat,3_06_06_V06Y_0,TRUE,FALSE,0,0,1,0,2017,5,27
1,1,Mewat,3_06_06_V06Y_0,TRUE,FALSE,0,0,1,0,2017,6,14
1,1,Mewat,3_06_06_V06Y_0,TRUE,FALSE,0,0,1,0,2017,7,28
1,1,Mewat,3_06_06_V06Y_0,TRUE,FALSE,0,0,1,0,2017,8,25
1,1,Mewat,3_06_06_V06Y_0,TRUE,FALSE,0,0,1,0,2017,9,18
1,1,Mewat,3_06_06_V06Y_0,TRUE,FALSE,0,0,1,0,2017,10,51
1,1,Mewat,3_06_06_V06Y_0,TRUE,FALSE,0,0,1,0,2017,11,41
1,1,Mewat,3_06_06_V06Y_0,TRUE,FALSE,0,0,1,0,2017,12,22
1,1,Mewat,3_06_06_V06Y_0,TRUE,FALSE,0,0,1,0,2018,1,22
1,1,Mewat,3_06_06_V06Y_0,TRUE,FALSE,0,0,1,0,2018,2,14
1,1,Mewat,3_06_06_V06Y_0,TRUE,FALSE,0,0,1,0,2018,3,14
1,1,Mewat,3_07_05_V01Y_0,TRUE,FALSE,0,1,0,0,2017,2,7
1,1,Mewat,3_07_05_V01Y_0,TRUE,FALSE,0,1,0,0,2017,3,13
1,1,Mewat,3_07_05_V01Y_0,TRUE,FALSE,0,1,0,0,2017,4,3
1,1,Mewat,3_07_05_V01Y_0,TRUE,FALSE,0,1,0,0,2017,5,21
1,1,Mewat,3_07_05_V01Y_0,TRUE,FALSE,0,1,0,0,2017,6,47
1,1,Mewat,3_07_05_V01Y_0,TRUE,FALSE,0,1,0,0,2017,7,72
1,1,Mewat,3_07_05_V01Y_0,TRUE,FALSE,0,1,0,0,2017,8,68
1,1,Mewat,3_07_05_V01Y_0,TRUE,FALSE,0,1,0,0,2017,9,48
1,1,Mewat,3_07_05_V01Y_0,TRUE,FALSE,0,1,0,0,2017,10,97
1,1,Mewat,3_07_05_V01Y_0,TRUE,FALSE,0,1,0,0,2017,11,79
1,1,Mewat,3_07_05_V01Y_0,TRUE,FALSE,0,1,0,0,2017,12,62
1,1,Mewat,3_07_05_V01Y_0,TRUE,FALSE,0,1,0,0,2018,1,68
1,1,Mewat,3_07_05_V01Y_0,TRUE,FALSE,0,1,0,0,2018,2,42
1,1,Mewat,3_07_05_V01Y_0,TRUE,FALSE,0,1,0,0,2018,3,7
1,1,Mewat,3_07_06_V05Y_0,TRUE,FALSE,0,0,0,1,2017,3,3
1,1,Mewat,3_07_06_V05Y_0,TRUE,FALSE,0,0,0,1,2017,5,13
1,1,Mewat,3_07_06_V05Y_0,TRUE,FALSE,0,0,0,1,2017,7,13
1,1,Mewat,3_07_06_V05Y_0,TRUE,FALSE,0,0,0,1,2017,8,8
1,1,Mewat,3_07_06_V05Y_0,TRUE,FALSE,0,0,0,1,2017,11,2
1,1,Mewat,3_07_06_V05Y_0,TRUE,FALSE,0,0,0,1,2017,12,4
1,1,Mewat,3_07_06_V05Y_0,TRUE,FALSE,0,0,0,1,2018,1,8
1,1,Mewat,3_07_08_V04Y_0,FALSE,TRUE,1,0,0,0,2017,5,34
1,1,Mewat,3_07_08_V04Y_0,FALSE,TRUE,1,0,0,0,2017,7,17
1,1,Mewat,3_07_08_V04Y_0,FALSE,TRUE,1,0,0,0,2017,8,1
1,1,Mewat,3_07_08_V04Y_0,FALSE,TRUE,1,0,0,0,2017,10,1
1,1,Mewat,3_08_01_V03Y_0,TRUE,FALSE,0,0,0,1,2017,1,1
1,1,Mewat,3_08_01_V03Y_0,TRUE,FALSE,0,0,0,1,2017,2,7
1,1,Mewat,3_08_01_V03Y_0,TRUE,FALSE,0,0,0,1,2017,4,5
1,1,Mewat,3_08_03_V02Y_0,FALSE,TRUE,0,1,0,0,2017,2,4
1,1,Mewat,3_08_03_V02Y_0,FALSE,TRUE,0,1,0,0,2017,3,1
1,1,Mewat,3_08_03_V02Y_0,FALSE,TRUE,0,1,0,0,2017,4,5
1,1,Mewat,3_08_03_V02Y_0,FALSE,TRUE,0,1,0,0,2017,5,3
1,1,Mewat,3_08_03_V02Y_0,FALSE,TRUE,0,1,0,0,2017,6,5
1,1,Mewat,3_08_03_V02Y_0,FALSE,TRUE,0,1,0,0,2017,8,3
1,1,Mewat,3_08_03_V02Y_0,FALSE,TRUE,0,1,0,0,2017,10,2
1,1,Mewat,3_08_03_V02Y_0,FALSE,TRUE,0,1,0,0,2017,11,6
1,1,Mewat,3_08_04_V04Y_0,FALSE,TRUE,0,1,0,0,2017,1,15
1,1,Mewat,3_08_04_V04Y_0,FALSE,TRUE,0,1,0,0,2017,2,5
1,1,Mewat,3_08_04_V04Y_0,FALSE,TRUE,0,1,0,0,2017,5,5
1,1,Mewat,3_08_04_V04Y_0,FALSE,TRUE,0,1,0,0,2017,6,2
1,1,Mewat,3_08_04_V04Y_0,FALSE,TRUE,0,1,0,0,2017,7,7
1,1,Mewat,3_08_04_V04Y_0,FALSE,TRUE,0,1,0,0,2017,8,1
1,1,Mewat,3_08_04_V04Y_0,FALSE,TRUE,0,1,0,0,2017,9,17
1,1,Mewat,3_08_04_V04Y_0,FALSE,TRUE,0,1,0,0,2017,10,3
1,1,Mewat,3_08_04_V04Y_0,FALSE,TRUE,0,1,0,0,2017,11,5
1,1,Mewat,3_08_04_V04Y_0,FALSE,TRUE,0,1,0,0,2017,12,9
1,1,Mewat,3_08_04_V05Y_0,FALSE,TRUE,0,0,0,1,2017,1,6
1,1,Mewat,3_08_04_V05Y_0,FALSE,TRUE,0,0,0,1,2017,2,8
1,1,Mewat,3_08_04_V05Y_0,FALSE,TRUE,0,0,0,1,2017,3,4
1,1,Mewat,3_08_04_V05Y_0,FALSE,TRUE,0,0,0,1,2017,4,2
1,1,Mewat,3_08_04_V05Y_0,FALSE,TRUE,0,0,0,1,2017,5,9
1,1,Mewat,3_08_04_V05Y_0,FALSE,TRUE,0,0,0,1,2017,6,6
1,1,Mewat,3_08_04_V05Y_0,FALSE,TRUE,0,0,0,1,2017,7,16
1,1,Mewat,3_08_04_V05Y_0,FALSE,TRUE,0,0,0,1,2017,8,27
1,1,Mewat,3_08_04_V05Y_0,FALSE,TRUE,0,0,0,1,2017,9,13
1,1,Mewat,3_08_04_V05Y_0,FALSE,TRUE,0,0,0,1,2017,10,27
1,1,Mewat,3_08_04_V05Y_0,FALSE,TRUE,0,0,0,1,2017,11,20
1,1,Mewat,3_08_04_V05Y_0,FALSE,TRUE,0,0,0,1,2017,12,32
1,1,Mewat,3_08_04_V05Y_0,FALSE,TRUE,0,0,0,1,2018,1,18
1,1,Mewat,3_08_04_V05Y_0,FALSE,TRUE,0,0,0,1,2018,2,13
1,1,Mewat,3_09_02_V04Y_0,TRUE,FALSE,1,0,0,0,2017,1,6
1,1,Mewat,3_09_02_V04Y_0,TRUE,FALSE,1,0,0,0,2017,2,12
1,1,Mewat,3_09_02_V04Y_0,TRUE,FALSE,1,0,0,0,2017,4,15
1,1,Mewat,3_09_02_V04Y_0,TRUE,FALSE,1,0,0,0,2017,5,10
1,1,Mewat,3_09_02_V04Y_0,TRUE,FALSE,1,0,0,0,2017,6,4
1,1,Mewat,3_09_02_V04Y_0,TRUE,FALSE,1,0,0,0,2017,7,6
1,1,Mewat,3_09_02_V04Y_0,TRUE,FALSE,1,0,0,0,2017,8,6
1,1,Mewat,3_09_02_V04Y_0,TRUE,FALSE,1,0,0,0,2017,9,14
1,1,Mewat,3_09_02_V04Y_0,TRUE,FALSE,1,0,0,0,2017,10,9
1,1,Mewat,3_09_02_V04Y_0,TRUE,FALSE,1,0,0,0,2017,11,10
1,1,Mewat,3_09_02_V04Y_0,TRUE,FALSE,1,0,0,0,2017,12,13
1,1,Mewat,3_09_02_V04Y_0,TRUE,FALSE,1,0,0,0,2018,1,10
1,1,Mewat,3_09_02_V04Y_0,TRUE,FALSE,1,0,0,0,2018,2,6
1,1,Mewat,3_09_03_V06Y_0,TRUE,FALSE,0,0,0,1,2017,1,8
1,1,Mewat,3_09_03_V06Y_0,TRUE,FALSE,0,0,0,1,2017,2,5
1,1,Mewat,3_09_03_V06Y_0,TRUE,FALSE,0,0,0,1,2017,3,2
1,1,Mewat,3_09_03_V06Y_0,TRUE,FALSE,0,0,0,1,2017,4,6
1,1,Mewat,3_09_03_V06Y_0,TRUE,FALSE,0,0,0,1,2017,5,5
1,1,Mewat,3_09_03_V06Y_0,TRUE,FALSE,0,0,0,1,2017,6,1
1,1,Mewat,3_09_03_V06Y_0,TRUE,FALSE,0,0,0,1,2017,7,1
1,1,Mewat,3_09_03_V06Y_0,TRUE,FALSE,0,0,0,1,2017,8,3
1,1,Mewat,3_09_03_V06Y_0,TRUE,FALSE,0,0,0,1,2017,9,2
1,1,Mewat,3_09_03_V06Y_0,TRUE,FALSE,0,0,0,1,2017,10,22
1,1,Mewat,3_09_03_V06Y_0,TRUE,FALSE,0,0,0,1,2017,11,13
1,1,Mewat,3_09_03_V06Y_0,TRUE,FALSE,0,0,0,1,2017,12,16
1,1,Mewat,3_09_03_V06Y_0,TRUE,FALSE,0,0,0,1,2018,1,10
1,1,Mewat,3_09_03_V06Y_0,TRUE,FALSE,0,0,0,1,2018,2,1
1,1,Mewat,3_09_06_V03Y_0,FALSE,TRUE,0,0,1,0,2017,1,39
1,1,Mewat,3_09_06_V03Y_0,FALSE,TRUE,0,0,1,0,2017,2,62
1,1,Mewat,3_09_06_V03Y_0,FALSE,TRUE,0,0,1,0,2017,3,34
1,1,Mewat,3_09_06_V03Y_0,FALSE,TRUE,0,0,1,0,2017,4,40
1,1,Mewat,3_09_06_V03Y_0,FALSE,TRUE,0,0,1,0,2017,5,44
1,1,Mewat,3_09_06_V03Y_0,FALSE,TRUE,0,0,1,0,2017,6,41
1,1,Mewat,3_09_06_V03Y_0,FALSE,TRUE,0,0,1,0,2017,7,67
1,1,Mewat,3_09_06_V03Y_0,FALSE,TRUE,0,0,1,0,2017,8,60
1,1,Mewat,3_09_06_V03Y_0,FALSE,TRUE,0,0,1,0,2017,9,44
1,1,Mewat,3_09_06_V03Y_0,FALSE,TRUE,0,0,1,0,2017,10,88
1,1,Mewat,3_09_06_V03Y_0,FALSE,TRUE,0,0,1,0,2017,11,72
1,1,Mewat,3_09_06_V03Y_0,FALSE,TRUE,0,0,1,0,2017,12,80
1,1,Mewat,3_09_06_V03Y_0,FALSE,TRUE,0,0,1,0,2018,1,42
1,1,Mewat,3_09_06_V03Y_0,FALSE,TRUE,0,0,1,0,2018,2,58
1,1,Mewat,3_09_06_V03Y_0,FALSE,TRUE,0,0,1,0,2018,3,21
1,1,Mewat,3_10_02_V01Y_0,FALSE,FALSE,0,1,0,0,2017,1,4
1,1,Mewat,3_10_02_V01Y_0,FALSE,FALSE,0,1,0,0,2017,2,43
1,1,Mewat,3_10_02_V01Y_0,FALSE,FALSE,0,1,0,0,2017,3,16
1,1,Mewat,3_10_02_V01Y_0,FALSE,FALSE,0,1,0,0,2017,4,2
1,1,Mewat,3_10_02_V01Y_0,FALSE,FALSE,0,1,0,0,2017,5,20
1,1,Mewat,3_10_02_V01Y_0,FALSE,FALSE,0,1,0,0,2017,6,1
1,1,Mewat,3_10_02_V01Y_0,FALSE,FALSE,0,1,0,0,2017,7,32
1,1,Mewat,3_10_02_V01Y_0,FALSE,FALSE,0,1,0,0,2017,8,19
1,1,Mewat,3_10_02_V01Y_0,FALSE,FALSE,0,1,0,0,2017,9,9
1,1,Mewat,3_10_02_V01Y_0,FALSE,FALSE,0,1,0,0,2017,10,38
1,1,Mewat,3_10_02_V01Y_0,FALSE,FALSE,0,1,0,0,2017,11,39
1,1,Mewat,3_10_02_V01Y_0,FALSE,FALSE,0,1,0,0,2017,12,23
1,1,Mewat,3_10_02_V01Y_0,FALSE,FALSE,0,1,0,0,2018,1,42
1,1,Mewat,3_10_02_V01Y_0,FALSE,FALSE,0,1,0,0,2018,2,23
1,1,Mewat,3_10_02_V01Y_0,FALSE,FALSE,0,1,0,0,2018,3,7
1,1,Mewat,3_10_02_V03Y_0,FALSE,FALSE,0,1,0,0,2017,1,11
1,1,Mewat,3_10_02_V03Y_0,FALSE,FALSE,0,1,0,0,2017,2,26
1,1,Mewat,3_10_02_V03Y_0,FALSE,FALSE,0,1,0,0,2017,4,9
1,1,Mewat,3_10_02_V03Y_0,FALSE,FALSE,0,1,0,0,2017,5,16
1,1,Mewat,3_10_02_V03Y_0,FALSE,FALSE,0,1,0,0,2017,6,4
1,1,Mewat,3_10_02_V03Y_0,FALSE,FALSE,0,1,0,0,2017,7,15
1,1,Mewat,3_10_02_V03Y_0,FALSE,FALSE,0,1,0,0,2017,8,16
1,1,Mewat,3_10_02_V03Y_0,FALSE,FALSE,0,1,0,0,2017,9,7
1,1,Mewat,3_10_02_V03Y_0,FALSE,FALSE,0,1,0,0,2017,10,25
1,1,Mewat,3_10_02_V03Y_0,FALSE,FALSE,0,1,0,0,2017,11,31
1,1,Mewat,3_10_02_V03Y_0,FALSE,FALSE,0,1,0,0,2017,12,13
1,1,Mewat,3_10_02_V03Y_0,FALSE,FALSE,0,1,0,0,2018,1,31
1,1,Mewat,3_10_02_V03Y_0,FALSE,FALSE,0,1,0,0,2018,2,7
1,1,Mewat,3_10_03_V01Y_0,FALSE,FALSE,0,0,0,1,2017,1,57
1,1,Mewat,3_10_03_V01Y_0,FALSE,FALSE,0,0,0,1,2017,2,100
1,1,Mewat,3_10_03_V01Y_0,FALSE,FALSE,0,0,0,1,2017,3,32
1,1,Mewat,3_10_03_V01Y_0,FALSE,FALSE,0,0,0,1,2017,4,45
1,1,Mewat,3_10_03_V01Y_0,FALSE,FALSE,0,0,0,1,2017,5,77
1,1,Mewat,3_10_03_V01Y_0,FALSE,FALSE,0,0,0,1,2017,6,42
1,1,Mewat,3_10_03_V01Y_0,FALSE,FALSE,0,0,0,1,2017,7,105
1,1,Mewat,3_10_03_V01Y_0,FALSE,FALSE,0,0,0,1,2017,8,95
1,1,Mewat,3_10_03_V01Y_0,FALSE,FALSE,0,0,0,1,2017,9,56
1,1,Mewat,3_10_03_V01Y_0,FALSE,FALSE,0,0,0,1,2017,10,144
1,1,Mewat,3_10_03_V01Y_0,FALSE,FALSE,0,0,0,1,2017,11,158
1,1,Mewat,3_10_03_V01Y_0,FALSE,FALSE,0,0,0,1,2017,12,125
1,1,Mewat,3_10_03_V01Y_0,FALSE,FALSE,0,0,0,1,2018,1,53
1,1,Mewat,3_10_03_V01Y_0,FALSE,FALSE,0,0,0,1,2018,2,5
1,1,Mewat,3_10_05_V06Y_0,FALSE,FALSE,0,0,1,0,2017,2,21
1,1,Mewat,3_10_05_V06Y_0,FALSE,FALSE,0,0,1,0,2017,3,4
1,1,Mewat,3_10_05_V06Y_0,FALSE,FALSE,0,0,1,0,2017,5,10
1,1,Mewat,3_10_05_V06Y_0,FALSE,FALSE,0,0,1,0,2017,6,4
1,1,Mewat,3_10_05_V06Y_0,FALSE,FALSE,0,0,1,0,2017,7,13
1,1,Mewat,3_10_05_V06Y_0,FALSE,FALSE,0,0,1,0,2017,8,9
1,1,Mewat,3_10_05_V06Y_0,FALSE,FALSE,0,0,1,0,2017,9,9
1,1,Mewat,3_10_05_V06Y_0,FALSE,FALSE,0,0,1,0,2017,10,15
1,1,Mewat,3_10_05_V06Y_0,FALSE,FALSE,0,0,1,0,2017,11,28
1,1,Mewat,3_10_05_V06Y_0,FALSE,FALSE,0,0,1,0,2017,12,11
1,1,Mewat,3_10_05_V06Y_0,FALSE,FALSE,0,0,1,0,2018,1,4
1,1,Mewat,3_11_01_V02Y_0,FALSE,FALSE,0,0,1,0,2017,2,9
1,1,Mewat,3_11_01_V02Y_0,FALSE,FALSE,0,0,1,0,2017,3,16
1,1,Mewat,3_11_01_V02Y_0,FALSE,FALSE,0,0,1,0,2017,4,7
1,1,Mewat,3_11_01_V02Y_0,FALSE,FALSE,0,0,1,0,2017,5,15
1,1,Mewat,3_11_01_V02Y_0,FALSE,FALSE,0,0,1,0,2017,7,1
1,1,Mewat,3_11_01_V02Y_0,FALSE,FALSE,0,0,1,0,2017,9,1
1,1,Mewat,3_11_01_V02Y_0,FALSE,FALSE,0,0,1,0,2017,10,11
1,1,Mewat,3_11_01_V02Y_0,FALSE,FALSE,0,0,1,0,2017,11,6
1,1,Mewat,3_11_01_V02Y_0,FALSE,FALSE,0,0,1,0,2017,12,1
1,1,Mewat,3_11_01_V02Y_0,FALSE,FALSE,0,0,1,0,2018,1,1
1,1,Mewat,3_11_01_V02Y_0,FALSE,FALSE,0,0,1,0,2018,2,11
1,1,Mewat,3_11_01_V02Y_0,FALSE,FALSE,0,0,1,0,2018,3,4
1,1,Mewat,3_11_01_V05Y_0,FALSE,FALSE,0,0,0,1,2017,1,14
1,1,Mewat,3_11_01_V05Y_0,FALSE,FALSE,0,0,0,1,2017,2,10
1,1,Mewat,3_11_01_V05Y_0,FALSE,FALSE,0,0,0,1,2017,3,9
1,1,Mewat,3_11_01_V05Y_0,FALSE,FALSE,0,0,0,1,2017,5,15
1,1,Mewat,3_11_01_V05Y_0,FALSE,FALSE,0,0,0,1,2017,6,5
1,1,Mewat,3_11_01_V05Y_0,FALSE,FALSE,0,0,0,1,2017,7,11
1,1,Mewat,3_11_01_V05Y_0,FALSE,FALSE,0,0,0,1,2017,10,9
1,1,Mewat,3_11_01_V05Y_0,FALSE,FALSE,0,0,0,1,2017,11,10
1,1,Mewat,3_11_01_V05Y_0,FALSE,FALSE,0,0,0,1,2017,12,2
1,1,Mewat,3_11_01_V05Y_0,FALSE,FALSE,0,0,0,1,2018,1,1
1,1,Mewat,3_12_01_V06Y_1,FALSE,TRUE,0,0,1,0,2017,2,6
1,1,Mewat,3_12_01_V06Y_1,FALSE,TRUE,0,0,1,0,2017,3,11
1,1,Mewat,3_12_01_V06Y_1,FALSE,TRUE,0,0,1,0,2017,5,4
1,1,Mewat,3_12_01_V06Y_1,FALSE,TRUE,0,0,1,0,2017,6,4
1,1,Mewat,3_12_01_V06Y_1,FALSE,TRUE,0,0,1,0,2017,7,8
1,1,Mewat,3_12_01_V06Y_1,FALSE,TRUE,0,0,1,0,2017,8,7
1,1,Mewat,3_12_01_V06Y_1,FALSE,TRUE,0,0,1,0,2017,9,2
1,1,Mewat,3_12_01_V06Y_1,FALSE,TRUE,0,0,1,0,2017,10,17
1,1,Mewat,3_12_01_V06Y_1,FALSE,TRUE,0,0,1,0,2017,11,16
1,1,Mewat,3_12_01_V06Y_1,FALSE,TRUE,0,0,1,0,2017,12,18
1,1,Mewat,3_12_01_V06Y_1,FALSE,TRUE,0,0,1,0,2018,1,13
1,1,Mewat,3_12_01_V06Y_1,FALSE,TRUE,0,0,1,0,2018,2,3
1,1,Mewat,3_12_01_V06Y_1,FALSE,TRUE,0,0,1,0,2018,3,8
1,1,Mewat,3_12_02_V01Y_0,FALSE,TRUE,0,1,0,0,2017,1,16
1,1,Mewat,3_12_02_V01Y_0,FALSE,TRUE,0,1,0,0,2017,2,5
1,1,Mewat,3_12_02_V01Y_0,FALSE,TRUE,0,1,0,0,2017,4,1
1,1,Mewat,3_12_02_V01Y_0,FALSE,TRUE,0,1,0,0,2017,7,14
1,1,Mewat,3_12_02_V01Y_0,FALSE,TRUE,0,1,0,0,2017,8,13
1,1,Mewat,3_12_02_V01Y_0,FALSE,TRUE,0,1,0,0,2017,9,5
1,1,Mewat,3_12_02_V01Y_0,FALSE,TRUE,0,1,0,0,2017,10,12
1,1,Mewat,3_12_02_V01Y_0,FALSE,TRUE,0,1,0,0,2017,11,5
1,1,Mewat,3_12_02_V01Y_0,FALSE,TRUE,0,1,0,0,2017,12,6
1,1,Mewat,3_12_02_V01Y_0,FALSE,TRUE,0,1,0,0,2018,1,14
1,1,Mewat,3_12_02_V01Y_0,FALSE,TRUE,0,1,0,0,2018,2,3
1,1,Mewat,3_12_02_V01Y_0,FALSE,TRUE,0,1,0,0,2018,3,7
1,1,Mewat,3_12_02_V07Y_0,FALSE,TRUE,0,1,0,0,2017,1,4
1,1,Mewat,3_12_02_V07Y_0,FALSE,TRUE,0,1,0,0,2017,2,5
1,1,Mewat,3_12_02_V07Y_0,FALSE,TRUE,0,1,0,0,2017,3,2
1,1,Mewat,3_12_02_V07Y_0,FALSE,TRUE,0,1,0,0,2017,4,3
1,1,Mewat,3_12_02_V07Y_0,FALSE,TRUE,0,1,0,0,2017,5,5
1,1,Mewat,3_12_02_V07Y_0,FALSE,TRUE,0,1,0,0,2017,7,3
1,1,Mewat,3_12_02_V07Y_0,FALSE,TRUE,0,1,0,0,2017,8,11
1,1,Mewat,3_12_02_V07Y_0,FALSE,TRUE,0,1,0,0,2017,9,3
1,1,Mewat,3_12_02_V07Y_0,FALSE,TRUE,0,1,0,0,2017,10,21
1,1,Mewat,3_12_02_V07Y_0,FALSE,TRUE,0,1,0,0,2017,11,10
1,1,Mewat,3_12_02_V07Y_0,FALSE,TRUE,0,1,0,0,2017,12,16
1,1,Mewat,3_12_02_V07Y_0,FALSE,TRUE,0,1,0,0,2018,1,25
1,1,Mewat,3_12_03_V02Y_0,TRUE,FALSE,1,0,0,0,2017,1,17
1,1,Mewat,3_12_03_V02Y_0,TRUE,FALSE,1,0,0,0,2017,2,27
1,1,Mewat,3_12_03_V02Y_0,TRUE,FALSE,1,0,0,0,2017,3,3
1,1,Mewat,3_12_03_V02Y_0,TRUE,FALSE,1,0,0,0,2017,4,4
1,1,Mewat,3_12_03_V02Y_0,TRUE,FALSE,1,0,0,0,2017,5,21
1,1,Mewat,3_12_03_V02Y_0,TRUE,FALSE,1,0,0,0,2017,6,6
1,1,Mewat,3_12_03_V02Y_0,TRUE,FALSE,1,0,0,0,2017,7,22
1,1,Mewat,3_12_03_V02Y_0,TRUE,FALSE,1,0,0,0,2017,8,26
1,1,Mewat,3_12_03_V02Y_0,TRUE,FALSE,1,0,0,0,2017,9,8
1,1,Mewat,3_12_03_V02Y_0,TRUE,FALSE,1,0,0,0,2017,10,25
1,1,Mewat,3_12_03_V02Y_0,TRUE,FALSE,1,0,0,0,2017,11,22
1,1,Mewat,3_12_03_V02Y_0,TRUE,FALSE,1,0,0,0,2017,12,6
1,1,Mewat,3_12_03_V02Y_0,TRUE,FALSE,1,0,0,0,2018,1,7
1,1,Mewat,3_12_06_V01Y_0,TRUE,FALSE,0,0,0,1,2017,1,17
1,1,Mewat,3_12_06_V01Y_0,TRUE,FALSE,0,0,0,1,2017,2,38
1,1,Mewat,3_12_06_V01Y_0,TRUE,FALSE,0,0,0,1,2017,3,17
1,1,Mewat,3_12_06_V01Y_0,TRUE,FALSE,0,0,0,1,2017,5,28
1,1,Mewat,3_12_06_V01Y_0,TRUE,FALSE,0,0,0,1,2017,6,17
1,1,Mewat,3_12_06_V01Y_0,TRUE,FALSE,0,0,0,1,2017,7,19
1,1,Mewat,3_12_06_V01Y_0,TRUE,FALSE,0,0,0,1,2017,8,14
1,1,Mewat,3_12_06_V01Y_0,TRUE,FALSE,0,0,0,1,2017,9,10
1,1,Mewat,3_12_06_V01Y_0,TRUE,FALSE,0,0,0,1,2017,10,35
1,1,Mewat,3_12_06_V01Y_0,TRUE,FALSE,0,0,0,1,2017,11,35
1,1,Mewat,3_12_06_V01Y_0,TRUE,FALSE,0,0,0,1,2017,12,29
1,1,Mewat,3_12_06_V01Y_0,TRUE,FALSE,0,0,0,1,2018,1,29
1,1,Mewat,3_12_06_V01Y_0,TRUE,FALSE,0,0,0,1,2018,2,13
1,1,Mewat,3_13_01_V01Y_0,FALSE,FALSE,0,1,0,0,2017,1,36
1,1,Mewat,3_13_01_V01Y_0,FALSE,FALSE,0,1,0,0,2017,2,47
1,1,Mewat,3_13_01_V01Y_0,FALSE,FALSE,0,1,0,0,2017,3,14
1,1,Mewat,3_13_01_V01Y_0,FALSE,FALSE,0,1,0,0,2017,4,11
1,1,Mewat,3_13_01_V01Y_0,FALSE,FALSE,0,1,0,0,2017,5,60
1,1,Mewat,3_13_01_V01Y_0,FALSE,FALSE,0,1,0,0,2017,6,29
1,1,Mewat,3_13_01_V01Y_0,FALSE,FALSE,0,1,0,0,2017,7,50
1,1,Mewat,3_13_01_V01Y_0,FALSE,FALSE,0,1,0,0,2017,8,40
1,1,Mewat,3_13_01_V01Y_0,FALSE,FALSE,0,1,0,0,2017,9,23
1,1,Mewat,3_13_01_V01Y_0,FALSE,FALSE,0,1,0,0,2017,10,22
1,1,Mewat,3_13_01_V01Y_0,FALSE,FALSE,0,1,0,0,2017,11,34
1,1,Mewat,3_13_01_V01Y_0,FALSE,FALSE,0,1,0,0,2017,12,34
1,1,Mewat,3_13_01_V01Y_0,FALSE,FALSE,0,1,0,0,2018,1,64
1,1,Mewat,3_13_01_V01Y_0,FALSE,FALSE,0,1,0,0,2018,2,38
1,1,Mewat,3_13_02_V01Y_0,FALSE,FALSE,1,0,0,0,2017,1,9
1,1,Mewat,3_13_02_V01Y_0,FALSE,FALSE,1,0,0,0,2017,2,28
1,1,Mewat,3_13_02_V01Y_0,FALSE,FALSE,1,0,0,0,2017,3,9
1,1,Mewat,3_13_02_V01Y_0,FALSE,FALSE,1,0,0,0,2017,4,25
1,1,Mewat,3_13_02_V01Y_0,FALSE,FALSE,1,0,0,0,2017,5,8
1,1,Mewat,3_13_02_V01Y_0,FALSE,FALSE,1,0,0,0,2017,6,24
1,1,Mewat,3_13_02_V01Y_0,FALSE,FALSE,1,0,0,0,2017,7,32
1,1,Mewat,3_13_02_V01Y_0,FALSE,FALSE,1,0,0,0,2017,8,34
1,1,Mewat,3_13_02_V01Y_0,FALSE,FALSE,1,0,0,0,2017,9,43
1,1,Mewat,3_13_02_V01Y_0,FALSE,FALSE,1,0,0,0,2017,10,33
1,1,Mewat,3_13_02_V01Y_0,FALSE,FALSE,1,0,0,0,2017,11,74
1,1,Mewat,3_13_02_V01Y_0,FALSE,FALSE,1,0,0,0,2017,12,53
1,1,Mewat,3_13_02_V01Y_0,FALSE,FALSE,1,0,0,0,2018,1,33
1,1,Mewat,3_13_02_V01Y_0,FALSE,FALSE,1,0,0,0,2018,2,66
1,1,Mewat,3_13_02_V01Y_0,FALSE,FALSE,1,0,0,0,2018,3,6
1,1,Mewat,3_13_03_V01Y_0,FALSE,FALSE,0,0,1,0,2017,1,12
1,1,Mewat,3_13_03_V01Y_0,FALSE,FALSE,0,0,1,0,2017,2,7
1,1,Mewat,3_13_03_V01Y_0,FALSE,FALSE,0,0,1,0,2017,3,4
1,1,Mewat,3_13_03_V01Y_0,FALSE,FALSE,0,0,1,0,2017,5,14
1,1,Mewat,3_13_03_V01Y_0,FALSE,FALSE,0,0,1,0,2017,6,8
1,1,Mewat,3_13_03_V01Y_0,FALSE,FALSE,0,0,1,0,2017,7,16
1,1,Mewat,3_13_03_V01Y_0,FALSE,FALSE,0,0,1,0,2017,8,10
1,1,Mewat,3_13_03_V01Y_0,FALSE,FALSE,0,0,1,0,2017,9,3
1,1,Mewat,3_13_03_V01Y_0,FALSE,FALSE,0,0,1,0,2017,10,12
1,1,Mewat,3_13_03_V01Y_0,FALSE,FALSE,0,0,1,0,2017,11,4
1,1,Mewat,3_13_03_V01Y_0,FALSE,FALSE,0,0,1,0,2017,12,19
1,1,Mewat,3_13_04_V04Y_0,FALSE,FALSE,0,1,0,0,2017,1,17
1,1,Mewat,3_13_04_V04Y_0,FALSE,FALSE,0,1,0,0,2017,2,48
1,1,Mewat,3_13_04_V04Y_0,FALSE,FALSE,0,1,0,0,2017,3,50
1,1,Mewat,3_13_04_V04Y_0,FALSE,FALSE,0,1,0,0,2017,4,40
1,1,Mewat,3_13_04_V04Y_0,FALSE,FALSE,0,1,0,0,2017,5,65
1,1,Mewat,3_13_04_V04Y_0,FALSE,FALSE,0,1,0,0,2017,6,44
1,1,Mewat,3_13_04_V04Y_0,FALSE,FALSE,0,1,0,0,2017,7,54
1,1,Mewat,3_13_04_V04Y_0,FALSE,FALSE,0,1,0,0,2017,8,51
1,1,Mewat,3_13_04_V04Y_0,FALSE,FALSE,0,1,0,0,2017,9,45
1,1,Mewat,3_13_04_V04Y_0,FALSE,FALSE,0,1,0,0,2017,10,63
1,1,Mewat,3_13_04_V04Y_0,FALSE,FALSE,0,1,0,0,2017,11,59
1,1,Mewat,3_13_04_V04Y_0,FALSE,FALSE,0,1,0,0,2017,12,72
1,1,Mewat,3_13_04_V04Y_0,FALSE,FALSE,0,1,0,0,2018,1,54
1,1,Mewat,3_13_04_V04Y_0,FALSE,FALSE,0,1,0,0,2018,2,67
1,1,Mewat,3_13_04_V04Y_0,FALSE,FALSE,0,1,0,0,2018,3,11
1,1,Palwal,4_01_01_V01Y_0,FALSE,FALSE,0,0,1,0,2017,1,82
1,1,Palwal,4_01_01_V01Y_0,FALSE,FALSE,0,0,1,0,2017,2,47
1,1,Palwal,4_01_01_V01Y_0,FALSE,FALSE,0,0,1,0,2017,3,68
1,1,Palwal,4_01_01_V01Y_0,FALSE,FALSE,0,0,1,0,2017,4,85
1,1,Palwal,4_01_01_V01Y_0,FALSE,FALSE,0,0,1,0,2017,5,75
1,1,Palwal,4_01_01_V01Y_0,FALSE,FALSE,0,0,1,0,2017,6,78
1,1,Palwal,4_01_01_V01Y_0,FALSE,FALSE,0,0,1,0,2017,7,79
1,1,Palwal,4_01_01_V01Y_0,FALSE,FALSE,0,0,1,0,2017,8,92
1,1,Palwal,4_01_01_V01Y_0,FALSE,FALSE,0,0,1,0,2017,9,84
1,1,Palwal,4_01_01_V01Y_0,FALSE,FALSE,0,0,1,0,2017,10,86
1,1,Palwal,4_01_01_V01Y_0,FALSE,FALSE,0,0,1,0,2017,11,85
1,1,Palwal,4_01_01_V01Y_0,FALSE,FALSE,0,0,1,0,2017,12,89
1,1,Palwal,4_01_01_V01Y_0,FALSE,FALSE,0,0,1,0,2018,1,81
1,1,Palwal,4_01_01_V01Y_0,FALSE,FALSE,0,0,1,0,2018,2,105
1,1,Palwal,4_01_01_V01Y_0,FALSE,FALSE,0,0,1,0,2018,3,106
1,1,Palwal,4_01_02_V01Y_0,FALSE,FALSE,0,0,0,1,2017,1,12
1,1,Palwal,4_01_02_V01Y_0,FALSE,FALSE,0,0,0,1,2017,2,14
1,1,Palwal,4_01_02_V01Y_0,FALSE,FALSE,0,0,0,1,2017,3,10
1,1,Palwal,4_01_02_V01Y_0,FALSE,FALSE,0,0,0,1,2017,4,11
1,1,Palwal,4_01_02_V01Y_0,FALSE,FALSE,0,0,0,1,2017,5,12
1,1,Palwal,4_01_02_V01Y_0,FALSE,FALSE,0,0,0,1,2017,6,9
1,1,Palwal,4_01_02_V01Y_0,FALSE,FALSE,0,0,0,1,2017,7,10
1,1,Palwal,4_01_02_V01Y_0,FALSE,FALSE,0,0,0,1,2017,8,8
1,1,Palwal,4_01_02_V01Y_0,FALSE,FALSE,0,0,0,1,2017,9,13
1,1,Palwal,4_01_02_V01Y_0,FALSE,FALSE,0,0,0,1,2017,10,12
1,1,Palwal,4_01_02_V01Y_0,FALSE,FALSE,0,0,0,1,2017,11,10
1,1,Palwal,4_01_02_V01Y_0,FALSE,FALSE,0,0,0,1,2017,12,19
1,1,Palwal,4_01_02_V01Y_0,FALSE,FALSE,0,0,0,1,2018,1,17
1,1,Palwal,4_01_02_V01Y_0,FALSE,FALSE,0,0,0,1,2018,2,12
1,1,Palwal,4_01_02_V01Y_0,FALSE,FALSE,0,0,0,1,2018,3,12
1,1,Palwal,4_01_03_V06Y_0,FALSE,FALSE,1,0,0,0,2017,1,12
1,1,Palwal,4_01_03_V06Y_0,FALSE,FALSE,1,0,0,0,2017,2,6
1,1,Palwal,4_01_03_V06Y_0,FALSE,FALSE,1,0,0,0,2017,3,5
1,1,Palwal,4_01_03_V06Y_0,FALSE,FALSE,1,0,0,0,2017,4,6
1,1,Palwal,4_01_03_V06Y_0,FALSE,FALSE,1,0,0,0,2017,5,7
1,1,Palwal,4_01_03_V06Y_0,FALSE,FALSE,1,0,0,0,2017,6,7
1,1,Palwal,4_01_03_V06Y_0,FALSE,FALSE,1,0,0,0,2017,7,12
1,1,Palwal,4_01_03_V06Y_0,FALSE,FALSE,1,0,0,0,2017,8,4
1,1,Palwal,4_01_03_V06Y_0,FALSE,FALSE,1,0,0,0,2017,9,9
1,1,Palwal,4_01_03_V06Y_0,FALSE,FALSE,1,0,0,0,2017,10,7
1,1,Palwal,4_01_03_V06Y_0,FALSE,FALSE,1,0,0,0,2017,11,6
1,1,Palwal,4_01_03_V06Y_0,FALSE,FALSE,1,0,0,0,2017,12,13
1,1,Palwal,4_01_03_V06Y_0,FALSE,FALSE,1,0,0,0,2018,1,14
1,1,Palwal,4_01_03_V06Y_0,FALSE,FALSE,1,0,0,0,2018,2,7
1,1,Palwal,4_01_03_V06Y_0,FALSE,FALSE,1,0,0,0,2018,3,12
1,1,Palwal,4_02_01_V02Y_0,TRUE,FALSE,0,0,0,1,2017,1,21
1,1,Palwal,4_02_01_V02Y_0,TRUE,FALSE,0,0,0,1,2017,2,18
1,1,Palwal,4_02_01_V02Y_0,TRUE,FALSE,0,0,0,1,2017,3,23
1,1,Palwal,4_02_01_V02Y_0,TRUE,FALSE,0,0,0,1,2017,4,17
1,1,Palwal,4_02_01_V02Y_0,TRUE,FALSE,0,0,0,1,2017,5,13
1,1,Palwal,4_02_01_V02Y_0,TRUE,FALSE,0,0,0,1,2017,6,17
1,1,Palwal,4_02_01_V02Y_0,TRUE,FALSE,0,0,0,1,2017,7,17
1,1,Palwal,4_02_01_V02Y_0,TRUE,FALSE,0,0,0,1,2017,8,21
1,1,Palwal,4_02_01_V02Y_0,TRUE,FALSE,0,0,0,1,2017,9,18
1,1,Palwal,4_02_01_V02Y_0,TRUE,FALSE,0,0,0,1,2017,10,26
1,1,Palwal,4_02_01_V02Y_0,TRUE,FALSE,0,0,0,1,2017,11,1
1,1,Palwal,4_02_01_V02Y_0,TRUE,FALSE,0,0,0,1,2017,12,27
1,1,Palwal,4_02_01_V02Y_0,TRUE,FALSE,0,0,0,1,2018,1,21
1,1,Palwal,4_02_01_V02Y_0,TRUE,FALSE,0,0,0,1,2018,2,14
1,1,Palwal,4_02_01_V02Y_0,TRUE,FALSE,0,0,0,1,2018,3,21
1,1,Palwal,4_02_01_V04Y_0,TRUE,FALSE,0,1,0,0,2017,1,15
1,1,Palwal,4_02_01_V04Y_0,TRUE,FALSE,0,1,0,0,2017,2,10
1,1,Palwal,4_02_01_V04Y_0,TRUE,FALSE,0,1,0,0,2017,3,13
1,1,Palwal,4_02_01_V04Y_0,TRUE,FALSE,0,1,0,0,2017,4,17
1,1,Palwal,4_02_01_V04Y_0,TRUE,FALSE,0,1,0,0,2017,5,13
1,1,Palwal,4_02_01_V04Y_0,TRUE,FALSE,0,1,0,0,2017,6,14
1,1,Palwal,4_02_01_V04Y_0,TRUE,FALSE,0,1,0,0,2017,7,13
1,1,Palwal,4_02_01_V04Y_0,TRUE,FALSE,0,1,0,0,2017,8,25
1,1,Palwal,4_02_01_V04Y_0,TRUE,FALSE,0,1,0,0,2017,9,20
1,1,Palwal,4_02_01_V04Y_0,TRUE,FALSE,0,1,0,0,2017,10,9
1,1,Palwal,4_02_01_V04Y_0,TRUE,FALSE,0,1,0,0,2017,11,20
1,1,Palwal,4_02_01_V04Y_0,TRUE,FALSE,0,1,0,0,2017,12,24
1,1,Palwal,4_02_01_V04Y_0,TRUE,FALSE,0,1,0,0,2018,1,15
1,1,Palwal,4_02_01_V04Y_0,TRUE,FALSE,0,1,0,0,2018,2,15
1,1,Palwal,4_02_01_V04Y_0,TRUE,FALSE,0,1,0,0,2018,3,13
1,1,Palwal,4_02_03_V03Y_0,FALSE,TRUE,0,1,0,0,2017,1,5
1,1,Palwal,4_02_03_V03Y_0,FALSE,TRUE,0,1,0,0,2017,2,3
1,1,Palwal,4_02_03_V03Y_0,FALSE,TRUE,0,1,0,0,2017,3,1
1,1,Palwal,4_02_03_V03Y_0,FALSE,TRUE,0,1,0,0,2017,4,2
1,1,Palwal,4_02_03_V03Y_0,FALSE,TRUE,0,1,0,0,2017,5,1
1,1,Palwal,4_02_03_V03Y_0,FALSE,TRUE,0,1,0,0,2017,6,4
1,1,Palwal,4_02_03_V03Y_0,FALSE,TRUE,0,1,0,0,2017,7,6
1,1,Palwal,4_02_03_V03Y_0,FALSE,TRUE,0,1,0,0,2017,8,6
1,1,Palwal,4_02_03_V03Y_0,FALSE,TRUE,0,1,0,0,2017,9,8
1,1,Palwal,4_02_03_V03Y_0,FALSE,TRUE,0,1,0,0,2017,10,4
1,1,Palwal,4_02_03_V03Y_0,FALSE,TRUE,0,1,0,0,2017,11,3
1,1,Palwal,4_02_03_V03Y_0,FALSE,TRUE,0,1,0,0,2017,12,2
1,1,Palwal,4_02_03_V03Y_0,FALSE,TRUE,0,1,0,0,2018,1,2
1,1,Palwal,4_02_03_V03Y_0,FALSE,TRUE,0,1,0,0,2018,2,6
1,1,Palwal,4_02_03_V03Y_0,FALSE,TRUE,0,1,0,0,2018,3,7
1,1,Palwal,4_03_01_V02Y_0,FALSE,FALSE,0,1,0,0,2017,1,3
1,1,Palwal,4_03_01_V02Y_0,FALSE,FALSE,0,1,0,0,2017,2,6
1,1,Palwal,4_03_01_V02Y_0,FALSE,FALSE,0,1,0,0,2017,4,6
1,1,Palwal,4_03_01_V02Y_0,FALSE,FALSE,0,1,0,0,2017,5,3
1,1,Palwal,4_03_01_V02Y_0,FALSE,FALSE,0,1,0,0,2017,6,1
1,1,Palwal,4_03_01_V02Y_0,FALSE,FALSE,0,1,0,0,2017,7,9
1,1,Palwal,4_03_01_V02Y_0,FALSE,FALSE,0,1,0,0,2017,8,5
1,1,Palwal,4_03_01_V02Y_0,FALSE,FALSE,0,1,0,0,2017,9,10
1,1,Palwal,4_03_01_V02Y_0,FALSE,FALSE,0,1,0,0,2017,10,6
1,1,Palwal,4_03_01_V02Y_0,FALSE,FALSE,0,1,0,0,2017,11,10
1,1,Palwal,4_03_01_V02Y_0,FALSE,FALSE,0,1,0,0,2017,12,13
1,1,Palwal,4_03_01_V02Y_0,FALSE,FALSE,0,1,0,0,2018,1,1
1,1,Palwal,4_03_01_V02Y_0,FALSE,FALSE,0,1,0,0,2018,2,15
1,1,Palwal,4_03_04_V01Y_0,FALSE,FALSE,0,1,0,0,2017,1,8
1,1,Palwal,4_03_04_V01Y_0,FALSE,FALSE,0,1,0,0,2017,2,10
1,1,Palwal,4_03_04_V01Y_0,FALSE,FALSE,0,1,0,0,2017,3,9
1,1,Palwal,4_03_04_V01Y_0,FALSE,FALSE,0,1,0,0,2017,4,9
1,1,Palwal,4_03_04_V01Y_0,FALSE,FALSE,0,1,0,0,2017,5,10
1,1,Palwal,4_03_04_V01Y_0,FALSE,FALSE,0,1,0,0,2017,6,11
1,1,Palwal,4_03_04_V01Y_0,FALSE,FALSE,0,1,0,0,2017,7,12
1,1,Palwal,4_03_04_V01Y_0,FALSE,FALSE,0,1,0,0,2017,8,12
1,1,Palwal,4_03_04_V01Y_0,FALSE,FALSE,0,1,0,0,2017,9,15
1,1,Palwal,4_03_04_V01Y_0,FALSE,FALSE,0,1,0,0,2017,10,14
1,1,Palwal,4_03_04_V01Y_0,FALSE,FALSE,0,1,0,0,2017,11,15
1,1,Palwal,4_03_04_V01Y_0,FALSE,FALSE,0,1,0,0,2017,12,17
1,1,Palwal,4_03_04_V01Y_0,FALSE,FALSE,0,1,0,0,2018,1,6
1,1,Palwal,4_03_04_V01Y_0,FALSE,FALSE,0,1,0,0,2018,2,15
1,1,Palwal,4_03_04_V01Y_0,FALSE,FALSE,0,1,0,0,2018,3,22
1,1,Palwal,4_03_06_V01Y_0,FALSE,FALSE,0,0,1,0,2017,1,14
1,1,Palwal,4_03_06_V01Y_0,FALSE,FALSE,0,0,1,0,2017,2,10
1,1,Palwal,4_03_06_V01Y_0,FALSE,FALSE,0,0,1,0,2017,3,12
1,1,Palwal,4_03_06_V01Y_0,FALSE,FALSE,0,0,1,0,2017,4,13
1,1,Palwal,4_03_06_V01Y_0,FALSE,FALSE,0,0,1,0,2017,5,10
1,1,Palwal,4_03_06_V01Y_0,FALSE,FALSE,0,0,1,0,2017,6,14
1,1,Palwal,4_03_06_V01Y_0,FALSE,FALSE,0,0,1,0,2017,7,12
1,1,Palwal,4_03_06_V01Y_0,FALSE,FALSE,0,0,1,0,2017,8,10
1,1,Palwal,4_03_06_V01Y_0,FALSE,FALSE,0,0,1,0,2017,10,15
1,1,Palwal,4_03_06_V01Y_0,FALSE,FALSE,0,0,1,0,2017,11,11
1,1,Palwal,4_03_06_V01Y_0,FALSE,FALSE,0,0,1,0,2017,12,10
1,1,Palwal,4_03_06_V01Y_0,FALSE,FALSE,0,0,1,0,2018,1,1
1,1,Palwal,4_03_06_V01Y_0,FALSE,FALSE,0,0,1,0,2018,3,1
1,1,Palwal,4_03_06_V04Y_0,FALSE,FALSE,0,0,0,1,2017,1,40
1,1,Palwal,4_03_06_V04Y_0,FALSE,FALSE,0,0,0,1,2017,2,48
1,1,Palwal,4_03_06_V04Y_0,FALSE,FALSE,0,0,0,1,2017,3,33
1,1,Palwal,4_03_06_V04Y_0,FALSE,FALSE,0,0,0,1,2017,4,38
1,1,Palwal,4_03_06_V04Y_0,FALSE,FALSE,0,0,0,1,2017,5,40
1,1,Palwal,4_03_06_V04Y_0,FALSE,FALSE,0,0,0,1,2017,6,31
1,1,Palwal,4_03_06_V04Y_0,FALSE,FALSE,0,0,0,1,2017,7,33
1,1,Palwal,4_03_06_V04Y_0,FALSE,FALSE,0,0,0,1,2017,8,28
1,1,Palwal,4_03_06_V04Y_0,FALSE,FALSE,0,0,0,1,2017,9,25
1,1,Palwal,4_03_06_V04Y_0,FALSE,FALSE,0,0,0,1,2017,10,28
1,1,Palwal,4_03_06_V04Y_0,FALSE,FALSE,0,0,0,1,2017,11,42
1,1,Palwal,4_03_06_V04Y_0,FALSE,FALSE,0,0,0,1,2017,12,23
1,1,Palwal,4_03_06_V04Y_0,FALSE,FALSE,0,0,0,1,2018,1,11
1,1,Palwal,4_03_06_V04Y_0,FALSE,FALSE,0,0,0,1,2018,2,53
1,1,Palwal,4_03_06_V04Y_0,FALSE,FALSE,0,0,0,1,2018,3,44
1,1,Palwal,4_04_02_V01Y_0,TRUE,FALSE,1,0,0,0,2017,1,92
1,1,Palwal,4_04_02_V01Y_0,TRUE,FALSE,1,0,0,0,2017,2,94
1,1,Palwal,4_04_02_V01Y_0,TRUE,FALSE,1,0,0,0,2017,3,68
1,1,Palwal,4_04_02_V01Y_0,TRUE,FALSE,1,0,0,0,2017,4,81
1,1,Palwal,4_04_02_V01Y_0,TRUE,FALSE,1,0,0,0,2017,5,78
1,1,Palwal,4_04_02_V01Y_0,TRUE,FALSE,1,0,0,0,2017,6,71
1,1,Palwal,4_04_02_V01Y_0,TRUE,FALSE,1,0,0,0,2017,7,73
1,1,Palwal,4_04_02_V01Y_0,TRUE,FALSE,1,0,0,0,2017,8,77
1,1,Palwal,4_04_02_V01Y_0,TRUE,FALSE,1,0,0,0,2017,9,89
1,1,Palwal,4_04_02_V01Y_0,TRUE,FALSE,1,0,0,0,2017,10,86
1,1,Palwal,4_04_02_V01Y_0,TRUE,FALSE,1,0,0,0,2017,11,60
1,1,Palwal,4_04_02_V01Y_0,TRUE,FALSE,1,0,0,0,2017,12,75
1,1,Palwal,4_04_02_V01Y_0,TRUE,FALSE,1,0,0,0,2018,1,80
1,1,Palwal,4_04_02_V01Y_0,TRUE,FALSE,1,0,0,0,2018,2,109
1,1,Palwal,4_04_02_V01Y_0,TRUE,FALSE,1,0,0,0,2018,3,96
1,1,Palwal,4_04_05_V06Y_0,FALSE,TRUE,0,1,0,0,2017,1,11
1,1,Palwal,4_04_05_V06Y_0,FALSE,TRUE,0,1,0,0,2017,2,7
1,1,Palwal,4_04_05_V06Y_0,FALSE,TRUE,0,1,0,0,2017,3,10
1,1,Palwal,4_04_05_V06Y_0,FALSE,TRUE,0,1,0,0,2017,4,10
1,1,Palwal,4_04_05_V06Y_0,FALSE,TRUE,0,1,0,0,2017,5,14
1,1,Palwal,4_04_05_V06Y_0,FALSE,TRUE,0,1,0,0,2017,6,12
1,1,Palwal,4_04_05_V06Y_0,FALSE,TRUE,0,1,0,0,2017,7,12
1,1,Palwal,4_04_05_V06Y_0,FALSE,TRUE,0,1,0,0,2017,8,5
1,1,Palwal,4_04_05_V06Y_0,FALSE,TRUE,0,1,0,0,2017,9,12
1,1,Palwal,4_04_05_V06Y_0,FALSE,TRUE,0,1,0,0,2017,10,16
1,1,Palwal,4_04_05_V06Y_0,FALSE,TRUE,0,1,0,0,2017,11,20
1,1,Palwal,4_04_05_V06Y_0,FALSE,TRUE,0,1,0,0,2017,12,15
1,1,Palwal,4_04_05_V06Y_0,FALSE,TRUE,0,1,0,0,2018,1,20
1,1,Palwal,4_04_05_V06Y_0,FALSE,TRUE,0,1,0,0,2018,2,16
1,1,Palwal,4_04_05_V06Y_0,FALSE,TRUE,0,1,0,0,2018,3,16
1,1,Palwal,4_05_01_V02Y_0,FALSE,TRUE,1,0,0,0,2017,1,6
1,1,Palwal,4_05_01_V02Y_0,FALSE,TRUE,1,0,0,0,2017,2,13
1,1,Palwal,4_05_01_V02Y_0,FALSE,TRUE,1,0,0,0,2017,3,10
1,1,Palwal,4_05_01_V02Y_0,FALSE,TRUE,1,0,0,0,2017,4,10
1,1,Palwal,4_05_01_V02Y_0,FALSE,TRUE,1,0,0,0,2017,5,13
1,1,Palwal,4_05_01_V02Y_0,FALSE,TRUE,1,0,0,0,2017,6,5
1,1,Palwal,4_05_01_V02Y_0,FALSE,TRUE,1,0,0,0,2017,7,13
1,1,Palwal,4_05_01_V02Y_0,FALSE,TRUE,1,0,0,0,2017,8,1
1,1,Palwal,4_05_01_V02Y_0,FALSE,TRUE,1,0,0,0,2017,9,7
1,1,Palwal,4_05_01_V02Y_0,FALSE,TRUE,1,0,0,0,2017,10,20
1,1,Palwal,4_05_01_V02Y_0,FALSE,TRUE,1,0,0,0,2017,11,25
1,1,Palwal,4_05_01_V02Y_0,FALSE,TRUE,1,0,0,0,2017,12,23
1,1,Palwal,4_05_01_V02Y_0,FALSE,TRUE,1,0,0,0,2018,1,11
1,1,Palwal,4_05_01_V02Y_0,FALSE,TRUE,1,0,0,0,2018,2,5
1,1,Palwal,4_05_01_V02Y_0,FALSE,TRUE,1,0,0,0,2018,3,5
1,1,Palwal,4_05_01_V03Y_0,FALSE,TRUE,1,0,0,0,2017,1,12
1,1,Palwal,4_05_01_V03Y_0,FALSE,TRUE,1,0,0,0,2017,2,10
1,1,Palwal,4_05_01_V03Y_0,FALSE,TRUE,1,0,0,0,2017,3,12
1,1,Palwal,4_05_01_V03Y_0,FALSE,TRUE,1,0,0,0,2017,4,10
1,1,Palwal,4_05_01_V03Y_0,FALSE,TRUE,1,0,0,0,2017,5,8
1,1,Palwal,4_05_01_V03Y_0,FALSE,TRUE,1,0,0,0,2017,6,1
1,1,Palwal,4_05_01_V03Y_0,FALSE,TRUE,1,0,0,0,2017,7,10
1,1,Palwal,4_05_01_V03Y_0,FALSE,TRUE,1,0,0,0,2017,8,13
1,1,Palwal,4_05_01_V03Y_0,FALSE,TRUE,1,0,0,0,2017,9,12
1,1,Palwal,4_05_01_V03Y_0,FALSE,TRUE,1,0,0,0,2017,10,10
1,1,Palwal,4_05_01_V03Y_0,FALSE,TRUE,1,0,0,0,2017,11,8
1,1,Palwal,4_05_01_V03Y_0,FALSE,TRUE,1,0,0,0,2017,12,25
1,1,Palwal,4_05_01_V03Y_0,FALSE,TRUE,1,0,0,0,2018,1,7
1,1,Palwal,4_05_01_V03Y_0,FALSE,TRUE,1,0,0,0,2018,2,17
1,1,Palwal,4_05_01_V03Y_0,FALSE,TRUE,1,0,0,0,2018,3,12
1,1,Palwal,4_05_01_V04Y_0,FALSE,TRUE,0,0,0,1,2017,1,23
1,1,Palwal,4_05_01_V04Y_0,FALSE,TRUE,0,0,0,1,2017,2,13
1,1,Palwal,4_05_01_V04Y_0,FALSE,TRUE,0,0,0,1,2017,3,2
1,1,Palwal,4_05_01_V04Y_0,FALSE,TRUE,0,0,0,1,2017,4,9
1,1,Palwal,4_05_01_V04Y_0,FALSE,TRUE,0,0,0,1,2017,5,17
1,1,Palwal,4_05_01_V04Y_0,FALSE,TRUE,0,0,0,1,2017,6,10
1,1,Palwal,4_05_01_V04Y_0,FALSE,TRUE,0,0,0,1,2017,7,12
1,1,Palwal,4_05_01_V04Y_0,FALSE,TRUE,0,0,0,1,2017,8,14
1,1,Palwal,4_05_01_V04Y_0,FALSE,TRUE,0,0,0,1,2017,9,16
1,1,Palwal,4_05_01_V04Y_0,FALSE,TRUE,0,0,0,1,2017,11,8
1,1,Palwal,4_05_01_V04Y_0,FALSE,TRUE,0,0,0,1,2017,12,17
1,1,Palwal,4_05_01_V04Y_0,FALSE,TRUE,0,0,0,1,2018,1,19
1,1,Palwal,4_05_01_V04Y_0,FALSE,TRUE,0,0,0,1,2018,2,7
1,1,Palwal,4_05_01_V04Y_0,FALSE,TRUE,0,0,0,1,2018,3,15
1,1,Palwal,4_05_02_V01Y_0,TRUE,FALSE,0,0,0,1,2017,1,99
1,1,Palwal,4_05_02_V01Y_0,TRUE,FALSE,0,0,0,1,2017,2,58
1,1,Palwal,4_05_02_V01Y_0,TRUE,FALSE,0,0,0,1,2017,3,83
1,1,Palwal,4_05_02_V01Y_0,TRUE,FALSE,0,0,0,1,2017,4,73
1,1,Palwal,4_05_02_V01Y_0,TRUE,FALSE,0,0,0,1,2017,5,62
1,1,Palwal,4_05_02_V01Y_0,TRUE,FALSE,0,0,0,1,2017,6,51
1,1,Palwal,4_05_02_V01Y_0,TRUE,FALSE,0,0,0,1,2017,7,73
1,1,Palwal,4_05_02_V01Y_0,TRUE,FALSE,0,0,0,1,2017,8,60
1,1,Palwal,4_05_02_V01Y_0,TRUE,FALSE,0,0,0,1,2017,9,74
1,1,Palwal,4_05_02_V01Y_0,TRUE,FALSE,0,0,0,1,2017,10,100
1,1,Palwal,4_05_02_V01Y_0,TRUE,FALSE,0,0,0,1,2017,11,53
1,1,Palwal,4_05_02_V01Y_0,TRUE,FALSE,0,0,0,1,2017,12,138
1,1,Palwal,4_05_02_V01Y_0,TRUE,FALSE,0,0,0,1,2018,1,70
1,1,Palwal,4_05_02_V01Y_0,TRUE,FALSE,0,0,0,1,2018,2,106
1,1,Palwal,4_05_02_V01Y_0,TRUE,FALSE,0,0,0,1,2018,3,110
1,1,Palwal,4_05_03_V01Y_0,TRUE,FALSE,0,1,0,0,2017,1,118
1,1,Palwal,4_05_03_V01Y_0,TRUE,FALSE,0,1,0,0,2017,2,64
1,1,Palwal,4_05_03_V01Y_0,TRUE,FALSE,0,1,0,0,2017,3,89
1,1,Palwal,4_05_03_V01Y_0,TRUE,FALSE,0,1,0,0,2017,4,99
1,1,Palwal,4_05_03_V01Y_0,TRUE,FALSE,0,1,0,0,2017,5,99
1,1,Palwal,4_05_03_V01Y_0,TRUE,FALSE,0,1,0,0,2017,6,78
1,1,Palwal,4_05_03_V01Y_0,TRUE,FALSE,0,1,0,0,2017,7,70
1,1,Palwal,4_05_03_V01Y_0,TRUE,FALSE,0,1,0,0,2017,8,85
1,1,Palwal,4_05_03_V01Y_0,TRUE,FALSE,0,1,0,0,2017,9,105
1,1,Palwal,4_05_03_V01Y_0,TRUE,FALSE,0,1,0,0,2017,10,121
1,1,Palwal,4_05_03_V01Y_0,TRUE,FALSE,0,1,0,0,2017,11,142
1,1,Palwal,4_05_03_V01Y_0,TRUE,FALSE,0,1,0,0,2017,12,141
1,1,Palwal,4_05_03_V01Y_0,TRUE,FALSE,0,1,0,0,2018,1,103
1,1,Palwal,4_05_03_V01Y_0,TRUE,FALSE,0,1,0,0,2018,2,78
1,1,Palwal,4_05_03_V01Y_0,TRUE,FALSE,0,1,0,0,2018,3,109
1,1,Palwal,4_05_06_V03Y_0,FALSE,TRUE,0,0,1,0,2016,12,3
1,1,Palwal,4_05_06_V03Y_0,FALSE,TRUE,0,0,1,0,2017,1,5
1,1,Palwal,4_05_06_V03Y_0,FALSE,TRUE,0,0,1,0,2017,2,3
1,1,Palwal,4_05_06_V03Y_0,FALSE,TRUE,0,0,1,0,2017,3,2
1,1,Palwal,4_05_06_V03Y_0,FALSE,TRUE,0,0,1,0,2017,4,3
1,1,Palwal,4_05_06_V03Y_0,FALSE,TRUE,0,0,1,0,2017,5,6
1,1,Palwal,4_05_06_V03Y_0,FALSE,TRUE,0,0,1,0,2017,7,6
1,1,Palwal,4_05_06_V03Y_0,FALSE,TRUE,0,0,1,0,2017,8,6
1,1,Palwal,4_05_06_V03Y_0,FALSE,TRUE,0,0,1,0,2017,9,7
1,1,Palwal,4_05_06_V03Y_0,FALSE,TRUE,0,0,1,0,2017,10,7
1,1,Palwal,4_05_06_V03Y_0,FALSE,TRUE,0,0,1,0,2017,11,3
1,1,Palwal,4_05_06_V03Y_0,FALSE,TRUE,0,0,1,0,2017,12,6
1,1,Palwal,4_05_06_V03Y_0,FALSE,TRUE,0,0,1,0,2018,1,4
1,1,Palwal,4_05_06_V03Y_0,FALSE,TRUE,0,0,1,0,2018,2,6
1,1,Palwal,4_05_06_V03Y_0,FALSE,TRUE,0,0,1,0,2018,3,6
1,1,Palwal,4_06_01_V01Y_0,TRUE,FALSE,0,0,1,0,2017,1,61
1,1,Palwal,4_06_01_V01Y_0,TRUE,FALSE,0,0,1,0,2017,2,40
1,1,Palwal,4_06_01_V01Y_0,TRUE,FALSE,0,0,1,0,2017,3,12
1,1,Palwal,4_06_01_V01Y_0,TRUE,FALSE,0,0,1,0,2017,4,7
1,1,Palwal,4_06_01_V01Y_0,TRUE,FALSE,0,0,1,0,2017,5,20
1,1,Palwal,4_06_01_V01Y_0,TRUE,FALSE,0,0,1,0,2017,6,12
1,1,Palwal,4_06_01_V01Y_0,TRUE,FALSE,0,0,1,0,2017,7,32
1,1,Palwal,4_06_01_V01Y_0,TRUE,FALSE,0,0,1,0,2017,8,29
1,1,Palwal,4_06_01_V01Y_0,TRUE,FALSE,0,0,1,0,2017,9,11
1,1,Palwal,4_06_01_V01Y_0,TRUE,FALSE,0,0,1,0,2017,10,31
1,1,Palwal,4_06_01_V01Y_0,TRUE,FALSE,0,0,1,0,2017,11,34
1,1,Palwal,4_06_01_V01Y_0,TRUE,FALSE,0,0,1,0,2017,12,21
1,1,Palwal,4_06_01_V01Y_0,TRUE,FALSE,0,0,1,0,2018,1,27
1,1,Palwal,4_06_01_V01Y_0,TRUE,FALSE,0,0,1,0,2018,2,7
1,1,Palwal,4_06_01_V01Y_0,TRUE,FALSE,0,0,1,0,2018,3,15
1,1,Palwal,4_06_02_V02Y_0,FALSE,TRUE,0,0,0,1,2016,12,7
1,1,Palwal,4_06_02_V02Y_0,FALSE,TRUE,0,0,0,1,2017,1,34
1,1,Palwal,4_06_02_V02Y_0,FALSE,TRUE,0,0,0,1,2017,3,5
1,1,Palwal,4_06_02_V02Y_0,FALSE,TRUE,0,0,0,1,2017,5,21
1,1,Palwal,4_06_02_V02Y_0,FALSE,TRUE,0,0,0,1,2017,6,42
1,1,Palwal,4_06_02_V02Y_0,FALSE,TRUE,0,0,0,1,2017,7,45
1,1,Palwal,4_06_02_V02Y_0,FALSE,TRUE,0,0,0,1,2017,8,47
1,1,Palwal,4_06_02_V02Y_0,FALSE,TRUE,0,0,0,1,2017,9,63
1,1,Palwal,4_06_02_V02Y_0,FALSE,TRUE,0,0,0,1,2017,10,62
1,1,Palwal,4_06_02_V02Y_0,FALSE,TRUE,0,0,0,1,2017,11,46
1,1,Palwal,4_06_02_V02Y_0,FALSE,TRUE,0,0,0,1,2017,12,62
1,1,Palwal,4_06_02_V02Y_0,FALSE,TRUE,0,0,0,1,2018,1,40
1,1,Palwal,4_06_02_V02Y_0,FALSE,TRUE,0,0,0,1,2018,2,61
1,1,Palwal,4_06_02_V02Y_0,FALSE,TRUE,0,0,0,1,2018,3,56
1,1,Palwal,4_07_01_V01Y_0,TRUE,FALSE,0,0,1,0,2016,12,23
1,1,Palwal,4_07_01_V01Y_0,TRUE,FALSE,0,0,1,0,2017,1,106
1,1,Palwal,4_07_01_V01Y_0,TRUE,FALSE,0,0,1,0,2017,2,73
1,1,Palwal,4_07_01_V01Y_0,TRUE,FALSE,0,0,1,0,2017,3,50
1,1,Palwal,4_07_01_V01Y_0,TRUE,FALSE,0,0,1,0,2017,4,109
1,1,Palwal,4_07_01_V01Y_0,TRUE,FALSE,0,0,1,0,2017,5,78
1,1,Palwal,4_07_01_V01Y_0,TRUE,FALSE,0,0,1,0,2017,6,57
1,1,Palwal,4_07_01_V01Y_0,TRUE,FALSE,0,0,1,0,2017,7,86
1,1,Palwal,4_07_01_V01Y_0,TRUE,FALSE,0,0,1,0,2017,8,62
1,1,Palwal,4_07_01_V01Y_0,TRUE,FALSE,0,0,1,0,2017,9,73
1,1,Palwal,4_07_01_V01Y_0,TRUE,FALSE,0,0,1,0,2017,10,112
1,1,Palwal,4_07_01_V01Y_0,TRUE,FALSE,0,0,1,0,2017,11,108
1,1,Palwal,4_07_01_V01Y_0,TRUE,FALSE,0,0,1,0,2017,12,70
1,1,Palwal,4_07_01_V01Y_0,TRUE,FALSE,0,0,1,0,2018,1,67
1,1,Palwal,4_07_01_V01Y_0,TRUE,FALSE,0,0,1,0,2018,2,34
1,1,Palwal,4_07_01_V01Y_0,TRUE,FALSE,0,0,1,0,2018,3,77
1,1,Palwal,4_07_06_V01Y_0,TRUE,FALSE,0,0,1,0,2017,1,25
1,1,Palwal,4_07_06_V01Y_0,TRUE,FALSE,0,0,1,0,2017,2,29
1,1,Palwal,4_07_06_V01Y_0,TRUE,FALSE,0,0,1,0,2017,3,13
1,1,Palwal,4_07_06_V01Y_0,TRUE,FALSE,0,0,1,0,2017,4,19
1,1,Palwal,4_07_06_V01Y_0,TRUE,FALSE,0,0,1,0,2017,5,29
1,1,Palwal,4_07_06_V01Y_0,TRUE,FALSE,0,0,1,0,2017,6,22
1,1,Palwal,4_07_06_V01Y_0,TRUE,FALSE,0,0,1,0,2017,7,15
1,1,Palwal,4_07_06_V01Y_0,TRUE,FALSE,0,0,1,0,2017,8,31
1,1,Palwal,4_07_06_V01Y_0,TRUE,FALSE,0,0,1,0,2017,9,12
1,1,Palwal,4_07_06_V01Y_0,TRUE,FALSE,0,0,1,0,2017,10,49
1,1,Palwal,4_07_06_V01Y_0,TRUE,FALSE,0,0,1,0,2017,11,26
1,1,Palwal,4_07_06_V01Y_0,TRUE,FALSE,0,0,1,0,2017,12,39
1,1,Palwal,4_07_06_V01Y_0,TRUE,FALSE,0,0,1,0,2018,1,10
1,1,Palwal,4_07_06_V01Y_0,TRUE,FALSE,0,0,1,0,2018,2,38
1,1,Palwal,4_07_06_V01Y_0,TRUE,FALSE,0,0,1,0,2018,3,36
1,1,Palwal,4_07_07_V04Y_0,FALSE,TRUE,0,0,1,0,2016,12,36
1,1,Palwal,4_07_07_V04Y_0,FALSE,TRUE,0,0,1,0,2017,1,103
1,1,Palwal,4_07_07_V04Y_0,FALSE,TRUE,0,0,1,0,2017,2,86
1,1,Palwal,4_07_07_V04Y_0,FALSE,TRUE,0,0,1,0,2017,3,78
1,1,Palwal,4_07_07_V04Y_0,FALSE,TRUE,0,0,1,0,2017,4,83
1,1,Palwal,4_07_07_V04Y_0,FALSE,TRUE,0,0,1,0,2017,5,80
1,1,Palwal,4_07_07_V04Y_0,FALSE,TRUE,0,0,1,0,2017,6,69
1,1,Palwal,4_07_07_V04Y_0,FALSE,TRUE,0,0,1,0,2017,7,65
1,1,Palwal,4_07_07_V04Y_0,FALSE,TRUE,0,0,1,0,2017,8,83
1,1,Palwal,4_07_07_V04Y_0,FALSE,TRUE,0,0,1,0,2017,9,101
1,1,Palwal,4_07_07_V04Y_0,FALSE,TRUE,0,0,1,0,2017,10,99
1,1,Palwal,4_07_07_V04Y_0,FALSE,TRUE,0,0,1,0,2017,11,53
1,1,Palwal,4_07_07_V04Y_0,FALSE,TRUE,0,0,1,0,2017,12,87
1,1,Palwal,4_07_07_V04Y_0,FALSE,TRUE,0,0,1,0,2018,1,36
1,1,Palwal,4_07_07_V04Y_0,FALSE,TRUE,0,0,1,0,2018,2,59
1,1,Palwal,4_07_07_V04Y_0,FALSE,TRUE,0,0,1,0,2018,3,25
1,1,Palwal,4_08_02_V01Y_0,FALSE,FALSE,1,0,0,0,2017,1,8
1,1,Palwal,4_08_02_V01Y_0,FALSE,FALSE,1,0,0,0,2017,2,4
1,1,Palwal,4_08_02_V01Y_0,FALSE,FALSE,1,0,0,0,2017,3,7
1,1,Palwal,4_08_02_V01Y_0,FALSE,FALSE,1,0,0,0,2017,4,3
1,1,Palwal,4_08_02_V01Y_0,FALSE,FALSE,1,0,0,0,2017,5,8
1,1,Palwal,4_08_02_V01Y_0,FALSE,FALSE,1,0,0,0,2017,6,3
1,1,Palwal,4_08_02_V01Y_0,FALSE,FALSE,1,0,0,0,2017,12,6
1,1,Palwal,4_08_02_V01Y_0,FALSE,FALSE,1,0,0,0,2018,2,7
1,1,Palwal,4_08_02_V01Y_0,FALSE,FALSE,1,0,0,0,2018,3,5
1,1,Palwal,4_08_02_V03Y_0,FALSE,FALSE,0,0,1,0,2017,1,13
1,1,Palwal,4_08_02_V03Y_0,FALSE,FALSE,0,0,1,0,2017,2,23
1,1,Palwal,4_08_02_V03Y_0,FALSE,FALSE,0,0,1,0,2017,3,19
1,1,Palwal,4_08_02_V03Y_0,FALSE,FALSE,0,0,1,0,2017,4,23
1,1,Palwal,4_08_02_V03Y_0,FALSE,FALSE,0,0,1,0,2017,5,24
1,1,Palwal,4_08_02_V03Y_0,FALSE,FALSE,0,0,1,0,2017,6,8
1,1,Palwal,4_08_02_V03Y_0,FALSE,FALSE,0,0,1,0,2017,8,3
1,1,Palwal,4_08_02_V03Y_0,FALSE,FALSE,0,0,1,0,2017,9,4
1,1,Palwal,4_08_02_V03Y_0,FALSE,FALSE,0,0,1,0,2017,12,20
1,1,Palwal,4_08_02_V03Y_0,FALSE,FALSE,0,0,1,0,2018,1,13
1,1,Palwal,4_08_02_V03Y_0,FALSE,FALSE,0,0,1,0,2018,2,11
1,1,Palwal,4_08_02_V03Y_0,FALSE,FALSE,0,0,1,0,2018,3,14
1,1,Palwal,4_08_03_V01Y_1,FALSE,FALSE,0,1,0,0,2017,1,23
1,1,Palwal,4_08_03_V01Y_1,FALSE,FALSE,0,1,0,0,2017,2,38
1,1,Palwal,4_08_03_V01Y_1,FALSE,FALSE,0,1,0,0,2017,3,43
1,1,Palwal,4_08_03_V01Y_1,FALSE,FALSE,0,1,0,0,2017,4,39
1,1,Palwal,4_08_03_V01Y_1,FALSE,FALSE,0,1,0,0,2017,5,47
1,1,Palwal,4_08_03_V01Y_1,FALSE,FALSE,0,1,0,0,2017,6,50
1,1,Palwal,4_08_03_V01Y_1,FALSE,FALSE,0,1,0,0,2017,7,54
1,1,Palwal,4_08_03_V01Y_1,FALSE,FALSE,0,1,0,0,2017,8,41
1,1,Palwal,4_08_03_V01Y_1,FALSE,FALSE,0,1,0,0,2017,9,50
1,1,Palwal,4_08_03_V01Y_1,FALSE,FALSE,0,1,0,0,2017,10,43
1,1,Palwal,4_08_03_V01Y_1,FALSE,FALSE,0,1,0,0,2017,11,35
1,1,Palwal,4_08_03_V01Y_1,FALSE,FALSE,0,1,0,0,2017,12,14
1,1,Palwal,4_08_03_V01Y_1,FALSE,FALSE,0,1,0,0,2018,1,31
1,1,Palwal,4_08_03_V01Y_1,FALSE,FALSE,0,1,0,0,2018,2,26
1,1,Palwal,4_08_03_V01Y_1,FALSE,FALSE,0,1,0,0,2018,3,47
1,1,Palwal,4_08_04_V02Y_0,FALSE,FALSE,1,0,0,0,2017,1,35
1,1,Palwal,4_08_04_V02Y_0,FALSE,FALSE,1,0,0,0,2017,2,29
1,1,Palwal,4_08_04_V02Y_0,FALSE,FALSE,1,0,0,0,2017,3,37
1,1,Palwal,4_08_04_V02Y_0,FALSE,FALSE,1,0,0,0,2017,4,33
1,1,Palwal,4_08_04_V02Y_0,FALSE,FALSE,1,0,0,0,2017,5,34
1,1,Palwal,4_08_04_V02Y_0,FALSE,FALSE,1,0,0,0,2017,6,27
1,1,Palwal,4_08_04_V02Y_0,FALSE,FALSE,1,0,0,0,2017,7,23
1,1,Palwal,4_08_04_V02Y_0,FALSE,FALSE,1,0,0,0,2017,8,20
1,1,Palwal,4_08_04_V02Y_0,FALSE,FALSE,1,0,0,0,2017,9,38
1,1,Palwal,4_08_04_V02Y_0,FALSE,FALSE,1,0,0,0,2017,10,31
1,1,Palwal,4_08_04_V02Y_0,FALSE,FALSE,1,0,0,0,2017,11,28
1,1,Palwal,4_08_04_V02Y_0,FALSE,FALSE,1,0,0,0,2017,12,36
1,1,Palwal,4_08_04_V02Y_0,FALSE,FALSE,1,0,0,0,2018,1,30
1,1,Palwal,4_08_04_V02Y_0,FALSE,FALSE,1,0,0,0,2018,2,39
1,1,Palwal,4_08_04_V02Y_0,FALSE,FALSE,1,0,0,0,2018,3,41
1,1,Palwal,4_10_01_V05Y_0,FALSE,FALSE,0,0,1,0,2017,1,22
1,1,Palwal,4_10_01_V05Y_0,FALSE,FALSE,0,0,1,0,2017,2,11
1,1,Palwal,4_10_01_V05Y_0,FALSE,FALSE,0,0,1,0,2017,3,12
1,1,Palwal,4_10_01_V05Y_0,FALSE,FALSE,0,0,1,0,2017,4,9
1,1,Palwal,4_10_01_V05Y_0,FALSE,FALSE,0,0,1,0,2017,5,5
1,1,Palwal,4_10_01_V05Y_0,FALSE,FALSE,0,0,1,0,2017,6,11
1,1,Palwal,4_10_01_V05Y_0,FALSE,FALSE,0,0,1,0,2017,7,11
1,1,Palwal,4_10_01_V05Y_0,FALSE,FALSE,0,0,1,0,2017,8,9
1,1,Palwal,4_10_01_V05Y_0,FALSE,FALSE,0,0,1,0,2017,9,11
1,1,Palwal,4_10_01_V05Y_0,FALSE,FALSE,0,0,1,0,2017,10,11
1,1,Palwal,4_10_01_V05Y_0,FALSE,FALSE,0,0,1,0,2017,11,21
1,1,Palwal,4_10_01_V05Y_0,FALSE,FALSE,0,0,1,0,2017,12,23
1,1,Palwal,4_10_01_V05Y_0,FALSE,FALSE,0,0,1,0,2018,1,26
1,1,Palwal,4_10_01_V05Y_0,FALSE,FALSE,0,0,1,0,2018,2,21
1,1,Palwal,4_10_01_V05Y_0,FALSE,FALSE,0,0,1,0,2018,3,24
1,1,Palwal,4_10_01_V08Y_0,FALSE,FALSE,0,1,0,0,2017,1,9
1,1,Palwal,4_10_01_V08Y_0,FALSE,FALSE,0,1,0,0,2017,2,14
1,1,Palwal,4_10_01_V08Y_0,FALSE,FALSE,0,1,0,0,2017,3,18
1,1,Palwal,4_10_01_V08Y_0,FALSE,FALSE,0,1,0,0,2017,4,15
1,1,Palwal,4_10_01_V08Y_0,FALSE,FALSE,0,1,0,0,2017,5,19
1,1,Palwal,4_10_01_V08Y_0,FALSE,FALSE,0,1,0,0,2017,6,23
1,1,Palwal,4_10_01_V08Y_0,FALSE,FALSE,0,1,0,0,2017,7,12
1,1,Palwal,4_10_01_V08Y_0,FALSE,FALSE,0,1,0,0,2017,8,26
1,1,Palwal,4_10_01_V08Y_0,FALSE,FALSE,0,1,0,0,2017,9,22
1,1,Palwal,4_10_01_V08Y_0,FALSE,FALSE,0,1,0,0,2017,10,25
1,1,Palwal,4_10_01_V08Y_0,FALSE,FALSE,0,1,0,0,2017,11,21
1,1,Palwal,4_10_01_V08Y_0,FALSE,FALSE,0,1,0,0,2017,12,29
1,1,Palwal,4_10_01_V08Y_0,FALSE,FALSE,0,1,0,0,2018,1,22
1,1,Palwal,4_10_01_V08Y_0,FALSE,FALSE,0,1,0,0,2018,2,17
1,1,Palwal,4_10_01_V08Y_0,FALSE,FALSE,0,1,0,0,2018,3,3
1,1,Palwal,4_10_02_V04Y_1,FALSE,FALSE,0,0,0,1,2017,1,18
1,1,Palwal,4_10_02_V04Y_1,FALSE,FALSE,0,0,0,1,2017,2,18
1,1,Palwal,4_10_02_V04Y_1,FALSE,FALSE,0,0,0,1,2017,3,11
1,1,Palwal,4_10_02_V04Y_1,FALSE,FALSE,0,0,0,1,2017,4,19
1,1,Palwal,4_10_02_V04Y_1,FALSE,FALSE,0,0,0,1,2017,5,14
1,1,Palwal,4_10_02_V06Y_0,FALSE,FALSE,0,0,0,1,2017,1,21
1,1,Palwal,4_10_02_V06Y_0,FALSE,FALSE,0,0,0,1,2017,2,22
1,1,Palwal,4_10_02_V06Y_0,FALSE,FALSE,0,0,0,1,2017,3,7
1,1,Palwal,4_10_02_V06Y_0,FALSE,FALSE,0,0,0,1,2017,4,18
1,1,Palwal,4_10_02_V06Y_0,FALSE,FALSE,0,0,0,1,2017,5,35
1,1,Palwal,4_10_02_V06Y_0,FALSE,FALSE,0,0,0,1,2017,6,37
1,1,Palwal,4_10_02_V06Y_0,FALSE,FALSE,0,0,0,1,2017,7,16
1,1,Palwal,4_10_02_V06Y_0,FALSE,FALSE,0,0,0,1,2017,8,31
1,1,Palwal,4_10_02_V06Y_0,FALSE,FALSE,0,0,0,1,2017,9,5
1,1,Palwal,4_10_02_V06Y_0,FALSE,FALSE,0,0,0,1,2017,10,11
1,1,Palwal,4_10_02_V06Y_0,FALSE,FALSE,0,0,0,1,2017,11,26
1,1,Palwal,4_10_02_V06Y_0,FALSE,FALSE,0,0,0,1,2017,12,34
1,1,Palwal,4_10_02_V06Y_0,FALSE,FALSE,0,0,0,1,2018,1,42
1,1,Palwal,4_10_02_V06Y_0,FALSE,FALSE,0,0,0,1,2018,2,33
1,1,Palwal,4_10_02_V06Y_0,FALSE,FALSE,0,0,0,1,2018,3,20
1,1,Palwal,4_11_01_V03Y_0,FALSE,TRUE,0,0,0,1,2016,12,7
1,1,Palwal,4_11_01_V03Y_0,FALSE,TRUE,0,0,0,1,2017,1,4
1,1,Palwal,4_11_01_V03Y_0,FALSE,TRUE,0,0,0,1,2017,2,2
1,1,Palwal,4_11_01_V03Y_0,FALSE,TRUE,0,0,0,1,2017,3,4
1,1,Palwal,4_11_01_V03Y_0,FALSE,TRUE,0,0,0,1,2017,5,2
1,1,Palwal,4_11_01_V03Y_0,FALSE,TRUE,0,0,0,1,2017,7,1
1,1,Palwal,4_11_01_V03Y_0,FALSE,TRUE,0,0,0,1,2017,8,1
1,1,Palwal,4_11_01_V03Y_0,FALSE,TRUE,0,0,0,1,2017,9,4
1,1,Palwal,4_11_01_V03Y_0,FALSE,TRUE,0,0,0,1,2017,10,5
1,1,Palwal,4_11_01_V03Y_0,FALSE,TRUE,0,0,0,1,2017,12,6
1,1,Palwal,4_11_02_V05Y_0,FALSE,TRUE,1,0,0,0,2017,2,16
1,1,Palwal,4_11_02_V05Y_0,FALSE,TRUE,1,0,0,0,2017,3,12
1,1,Palwal,4_11_02_V05Y_0,FALSE,TRUE,1,0,0,0,2017,10,18
1,1,Palwal,4_11_02_V05Y_0,FALSE,TRUE,1,0,0,0,2017,11,15
1,1,Palwal,4_11_02_V05Y_0,FALSE,TRUE,1,0,0,0,2017,12,22
1,1,Palwal,4_11_02_V05Y_0,FALSE,TRUE,1,0,0,0,2018,2,22
1,1,Palwal,4_11_03_V03Y_0,FALSE,TRUE,0,0,0,1,2017,1,4
1,1,Palwal,4_11_03_V03Y_0,FALSE,TRUE,0,0,0,1,2017,2,5
1,1,Palwal,4_11_03_V03Y_0,FALSE,TRUE,0,0,0,1,2017,4,2
1,1,Palwal,4_11_03_V03Y_0,FALSE,TRUE,0,0,0,1,2017,5,5
1,1,Palwal,4_11_03_V03Y_0,FALSE,TRUE,0,0,0,1,2017,7,1
1,1,Palwal,4_11_03_V03Y_0,FALSE,TRUE,0,0,0,1,2017,8,2
1,1,Palwal,4_11_03_V03Y_0,FALSE,TRUE,0,0,0,1,2017,10,4
1,1,Palwal,4_11_03_V03Y_0,FALSE,TRUE,0,0,0,1,2017,12,6
1,1,Palwal,4_11_03_V03Y_0,FALSE,TRUE,0,0,0,1,2018,2,3
1,1,Palwal,4_11_03_V03Y_0,FALSE,TRUE,0,0,0,1,2018,3,11
1,1,Palwal,4_11_03_V04Y_0,FALSE,TRUE,1,0,0,0,2017,1,6
1,1,Palwal,4_11_03_V04Y_0,FALSE,TRUE,1,0,0,0,2017,2,8
1,1,Palwal,4_11_03_V04Y_0,FALSE,TRUE,1,0,0,0,2017,3,2
1,1,Palwal,4_11_03_V04Y_0,FALSE,TRUE,1,0,0,0,2017,4,3
1,1,Palwal,4_11_03_V04Y_0,FALSE,TRUE,1,0,0,0,2017,5,1
1,1,Palwal,4_11_03_V04Y_0,FALSE,TRUE,1,0,0,0,2017,6,5
1,1,Palwal,4_11_03_V04Y_0,FALSE,TRUE,1,0,0,0,2017,7,8
1,1,Palwal,4_11_03_V04Y_0,FALSE,TRUE,1,0,0,0,2017,8,8
1,1,Palwal,4_11_03_V04Y_0,FALSE,TRUE,1,0,0,0,2017,9,4
1,1,Palwal,4_11_03_V04Y_0,FALSE,TRUE,1,0,0,0,2017,10,6
1,1,Palwal,4_11_03_V04Y_0,FALSE,TRUE,1,0,0,0,2017,11,9
1,1,Palwal,4_11_03_V04Y_0,FALSE,TRUE,1,0,0,0,2017,12,10
1,1,Palwal,4_11_03_V04Y_0,FALSE,TRUE,1,0,0,0,2018,2,8
1,1,Palwal,4_11_03_V04Y_0,FALSE,TRUE,1,0,0,0,2018,3,4
1,1,Palwal,4_12_02_V02Y_0,FALSE,FALSE,0,0,0,1,2017,1,103
1,1,Palwal,4_12_02_V02Y_0,FALSE,FALSE,0,0,0,1,2017,2,98
1,1,Palwal,4_12_02_V02Y_0,FALSE,FALSE,0,0,0,1,2017,3,94
1,1,Palwal,4_12_02_V02Y_0,FALSE,FALSE,0,0,0,1,2017,4,91
1,1,Palwal,4_12_02_V02Y_0,FALSE,FALSE,0,0,0,1,2017,5,75
1,1,Palwal,4_12_02_V02Y_0,FALSE,FALSE,0,0,0,1,2017,6,74
1,1,Palwal,4_12_02_V02Y_0,FALSE,FALSE,0,0,0,1,2017,7,52
1,1,Palwal,4_12_02_V02Y_0,FALSE,FALSE,0,0,0,1,2017,8,66
1,1,Palwal,4_12_02_V02Y_0,FALSE,FALSE,0,0,0,1,2017,9,62
1,1,Palwal,4_12_02_V02Y_0,FALSE,FALSE,0,0,0,1,2017,10,118
1,1,Palwal,4_12_02_V02Y_0,FALSE,FALSE,0,0,0,1,2017,11,96
1,1,Palwal,4_12_02_V02Y_0,FALSE,FALSE,0,0,0,1,2017,12,92
1,1,Palwal,4_12_02_V02Y_0,FALSE,FALSE,0,0,0,1,2018,1,67
1,1,Palwal,4_12_02_V02Y_0,FALSE,FALSE,0,0,0,1,2018,2,79
1,1,Palwal,4_12_02_V02Y_0,FALSE,FALSE,0,0,0,1,2018,3,53
1,1,Palwal,4_12_04_V09Y_0,FALSE,FALSE,1,0,0,0,2017,1,5
1,1,Palwal,4_12_04_V09Y_0,FALSE,FALSE,1,0,0,0,2017,2,6
1,1,Palwal,4_12_04_V09Y_0,FALSE,FALSE,1,0,0,0,2017,3,4
1,1,Palwal,4_12_04_V09Y_0,FALSE,FALSE,1,0,0,0,2017,4,8
1,1,Palwal,4_12_04_V09Y_0,FALSE,FALSE,1,0,0,0,2017,5,3
1,1,Palwal,4_12_04_V09Y_0,FALSE,FALSE,1,0,0,0,2017,6,4
1,1,Palwal,4_12_04_V09Y_0,FALSE,FALSE,1,0,0,0,2017,7,1
1,1,Palwal,4_12_04_V09Y_0,FALSE,FALSE,1,0,0,0,2017,8,1
1,1,Palwal,4_12_04_V09Y_0,FALSE,FALSE,1,0,0,0,2017,12,7
1,1,Palwal,4_12_04_V09Y_0,FALSE,FALSE,1,0,0,0,2018,1,4
1,1,Palwal,4_12_04_V09Y_0,FALSE,FALSE,1,0,0,0,2018,2,16
1,1,Palwal,4_12_04_V09Y_0,FALSE,FALSE,1,0,0,0,2018,3,5
1,1,Palwal,4_12_05_V09Y_0,FALSE,FALSE,0,0,1,0,2017,2,16
1,1,Palwal,4_12_05_V09Y_0,FALSE,FALSE,0,0,1,0,2017,3,14
1,1,Palwal,4_12_05_V09Y_0,FALSE,FALSE,0,0,1,0,2017,4,7
1,1,Palwal,4_12_05_V09Y_0,FALSE,FALSE,0,0,1,0,2017,5,6
1,1,Palwal,4_12_05_V09Y_0,FALSE,FALSE,0,0,1,0,2017,6,6
1,1,Palwal,4_12_05_V09Y_0,FALSE,FALSE,0,0,1,0,2017,7,13
1,1,Palwal,4_12_05_V09Y_0,FALSE,FALSE,0,0,1,0,2017,8,10
1,1,Palwal,4_12_05_V09Y_0,FALSE,FALSE,0,0,1,0,2017,9,13
1,1,Palwal,4_13_01_V02Y_0,FALSE,FALSE,0,1,0,0,2017,1,21
1,1,Palwal,4_13_01_V02Y_0,FALSE,FALSE,0,1,0,0,2017,2,17
1,1,Palwal,4_13_01_V02Y_0,FALSE,FALSE,0,1,0,0,2017,4,3
1,1,Palwal,4_13_01_V02Y_0,FALSE,FALSE,0,1,0,0,2017,5,3
1,1,Palwal,4_13_01_V02Y_0,FALSE,FALSE,0,1,0,0,2017,6,8
1,1,Palwal,4_13_01_V02Y_0,FALSE,FALSE,0,1,0,0,2017,7,12
1,1,Palwal,4_13_01_V02Y_0,FALSE,FALSE,0,1,0,0,2017,8,15
1,1,Palwal,4_13_01_V02Y_0,FALSE,FALSE,0,1,0,0,2017,9,7
1,1,Palwal,4_13_01_V02Y_0,FALSE,FALSE,0,1,0,0,2017,10,14
1,1,Palwal,4_13_01_V02Y_0,FALSE,FALSE,0,1,0,0,2017,11,9
1,1,Palwal,4_13_01_V02Y_0,FALSE,FALSE,0,1,0,0,2017,12,17
1,1,Palwal,4_13_01_V02Y_0,FALSE,FALSE,0,1,0,0,2018,1,20
1,1,Palwal,4_13_01_V02Y_0,FALSE,FALSE,0,1,0,0,2018,2,18
1,1,Palwal,4_13_01_V02Y_0,FALSE,FALSE,0,1,0,0,2018,3,9
1,1,Palwal,4_13_02_V06Y_0,FALSE,FALSE,0,1,0,0,2017,1,40
1,1,Palwal,4_13_02_V06Y_0,FALSE,FALSE,0,1,0,0,2017,2,21
1,1,Palwal,4_13_02_V06Y_0,FALSE,FALSE,0,1,0,0,2017,3,4
1,1,Palwal,4_13_02_V06Y_0,FALSE,FALSE,0,1,0,0,2017,5,34
1,1,Palwal,4_13_02_V06Y_0,FALSE,FALSE,0,1,0,0,2017,6,15
1,1,Palwal,4_13_02_V06Y_0,FALSE,FALSE,0,1,0,0,2017,7,35
1,1,Palwal,4_13_02_V06Y_0,FALSE,FALSE,0,1,0,0,2017,8,42
1,1,Palwal,4_13_02_V06Y_0,FALSE,FALSE,0,1,0,0,2017,9,37
1,1,Palwal,4_13_02_V06Y_0,FALSE,FALSE,0,1,0,0,2017,10,13
1,1,Palwal,4_13_02_V06Y_0,FALSE,FALSE,0,1,0,0,2017,11,45
1,1,Palwal,4_13_02_V06Y_0,FALSE,FALSE,0,1,0,0,2017,12,43
1,1,Panipat,5_01_01_V01Y_0,FALSE,FALSE,0,1,0,0,2017,3,46
1,1,Panipat,5_01_01_V01Y_0,FALSE,FALSE,0,1,0,0,2017,4,49
1,1,Panipat,5_01_01_V01Y_0,FALSE,FALSE,0,1,0,0,2017,5,37
1,1,Panipat,5_01_01_V01Y_0,FALSE,FALSE,0,1,0,0,2017,6,39
1,1,Panipat,5_01_01_V01Y_0,FALSE,FALSE,0,1,0,0,2017,7,63
1,1,Panipat,5_01_01_V01Y_0,FALSE,FALSE,0,1,0,0,2017,8,41
1,1,Panipat,5_01_01_V01Y_0,FALSE,FALSE,0,1,0,0,2017,9,47
1,1,Panipat,5_01_01_V01Y_0,FALSE,FALSE,0,1,0,0,2017,10,53
1,1,Panipat,5_01_01_V01Y_0,FALSE,FALSE,0,1,0,0,2017,11,66
1,1,Panipat,5_01_01_V01Y_0,FALSE,FALSE,0,1,0,0,2017,12,61
1,1,Panipat,5_01_01_V01Y_0,FALSE,FALSE,0,1,0,0,2018,1,51
1,1,Panipat,5_01_01_V01Y_0,FALSE,FALSE,0,1,0,0,2018,2,72
1,1,Panipat,5_01_01_V01Y_0,FALSE,FALSE,0,1,0,0,2018,3,62
1,1,Panipat,5_01_04_V01Y_0,FALSE,FALSE,0,0,1,0,2017,3,54
1,1,Panipat,5_01_04_V01Y_0,FALSE,FALSE,0,0,1,0,2017,4,67
1,1,Panipat,5_01_04_V01Y_0,FALSE,FALSE,0,0,1,0,2017,5,55
1,1,Panipat,5_01_04_V01Y_0,FALSE,FALSE,0,0,1,0,2017,6,61
1,1,Panipat,5_01_04_V01Y_0,FALSE,FALSE,0,0,1,0,2017,7,59
1,1,Panipat,5_01_04_V01Y_0,FALSE,FALSE,0,0,1,0,2017,8,49
1,1,Panipat,5_01_04_V01Y_0,FALSE,FALSE,0,0,1,0,2017,9,52
1,1,Panipat,5_01_04_V01Y_0,FALSE,FALSE,0,0,1,0,2017,10,47
1,1,Panipat,5_01_04_V01Y_0,FALSE,FALSE,0,0,1,0,2017,11,58
1,1,Panipat,5_01_04_V01Y_0,FALSE,FALSE,0,0,1,0,2017,12,81
1,1,Panipat,5_01_04_V01Y_0,FALSE,FALSE,0,0,1,0,2018,1,47
1,1,Panipat,5_01_04_V01Y_0,FALSE,FALSE,0,0,1,0,2018,2,106
1,1,Panipat,5_01_04_V01Y_0,FALSE,FALSE,0,0,1,0,2018,3,64
1,1,Panipat,5_01_06_V01Y_0,FALSE,FALSE,1,0,0,0,2017,3,3
1,1,Panipat,5_01_06_V01Y_0,FALSE,FALSE,1,0,0,0,2017,4,4
1,1,Panipat,5_01_06_V01Y_0,FALSE,FALSE,1,0,0,0,2017,5,4
1,1,Panipat,5_01_06_V01Y_0,FALSE,FALSE,1,0,0,0,2017,6,1
1,1,Panipat,5_01_06_V01Y_0,FALSE,FALSE,1,0,0,0,2017,7,3
1,1,Panipat,5_01_06_V01Y_0,FALSE,FALSE,1,0,0,0,2017,8,1
1,1,Panipat,5_01_06_V01Y_0,FALSE,FALSE,1,0,0,0,2017,9,3
1,1,Panipat,5_01_06_V01Y_0,FALSE,FALSE,1,0,0,0,2017,10,2
1,1,Panipat,5_01_06_V01Y_0,FALSE,FALSE,1,0,0,0,2017,11,4
1,1,Panipat,5_01_06_V01Y_0,FALSE,FALSE,1,0,0,0,2017,12,5
1,1,Panipat,5_01_06_V01Y_0,FALSE,FALSE,1,0,0,0,2018,1,6
1,1,Panipat,5_01_06_V01Y_0,FALSE,FALSE,1,0,0,0,2018,2,8
1,1,Panipat,5_01_06_V01Y_0,FALSE,FALSE,1,0,0,0,2018,3,10
1,1,Panipat,5_01_06_V02Y_0,FALSE,FALSE,0,0,0,1,2017,3,17
1,1,Panipat,5_01_06_V02Y_0,FALSE,FALSE,0,0,0,1,2017,4,17
1,1,Panipat,5_01_06_V02Y_0,FALSE,FALSE,0,0,0,1,2017,5,19
1,1,Panipat,5_01_06_V02Y_0,FALSE,FALSE,0,0,0,1,2017,6,14
1,1,Panipat,5_01_06_V02Y_0,FALSE,FALSE,0,0,0,1,2017,7,31
1,1,Panipat,5_01_06_V02Y_0,FALSE,FALSE,0,0,0,1,2017,8,16
1,1,Panipat,5_01_06_V02Y_0,FALSE,FALSE,0,0,0,1,2017,9,27
1,1,Panipat,5_01_06_V02Y_0,FALSE,FALSE,0,0,0,1,2017,10,25
1,1,Panipat,5_01_06_V02Y_0,FALSE,FALSE,0,0,0,1,2017,11,22
1,1,Panipat,5_01_06_V02Y_0,FALSE,FALSE,0,0,0,1,2017,12,27
1,1,Panipat,5_01_06_V02Y_0,FALSE,FALSE,0,0,0,1,2018,1,16
1,1,Panipat,5_01_06_V02Y_0,FALSE,FALSE,0,0,0,1,2018,2,27
1,1,Panipat,5_01_06_V02Y_0,FALSE,FALSE,0,0,0,1,2018,3,31
1,1,Panipat,5_02_01_V01Y_0,FALSE,FALSE,0,0,1,0,2017,3,46
1,1,Panipat,5_02_01_V01Y_0,FALSE,FALSE,0,0,1,0,2017,4,38
1,1,Panipat,5_02_01_V01Y_0,FALSE,FALSE,0,0,1,0,2017,5,51
1,1,Panipat,5_02_01_V01Y_0,FALSE,FALSE,0,0,1,0,2017,6,44
1,1,Panipat,5_02_01_V01Y_0,FALSE,FALSE,0,0,1,0,2017,7,35
1,1,Panipat,5_02_01_V01Y_0,FALSE,FALSE,0,0,1,0,2017,8,31
1,1,Panipat,5_02_01_V01Y_0,FALSE,FALSE,0,0,1,0,2017,9,46
1,1,Panipat,5_02_01_V01Y_0,FALSE,FALSE,0,0,1,0,2017,10,31
1,1,Panipat,5_02_01_V01Y_0,FALSE,FALSE,0,0,1,0,2017,11,50
1,1,Panipat,5_02_01_V01Y_0,FALSE,FALSE,0,0,1,0,2017,12,33
1,1,Panipat,5_02_01_V01Y_0,FALSE,FALSE,0,0,1,0,2018,1,44
1,1,Panipat,5_02_01_V01Y_0,FALSE,FALSE,0,0,1,0,2018,2,48
1,1,Panipat,5_02_01_V01Y_0,FALSE,FALSE,0,0,1,0,2018,3,55
1,1,Panipat,5_03_02_V01Y_0,TRUE,FALSE,0,1,0,0,2017,2,25
1,1,Panipat,5_03_02_V01Y_0,TRUE,FALSE,0,1,0,0,2017,3,96
1,1,Panipat,5_03_02_V01Y_0,TRUE,FALSE,0,1,0,0,2017,4,66
1,1,Panipat,5_03_02_V01Y_0,TRUE,FALSE,0,1,0,0,2017,5,74
1,1,Panipat,5_03_02_V01Y_0,TRUE,FALSE,0,1,0,0,2017,6,71
1,1,Panipat,5_03_02_V01Y_0,TRUE,FALSE,0,1,0,0,2017,7,72
1,1,Panipat,5_03_02_V01Y_0,TRUE,FALSE,0,1,0,0,2017,8,84
1,1,Panipat,5_03_02_V01Y_0,TRUE,FALSE,0,1,0,0,2017,9,74
1,1,Panipat,5_03_02_V01Y_0,TRUE,FALSE,0,1,0,0,2017,10,84
1,1,Panipat,5_03_02_V01Y_0,TRUE,FALSE,0,1,0,0,2017,11,97
1,1,Panipat,5_03_02_V01Y_0,TRUE,FALSE,0,1,0,0,2017,12,84
1,1,Panipat,5_03_02_V01Y_0,TRUE,FALSE,0,1,0,0,2018,1,54
1,1,Panipat,5_03_02_V01Y_0,TRUE,FALSE,0,1,0,0,2018,2,101
1,1,Panipat,5_03_02_V01Y_0,TRUE,FALSE,0,1,0,0,2018,3,111
1,1,Panipat,5_03_03_V01Y_0,FALSE,TRUE,0,0,1,0,2017,2,1
1,1,Panipat,5_03_03_V01Y_0,FALSE,TRUE,0,0,1,0,2017,3,16
1,1,Panipat,5_03_03_V01Y_0,FALSE,TRUE,0,0,1,0,2017,4,20
1,1,Panipat,5_03_03_V01Y_0,FALSE,TRUE,0,0,1,0,2017,5,16
1,1,Panipat,5_03_03_V01Y_0,FALSE,TRUE,0,0,1,0,2017,6,13
1,1,Panipat,5_03_03_V01Y_0,FALSE,TRUE,0,0,1,0,2017,7,18
1,1,Panipat,5_03_03_V01Y_0,FALSE,TRUE,0,0,1,0,2017,8,11
1,1,Panipat,5_03_03_V01Y_0,FALSE,TRUE,0,0,1,0,2017,9,11
1,1,Panipat,5_03_03_V01Y_0,FALSE,TRUE,0,0,1,0,2017,12,21
1,1,Panipat,5_03_03_V01Y_0,FALSE,TRUE,0,0,1,0,2018,1,32
1,1,Panipat,5_03_03_V01Y_0,FALSE,TRUE,0,0,1,0,2018,2,29
1,1,Panipat,5_03_03_V01Y_0,FALSE,TRUE,0,0,1,0,2018,3,22
1,1,Panipat,5_03_03_V06Y_0,FALSE,TRUE,1,0,0,0,2017,2,1
1,1,Panipat,5_03_03_V06Y_0,FALSE,TRUE,1,0,0,0,2017,3,20
1,1,Panipat,5_03_03_V06Y_0,FALSE,TRUE,1,0,0,0,2017,4,23
1,1,Panipat,5_03_03_V06Y_0,FALSE,TRUE,1,0,0,0,2017,5,14
1,1,Panipat,5_03_03_V06Y_0,FALSE,TRUE,1,0,0,0,2017,6,18
1,1,Panipat,5_03_03_V06Y_0,FALSE,TRUE,1,0,0,0,2017,7,22
1,1,Panipat,5_03_03_V06Y_0,FALSE,TRUE,1,0,0,0,2017,8,19
1,1,Panipat,5_03_03_V06Y_0,FALSE,TRUE,1,0,0,0,2017,9,30
1,1,Panipat,5_03_03_V06Y_0,FALSE,TRUE,1,0,0,0,2017,10,25
1,1,Panipat,5_03_03_V06Y_0,FALSE,TRUE,1,0,0,0,2017,11,31
1,1,Panipat,5_03_03_V06Y_0,FALSE,TRUE,1,0,0,0,2017,12,25
1,1,Panipat,5_03_03_V06Y_0,FALSE,TRUE,1,0,0,0,2018,1,25
1,1,Panipat,5_03_03_V06Y_0,FALSE,TRUE,1,0,0,0,2018,2,31
1,1,Panipat,5_03_03_V06Y_0,FALSE,TRUE,1,0,0,0,2018,3,32
1,1,Panipat,5_03_04_V02Y_0,TRUE,FALSE,1,0,0,0,2017,2,5
1,1,Panipat,5_03_04_V02Y_0,TRUE,FALSE,1,0,0,0,2017,3,14
1,1,Panipat,5_03_04_V02Y_0,TRUE,FALSE,1,0,0,0,2017,4,9
1,1,Panipat,5_03_04_V02Y_0,TRUE,FALSE,1,0,0,0,2017,5,10
1,1,Panipat,5_03_04_V02Y_0,TRUE,FALSE,1,0,0,0,2017,6,7
1,1,Panipat,5_03_04_V02Y_0,TRUE,FALSE,1,0,0,0,2017,7,18
1,1,Panipat,5_03_04_V02Y_0,TRUE,FALSE,1,0,0,0,2017,8,16
1,1,Panipat,5_03_04_V02Y_0,TRUE,FALSE,1,0,0,0,2017,9,20
1,1,Panipat,5_03_04_V02Y_0,TRUE,FALSE,1,0,0,0,2017,10,22
1,1,Panipat,5_03_04_V02Y_0,TRUE,FALSE,1,0,0,0,2017,11,14
1,1,Panipat,5_03_04_V02Y_0,TRUE,FALSE,1,0,0,0,2017,12,24
1,1,Panipat,5_03_04_V02Y_0,TRUE,FALSE,1,0,0,0,2018,1,15
1,1,Panipat,5_03_04_V02Y_0,TRUE,FALSE,1,0,0,0,2018,2,26
1,1,Panipat,5_03_04_V02Y_0,TRUE,FALSE,1,0,0,0,2018,3,12
1,1,Panipat,5_03_04_V03Y_1,TRUE,FALSE,0,0,0,1,2017,2,7
1,1,Panipat,5_03_04_V03Y_1,TRUE,FALSE,0,0,0,1,2017,3,32
1,1,Panipat,5_03_04_V03Y_1,TRUE,FALSE,0,0,0,1,2017,4,35
1,1,Panipat,5_03_04_V03Y_1,TRUE,FALSE,0,0,0,1,2017,5,34
1,1,Panipat,5_03_04_V03Y_1,TRUE,FALSE,0,0,0,1,2017,6,40
1,1,Panipat,5_03_04_V03Y_1,TRUE,FALSE,0,0,0,1,2017,7,41
1,1,Panipat,5_03_04_V03Y_1,TRUE,FALSE,0,0,0,1,2017,8,30
1,1,Panipat,5_03_04_V03Y_1,TRUE,FALSE,0,0,0,1,2017,9,33
1,1,Panipat,5_03_04_V03Y_1,TRUE,FALSE,0,0,0,1,2017,10,43
1,1,Panipat,5_03_04_V03Y_1,TRUE,FALSE,0,0,0,1,2017,11,48
1,1,Panipat,5_03_04_V03Y_1,TRUE,FALSE,0,0,0,1,2017,12,47
1,1,Panipat,5_03_04_V03Y_1,TRUE,FALSE,0,0,0,1,2018,1,29
1,1,Panipat,5_03_04_V03Y_1,TRUE,FALSE,0,0,0,1,2018,2,50
1,1,Panipat,5_03_04_V03Y_1,TRUE,FALSE,0,0,0,1,2018,3,44
1,1,Panipat,5_04_06_V02Y_0,TRUE,FALSE,0,1,0,0,2017,3,3
1,1,Panipat,5_04_06_V02Y_0,TRUE,FALSE,0,1,0,0,2017,4,4
1,1,Panipat,5_04_06_V02Y_0,TRUE,FALSE,0,1,0,0,2017,6,3
1,1,Panipat,5_04_06_V02Y_0,TRUE,FALSE,0,1,0,0,2017,7,1
1,1,Panipat,5_04_06_V02Y_0,TRUE,FALSE,0,1,0,0,2017,9,1
1,1,Panipat,5_04_06_V02Y_0,TRUE,FALSE,0,1,0,0,2017,10,3
1,1,Panipat,5_04_06_V02Y_0,TRUE,FALSE,0,1,0,0,2017,11,2
1,1,Panipat,5_04_06_V02Y_0,TRUE,FALSE,0,1,0,0,2017,12,3
1,1,Panipat,5_04_06_V02Y_0,TRUE,FALSE,0,1,0,0,2018,1,1
1,1,Panipat,5_04_06_V02Y_0,TRUE,FALSE,0,1,0,0,2018,2,7
1,1,Panipat,5_04_06_V02Y_0,TRUE,FALSE,0,1,0,0,2018,3,9
1,1,Panipat,5_04_09_V04Y_0,FALSE,TRUE,0,1,0,0,2017,3,7
1,1,Panipat,5_04_09_V04Y_0,FALSE,TRUE,0,1,0,0,2017,4,6
1,1,Panipat,5_04_09_V04Y_0,FALSE,TRUE,0,1,0,0,2017,5,4
1,1,Panipat,5_04_09_V04Y_0,FALSE,TRUE,0,1,0,0,2017,6,9
1,1,Panipat,5_04_09_V04Y_0,FALSE,TRUE,0,1,0,0,2017,7,10
1,1,Panipat,5_04_09_V04Y_0,FALSE,TRUE,0,1,0,0,2017,8,15
1,1,Panipat,5_04_09_V04Y_0,FALSE,TRUE,0,1,0,0,2017,9,7
1,1,Panipat,5_04_09_V04Y_0,FALSE,TRUE,0,1,0,0,2017,10,7
1,1,Panipat,5_04_09_V04Y_0,FALSE,TRUE,0,1,0,0,2017,12,13
1,1,Panipat,5_04_09_V04Y_0,FALSE,TRUE,0,1,0,0,2018,1,9
1,1,Panipat,5_04_09_V04Y_0,FALSE,TRUE,0,1,0,0,2018,2,10
1,1,Panipat,5_04_09_V04Y_0,FALSE,TRUE,0,1,0,0,2018,3,13
1,1,Panipat,5_04_11_V02Y_0,TRUE,FALSE,0,0,1,0,2017,3,14
1,1,Panipat,5_04_11_V02Y_0,TRUE,FALSE,0,0,1,0,2017,4,23
1,1,Panipat,5_04_11_V02Y_0,TRUE,FALSE,0,0,1,0,2017,5,19
1,1,Panipat,5_04_11_V02Y_0,TRUE,FALSE,0,0,1,0,2017,6,16
1,1,Panipat,5_04_11_V02Y_0,TRUE,FALSE,0,0,1,0,2017,7,11
1,1,Panipat,5_04_11_V02Y_0,TRUE,FALSE,0,0,1,0,2017,8,12
1,1,Panipat,5_04_11_V02Y_0,TRUE,FALSE,0,0,1,0,2017,9,26
1,1,Panipat,5_04_11_V02Y_0,TRUE,FALSE,0,0,1,0,2017,10,27
1,1,Panipat,5_04_11_V02Y_0,TRUE,FALSE,0,0,1,0,2017,11,14
1,1,Panipat,5_04_11_V02Y_0,TRUE,FALSE,0,0,1,0,2017,12,27
1,1,Panipat,5_04_11_V02Y_0,TRUE,FALSE,0,0,1,0,2018,1,7
1,1,Panipat,5_04_11_V02Y_0,TRUE,FALSE,0,0,1,0,2018,2,23
1,1,Panipat,5_04_11_V02Y_0,TRUE,FALSE,0,0,1,0,2018,3,16
1,1,Panipat,5_05_02_V01Y_0,FALSE,FALSE,1,0,0,0,2017,3,27
1,1,Panipat,5_05_02_V01Y_0,FALSE,FALSE,1,0,0,0,2017,4,35
1,1,Panipat,5_05_02_V01Y_0,FALSE,FALSE,1,0,0,0,2017,5,27
1,1,Panipat,5_05_02_V01Y_0,FALSE,FALSE,1,0,0,0,2017,6,31
1,1,Panipat,5_05_02_V01Y_0,FALSE,FALSE,1,0,0,0,2017,7,13
1,1,Panipat,5_05_02_V01Y_0,FALSE,FALSE,1,0,0,0,2017,8,21
1,1,Panipat,5_05_02_V01Y_0,FALSE,FALSE,1,0,0,0,2017,9,17
1,1,Panipat,5_05_02_V01Y_0,FALSE,FALSE,1,0,0,0,2017,10,17
1,1,Panipat,5_05_02_V01Y_0,FALSE,FALSE,1,0,0,0,2017,11,19
1,1,Panipat,5_05_02_V01Y_0,FALSE,FALSE,1,0,0,0,2017,12,24
1,1,Panipat,5_05_02_V01Y_0,FALSE,FALSE,1,0,0,0,2018,1,16
1,1,Panipat,5_05_02_V01Y_0,FALSE,FALSE,1,0,0,0,2018,2,15
1,1,Panipat,5_05_02_V01Y_0,FALSE,FALSE,1,0,0,0,2018,3,22
1,1,Panipat,5_05_03_V02Y_0,FALSE,FALSE,1,0,0,0,2017,3,12
1,1,Panipat,5_05_03_V02Y_0,FALSE,FALSE,1,0,0,0,2017,4,17
1,1,Panipat,5_05_03_V02Y_0,FALSE,FALSE,1,0,0,0,2017,5,17
1,1,Panipat,5_05_03_V02Y_0,FALSE,FALSE,1,0,0,0,2017,6,15
1,1,Panipat,5_05_03_V02Y_0,FALSE,FALSE,1,0,0,0,2017,7,27
1,1,Panipat,5_05_03_V02Y_0,FALSE,FALSE,1,0,0,0,2017,8,22
1,1,Panipat,5_05_03_V02Y_0,FALSE,FALSE,1,0,0,0,2017,9,16
1,1,Panipat,5_05_03_V02Y_0,FALSE,FALSE,1,0,0,0,2017,10,19
1,1,Panipat,5_05_03_V02Y_0,FALSE,FALSE,1,0,0,0,2017,11,19
1,1,Panipat,5_05_03_V02Y_0,FALSE,FALSE,1,0,0,0,2017,12,10
1,1,Panipat,5_05_03_V02Y_0,FALSE,FALSE,1,0,0,0,2018,1,20
1,1,Panipat,5_05_03_V02Y_0,FALSE,FALSE,1,0,0,0,2018,2,28
1,1,Panipat,5_05_03_V02Y_0,FALSE,FALSE,1,0,0,0,2018,3,33
1,1,Panipat,5_05_03_V03Y_0,FALSE,FALSE,0,0,1,0,2017,3,12
1,1,Panipat,5_05_03_V03Y_0,FALSE,FALSE,0,0,1,0,2017,4,29
1,1,Panipat,5_05_03_V03Y_0,FALSE,FALSE,0,0,1,0,2017,5,26
1,1,Panipat,5_05_03_V03Y_0,FALSE,FALSE,0,0,1,0,2017,6,22
1,1,Panipat,5_05_03_V03Y_0,FALSE,FALSE,0,0,1,0,2017,7,23
1,1,Panipat,5_05_03_V03Y_0,FALSE,FALSE,0,0,1,0,2017,8,17
1,1,Panipat,5_05_03_V03Y_0,FALSE,FALSE,0,0,1,0,2017,9,17
1,1,Panipat,5_05_03_V03Y_0,FALSE,FALSE,0,0,1,0,2017,10,20
1,1,Panipat,5_05_03_V03Y_0,FALSE,FALSE,0,0,1,0,2017,11,16
1,1,Panipat,5_05_03_V03Y_0,FALSE,FALSE,0,0,1,0,2017,12,31
1,1,Panipat,5_05_03_V03Y_0,FALSE,FALSE,0,0,1,0,2018,1,16
1,1,Panipat,5_05_03_V03Y_0,FALSE,FALSE,0,0,1,0,2018,2,32
1,1,Panipat,5_05_03_V03Y_0,FALSE,FALSE,0,0,1,0,2018,3,23
1,1,Panipat,5_05_04_V01Y_0,FALSE,FALSE,0,0,0,1,2017,3,5
1,1,Panipat,5_05_04_V01Y_0,FALSE,FALSE,0,0,0,1,2017,4,5
1,1,Panipat,5_05_04_V01Y_0,FALSE,FALSE,0,0,0,1,2017,5,3
1,1,Panipat,5_05_04_V01Y_0,FALSE,FALSE,0,0,0,1,2017,6,2
1,1,Panipat,5_05_04_V01Y_0,FALSE,FALSE,0,0,0,1,2017,7,7
1,1,Panipat,5_05_04_V01Y_0,FALSE,FALSE,0,0,0,1,2017,8,2
1,1,Panipat,5_05_04_V01Y_0,FALSE,FALSE,0,0,0,1,2017,9,5
1,1,Panipat,5_05_04_V01Y_0,FALSE,FALSE,0,0,0,1,2018,2,8
1,1,Panipat,5_05_04_V01Y_0,FALSE,FALSE,0,0,0,1,2018,3,5
1,1,Panipat,5_05_06_V01Y_0,FALSE,FALSE,0,0,0,1,2017,3,24
1,1,Panipat,5_05_06_V01Y_0,FALSE,FALSE,0,0,0,1,2017,4,33
1,1,Panipat,5_05_06_V01Y_0,FALSE,FALSE,0,0,0,1,2017,5,38
1,1,Panipat,5_05_06_V01Y_0,FALSE,FALSE,0,0,0,1,2017,6,26
1,1,Panipat,5_05_06_V01Y_0,FALSE,FALSE,0,0,0,1,2017,7,31
1,1,Panipat,5_05_06_V01Y_0,FALSE,FALSE,0,0,0,1,2017,8,25
1,1,Panipat,5_05_06_V01Y_0,FALSE,FALSE,0,0,0,1,2017,9,23
1,1,Panipat,5_05_06_V01Y_0,FALSE,FALSE,0,0,0,1,2017,10,15
1,1,Panipat,5_05_06_V01Y_0,FALSE,FALSE,0,0,0,1,2017,11,24
1,1,Panipat,5_05_06_V01Y_0,FALSE,FALSE,0,0,0,1,2017,12,28
1,1,Panipat,5_05_06_V01Y_0,FALSE,FALSE,0,0,0,1,2018,1,38
1,1,Panipat,5_05_06_V01Y_0,FALSE,FALSE,0,0,0,1,2018,2,34
1,1,Panipat,5_05_06_V01Y_0,FALSE,FALSE,0,0,0,1,2018,3,33
1,1,Panipat,5_06_01_V03Y_0,TRUE,FALSE,0,0,0,1,2017,3,10
1,1,Panipat,5_06_01_V03Y_0,TRUE,FALSE,0,0,0,1,2017,4,8
1,1,Panipat,5_06_01_V03Y_0,TRUE,FALSE,0,0,0,1,2017,5,3
1,1,Panipat,5_06_01_V03Y_0,TRUE,FALSE,0,0,0,1,2017,6,12
1,1,Panipat,5_06_01_V03Y_0,TRUE,FALSE,0,0,0,1,2017,7,12
1,1,Panipat,5_06_01_V03Y_0,TRUE,FALSE,0,0,0,1,2017,8,11
1,1,Panipat,5_06_01_V03Y_0,TRUE,FALSE,0,0,0,1,2017,9,11
1,1,Panipat,5_06_01_V03Y_0,TRUE,FALSE,0,0,0,1,2017,10,12
1,1,Panipat,5_06_01_V03Y_0,TRUE,FALSE,0,0,0,1,2017,11,11
1,1,Panipat,5_06_01_V03Y_0,TRUE,FALSE,0,0,0,1,2017,12,15
1,1,Panipat,5_06_01_V03Y_0,TRUE,FALSE,0,0,0,1,2018,1,6
1,1,Panipat,5_06_01_V03Y_0,TRUE,FALSE,0,0,0,1,2018,2,14
1,1,Panipat,5_06_01_V03Y_0,TRUE,FALSE,0,0,0,1,2018,3,14
1,1,Panipat,5_06_02_V01Y_0,FALSE,TRUE,0,0,0,1,2017,3,21
1,1,Panipat,5_06_02_V01Y_0,FALSE,TRUE,0,0,0,1,2017,4,19
1,1,Panipat,5_06_02_V01Y_0,FALSE,TRUE,0,0,0,1,2017,5,14
1,1,Panipat,5_06_02_V01Y_0,FALSE,TRUE,0,0,0,1,2017,6,9
1,1,Panipat,5_06_02_V01Y_0,FALSE,TRUE,0,0,0,1,2017,7,10
1,1,Panipat,5_06_02_V01Y_0,FALSE,TRUE,0,0,0,1,2017,8,12
1,1,Panipat,5_06_02_V01Y_0,FALSE,TRUE,0,0,0,1,2017,9,18
1,1,Panipat,5_06_02_V01Y_0,FALSE,TRUE,0,0,0,1,2017,10,22
1,1,Panipat,5_06_02_V01Y_0,FALSE,TRUE,0,0,0,1,2017,11,21
1,1,Panipat,5_06_02_V01Y_0,FALSE,TRUE,0,0,0,1,2017,12,23
1,1,Panipat,5_06_02_V01Y_0,FALSE,TRUE,0,0,0,1,2018,1,15
1,1,Panipat,5_06_02_V01Y_0,FALSE,TRUE,0,0,0,1,2018,2,17
1,1,Panipat,5_06_02_V01Y_0,FALSE,TRUE,0,0,0,1,2018,3,20
1,1,Panipat,5_06_03_V02Y_0,TRUE,FALSE,1,0,0,0,2017,2,31
1,1,Panipat,5_06_03_V02Y_0,TRUE,FALSE,1,0,0,0,2017,3,62
1,1,Panipat,5_06_03_V02Y_0,TRUE,FALSE,1,0,0,0,2017,4,59
1,1,Panipat,5_06_03_V02Y_0,TRUE,FALSE,1,0,0,0,2017,5,42
1,1,Panipat,5_06_03_V02Y_0,TRUE,FALSE,1,0,0,0,2017,6,59
1,1,Panipat,5_06_03_V02Y_0,TRUE,FALSE,1,0,0,0,2017,7,61
1,1,Panipat,5_06_03_V02Y_0,TRUE,FALSE,1,0,0,0,2017,8,48
1,1,Panipat,5_06_03_V02Y_0,TRUE,FALSE,1,0,0,0,2017,9,47
1,1,Panipat,5_06_03_V02Y_0,TRUE,FALSE,1,0,0,0,2017,10,65
1,1,Panipat,5_06_03_V02Y_0,TRUE,FALSE,1,0,0,0,2017,11,61
1,1,Panipat,5_06_03_V02Y_0,TRUE,FALSE,1,0,0,0,2017,12,68
1,1,Panipat,5_06_03_V02Y_0,TRUE,FALSE,1,0,0,0,2018,1,50
1,1,Panipat,5_06_03_V02Y_0,TRUE,FALSE,1,0,0,0,2018,2,90
1,1,Panipat,5_06_03_V02Y_0,TRUE,FALSE,1,0,0,0,2018,3,78
1,1,Panipat,5_07_02_V02Y_0,FALSE,FALSE,0,0,1,0,2017,3,6
1,1,Panipat,5_07_02_V02Y_0,FALSE,FALSE,0,0,1,0,2017,4,8
1,1,Panipat,5_07_02_V02Y_0,FALSE,FALSE,0,0,1,0,2017,5,8
1,1,Panipat,5_07_02_V02Y_0,FALSE,FALSE,0,0,1,0,2017,6,5
1,1,Panipat,5_07_02_V02Y_0,FALSE,FALSE,0,0,1,0,2017,7,11
1,1,Panipat,5_07_02_V02Y_0,FALSE,FALSE,0,0,1,0,2017,8,18
1,1,Panipat,5_07_02_V02Y_0,FALSE,FALSE,0,0,1,0,2017,9,18
1,1,Panipat,5_07_02_V02Y_0,FALSE,FALSE,0,0,1,0,2017,10,13
1,1,Panipat,5_07_02_V02Y_0,FALSE,FALSE,0,0,1,0,2017,11,6
1,1,Panipat,5_07_02_V02Y_0,FALSE,FALSE,0,0,1,0,2017,12,8
1,1,Panipat,5_07_02_V02Y_0,FALSE,FALSE,0,0,1,0,2018,1,5
1,1,Panipat,5_07_02_V02Y_0,FALSE,FALSE,0,0,1,0,2018,2,20
1,1,Panipat,5_07_02_V02Y_0,FALSE,FALSE,0,0,1,0,2018,3,19
1,1,Panipat,5_07_03_V01Y_0,FALSE,FALSE,0,1,0,0,2017,3,15
1,1,Panipat,5_07_03_V01Y_0,FALSE,FALSE,0,1,0,0,2017,4,43
1,1,Panipat,5_07_03_V01Y_0,FALSE,FALSE,0,1,0,0,2017,5,41
1,1,Panipat,5_07_03_V01Y_0,FALSE,FALSE,0,1,0,0,2017,6,32
1,1,Panipat,5_07_03_V01Y_0,FALSE,FALSE,0,1,0,0,2017,7,35
1,1,Panipat,5_07_03_V01Y_0,FALSE,FALSE,0,1,0,0,2017,8,24
1,1,Panipat,5_07_03_V01Y_0,FALSE,FALSE,0,1,0,0,2017,9,29
1,1,Panipat,5_07_03_V01Y_0,FALSE,FALSE,0,1,0,0,2017,10,32
1,1,Panipat,5_07_03_V01Y_0,FALSE,FALSE,0,1,0,0,2017,11,32
1,1,Panipat,5_07_03_V01Y_0,FALSE,FALSE,0,1,0,0,2017,12,32
1,1,Panipat,5_07_03_V01Y_0,FALSE,FALSE,0,1,0,0,2018,1,17
1,1,Panipat,5_07_08_V01Y_0,FALSE,FALSE,0,0,1,0,2017,3,5
1,1,Panipat,5_07_08_V01Y_0,FALSE,FALSE,0,0,1,0,2017,4,3
1,1,Panipat,5_07_08_V01Y_0,FALSE,FALSE,0,0,1,0,2017,5,2
1,1,Panipat,5_07_08_V01Y_0,FALSE,FALSE,0,0,1,0,2017,6,3
1,1,Panipat,5_07_08_V01Y_0,FALSE,FALSE,0,0,1,0,2017,7,3
1,1,Panipat,5_07_08_V01Y_0,FALSE,FALSE,0,0,1,0,2017,8,6
1,1,Panipat,5_07_08_V01Y_0,FALSE,FALSE,0,0,1,0,2017,9,10
1,1,Panipat,5_07_08_V01Y_0,FALSE,FALSE,0,0,1,0,2017,10,5
1,1,Panipat,5_07_08_V01Y_0,FALSE,FALSE,0,0,1,0,2017,11,17
1,1,Panipat,5_07_08_V01Y_0,FALSE,FALSE,0,0,1,0,2017,12,14
1,1,Panipat,5_07_08_V01Y_0,FALSE,FALSE,0,0,1,0,2018,1,14
1,1,Panipat,5_07_08_V01Y_0,FALSE,FALSE,0,0,1,0,2018,2,16
1,1,Panipat,5_07_08_V01Y_0,FALSE,FALSE,0,0,1,0,2018,3,24
1,1,Panipat,5_07_09_V01Y_0,FALSE,FALSE,1,0,0,0,2017,3,14
1,1,Panipat,5_07_09_V01Y_0,FALSE,FALSE,1,0,0,0,2017,4,10
1,1,Panipat,5_07_09_V01Y_0,FALSE,FALSE,1,0,0,0,2017,5,6
1,1,Panipat,5_07_09_V01Y_0,FALSE,FALSE,1,0,0,0,2017,6,11
1,1,Panipat,5_07_09_V01Y_0,FALSE,FALSE,1,0,0,0,2017,7,8
1,1,Panipat,5_07_09_V01Y_0,FALSE,FALSE,1,0,0,0,2017,8,7
1,1,Panipat,5_07_09_V01Y_0,FALSE,FALSE,1,0,0,0,2017,9,13
1,1,Panipat,5_07_09_V01Y_0,FALSE,FALSE,1,0,0,0,2017,10,13
1,1,Panipat,5_07_09_V01Y_0,FALSE,FALSE,1,0,0,0,2017,11,13
1,1,Panipat,5_07_09_V01Y_0,FALSE,FALSE,1,0,0,0,2017,12,14
1,1,Panipat,5_07_09_V01Y_0,FALSE,FALSE,1,0,0,0,2018,1,11
1,1,Panipat,5_07_09_V01Y_0,FALSE,FALSE,1,0,0,0,2018,2,12
1,1,Panipat,5_07_09_V01Y_0,FALSE,FALSE,1,0,0,0,2018,3,17
1,1,Panipat,5_08_01_V02Y_0,FALSE,FALSE,0,0,1,0,2017,3,18
1,1,Panipat,5_08_01_V02Y_0,FALSE,FALSE,0,0,1,0,2017,4,30
1,1,Panipat,5_08_01_V02Y_0,FALSE,FALSE,0,0,1,0,2017,5,24
1,1,Panipat,5_08_01_V02Y_0,FALSE,FALSE,0,0,1,0,2017,6,26
1,1,Panipat,5_08_01_V02Y_0,FALSE,FALSE,0,0,1,0,2017,7,23
1,1,Panipat,5_08_01_V02Y_0,FALSE,FALSE,0,0,1,0,2017,8,21
1,1,Panipat,5_08_01_V02Y_0,FALSE,FALSE,0,0,1,0,2017,9,20
1,1,Panipat,5_08_01_V02Y_0,FALSE,FALSE,0,0,1,0,2017,10,27
1,1,Panipat,5_08_01_V02Y_0,FALSE,FALSE,0,0,1,0,2017,11,31
1,1,Panipat,5_08_01_V02Y_0,FALSE,FALSE,0,0,1,0,2017,12,46
1,1,Panipat,5_08_01_V02Y_0,FALSE,FALSE,0,0,1,0,2018,1,40
1,1,Panipat,5_08_01_V02Y_0,FALSE,FALSE,0,0,1,0,2018,2,48
1,1,Panipat,5_08_01_V02Y_0,FALSE,FALSE,0,0,1,0,2018,3,43
1,1,Panipat,5_08_03_V01Y_0,FALSE,FALSE,0,0,0,1,2017,3,6
1,1,Panipat,5_08_03_V01Y_0,FALSE,FALSE,0,0,0,1,2017,4,3
1,1,Panipat,5_08_03_V01Y_0,FALSE,FALSE,0,0,0,1,2017,5,6
1,1,Panipat,5_08_03_V01Y_0,FALSE,FALSE,0,0,0,1,2017,6,7
1,1,Panipat,5_08_03_V01Y_0,FALSE,FALSE,0,0,0,1,2017,7,8
1,1,Panipat,5_08_03_V01Y_0,FALSE,FALSE,0,0,0,1,2017,8,13
1,1,Panipat,5_08_03_V01Y_0,FALSE,FALSE,0,0,0,1,2017,9,7
1,1,Panipat,5_08_03_V01Y_0,FALSE,FALSE,0,0,0,1,2017,10,14
1,1,Panipat,5_08_03_V01Y_0,FALSE,FALSE,0,0,0,1,2017,11,22
1,1,Panipat,5_08_03_V01Y_0,FALSE,FALSE,0,0,0,1,2017,12,13
1,1,Panipat,5_08_03_V02Y_0,FALSE,FALSE,0,0,1,0,2017,3,13
1,1,Panipat,5_08_03_V02Y_0,FALSE,FALSE,0,0,1,0,2017,4,16
1,1,Panipat,5_08_03_V02Y_0,FALSE,FALSE,0,0,1,0,2017,5,13
1,1,Panipat,5_08_03_V02Y_0,FALSE,FALSE,0,0,1,0,2017,6,13
1,1,Panipat,5_08_03_V02Y_0,FALSE,FALSE,0,0,1,0,2017,7,18
1,1,Panipat,5_08_03_V02Y_0,FALSE,FALSE,0,0,1,0,2017,8,24
1,1,Panipat,5_08_03_V02Y_0,FALSE,FALSE,0,0,1,0,2017,9,25
1,1,Panipat,5_08_03_V02Y_0,FALSE,FALSE,0,0,1,0,2017,10,25
1,1,Panipat,5_08_03_V02Y_0,FALSE,FALSE,0,0,1,0,2017,11,30
1,1,Panipat,5_08_03_V02Y_0,FALSE,FALSE,0,0,1,0,2017,12,12
1,1,Panipat,5_08_03_V02Y_0,FALSE,FALSE,0,0,1,0,2018,1,19
1,1,Panipat,5_08_03_V02Y_0,FALSE,FALSE,0,0,1,0,2018,2,16
1,1,Panipat,5_08_03_V02Y_0,FALSE,FALSE,0,0,1,0,2018,3,1
1,1,Panipat,5_08_04_V01Y_0,FALSE,FALSE,1,0,0,0,2017,3,52
1,1,Panipat,5_08_04_V01Y_0,FALSE,FALSE,1,0,0,0,2017,4,49
1,1,Panipat,5_08_04_V01Y_0,FALSE,FALSE,1,0,0,0,2017,5,33
1,1,Panipat,5_08_04_V01Y_0,FALSE,FALSE,1,0,0,0,2017,6,46
1,1,Panipat,5_08_04_V01Y_0,FALSE,FALSE,1,0,0,0,2017,7,38
1,1,Panipat,5_08_04_V01Y_0,FALSE,FALSE,1,0,0,0,2017,8,33
1,1,Panipat,5_08_04_V01Y_0,FALSE,FALSE,1,0,0,0,2017,9,37
1,1,Panipat,5_08_04_V01Y_0,FALSE,FALSE,1,0,0,0,2017,10,59
1,1,Panipat,5_08_04_V01Y_0,FALSE,FALSE,1,0,0,0,2017,11,63
1,1,Panipat,5_08_04_V01Y_0,FALSE,FALSE,1,0,0,0,2017,12,72
1,1,Panipat,5_08_04_V01Y_0,FALSE,FALSE,1,0,0,0,2018,1,54
1,1,Panipat,5_08_04_V01Y_0,FALSE,FALSE,1,0,0,0,2018,2,61
1,1,Panipat,5_08_04_V01Y_0,FALSE,FALSE,1,0,0,0,2018,3,56
1,1,Panipat,5_09_02_V02Y_0,FALSE,TRUE,0,1,0,0,2017,3,24
1,1,Panipat,5_09_02_V02Y_0,FALSE,TRUE,0,1,0,0,2017,4,14
1,1,Panipat,5_09_02_V02Y_0,FALSE,TRUE,0,1,0,0,2017,5,16
1,1,Panipat,5_09_02_V02Y_0,FALSE,TRUE,0,1,0,0,2017,6,11
1,1,Panipat,5_09_02_V02Y_0,FALSE,TRUE,0,1,0,0,2017,7,10
1,1,Panipat,5_09_02_V02Y_0,FALSE,TRUE,0,1,0,0,2017,8,10
1,1,Panipat,5_09_02_V02Y_0,FALSE,TRUE,0,1,0,0,2017,9,12
1,1,Panipat,5_09_02_V02Y_0,FALSE,TRUE,0,1,0,0,2017,10,16
1,1,Panipat,5_09_02_V02Y_0,FALSE,TRUE,0,1,0,0,2017,11,19
1,1,Panipat,5_09_02_V02Y_0,FALSE,TRUE,0,1,0,0,2017,12,14
1,1,Panipat,5_09_02_V02Y_0,FALSE,TRUE,0,1,0,0,2018,1,14
1,1,Panipat,5_09_02_V02Y_0,FALSE,TRUE,0,1,0,0,2018,2,24
1,1,Panipat,5_09_02_V02Y_0,FALSE,TRUE,0,1,0,0,2018,3,14
1,1,Panipat,5_09_03_V02Y_0,FALSE,TRUE,0,0,1,0,2017,2,7
1,1,Panipat,5_09_03_V02Y_0,FALSE,TRUE,0,0,1,0,2017,3,46
1,1,Panipat,5_09_03_V02Y_0,FALSE,TRUE,0,0,1,0,2017,4,45
1,1,Panipat,5_09_03_V02Y_0,FALSE,TRUE,0,0,1,0,2017,5,51
1,1,Panipat,5_09_03_V02Y_0,FALSE,TRUE,0,0,1,0,2017,6,53
1,1,Panipat,5_09_03_V02Y_0,FALSE,TRUE,0,0,1,0,2017,7,43
1,1,Panipat,5_09_03_V02Y_0,FALSE,TRUE,0,0,1,0,2017,8,44
1,1,Panipat,5_09_03_V02Y_0,FALSE,TRUE,0,0,1,0,2017,9,53
1,1,Panipat,5_09_03_V02Y_0,FALSE,TRUE,0,0,1,0,2017,10,52
1,1,Panipat,5_09_03_V02Y_0,FALSE,TRUE,0,0,1,0,2017,11,62
1,1,Panipat,5_09_03_V02Y_0,FALSE,TRUE,0,0,1,0,2017,12,59
1,1,Panipat,5_09_03_V02Y_0,FALSE,TRUE,0,0,1,0,2018,1,57
1,1,Panipat,5_09_03_V02Y_0,FALSE,TRUE,0,0,1,0,2018,2,64
1,1,Panipat,5_09_03_V02Y_0,FALSE,TRUE,0,0,1,0,2018,3,64
1,1,Panipat,5_09_04_V01Y_0,TRUE,FALSE,0,0,0,1,2017,2,4
1,1,Panipat,5_09_04_V01Y_0,TRUE,FALSE,0,0,0,1,2017,3,17
1,1,Panipat,5_09_04_V01Y_0,TRUE,FALSE,0,0,0,1,2017,4,25
1,1,Panipat,5_09_04_V01Y_0,TRUE,FALSE,0,0,0,1,2017,5,22
1,1,Panipat,5_09_04_V01Y_0,TRUE,FALSE,0,0,0,1,2017,6,22
1,1,Panipat,5_09_04_V01Y_0,TRUE,FALSE,0,0,0,1,2017,7,19
1,1,Panipat,5_09_04_V01Y_0,TRUE,FALSE,0,0,0,1,2017,8,16
1,1,Panipat,5_09_04_V01Y_0,TRUE,FALSE,0,0,0,1,2017,9,15
1,1,Panipat,5_09_04_V01Y_0,TRUE,FALSE,0,0,0,1,2017,10,13
1,1,Panipat,5_09_04_V01Y_0,TRUE,FALSE,0,0,0,1,2017,11,27
1,1,Panipat,5_09_04_V01Y_0,TRUE,FALSE,0,0,0,1,2017,12,27
1,1,Panipat,5_09_04_V01Y_0,TRUE,FALSE,0,0,0,1,2018,1,24
1,1,Panipat,5_09_04_V01Y_0,TRUE,FALSE,0,0,0,1,2018,2,10
1,1,Panipat,5_09_04_V01Y_0,TRUE,FALSE,0,0,0,1,2018,3,26
1,1,Panipat,5_10_03_V02Y_0,TRUE,FALSE,0,1,0,0,2017,3,29
1,1,Panipat,5_10_03_V02Y_0,TRUE,FALSE,0,1,0,0,2017,4,41
1,1,Panipat,5_10_03_V02Y_0,TRUE,FALSE,0,1,0,0,2017,5,34
1,1,Panipat,5_10_03_V02Y_0,TRUE,FALSE,0,1,0,0,2017,6,40
1,1,Panipat,5_10_03_V02Y_0,TRUE,FALSE,0,1,0,0,2017,7,29
1,1,Panipat,5_10_03_V02Y_0,TRUE,FALSE,0,1,0,0,2017,8,36
1,1,Panipat,5_10_03_V02Y_0,TRUE,FALSE,0,1,0,0,2017,9,25
1,1,Panipat,5_10_03_V02Y_0,TRUE,FALSE,0,1,0,0,2017,10,34
1,1,Panipat,5_10_03_V02Y_0,TRUE,FALSE,0,1,0,0,2017,11,29
1,1,Panipat,5_10_03_V02Y_0,TRUE,FALSE,0,1,0,0,2017,12,37
1,1,Panipat,5_10_03_V02Y_0,TRUE,FALSE,0,1,0,0,2018,1,28
1,1,Panipat,5_10_03_V02Y_0,TRUE,FALSE,0,1,0,0,2018,2,52
1,1,Panipat,5_10_03_V02Y_0,TRUE,FALSE,0,1,0,0,2018,3,36
1,1,Panipat,5_10_04_V02Y_0,TRUE,FALSE,1,0,0,0,2017,3,12
1,1,Panipat,5_10_04_V02Y_0,TRUE,FALSE,1,0,0,0,2017,4,13
1,1,Panipat,5_10_04_V02Y_0,TRUE,FALSE,1,0,0,0,2017,5,14
1,1,Panipat,5_10_04_V02Y_0,TRUE,FALSE,1,0,0,0,2017,6,9
1,1,Panipat,5_10_04_V02Y_0,TRUE,FALSE,1,0,0,0,2017,7,8
1,1,Panipat,5_10_04_V02Y_0,TRUE,FALSE,1,0,0,0,2017,8,15
1,1,Panipat,5_10_04_V02Y_0,TRUE,FALSE,1,0,0,0,2017,9,13
1,1,Panipat,5_10_04_V02Y_0,TRUE,FALSE,1,0,0,0,2017,10,13
1,1,Panipat,5_10_04_V02Y_0,TRUE,FALSE,1,0,0,0,2017,11,12
1,1,Panipat,5_10_04_V02Y_0,TRUE,FALSE,1,0,0,0,2017,12,17
1,1,Panipat,5_10_04_V02Y_0,TRUE,FALSE,1,0,0,0,2018,1,14
1,1,Panipat,5_10_04_V02Y_0,TRUE,FALSE,1,0,0,0,2018,2,22
1,1,Panipat,5_10_04_V02Y_0,TRUE,FALSE,1,0,0,0,2018,3,9
1,1,Panipat,5_10_04_V03Y_0,TRUE,FALSE,0,0,1,0,2017,3,60
1,1,Panipat,5_10_04_V03Y_0,TRUE,FALSE,0,0,1,0,2017,4,44
1,1,Panipat,5_10_04_V03Y_0,TRUE,FALSE,0,0,1,0,2017,5,68
1,1,Panipat,5_10_04_V03Y_0,TRUE,FALSE,0,0,1,0,2017,6,76
1,1,Panipat,5_10_04_V03Y_0,TRUE,FALSE,0,0,1,0,2017,7,66
1,1,Panipat,5_10_04_V03Y_0,TRUE,FALSE,0,0,1,0,2017,8,59
1,1,Panipat,5_10_04_V03Y_0,TRUE,FALSE,0,0,1,0,2017,9,55
1,1,Panipat,5_10_04_V03Y_0,TRUE,FALSE,0,0,1,0,2017,10,95
1,1,Panipat,5_10_04_V03Y_0,TRUE,FALSE,0,0,1,0,2017,11,77
1,1,Panipat,5_10_04_V03Y_0,TRUE,FALSE,0,0,1,0,2017,12,75
1,1,Panipat,5_10_04_V03Y_0,TRUE,FALSE,0,0,1,0,2018,1,100
1,1,Panipat,5_10_04_V03Y_0,TRUE,FALSE,0,0,1,0,2018,2,96
1,1,Panipat,5_10_04_V03Y_0,TRUE,FALSE,0,0,1,0,2018,3,110
1,1,Panipat,5_10_05_V02Y_0,TRUE,FALSE,0,1,0,0,2017,3,9
1,1,Panipat,5_10_05_V02Y_0,TRUE,FALSE,0,1,0,0,2017,4,6
1,1,Panipat,5_10_05_V02Y_0,TRUE,FALSE,0,1,0,0,2017,5,4
1,1,Panipat,5_10_05_V02Y_0,TRUE,FALSE,0,1,0,0,2017,6,8
1,1,Panipat,5_10_05_V02Y_0,TRUE,FALSE,0,1,0,0,2017,7,11
1,1,Panipat,5_10_05_V02Y_0,TRUE,FALSE,0,1,0,0,2017,8,8
1,1,Panipat,5_10_05_V02Y_0,TRUE,FALSE,0,1,0,0,2017,9,12
1,1,Panipat,5_10_05_V02Y_0,TRUE,FALSE,0,1,0,0,2017,10,10
1,1,Panipat,5_10_05_V02Y_0,TRUE,FALSE,0,1,0,0,2017,11,16
1,1,Panipat,5_10_05_V02Y_0,TRUE,FALSE,0,1,0,0,2017,12,16
1,1,Panipat,5_10_05_V02Y_0,TRUE,FALSE,0,1,0,0,2018,1,21
1,1,Panipat,5_10_05_V02Y_0,TRUE,FALSE,0,1,0,0,2018,2,20
1,1,Panipat,5_10_05_V02Y_0,TRUE,FALSE,0,1,0,0,2018,3,10
1,1,Panipat,5_10_05_V04Y_0,TRUE,FALSE,0,0,0,1,2017,3,7
1,1,Panipat,5_10_05_V04Y_0,TRUE,FALSE,0,0,0,1,2017,4,10
1,1,Panipat,5_10_05_V04Y_0,TRUE,FALSE,0,0,0,1,2017,5,7
1,1,Panipat,5_10_05_V04Y_0,TRUE,FALSE,0,0,0,1,2017,6,3
1,1,Panipat,5_10_05_V04Y_0,TRUE,FALSE,0,0,0,1,2017,7,7
1,1,Panipat,5_10_05_V04Y_0,TRUE,FALSE,0,0,0,1,2017,8,4
1,1,Panipat,5_10_05_V04Y_0,TRUE,FALSE,0,0,0,1,2017,9,4
1,1,Panipat,5_10_05_V04Y_0,TRUE,FALSE,0,0,0,1,2017,10,7
1,1,Panipat,5_10_05_V04Y_0,TRUE,FALSE,0,0,0,1,2017,11,6
1,1,Panipat,5_10_05_V04Y_0,TRUE,FALSE,0,0,0,1,2017,12,15
1,1,Panipat,5_10_05_V04Y_0,TRUE,FALSE,0,0,0,1,2018,1,16
1,1,Panipat,5_10_05_V04Y_0,TRUE,FALSE,0,0,0,1,2018,2,8
1,1,Panipat,5_10_05_V04Y_0,TRUE,FALSE,0,0,0,1,2018,3,8
1,1,Panipat,5_11_01_V01Y_0,FALSE,FALSE,0,0,0,1,2017,3,23
1,1,Panipat,5_11_01_V01Y_0,FALSE,FALSE,0,0,0,1,2017,4,26
1,1,Panipat,5_11_01_V01Y_0,FALSE,FALSE,0,0,0,1,2017,5,32
1,1,Panipat,5_11_01_V01Y_0,FALSE,FALSE,0,0,0,1,2017,6,36
1,1,Panipat,5_11_01_V01Y_0,FALSE,FALSE,0,0,0,1,2017,7,38
1,1,Panipat,5_11_01_V01Y_0,FALSE,FALSE,0,0,0,1,2017,8,40
1,1,Panipat,5_11_01_V01Y_0,FALSE,FALSE,0,0,0,1,2017,9,36
1,1,Panipat,5_11_01_V01Y_0,FALSE,FALSE,0,0,0,1,2017,10,31
1,1,Panipat,5_11_01_V01Y_0,FALSE,FALSE,0,0,0,1,2017,11,19
1,1,Panipat,5_11_01_V01Y_0,FALSE,FALSE,0,0,0,1,2017,12,46
1,1,Panipat,5_11_01_V01Y_0,FALSE,FALSE,0,0,0,1,2018,1,40
1,1,Panipat,5_11_01_V01Y_0,FALSE,FALSE,0,0,0,1,2018,2,50
1,1,Panipat,5_11_01_V01Y_0,FALSE,FALSE,0,0,0,1,2018,3,42
1,1,Panipat,5_12_02_V02Y_0,FALSE,TRUE,0,1,0,0,2017,3,46
1,1,Panipat,5_12_02_V02Y_0,FALSE,TRUE,0,1,0,0,2017,4,47
1,1,Panipat,5_12_02_V02Y_0,FALSE,TRUE,0,1,0,0,2017,5,41
1,1,Panipat,5_12_02_V02Y_0,FALSE,TRUE,0,1,0,0,2017,6,40
1,1,Panipat,5_12_02_V02Y_0,FALSE,TRUE,0,1,0,0,2017,7,39
1,1,Panipat,5_12_02_V02Y_0,FALSE,TRUE,0,1,0,0,2017,8,32
1,1,Panipat,5_12_02_V02Y_0,FALSE,TRUE,0,1,0,0,2017,9,41
1,1,Panipat,5_12_02_V02Y_0,FALSE,TRUE,0,1,0,0,2017,10,42
1,1,Panipat,5_12_02_V02Y_0,FALSE,TRUE,0,1,0,0,2017,11,44
1,1,Panipat,5_12_02_V02Y_0,FALSE,TRUE,0,1,0,0,2017,12,62
1,1,Panipat,5_12_02_V02Y_0,FALSE,TRUE,0,1,0,0,2018,1,44
1,1,Panipat,5_12_02_V02Y_0,FALSE,TRUE,0,1,0,0,2018,2,74
1,1,Panipat,5_12_02_V02Y_0,FALSE,TRUE,0,1,0,0,2018,3,52
1,1,Panipat,5_12_03_V01Y_0,TRUE,FALSE,0,0,1,0,2017,3,17
1,1,Panipat,5_12_03_V01Y_0,TRUE,FALSE,0,0,1,0,2017,4,21
1,1,Panipat,5_12_03_V01Y_0,TRUE,FALSE,0,0,1,0,2017,5,26
1,1,Panipat,5_12_03_V01Y_0,TRUE,FALSE,0,0,1,0,2017,6,18
1,1,Panipat,5_12_03_V01Y_0,TRUE,FALSE,0,0,1,0,2017,7,16
1,1,Panipat,5_12_03_V01Y_0,TRUE,FALSE,0,0,1,0,2017,8,13
1,1,Panipat,5_12_03_V01Y_0,TRUE,FALSE,0,0,1,0,2017,9,10
1,1,Panipat,5_12_03_V01Y_0,TRUE,FALSE,0,0,1,0,2017,10,20
1,1,Panipat,5_12_03_V01Y_0,TRUE,FALSE,0,0,1,0,2017,11,23
1,1,Panipat,5_12_03_V01Y_0,TRUE,FALSE,0,0,1,0,2017,12,24
1,1,Panipat,5_12_03_V01Y_0,TRUE,FALSE,0,0,1,0,2018,1,26
1,1,Panipat,5_12_03_V01Y_0,TRUE,FALSE,0,0,1,0,2018,2,23
1,1,Panipat,5_12_03_V01Y_0,TRUE,FALSE,0,0,1,0,2018,3,20
1,1,Panipat,5_12_04_V01Y_0,FALSE,TRUE,1,0,0,0,2017,3,33
1,1,Panipat,5_12_04_V01Y_0,FALSE,TRUE,1,0,0,0,2017,4,30
1,1,Panipat,5_12_04_V01Y_0,FALSE,TRUE,1,0,0,0,2017,5,30
1,1,Panipat,5_12_04_V01Y_0,FALSE,TRUE,1,0,0,0,2017,6,19
1,1,Panipat,5_12_04_V01Y_0,FALSE,TRUE,1,0,0,0,2017,7,21
1,1,Panipat,5_12_04_V01Y_0,FALSE,TRUE,1,0,0,0,2017,8,24
1,1,Panipat,5_12_04_V01Y_0,FALSE,TRUE,1,0,0,0,2017,9,34
1,1,Panipat,5_12_04_V01Y_0,FALSE,TRUE,1,0,0,0,2017,10,31
1,1,Panipat,5_12_04_V01Y_0,FALSE,TRUE,1,0,0,0,2017,11,31
1,1,Panipat,5_12_04_V01Y_0,FALSE,TRUE,1,0,0,0,2017,12,39
1,1,Panipat,5_12_04_V01Y_0,FALSE,TRUE,1,0,0,0,2018,1,33
1,1,Panipat,5_12_04_V01Y_0,FALSE,TRUE,1,0,0,0,2018,2,44
1,1,Panipat,5_12_04_V01Y_0,FALSE,TRUE,1,0,0,0,2018,3,45
1,1,Panipat,5_12_05_V03N_0,TRUE,FALSE,0,0,1,0,2017,3,3
1,1,Panipat,5_12_05_V03N_0,TRUE,FALSE,0,0,1,0,2017,4,4
1,1,Panipat,5_12_05_V03N_0,TRUE,FALSE,0,0,1,0,2017,5,4
1,1,Panipat,5_12_05_V03N_0,TRUE,FALSE,0,0,1,0,2017,6,7
1,1,Panipat,5_12_05_V03N_0,TRUE,FALSE,0,0,1,0,2017,7,5
1,1,Panipat,5_12_05_V03N_0,TRUE,FALSE,0,0,1,0,2017,8,2
1,1,Panipat,5_12_05_V03N_0,TRUE,FALSE,0,0,1,0,2017,9,12
1,1,Panipat,5_12_05_V03N_0,TRUE,FALSE,0,0,1,0,2017,10,12
1,1,Panipat,5_12_05_V03N_0,TRUE,FALSE,0,0,1,0,2017,11,9
1,1,Panipat,5_12_05_V03N_0,TRUE,FALSE,0,0,1,0,2017,12,13
1,1,Panipat,5_12_05_V03N_0,TRUE,FALSE,0,0,1,0,2018,1,13
1,1,Panipat,5_12_05_V03N_0,TRUE,FALSE,0,0,1,0,2018,2,23
1,1,Panipat,5_12_05_V03N_0,TRUE,FALSE,0,0,1,0,2018,3,17
1,1,Panipat,5_13_01_V03Y_0,FALSE,FALSE,0,1,0,0,2017,3,80
1,1,Panipat,5_13_01_V03Y_0,FALSE,FALSE,0,1,0,0,2017,4,101
1,1,Panipat,5_13_01_V03Y_0,FALSE,FALSE,0,1,0,0,2017,5,116
1,1,Panipat,5_13_01_V03Y_0,FALSE,FALSE,0,1,0,0,2017,6,116
1,1,Panipat,5_13_01_V03Y_0,FALSE,FALSE,0,1,0,0,2017,7,113
1,1,Panipat,5_13_01_V03Y_0,FALSE,FALSE,0,1,0,0,2017,8,109
1,1,Panipat,5_13_01_V03Y_0,FALSE,FALSE,0,1,0,0,2017,9,117
1,1,Panipat,5_13_01_V03Y_0,FALSE,FALSE,0,1,0,0,2017,10,116
1,1,Panipat,5_13_01_V03Y_0,FALSE,FALSE,0,1,0,0,2017,11,131
1,1,Panipat,5_13_01_V03Y_0,FALSE,FALSE,0,1,0,0,2017,12,107
1,1,Panipat,5_13_01_V03Y_0,FALSE,FALSE,0,1,0,0,2018,1,106
1,1,Panipat,5_13_01_V03Y_0,FALSE,FALSE,0,1,0,0,2018,2,144
1,1,Panipat,5_13_01_V03Y_0,FALSE,FALSE,0,1,0,0,2018,3,161
1,1,Panipat,5_13_02_V02Y_0,FALSE,FALSE,0,1,0,0,2017,3,52
1,1,Panipat,5_13_02_V02Y_0,FALSE,FALSE,0,1,0,0,2017,4,49
1,1,Panipat,5_13_02_V02Y_0,FALSE,FALSE,0,1,0,0,2017,5,45
1,1,Panipat,5_13_02_V02Y_0,FALSE,FALSE,0,1,0,0,2017,6,55
1,1,Panipat,5_13_02_V02Y_0,FALSE,FALSE,0,1,0,0,2017,7,54
1,1,Panipat,5_13_02_V02Y_0,FALSE,FALSE,0,1,0,0,2017,8,48
1,1,Panipat,5_13_02_V02Y_0,FALSE,FALSE,0,1,0,0,2017,9,39
1,1,Panipat,5_13_02_V02Y_0,FALSE,FALSE,0,1,0,0,2017,10,52
1,1,Panipat,5_13_02_V02Y_0,FALSE,FALSE,0,1,0,0,2017,11,55
1,1,Panipat,5_13_02_V02Y_0,FALSE,FALSE,0,1,0,0,2017,12,58
1,1,Panipat,5_13_02_V02Y_0,FALSE,FALSE,0,1,0,0,2018,1,60
1,1,Panipat,5_13_02_V02Y_0,FALSE,FALSE,0,1,0,0,2018,2,63
1,1,Panipat,5_13_02_V02Y_0,FALSE,FALSE,0,1,0,0,2018,3,71
1,1,Panipat,5_13_03_V02Y_0,FALSE,FALSE,0,0,1,0,2017,3,8
1,1,Panipat,5_13_03_V02Y_0,FALSE,FALSE,0,0,1,0,2017,4,19
1,1,Panipat,5_13_03_V02Y_0,FALSE,FALSE,0,0,1,0,2017,5,12
1,1,Panipat,5_13_03_V02Y_0,FALSE,FALSE,0,0,1,0,2017,6,12
1,1,Panipat,5_13_03_V02Y_0,FALSE,FALSE,0,0,1,0,2017,7,19
1,1,Panipat,5_13_03_V02Y_0,FALSE,FALSE,0,0,1,0,2017,8,11
1,1,Panipat,5_13_03_V02Y_0,FALSE,FALSE,0,0,1,0,2017,9,24
1,1,Panipat,5_13_03_V02Y_0,FALSE,FALSE,0,0,1,0,2017,10,18
1,1,Panipat,5_13_03_V02Y_0,FALSE,FALSE,0,0,1,0,2017,11,22
1,1,Panipat,5_13_03_V02Y_0,FALSE,FALSE,0,0,1,0,2017,12,23
1,1,Panipat,5_13_03_V02Y_0,FALSE,FALSE,0,0,1,0,2018,1,18
1,1,Panipat,5_13_03_V02Y_0,FALSE,FALSE,0,0,1,0,2018,2,16
1,1,Panipat,5_13_03_V02Y_0,FALSE,FALSE,0,0,1,0,2018,3,22
1,1,Panipat,5_13_04_V01Y_0,FALSE,FALSE,1,0,0,0,2017,3,86
1,1,Panipat,5_13_04_V01Y_0,FALSE,FALSE,1,0,0,0,2017,4,117
1,1,Panipat,5_13_04_V01Y_0,FALSE,FALSE,1,0,0,0,2017,5,109
1,1,Panipat,5_13_04_V01Y_0,FALSE,FALSE,1,0,0,0,2017,6,126
1,1,Panipat,5_13_04_V01Y_0,FALSE,FALSE,1,0,0,0,2017,7,118
1,1,Panipat,5_13_04_V01Y_0,FALSE,FALSE,1,0,0,0,2017,8,115
1,1,Panipat,5_13_04_V01Y_0,FALSE,FALSE,1,0,0,0,2017,9,142
1,1,Panipat,5_13_04_V01Y_0,FALSE,FALSE,1,0,0,0,2017,10,140
1,1,Panipat,5_13_04_V01Y_0,FALSE,FALSE,1,0,0,0,2017,11,159
1,1,Panipat,5_13_04_V01Y_0,FALSE,FALSE,1,0,0,0,2017,12,175
1,1,Panipat,5_13_04_V01Y_0,FALSE,FALSE,1,0,0,0,2018,1,167
1,1,Panipat,5_13_04_V01Y_0,FALSE,FALSE,1,0,0,0,2018,2,158
1,1,Panipat,5_13_04_V01Y_0,FALSE,FALSE,1,0,0,0,2018,3,178
1,1,Panipat,5_14_02_V01Y_0,FALSE,FALSE,0,1,0,0,2017,3,27
1,1,Panipat,5_14_02_V01Y_0,FALSE,FALSE,0,1,0,0,2017,4,38
1,1,Panipat,5_14_02_V01Y_0,FALSE,FALSE,0,1,0,0,2017,5,44
1,1,Panipat,5_14_02_V01Y_0,FALSE,FALSE,0,1,0,0,2017,6,30
1,1,Panipat,5_14_02_V01Y_0,FALSE,FALSE,0,1,0,0,2017,7,42
1,1,Panipat,5_14_02_V01Y_0,FALSE,FALSE,0,1,0,0,2017,8,49
1,1,Panipat,5_14_02_V01Y_0,FALSE,FALSE,0,1,0,0,2017,9,47
1,1,Panipat,5_14_02_V01Y_0,FALSE,FALSE,0,1,0,0,2017,10,52
1,1,Panipat,5_14_02_V01Y_0,FALSE,FALSE,0,1,0,0,2017,11,40
1,1,Panipat,5_14_02_V01Y_0,FALSE,FALSE,0,1,0,0,2017,12,63
1,1,Panipat,5_14_02_V01Y_0,FALSE,FALSE,0,1,0,0,2018,1,46
1,1,Panipat,5_14_02_V01Y_0,FALSE,FALSE,0,1,0,0,2018,2,59
1,1,Panipat,5_14_02_V01Y_0,FALSE,FALSE,0,1,0,0,2018,3,71
1,1,Panipat,5_14_03_V02Y_0,FALSE,FALSE,1,0,0,0,2017,3,30
1,1,Panipat,5_14_03_V02Y_0,FALSE,FALSE,1,0,0,0,2017,4,29
1,1,Panipat,5_14_03_V02Y_0,FALSE,FALSE,1,0,0,0,2017,5,24
1,1,Panipat,5_14_03_V02Y_0,FALSE,FALSE,1,0,0,0,2017,6,18
1,1,Panipat,5_14_03_V02Y_0,FALSE,FALSE,1,0,0,0,2017,7,20
1,1,Panipat,5_14_03_V02Y_0,FALSE,FALSE,1,0,0,0,2017,8,17
1,1,Panipat,5_14_03_V02Y_0,FALSE,FALSE,1,0,0,0,2017,9,20
1,1,Panipat,5_14_03_V02Y_0,FALSE,FALSE,1,0,0,0,2017,10,19
1,1,Panipat,5_14_03_V02Y_0,FALSE,FALSE,1,0,0,0,2017,11,27
1,1,Panipat,5_14_03_V02Y_0,FALSE,FALSE,1,0,0,0,2017,12,42
1,1,Panipat,5_14_03_V02Y_0,FALSE,FALSE,1,0,0,0,2018,1,19
1,1,Panipat,5_14_03_V02Y_0,FALSE,FALSE,1,0,0,0,2018,2,26
1,1,Panipat,5_14_03_V02Y_0,FALSE,FALSE,1,0,0,0,2018,3,38
1,1,Panipat,5_14_05_V02Y_0,FALSE,FALSE,0,1,0,0,2017,3,16
1,1,Panipat,5_14_05_V02Y_0,FALSE,FALSE,0,1,0,0,2017,4,19
1,1,Panipat,5_14_05_V02Y_0,FALSE,FALSE,0,1,0,0,2017,5,10
1,1,Panipat,5_14_05_V02Y_0,FALSE,FALSE,0,1,0,0,2017,6,11
1,1,Panipat,5_14_05_V02Y_0,FALSE,FALSE,0,1,0,0,2017,7,12
1,1,Panipat,5_14_05_V02Y_0,FALSE,FALSE,0,1,0,0,2017,8,8
1,1,Panipat,5_14_05_V02Y_0,FALSE,FALSE,0,1,0,0,2017,9,15
1,1,Panipat,5_14_05_V02Y_0,FALSE,FALSE,0,1,0,0,2017,10,13
1,1,Panipat,5_14_05_V02Y_0,FALSE,FALSE,0,1,0,0,2017,11,1
1,1,Panipat,5_14_05_V02Y_0,FALSE,FALSE,0,1,0,0,2017,12,16
1,1,Panipat,5_14_05_V02Y_0,FALSE,FALSE,0,1,0,0,2018,1,13
1,1,Panipat,5_14_05_V02Y_0,FALSE,FALSE,0,1,0,0,2018,2,9
1,1,Panipat,5_14_05_V02Y_0,FALSE,FALSE,0,1,0,0,2018,3,9
1,1,Panipat,5_14_05_V06Y_0,FALSE,FALSE,0,0,0,1,2017,3,16
1,1,Panipat,5_14_05_V06Y_0,FALSE,FALSE,0,0,0,1,2017,4,29
1,1,Panipat,5_14_05_V06Y_0,FALSE,FALSE,0,0,0,1,2017,5,25
1,1,Panipat,5_14_05_V06Y_0,FALSE,FALSE,0,0,0,1,2017,6,28
1,1,Panipat,5_14_05_V06Y_0,FALSE,FALSE,0,0,0,1,2017,7,41
1,1,Panipat,5_14_05_V06Y_0,FALSE,FALSE,0,0,0,1,2017,8,33
1,1,Panipat,5_14_05_V06Y_0,FALSE,FALSE,0,0,0,1,2017,9,30
1,1,Panipat,5_14_05_V06Y_0,FALSE,FALSE,0,0,0,1,2017,10,31
1,1,Panipat,5_14_05_V06Y_0,FALSE,FALSE,0,0,0,1,2017,11,37
1,1,Panipat,5_14_05_V06Y_0,FALSE,FALSE,0,0,0,1,2017,12,52
1,1,Panipat,5_14_05_V06Y_0,FALSE,FALSE,0,0,0,1,2018,1,37
1,1,Panipat,5_14_05_V06Y_0,FALSE,FALSE,0,0,0,1,2018,2,44
1,1,Panipat,5_14_05_V06Y_0,FALSE,FALSE,0,0,0,1,2018,3,49
1,1,Panipat,5_15_02_V02Y_0,TRUE,FALSE,1,0,0,0,2017,3,7
1,1,Panipat,5_15_02_V02Y_0,TRUE,FALSE,1,0,0,0,2017,4,10
1,1,Panipat,5_15_02_V02Y_0,TRUE,FALSE,1,0,0,0,2017,5,8
1,1,Panipat,5_15_02_V02Y_0,TRUE,FALSE,1,0,0,0,2017,6,3
1,1,Panipat,5_15_02_V02Y_0,TRUE,FALSE,1,0,0,0,2017,7,7
1,1,Panipat,5_15_02_V02Y_0,TRUE,FALSE,1,0,0,0,2017,8,10
1,1,Panipat,5_15_02_V02Y_0,TRUE,FALSE,1,0,0,0,2017,9,11
1,1,Panipat,5_15_02_V02Y_0,TRUE,FALSE,1,0,0,0,2017,10,3
1,1,Panipat,5_15_02_V02Y_0,TRUE,FALSE,1,0,0,0,2017,11,13
1,1,Panipat,5_15_02_V02Y_0,TRUE,FALSE,1,0,0,0,2017,12,19
1,1,Panipat,5_15_02_V02Y_0,TRUE,FALSE,1,0,0,0,2018,1,12
1,1,Panipat,5_15_02_V02Y_0,TRUE,FALSE,1,0,0,0,2018,2,8
1,1,Panipat,5_15_02_V02Y_0,TRUE,FALSE,1,0,0,0,2018,3,10
1,1,Panipat,5_15_03_V03Y_0,TRUE,FALSE,0,0,0,1,2017,3,12
1,1,Panipat,5_15_03_V03Y_0,TRUE,FALSE,0,0,0,1,2017,4,9
1,1,Panipat,5_15_03_V03Y_0,TRUE,FALSE,0,0,0,1,2017,5,10
1,1,Panipat,5_15_03_V03Y_0,TRUE,FALSE,0,0,0,1,2017,6,4
1,1,Panipat,5_15_05_V03Y_0,FALSE,TRUE,0,0,1,0,2017,3,21
1,1,Panipat,5_15_05_V03Y_0,FALSE,TRUE,0,0,1,0,2017,4,18
1,1,Panipat,5_15_05_V03Y_0,FALSE,TRUE,0,0,1,0,2017,5,17
1,1,Panipat,5_15_05_V03Y_0,FALSE,TRUE,0,0,1,0,2017,6,18
1,1,Panipat,5_15_05_V03Y_0,FALSE,TRUE,0,0,1,0,2017,7,20
1,1,Panipat,5_15_05_V03Y_0,FALSE,TRUE,0,0,1,0,2017,8,13
1,1,Panipat,5_15_05_V03Y_0,FALSE,TRUE,0,0,1,0,2017,9,25
1,1,Panipat,5_15_05_V03Y_0,FALSE,TRUE,0,0,1,0,2017,10,17
1,1,Panipat,5_15_05_V03Y_0,FALSE,TRUE,0,0,1,0,2017,11,19
1,1,Panipat,5_15_05_V03Y_0,FALSE,TRUE,0,0,1,0,2017,12,25
1,1,Panipat,5_15_05_V03Y_0,FALSE,TRUE,0,0,1,0,2018,1,10
1,1,Panipat,5_15_05_V03Y_0,FALSE,TRUE,0,0,1,0,2018,2,20
1,1,Panipat,5_15_05_V03Y_0,FALSE,TRUE,0,0,1,0,2018,3,7
1,1,Panipat,5_15_05_V04Y_0,FALSE,TRUE,1,0,0,0,2017,3,35
1,1,Panipat,5_15_05_V04Y_0,FALSE,TRUE,1,0,0,0,2017,4,39
1,1,Panipat,5_15_05_V04Y_0,FALSE,TRUE,1,0,0,0,2017,5,30
1,1,Panipat,5_15_05_V04Y_0,FALSE,TRUE,1,0,0,0,2017,6,33
1,1,Panipat,5_15_05_V04Y_0,FALSE,TRUE,1,0,0,0,2017,7,38
1,1,Panipat,5_15_05_V04Y_0,FALSE,TRUE,1,0,0,0,2017,8,30
1,1,Panipat,5_15_05_V04Y_0,FALSE,TRUE,1,0,0,0,2017,9,21
1,1,Panipat,5_15_05_V04Y_0,FALSE,TRUE,1,0,0,0,2017,10,1
1,1,Panipat,5_15_05_V04Y_0,FALSE,TRUE,1,0,0,0,2017,12,8
1,1,Panipat,5_15_05_V04Y_0,FALSE,TRUE,1,0,0,0,2018,1,31
1,1,Panipat,5_15_05_V04Y_0,FALSE,TRUE,1,0,0,0,2018,2,36
1,1,Panipat,5_15_05_V04Y_0,FALSE,TRUE,1,0,0,0,2018,3,50
1,1,Rewari,6_01_01_V03Y_0,TRUE,FALSE,1,0,0,0,2017,1,4
1,1,Rewari,6_01_01_V03Y_0,TRUE,FALSE,1,0,0,0,2017,2,3
1,1,Rewari,6_01_01_V03Y_0,TRUE,FALSE,1,0,0,0,2017,3,8
1,1,Rewari,6_01_01_V03Y_0,TRUE,FALSE,1,0,0,0,2017,4,2
1,1,Rewari,6_01_01_V03Y_0,TRUE,FALSE,1,0,0,0,2017,5,10
1,1,Rewari,6_01_01_V03Y_0,TRUE,FALSE,1,0,0,0,2017,6,5
1,1,Rewari,6_01_01_V03Y_0,TRUE,FALSE,1,0,0,0,2017,7,4
1,1,Rewari,6_01_01_V03Y_0,TRUE,FALSE,1,0,0,0,2017,8,9
1,1,Rewari,6_01_01_V03Y_0,TRUE,FALSE,1,0,0,0,2017,9,8
1,1,Rewari,6_01_01_V03Y_0,TRUE,FALSE,1,0,0,0,2017,10,7
1,1,Rewari,6_01_01_V03Y_0,TRUE,FALSE,1,0,0,0,2017,11,8
1,1,Rewari,6_01_01_V03Y_0,TRUE,FALSE,1,0,0,0,2017,12,7
1,1,Rewari,6_01_01_V03Y_0,TRUE,FALSE,1,0,0,0,2018,1,9
1,1,Rewari,6_01_01_V03Y_0,TRUE,FALSE,1,0,0,0,2018,2,8
1,1,Rewari,6_01_03_V04Y_0,TRUE,FALSE,0,1,0,0,2017,1,7
1,1,Rewari,6_01_03_V04Y_0,TRUE,FALSE,0,1,0,0,2017,2,10
1,1,Rewari,6_01_03_V04Y_0,TRUE,FALSE,0,1,0,0,2017,3,13
1,1,Rewari,6_01_03_V04Y_0,TRUE,FALSE,0,1,0,0,2017,4,10
1,1,Rewari,6_01_03_V04Y_0,TRUE,FALSE,0,1,0,0,2017,5,13
1,1,Rewari,6_01_03_V04Y_0,TRUE,FALSE,0,1,0,0,2017,6,11
1,1,Rewari,6_01_03_V04Y_0,TRUE,FALSE,0,1,0,0,2017,7,12
1,1,Rewari,6_01_03_V04Y_0,TRUE,FALSE,0,1,0,0,2017,8,6
1,1,Rewari,6_01_03_V04Y_0,TRUE,FALSE,0,1,0,0,2017,9,15
1,1,Rewari,6_01_03_V04Y_0,TRUE,FALSE,0,1,0,0,2017,10,15
1,1,Rewari,6_01_03_V04Y_0,TRUE,FALSE,0,1,0,0,2017,11,19
1,1,Rewari,6_01_03_V04Y_0,TRUE,FALSE,0,1,0,0,2017,12,20
1,1,Rewari,6_01_03_V04Y_0,TRUE,FALSE,0,1,0,0,2018,1,17
1,1,Rewari,6_01_03_V04Y_0,TRUE,FALSE,0,1,0,0,2018,2,13
1,1,Rewari,6_01_03_V04Y_0,TRUE,FALSE,0,1,0,0,2018,3,15
1,1,Rewari,6_01_04_V03Y_0,TRUE,FALSE,0,0,1,0,2017,1,13
1,1,Rewari,6_01_04_V03Y_0,TRUE,FALSE,0,0,1,0,2017,2,10
1,1,Rewari,6_01_04_V03Y_0,TRUE,FALSE,0,0,1,0,2017,3,11
1,1,Rewari,6_01_04_V03Y_0,TRUE,FALSE,0,0,1,0,2017,4,15
1,1,Rewari,6_01_04_V03Y_0,TRUE,FALSE,0,0,1,0,2017,5,9
1,1,Rewari,6_01_04_V03Y_0,TRUE,FALSE,0,0,1,0,2017,6,10
1,1,Rewari,6_01_04_V03Y_0,TRUE,FALSE,0,0,1,0,2017,7,17
1,1,Rewari,6_01_04_V03Y_0,TRUE,FALSE,0,0,1,0,2017,8,19
1,1,Rewari,6_01_04_V03Y_0,TRUE,FALSE,0,0,1,0,2017,9,19
1,1,Rewari,6_01_04_V03Y_0,TRUE,FALSE,0,0,1,0,2017,10,15
1,1,Rewari,6_01_04_V03Y_0,TRUE,FALSE,0,0,1,0,2017,11,20
1,1,Rewari,6_01_04_V03Y_0,TRUE,FALSE,0,0,1,0,2017,12,22
1,1,Rewari,6_01_04_V03Y_0,TRUE,FALSE,0,0,1,0,2018,1,21
1,1,Rewari,6_01_04_V03Y_0,TRUE,FALSE,0,0,1,0,2018,2,20
1,1,Rewari,6_01_04_V03Y_0,TRUE,FALSE,0,0,1,0,2018,3,28
1,1,Rewari,6_02_01_V03Y_0,FALSE,FALSE,0,0,1,0,2017,1,3
1,1,Rewari,6_02_01_V03Y_0,FALSE,FALSE,0,0,1,0,2017,2,4
1,1,Rewari,6_02_01_V03Y_0,FALSE,FALSE,0,0,1,0,2017,3,1
1,1,Rewari,6_02_01_V03Y_0,FALSE,FALSE,0,0,1,0,2017,4,1
1,1,Rewari,6_02_01_V03Y_0,FALSE,FALSE,0,0,1,0,2017,5,3
1,1,Rewari,6_02_01_V03Y_0,FALSE,FALSE,0,0,1,0,2017,6,3
1,1,Rewari,6_02_01_V03Y_0,FALSE,FALSE,0,0,1,0,2017,7,3
1,1,Rewari,6_02_01_V03Y_0,FALSE,FALSE,0,0,1,0,2017,8,2
1,1,Rewari,6_02_01_V03Y_0,FALSE,FALSE,0,0,1,0,2017,9,6
1,1,Rewari,6_02_01_V03Y_0,FALSE,FALSE,0,0,1,0,2017,10,5
1,1,Rewari,6_02_01_V03Y_0,FALSE,FALSE,0,0,1,0,2017,11,4
1,1,Rewari,6_02_01_V03Y_0,FALSE,FALSE,0,0,1,0,2017,12,3
1,1,Rewari,6_02_01_V03Y_0,FALSE,FALSE,0,0,1,0,2018,1,4
1,1,Rewari,6_02_01_V03Y_0,FALSE,FALSE,0,0,1,0,2018,2,2
1,1,Rewari,6_02_01_V03Y_0,FALSE,FALSE,0,0,1,0,2018,3,5
1,1,Rewari,6_02_02_V01Y_1,FALSE,FALSE,0,1,0,0,2017,1,45
1,1,Rewari,6_02_02_V01Y_1,FALSE,FALSE,0,1,0,0,2017,2,43
1,1,Rewari,6_02_02_V01Y_1,FALSE,FALSE,0,1,0,0,2017,3,52
1,1,Rewari,6_02_02_V01Y_1,FALSE,FALSE,0,1,0,0,2017,4,52
1,1,Rewari,6_02_02_V01Y_1,FALSE,FALSE,0,1,0,0,2017,5,53
1,1,Rewari,6_02_02_V01Y_1,FALSE,FALSE,0,1,0,0,2017,6,56
1,1,Rewari,6_02_02_V01Y_1,FALSE,FALSE,0,1,0,0,2017,7,44
1,1,Rewari,6_02_02_V01Y_1,FALSE,FALSE,0,1,0,0,2017,8,37
1,1,Rewari,6_02_02_V01Y_1,FALSE,FALSE,0,1,0,0,2017,9,36
1,1,Rewari,6_02_02_V01Y_1,FALSE,FALSE,0,1,0,0,2017,10,43
1,1,Rewari,6_02_02_V01Y_1,FALSE,FALSE,0,1,0,0,2017,11,43
1,1,Rewari,6_02_02_V01Y_1,FALSE,FALSE,0,1,0,0,2017,12,34
1,1,Rewari,6_02_02_V01Y_1,FALSE,FALSE,0,1,0,0,2018,1,46
1,1,Rewari,6_02_02_V01Y_1,FALSE,FALSE,0,1,0,0,2018,2,53
1,1,Rewari,6_02_02_V01Y_1,FALSE,FALSE,0,1,0,0,2018,3,40
1,1,Rewari,6_02_06_V05Y_0,FALSE,FALSE,0,1,0,0,2017,1,9
1,1,Rewari,6_02_06_V05Y_0,FALSE,FALSE,0,1,0,0,2017,2,8
1,1,Rewari,6_02_06_V05Y_0,FALSE,FALSE,0,1,0,0,2017,3,8
1,1,Rewari,6_02_06_V05Y_0,FALSE,FALSE,0,1,0,0,2017,4,6
1,1,Rewari,6_02_06_V05Y_0,FALSE,FALSE,0,1,0,0,2017,5,5
1,1,Rewari,6_02_06_V05Y_0,FALSE,FALSE,0,1,0,0,2017,6,7
1,1,Rewari,6_02_06_V05Y_0,FALSE,FALSE,0,1,0,0,2017,7,8
1,1,Rewari,6_02_06_V05Y_0,FALSE,FALSE,0,1,0,0,2017,8,3
1,1,Rewari,6_02_06_V05Y_0,FALSE,FALSE,0,1,0,0,2017,9,4
1,1,Rewari,6_02_06_V05Y_0,FALSE,FALSE,0,1,0,0,2017,10,10
1,1,Rewari,6_02_06_V05Y_0,FALSE,FALSE,0,1,0,0,2017,11,8
1,1,Rewari,6_02_06_V05Y_0,FALSE,FALSE,0,1,0,0,2017,12,15
1,1,Rewari,6_02_06_V05Y_0,FALSE,FALSE,0,1,0,0,2018,1,6
1,1,Rewari,6_02_06_V05Y_0,FALSE,FALSE,0,1,0,0,2018,2,5
1,1,Rewari,6_02_06_V05Y_0,FALSE,FALSE,0,1,0,0,2018,3,11
1,1,Rewari,6_02_08_V05Y_0,FALSE,FALSE,0,0,1,0,2017,1,10
1,1,Rewari,6_02_08_V05Y_0,FALSE,FALSE,0,0,1,0,2017,2,6
1,1,Rewari,6_02_08_V05Y_0,FALSE,FALSE,0,0,1,0,2017,3,5
1,1,Rewari,6_02_08_V05Y_0,FALSE,FALSE,0,0,1,0,2017,4,4
1,1,Rewari,6_02_08_V05Y_0,FALSE,FALSE,0,0,1,0,2017,5,5
1,1,Rewari,6_02_08_V05Y_0,FALSE,FALSE,0,0,1,0,2017,6,4
1,1,Rewari,6_02_08_V05Y_0,FALSE,FALSE,0,0,1,0,2017,7,4
1,1,Rewari,6_02_08_V05Y_0,FALSE,FALSE,0,0,1,0,2017,8,6
1,1,Rewari,6_02_08_V05Y_0,FALSE,FALSE,0,0,1,0,2017,9,7
1,1,Rewari,6_02_08_V05Y_0,FALSE,FALSE,0,0,1,0,2017,10,9
1,1,Rewari,6_02_08_V05Y_0,FALSE,FALSE,0,0,1,0,2017,11,8
1,1,Rewari,6_02_08_V05Y_0,FALSE,FALSE,0,0,1,0,2017,12,9
1,1,Rewari,6_02_08_V05Y_0,FALSE,FALSE,0,0,1,0,2018,1,9
1,1,Rewari,6_02_08_V05Y_0,FALSE,FALSE,0,0,1,0,2018,2,10
1,1,Rewari,6_02_08_V05Y_0,FALSE,FALSE,0,0,1,0,2018,3,6
1,1,Rewari,6_02_09_V03Y_0,FALSE,FALSE,0,0,0,1,2017,2,6
1,1,Rewari,6_02_09_V03Y_0,FALSE,FALSE,0,0,0,1,2017,3,4
1,1,Rewari,6_02_09_V03Y_0,FALSE,FALSE,0,0,0,1,2017,4,8
1,1,Rewari,6_02_09_V03Y_0,FALSE,FALSE,0,0,0,1,2017,5,6
1,1,Rewari,6_02_09_V03Y_0,FALSE,FALSE,0,0,0,1,2017,6,7
1,1,Rewari,6_02_09_V03Y_0,FALSE,FALSE,0,0,0,1,2017,7,5
1,1,Rewari,6_02_09_V03Y_0,FALSE,FALSE,0,0,0,1,2017,8,6
1,1,Rewari,6_02_09_V03Y_0,FALSE,FALSE,0,0,0,1,2017,9,5
1,1,Rewari,6_02_09_V03Y_0,FALSE,FALSE,0,0,0,1,2017,10,8
1,1,Rewari,6_02_09_V03Y_0,FALSE,FALSE,0,0,0,1,2017,11,7
1,1,Rewari,6_02_09_V03Y_0,FALSE,FALSE,0,0,0,1,2017,12,5
1,1,Rewari,6_02_09_V03Y_0,FALSE,FALSE,0,0,0,1,2018,1,9
1,1,Rewari,6_02_09_V03Y_0,FALSE,FALSE,0,0,0,1,2018,2,8
1,1,Rewari,6_02_09_V03Y_0,FALSE,FALSE,0,0,0,1,2018,3,5
1,1,Rewari,6_02_10_V01Y_0,FALSE,FALSE,0,0,0,1,2017,1,7
1,1,Rewari,6_02_10_V01Y_0,FALSE,FALSE,0,0,0,1,2017,2,8
1,1,Rewari,6_02_10_V01Y_0,FALSE,FALSE,0,0,0,1,2017,3,8
1,1,Rewari,6_02_10_V01Y_0,FALSE,FALSE,0,0,0,1,2017,4,14
1,1,Rewari,6_02_10_V01Y_0,FALSE,FALSE,0,0,0,1,2017,5,11
1,1,Rewari,6_02_10_V01Y_0,FALSE,FALSE,0,0,0,1,2017,6,6
1,1,Rewari,6_02_10_V01Y_0,FALSE,FALSE,0,0,0,1,2017,7,7
1,1,Rewari,6_02_10_V01Y_0,FALSE,FALSE,0,0,0,1,2017,8,5
1,1,Rewari,6_02_10_V01Y_0,FALSE,FALSE,0,0,0,1,2017,9,13
1,1,Rewari,6_02_10_V01Y_0,FALSE,FALSE,0,0,0,1,2017,10,15
1,1,Rewari,6_02_10_V01Y_0,FALSE,FALSE,0,0,0,1,2017,11,10
1,1,Rewari,6_02_10_V01Y_0,FALSE,FALSE,0,0,0,1,2017,12,15
1,1,Rewari,6_02_10_V01Y_0,FALSE,FALSE,0,0,0,1,2018,1,14
1,1,Rewari,6_02_10_V01Y_0,FALSE,FALSE,0,0,0,1,2018,2,17
1,1,Rewari,6_02_10_V01Y_0,FALSE,FALSE,0,0,0,1,2018,3,11
1,1,Rewari,6_03_01_V01Y_0,FALSE,FALSE,1,0,0,0,2017,1,21
1,1,Rewari,6_03_01_V01Y_0,FALSE,FALSE,1,0,0,0,2017,2,13
1,1,Rewari,6_03_01_V01Y_0,FALSE,FALSE,1,0,0,0,2017,3,19
1,1,Rewari,6_03_01_V01Y_0,FALSE,FALSE,1,0,0,0,2017,4,20
1,1,Rewari,6_03_01_V01Y_0,FALSE,FALSE,1,0,0,0,2017,5,17
1,1,Rewari,6_03_01_V01Y_0,FALSE,FALSE,1,0,0,0,2017,6,9
1,1,Rewari,6_03_01_V01Y_0,FALSE,FALSE,1,0,0,0,2017,7,10
1,1,Rewari,6_03_01_V01Y_0,FALSE,FALSE,1,0,0,0,2017,8,14
1,1,Rewari,6_03_01_V01Y_0,FALSE,FALSE,1,0,0,0,2017,9,20
1,1,Rewari,6_03_01_V01Y_0,FALSE,FALSE,1,0,0,0,2017,10,10
1,1,Rewari,6_03_01_V01Y_0,FALSE,FALSE,1,0,0,0,2017,11,22
1,1,Rewari,6_03_01_V01Y_0,FALSE,FALSE,1,0,0,0,2017,12,19
1,1,Rewari,6_03_01_V01Y_0,FALSE,FALSE,1,0,0,0,2018,1,12
1,1,Rewari,6_03_01_V01Y_0,FALSE,FALSE,1,0,0,0,2018,2,29
1,1,Rewari,6_03_01_V01Y_0,FALSE,FALSE,1,0,0,0,2018,3,19
1,1,Rewari,6_03_03_V02Y_0,FALSE,FALSE,1,0,0,0,2017,1,13
1,1,Rewari,6_03_03_V02Y_0,FALSE,FALSE,1,0,0,0,2017,2,12
1,1,Rewari,6_03_03_V02Y_0,FALSE,FALSE,1,0,0,0,2017,3,9
1,1,Rewari,6_03_03_V02Y_0,FALSE,FALSE,1,0,0,0,2017,4,13
1,1,Rewari,6_03_03_V02Y_0,FALSE,FALSE,1,0,0,0,2017,5,9
1,1,Rewari,6_03_03_V02Y_0,FALSE,FALSE,1,0,0,0,2017,6,11
1,1,Rewari,6_03_03_V02Y_0,FALSE,FALSE,1,0,0,0,2017,7,8
1,1,Rewari,6_03_03_V02Y_0,FALSE,FALSE,1,0,0,0,2017,8,10
1,1,Rewari,6_03_03_V02Y_0,FALSE,FALSE,1,0,0,0,2017,9,15
1,1,Rewari,6_03_03_V02Y_0,FALSE,FALSE,1,0,0,0,2017,10,19
1,1,Rewari,6_03_03_V02Y_0,FALSE,FALSE,1,0,0,0,2017,11,13
1,1,Rewari,6_03_03_V02Y_0,FALSE,FALSE,1,0,0,0,2017,12,18
1,1,Rewari,6_03_03_V02Y_0,FALSE,FALSE,1,0,0,0,2018,1,20
1,1,Rewari,6_03_03_V02Y_0,FALSE,FALSE,1,0,0,0,2018,2,22
1,1,Rewari,6_03_03_V02Y_0,FALSE,FALSE,1,0,0,0,2018,3,19
1,1,Rewari,6_03_05_V02Y_0,FALSE,FALSE,1,0,0,0,2017,1,10
1,1,Rewari,6_03_05_V02Y_0,FALSE,FALSE,1,0,0,0,2017,2,16
1,1,Rewari,6_03_05_V02Y_0,FALSE,FALSE,1,0,0,0,2017,3,13
1,1,Rewari,6_03_05_V02Y_0,FALSE,FALSE,1,0,0,0,2017,4,12
1,1,Rewari,6_03_05_V02Y_0,FALSE,FALSE,1,0,0,0,2017,5,12
1,1,Rewari,6_03_05_V02Y_0,FALSE,FALSE,1,0,0,0,2017,6,12
1,1,Rewari,6_03_05_V02Y_0,FALSE,FALSE,1,0,0,0,2017,7,19
1,1,Rewari,6_03_05_V02Y_0,FALSE,FALSE,1,0,0,0,2017,8,18
1,1,Rewari,6_03_05_V02Y_0,FALSE,FALSE,1,0,0,0,2017,9,18
1,1,Rewari,6_03_05_V02Y_0,FALSE,FALSE,1,0,0,0,2017,10,22
1,1,Rewari,6_03_05_V02Y_0,FALSE,FALSE,1,0,0,0,2017,11,14
1,1,Rewari,6_03_05_V02Y_0,FALSE,FALSE,1,0,0,0,2017,12,16
1,1,Rewari,6_03_05_V02Y_0,FALSE,FALSE,1,0,0,0,2018,1,17
1,1,Rewari,6_03_05_V02Y_0,FALSE,FALSE,1,0,0,0,2018,2,15
1,1,Rewari,6_03_05_V02Y_0,FALSE,FALSE,1,0,0,0,2018,3,18
1,1,Rewari,6_04_02_V01Y_0,FALSE,FALSE,0,0,0,1,2017,1,6
1,1,Rewari,6_04_02_V01Y_0,FALSE,FALSE,0,0,0,1,2017,2,9
1,1,Rewari,6_04_02_V01Y_0,FALSE,FALSE,0,0,0,1,2017,3,6
1,1,Rewari,6_04_02_V01Y_0,FALSE,FALSE,0,0,0,1,2017,4,12
1,1,Rewari,6_04_02_V01Y_0,FALSE,FALSE,0,0,0,1,2017,5,12
1,1,Rewari,6_04_02_V01Y_0,FALSE,FALSE,0,0,0,1,2017,6,11
1,1,Rewari,6_04_02_V01Y_0,FALSE,FALSE,0,0,0,1,2017,7,8
1,1,Rewari,6_04_02_V01Y_0,FALSE,FALSE,0,0,0,1,2017,8,4
1,1,Rewari,6_04_02_V01Y_0,FALSE,FALSE,0,0,0,1,2017,9,9
1,1,Rewari,6_04_02_V01Y_0,FALSE,FALSE,0,0,0,1,2017,10,7
1,1,Rewari,6_04_02_V01Y_0,FALSE,FALSE,0,0,0,1,2017,11,7
1,1,Rewari,6_04_02_V01Y_0,FALSE,FALSE,0,0,0,1,2017,12,10
1,1,Rewari,6_04_02_V01Y_0,FALSE,FALSE,0,0,0,1,2018,1,14
1,1,Rewari,6_04_02_V01Y_0,FALSE,FALSE,0,0,0,1,2018,2,16
1,1,Rewari,6_04_02_V01Y_0,FALSE,FALSE,0,0,0,1,2018,3,10
1,1,Rewari,6_04_02_V06Y_0,FALSE,FALSE,1,0,0,0,2017,1,5
1,1,Rewari,6_04_02_V06Y_0,FALSE,FALSE,1,0,0,0,2017,2,8
1,1,Rewari,6_04_02_V06Y_0,FALSE,FALSE,1,0,0,0,2017,3,14
1,1,Rewari,6_04_02_V06Y_0,FALSE,FALSE,1,0,0,0,2017,4,8
1,1,Rewari,6_04_02_V06Y_0,FALSE,FALSE,1,0,0,0,2017,5,5
1,1,Rewari,6_04_02_V06Y_0,FALSE,FALSE,1,0,0,0,2017,6,15
1,1,Rewari,6_04_02_V06Y_0,FALSE,FALSE,1,0,0,0,2017,7,13
1,1,Rewari,6_04_02_V06Y_0,FALSE,FALSE,1,0,0,0,2017,8,11
1,1,Rewari,6_04_02_V06Y_0,FALSE,FALSE,1,0,0,0,2017,9,10
1,1,Rewari,6_04_02_V06Y_0,FALSE,FALSE,1,0,0,0,2017,10,5
1,1,Rewari,6_04_02_V06Y_0,FALSE,FALSE,1,0,0,0,2017,11,13
1,1,Rewari,6_04_02_V06Y_0,FALSE,FALSE,1,0,0,0,2017,12,7
1,1,Rewari,6_04_02_V06Y_0,FALSE,FALSE,1,0,0,0,2018,1,11
1,1,Rewari,6_04_02_V06Y_0,FALSE,FALSE,1,0,0,0,2018,2,15
1,1,Rewari,6_04_02_V06Y_0,FALSE,FALSE,1,0,0,0,2018,3,16
1,1,Rewari,6_04_03_V03Y_0,FALSE,FALSE,1,0,0,0,2017,1,6
1,1,Rewari,6_04_03_V03Y_0,FALSE,FALSE,1,0,0,0,2017,2,6
1,1,Rewari,6_04_03_V03Y_0,FALSE,FALSE,1,0,0,0,2017,3,9
1,1,Rewari,6_04_03_V03Y_0,FALSE,FALSE,1,0,0,0,2017,4,7
1,1,Rewari,6_04_03_V03Y_0,FALSE,FALSE,1,0,0,0,2017,5,8
1,1,Rewari,6_04_03_V03Y_0,FALSE,FALSE,1,0,0,0,2017,6,4
1,1,Rewari,6_04_03_V03Y_0,FALSE,FALSE,1,0,0,0,2017,7,9
1,1,Rewari,6_04_03_V03Y_0,FALSE,FALSE,1,0,0,0,2017,8,7
1,1,Rewari,6_04_03_V03Y_0,FALSE,FALSE,1,0,0,0,2017,9,7
1,1,Rewari,6_04_03_V03Y_0,FALSE,FALSE,1,0,0,0,2017,10,7
1,1,Rewari,6_04_03_V03Y_0,FALSE,FALSE,1,0,0,0,2017,11,10
1,1,Rewari,6_04_03_V03Y_0,FALSE,FALSE,1,0,0,0,2017,12,7
1,1,Rewari,6_04_03_V03Y_0,FALSE,FALSE,1,0,0,0,2018,1,8
1,1,Rewari,6_04_03_V03Y_0,FALSE,FALSE,1,0,0,0,2018,2,10
1,1,Rewari,6_04_03_V03Y_0,FALSE,FALSE,1,0,0,0,2018,3,9
1,1,Rewari,6_05_01_V03Y_0,TRUE,FALSE,0,0,1,0,2017,1,3
1,1,Rewari,6_05_01_V03Y_0,TRUE,FALSE,0,0,1,0,2017,2,15
1,1,Rewari,6_05_01_V03Y_0,TRUE,FALSE,0,0,1,0,2017,3,14
1,1,Rewari,6_05_01_V03Y_0,TRUE,FALSE,0,0,1,0,2017,4,12
1,1,Rewari,6_05_01_V03Y_0,TRUE,FALSE,0,0,1,0,2017,5,9
1,1,Rewari,6_05_01_V03Y_0,TRUE,FALSE,0,0,1,0,2017,6,20
1,1,Rewari,6_05_01_V03Y_0,TRUE,FALSE,0,0,1,0,2017,7,18
1,1,Rewari,6_05_01_V03Y_0,TRUE,FALSE,0,0,1,0,2017,8,18
1,1,Rewari,6_05_01_V03Y_0,TRUE,FALSE,0,0,1,0,2017,9,12
1,1,Rewari,6_05_01_V03Y_0,TRUE,FALSE,0,0,1,0,2017,10,24
1,1,Rewari,6_05_01_V03Y_0,TRUE,FALSE,0,0,1,0,2017,11,15
1,1,Rewari,6_05_01_V03Y_0,TRUE,FALSE,0,0,1,0,2017,12,12
1,1,Rewari,6_05_01_V03Y_0,TRUE,FALSE,0,0,1,0,2018,1,16
1,1,Rewari,6_05_01_V03Y_0,TRUE,FALSE,0,0,1,0,2018,2,15
1,1,Rewari,6_05_01_V03Y_0,TRUE,FALSE,0,0,1,0,2018,3,18
1,1,Rewari,6_05_02_V01Y_0,TRUE,FALSE,0,0,0,1,2017,1,33
1,1,Rewari,6_05_02_V01Y_0,TRUE,FALSE,0,0,0,1,2017,2,34
1,1,Rewari,6_05_02_V01Y_0,TRUE,FALSE,0,0,0,1,2017,3,30
1,1,Rewari,6_05_02_V01Y_0,TRUE,FALSE,0,0,0,1,2017,4,29
1,1,Rewari,6_05_02_V01Y_0,TRUE,FALSE,0,0,0,1,2017,5,37
1,1,Rewari,6_05_02_V01Y_0,TRUE,FALSE,0,0,0,1,2017,6,41
1,1,Rewari,6_05_02_V01Y_0,TRUE,FALSE,0,0,0,1,2017,7,32
1,1,Rewari,6_05_02_V01Y_0,TRUE,FALSE,0,0,0,1,2017,8,19
1,1,Rewari,6_05_02_V01Y_0,TRUE,FALSE,0,0,0,1,2017,9,30
1,1,Rewari,6_05_02_V01Y_0,TRUE,FALSE,0,0,0,1,2017,10,38
1,1,Rewari,6_05_02_V01Y_0,TRUE,FALSE,0,0,0,1,2017,11,33
1,1,Rewari,6_05_02_V01Y_0,TRUE,FALSE,0,0,0,1,2017,12,48
1,1,Rewari,6_05_02_V01Y_0,TRUE,FALSE,0,0,0,1,2018,1,51
1,1,Rewari,6_05_02_V01Y_0,TRUE,FALSE,0,0,0,1,2018,2,45
1,1,Rewari,6_05_02_V01Y_0,TRUE,FALSE,0,0,0,1,2018,3,55
1,1,Rewari,6_05_03_V01Y_0,TRUE,FALSE,1,0,0,0,2017,1,15
1,1,Rewari,6_05_03_V01Y_0,TRUE,FALSE,1,0,0,0,2017,2,21
1,1,Rewari,6_05_03_V01Y_0,TRUE,FALSE,1,0,0,0,2017,3,17
1,1,Rewari,6_05_03_V01Y_0,TRUE,FALSE,1,0,0,0,2017,4,21
1,1,Rewari,6_05_03_V01Y_0,TRUE,FALSE,1,0,0,0,2017,5,19
1,1,Rewari,6_05_03_V01Y_0,TRUE,FALSE,1,0,0,0,2017,6,26
1,1,Rewari,6_05_03_V01Y_0,TRUE,FALSE,1,0,0,0,2017,7,15
1,1,Rewari,6_05_03_V01Y_0,TRUE,FALSE,1,0,0,0,2017,8,30
1,1,Rewari,6_05_03_V01Y_0,TRUE,FALSE,1,0,0,0,2017,9,22
1,1,Rewari,6_05_03_V01Y_0,TRUE,FALSE,1,0,0,0,2017,10,23
1,1,Rewari,6_05_03_V01Y_0,TRUE,FALSE,1,0,0,0,2017,11,21
1,1,Rewari,6_05_03_V01Y_0,TRUE,FALSE,1,0,0,0,2017,12,27
1,1,Rewari,6_05_03_V01Y_0,TRUE,FALSE,1,0,0,0,2018,1,30
1,1,Rewari,6_05_03_V01Y_0,TRUE,FALSE,1,0,0,0,2018,2,16
1,1,Rewari,6_05_03_V01Y_0,TRUE,FALSE,1,0,0,0,2018,3,24
1,1,Rewari,6_05_05_V02Y_0,FALSE,TRUE,1,0,0,0,2017,1,14
1,1,Rewari,6_05_05_V02Y_0,FALSE,TRUE,1,0,0,0,2017,2,20
1,1,Rewari,6_05_05_V02Y_0,FALSE,TRUE,1,0,0,0,2017,3,17
1,1,Rewari,6_05_05_V02Y_0,FALSE,TRUE,1,0,0,0,2017,4,23
1,1,Rewari,6_05_05_V02Y_0,FALSE,TRUE,1,0,0,0,2017,5,25
1,1,Rewari,6_05_05_V02Y_0,FALSE,TRUE,1,0,0,0,2017,6,35
1,1,Rewari,6_05_05_V02Y_0,FALSE,TRUE,1,0,0,0,2017,7,37
1,1,Rewari,6_05_05_V02Y_0,FALSE,TRUE,1,0,0,0,2017,8,36
1,1,Rewari,6_05_05_V02Y_0,FALSE,TRUE,1,0,0,0,2017,9,40
1,1,Rewari,6_05_05_V02Y_0,FALSE,TRUE,1,0,0,0,2017,10,37
1,1,Rewari,6_05_05_V02Y_0,FALSE,TRUE,1,0,0,0,2017,11,26
1,1,Rewari,6_05_05_V02Y_0,FALSE,TRUE,1,0,0,0,2017,12,34
1,1,Rewari,6_05_05_V02Y_0,FALSE,TRUE,1,0,0,0,2018,1,49
1,1,Rewari,6_05_05_V02Y_0,FALSE,TRUE,1,0,0,0,2018,2,37
1,1,Rewari,6_05_05_V02Y_0,FALSE,TRUE,1,0,0,0,2018,3,32
1,1,Rewari,6_06_01_V02Y_0,TRUE,FALSE,0,0,1,0,2017,1,19
1,1,Rewari,6_06_01_V02Y_0,TRUE,FALSE,0,0,1,0,2017,2,12
1,1,Rewari,6_06_01_V02Y_0,TRUE,FALSE,0,0,1,0,2017,3,15
1,1,Rewari,6_06_01_V02Y_0,TRUE,FALSE,0,0,1,0,2017,4,15
1,1,Rewari,6_06_01_V02Y_0,TRUE,FALSE,0,0,1,0,2017,5,16
1,1,Rewari,6_06_01_V02Y_0,TRUE,FALSE,0,0,1,0,2017,6,20
1,1,Rewari,6_06_01_V02Y_0,TRUE,FALSE,0,0,1,0,2017,7,14
1,1,Rewari,6_06_01_V02Y_0,TRUE,FALSE,0,0,1,0,2017,8,12
1,1,Rewari,6_06_01_V02Y_0,TRUE,FALSE,0,0,1,0,2017,9,19
1,1,Rewari,6_06_01_V02Y_0,TRUE,FALSE,0,0,1,0,2017,10,18
1,1,Rewari,6_06_01_V02Y_0,TRUE,FALSE,0,0,1,0,2017,11,17
1,1,Rewari,6_06_01_V02Y_0,TRUE,FALSE,0,0,1,0,2017,12,23
1,1,Rewari,6_06_01_V02Y_0,TRUE,FALSE,0,0,1,0,2018,1,20
1,1,Rewari,6_06_01_V02Y_0,TRUE,FALSE,0,0,1,0,2018,2,17
1,1,Rewari,6_06_01_V02Y_0,TRUE,FALSE,0,0,1,0,2018,3,24
1,1,Rewari,6_06_01_V03Y_0,TRUE,FALSE,1,0,0,0,2017,1,20
1,1,Rewari,6_06_01_V03Y_0,TRUE,FALSE,1,0,0,0,2017,2,23
1,1,Rewari,6_06_01_V03Y_0,TRUE,FALSE,1,0,0,0,2017,3,31
1,1,Rewari,6_06_01_V03Y_0,TRUE,FALSE,1,0,0,0,2017,4,21
1,1,Rewari,6_06_01_V03Y_0,TRUE,FALSE,1,0,0,0,2017,5,19
1,1,Rewari,6_06_01_V03Y_0,TRUE,FALSE,1,0,0,0,2017,6,20
1,1,Rewari,6_06_01_V03Y_0,TRUE,FALSE,1,0,0,0,2017,7,23
1,1,Rewari,6_06_01_V03Y_0,TRUE,FALSE,1,0,0,0,2017,8,19
1,1,Rewari,6_06_01_V03Y_0,TRUE,FALSE,1,0,0,0,2017,9,25
1,1,Rewari,6_06_01_V03Y_0,TRUE,FALSE,1,0,0,0,2017,10,19
1,1,Rewari,6_06_01_V03Y_0,TRUE,FALSE,1,0,0,0,2017,11,24
1,1,Rewari,6_06_01_V03Y_0,TRUE,FALSE,1,0,0,0,2017,12,21
1,1,Rewari,6_06_01_V03Y_0,TRUE,FALSE,1,0,0,0,2018,1,20
1,1,Rewari,6_06_01_V03Y_0,TRUE,FALSE,1,0,0,0,2018,2,30
1,1,Rewari,6_06_01_V03Y_0,TRUE,FALSE,1,0,0,0,2018,3,37
1,1,Rewari,6_06_01_V04Y_0,TRUE,FALSE,0,1,0,0,2017,1,37
1,1,Rewari,6_06_01_V04Y_0,TRUE,FALSE,0,1,0,0,2017,2,75
1,1,Rewari,6_06_01_V04Y_0,TRUE,FALSE,0,1,0,0,2017,3,68
1,1,Rewari,6_06_01_V04Y_0,TRUE,FALSE,0,1,0,0,2017,4,76
1,1,Rewari,6_06_01_V04Y_0,TRUE,FALSE,0,1,0,0,2017,5,44
1,1,Rewari,6_06_01_V04Y_0,TRUE,FALSE,0,1,0,0,2017,6,57
1,1,Rewari,6_06_01_V04Y_0,TRUE,FALSE,0,1,0,0,2017,7,60
1,1,Rewari,6_06_01_V04Y_0,TRUE,FALSE,0,1,0,0,2017,8,74
1,1,Rewari,6_06_01_V04Y_0,TRUE,FALSE,0,1,0,0,2017,9,82
1,1,Rewari,6_06_01_V04Y_0,TRUE,FALSE,0,1,0,0,2017,10,82
1,1,Rewari,6_06_01_V04Y_0,TRUE,FALSE,0,1,0,0,2017,11,77
1,1,Rewari,6_06_01_V04Y_0,TRUE,FALSE,0,1,0,0,2017,12,69
1,1,Rewari,6_06_01_V04Y_0,TRUE,FALSE,0,1,0,0,2018,1,79
1,1,Rewari,6_06_01_V04Y_0,TRUE,FALSE,0,1,0,0,2018,2,66
1,1,Rewari,6_06_01_V04Y_0,TRUE,FALSE,0,1,0,0,2018,3,63
1,1,Rewari,6_06_03_V01Y_0,TRUE,FALSE,0,1,0,0,2017,1,2
1,1,Rewari,6_06_03_V01Y_0,TRUE,FALSE,0,1,0,0,2017,2,31
1,1,Rewari,6_06_03_V01Y_0,TRUE,FALSE,0,1,0,0,2017,3,48
1,1,Rewari,6_06_03_V01Y_0,TRUE,FALSE,0,1,0,0,2017,4,70
1,1,Rewari,6_06_03_V01Y_0,TRUE,FALSE,0,1,0,0,2017,5,76
1,1,Rewari,6_06_03_V01Y_0,TRUE,FALSE,0,1,0,0,2017,6,50
1,1,Rewari,6_06_03_V01Y_0,TRUE,FALSE,0,1,0,0,2017,7,50
1,1,Rewari,6_06_03_V01Y_0,TRUE,FALSE,0,1,0,0,2017,8,52
1,1,Rewari,6_06_03_V01Y_0,TRUE,FALSE,0,1,0,0,2017,9,62
1,1,Rewari,6_06_03_V01Y_0,TRUE,FALSE,0,1,0,0,2017,10,56
1,1,Rewari,6_06_03_V01Y_0,TRUE,FALSE,0,1,0,0,2017,11,89
1,1,Rewari,6_06_03_V01Y_0,TRUE,FALSE,0,1,0,0,2017,12,52
1,1,Rewari,6_06_03_V01Y_0,TRUE,FALSE,0,1,0,0,2018,1,73
1,1,Rewari,6_06_03_V01Y_0,TRUE,FALSE,0,1,0,0,2018,2,34
1,1,Rewari,6_06_03_V01Y_0,TRUE,FALSE,0,1,0,0,2018,3,53
1,1,Rewari,6_06_03_V02Y_1,TRUE,FALSE,0,0,0,1,2017,2,26
1,1,Rewari,6_06_03_V02Y_1,TRUE,FALSE,0,0,0,1,2017,3,25
1,1,Rewari,6_06_03_V02Y_1,TRUE,FALSE,0,0,0,1,2017,4,32
1,1,Rewari,6_06_03_V02Y_1,TRUE,FALSE,0,0,0,1,2017,5,31
1,1,Rewari,6_06_03_V02Y_1,TRUE,FALSE,0,0,0,1,2017,6,28
1,1,Rewari,6_06_03_V02Y_1,TRUE,FALSE,0,0,0,1,2017,7,44
1,1,Rewari,6_06_03_V02Y_1,TRUE,FALSE,0,0,0,1,2017,8,42
1,1,Rewari,6_06_03_V02Y_1,TRUE,FALSE,0,0,0,1,2017,9,34
1,1,Rewari,6_06_03_V02Y_1,TRUE,FALSE,0,0,0,1,2017,10,33
1,1,Rewari,6_06_03_V02Y_1,TRUE,FALSE,0,0,0,1,2017,11,41
1,1,Rewari,6_06_03_V02Y_1,TRUE,FALSE,0,0,0,1,2017,12,42
1,1,Rewari,6_06_03_V02Y_1,TRUE,FALSE,0,0,0,1,2018,1,45
1,1,Rewari,6_06_03_V02Y_1,TRUE,FALSE,0,0,0,1,2018,2,43
1,1,Rewari,6_06_03_V02Y_1,TRUE,FALSE,0,0,0,1,2018,3,41
1,1,Rewari,6_06_04_V03Y_0,TRUE,FALSE,0,0,0,1,2017,1,10
1,1,Rewari,6_06_04_V03Y_0,TRUE,FALSE,0,0,0,1,2017,2,11
1,1,Rewari,6_06_04_V03Y_0,TRUE,FALSE,0,0,0,1,2017,3,8
1,1,Rewari,6_06_04_V03Y_0,TRUE,FALSE,0,0,0,1,2017,4,4
1,1,Rewari,6_06_04_V03Y_0,TRUE,FALSE,0,0,0,1,2017,5,6
1,1,Rewari,6_06_04_V03Y_0,TRUE,FALSE,0,0,0,1,2017,6,11
1,1,Rewari,6_06_04_V03Y_0,TRUE,FALSE,0,0,0,1,2017,7,9
1,1,Rewari,6_06_04_V03Y_0,TRUE,FALSE,0,0,0,1,2017,8,5
1,1,Rewari,6_06_04_V03Y_0,TRUE,FALSE,0,0,0,1,2017,9,10
1,1,Rewari,6_06_04_V03Y_0,TRUE,FALSE,0,0,0,1,2017,10,14
1,1,Rewari,6_06_04_V03Y_0,TRUE,FALSE,0,0,0,1,2017,11,14
1,1,Rewari,6_06_04_V03Y_0,TRUE,FALSE,0,0,0,1,2017,12,9
1,1,Rewari,6_06_04_V03Y_0,TRUE,FALSE,0,0,0,1,2018,1,10
1,1,Rewari,6_06_04_V03Y_0,TRUE,FALSE,0,0,0,1,2018,2,11
1,1,Rewari,6_06_04_V03Y_0,TRUE,FALSE,0,0,0,1,2018,3,16
1,1,Rewari,6_06_04_V05Y_0,TRUE,FALSE,0,1,0,0,2017,2,6
1,1,Rewari,6_06_04_V05Y_0,TRUE,FALSE,0,1,0,0,2017,3,8
1,1,Rewari,6_06_04_V05Y_0,TRUE,FALSE,0,1,0,0,2017,4,4
1,1,Rewari,6_06_04_V05Y_0,TRUE,FALSE,0,1,0,0,2017,5,4
1,1,Rewari,6_06_04_V05Y_0,TRUE,FALSE,0,1,0,0,2017,6,4
1,1,Rewari,6_06_04_V05Y_0,TRUE,FALSE,0,1,0,0,2017,7,2
1,1,Rewari,6_06_04_V05Y_0,TRUE,FALSE,0,1,0,0,2017,8,1
1,1,Rewari,6_06_04_V05Y_0,TRUE,FALSE,0,1,0,0,2017,9,4
1,1,Rewari,6_06_04_V05Y_0,TRUE,FALSE,0,1,0,0,2017,10,4
1,1,Rewari,6_06_04_V05Y_0,TRUE,FALSE,0,1,0,0,2017,11,7
1,1,Rewari,6_06_04_V05Y_0,TRUE,FALSE,0,1,0,0,2017,12,4
1,1,Rewari,6_06_04_V05Y_0,TRUE,FALSE,0,1,0,0,2018,1,5
1,1,Rewari,6_06_04_V05Y_0,TRUE,FALSE,0,1,0,0,2018,2,5
1,1,Rewari,6_06_04_V05Y_0,TRUE,FALSE,0,1,0,0,2018,3,5
1,1,Rewari,6_07_01_V01Y_0,FALSE,FALSE,0,1,0,0,2017,1,18
1,1,Rewari,6_07_01_V01Y_0,FALSE,FALSE,0,1,0,0,2017,2,13
1,1,Rewari,6_07_01_V01Y_0,FALSE,FALSE,0,1,0,0,2017,3,17
1,1,Rewari,6_07_01_V01Y_0,FALSE,FALSE,0,1,0,0,2017,4,17
1,1,Rewari,6_07_01_V01Y_0,FALSE,FALSE,0,1,0,0,2017,5,11
1,1,Rewari,6_07_01_V01Y_0,FALSE,FALSE,0,1,0,0,2017,6,18
1,1,Rewari,6_07_01_V01Y_0,FALSE,FALSE,0,1,0,0,2017,7,13
1,1,Rewari,6_07_01_V01Y_0,FALSE,FALSE,0,1,0,0,2017,8,25
1,1,Rewari,6_07_01_V01Y_0,FALSE,FALSE,0,1,0,0,2017,9,27
1,1,Rewari,6_07_01_V01Y_0,FALSE,FALSE,0,1,0,0,2017,10,28
1,1,Rewari,6_07_01_V01Y_0,FALSE,FALSE,0,1,0,0,2017,11,21
1,1,Rewari,6_07_01_V01Y_0,FALSE,FALSE,0,1,0,0,2017,12,27
1,1,Rewari,6_07_01_V01Y_0,FALSE,FALSE,0,1,0,0,2018,1,24
1,1,Rewari,6_07_01_V01Y_0,FALSE,FALSE,0,1,0,0,2018,2,19
1,1,Rewari,6_07_01_V01Y_0,FALSE,FALSE,0,1,0,0,2018,3,13
1,1,Rewari,6_07_03_V01Y_0,FALSE,FALSE,0,0,1,0,2017,1,13
1,1,Rewari,6_07_03_V01Y_0,FALSE,FALSE,0,0,1,0,2017,2,18
1,1,Rewari,6_07_03_V01Y_0,FALSE,FALSE,0,0,1,0,2017,3,9
1,1,Rewari,6_07_03_V01Y_0,FALSE,FALSE,0,0,1,0,2017,4,22
1,1,Rewari,6_07_03_V01Y_0,FALSE,FALSE,0,0,1,0,2017,5,14
1,1,Rewari,6_07_03_V01Y_0,FALSE,FALSE,0,0,1,0,2017,6,14
1,1,Rewari,6_07_03_V01Y_0,FALSE,FALSE,0,0,1,0,2017,7,12
1,1,Rewari,6_07_03_V01Y_0,FALSE,FALSE,0,0,1,0,2017,8,21
1,1,Rewari,6_07_03_V01Y_0,FALSE,FALSE,0,0,1,0,2017,9,20
1,1,Rewari,6_07_03_V01Y_0,FALSE,FALSE,0,0,1,0,2017,10,17
1,1,Rewari,6_07_03_V01Y_0,FALSE,FALSE,0,0,1,0,2017,11,21
1,1,Rewari,6_07_03_V01Y_0,FALSE,FALSE,0,0,1,0,2017,12,17
1,1,Rewari,6_07_03_V01Y_0,FALSE,FALSE,0,0,1,0,2018,1,16
1,1,Rewari,6_07_03_V01Y_0,FALSE,FALSE,0,0,1,0,2018,2,17
1,1,Rewari,6_07_03_V01Y_0,FALSE,FALSE,0,0,1,0,2018,3,22
1,1,Rewari,6_07_04_V02Y_0,FALSE,FALSE,1,0,0,0,2017,1,2
1,1,Rewari,6_07_04_V02Y_0,FALSE,FALSE,1,0,0,0,2017,2,9
1,1,Rewari,6_07_04_V02Y_0,FALSE,FALSE,1,0,0,0,2017,3,6
1,1,Rewari,6_07_04_V02Y_0,FALSE,FALSE,1,0,0,0,2017,4,9
1,1,Rewari,6_07_04_V02Y_0,FALSE,FALSE,1,0,0,0,2017,5,8
1,1,Rewari,6_07_04_V02Y_0,FALSE,FALSE,1,0,0,0,2017,6,8
1,1,Rewari,6_07_04_V02Y_0,FALSE,FALSE,1,0,0,0,2017,7,8
1,1,Rewari,6_07_04_V02Y_0,FALSE,FALSE,1,0,0,0,2017,8,12
1,1,Rewari,6_07_04_V02Y_0,FALSE,FALSE,1,0,0,0,2017,9,6
1,1,Rewari,6_07_04_V02Y_0,FALSE,FALSE,1,0,0,0,2017,10,13
1,1,Rewari,6_07_04_V02Y_0,FALSE,FALSE,1,0,0,0,2017,11,9
1,1,Rewari,6_07_04_V02Y_0,FALSE,FALSE,1,0,0,0,2017,12,12
1,1,Rewari,6_07_04_V02Y_0,FALSE,FALSE,1,0,0,0,2018,1,9
1,1,Rewari,6_07_04_V02Y_0,FALSE,FALSE,1,0,0,0,2018,2,9
1,1,Rewari,6_07_04_V02Y_0,FALSE,FALSE,1,0,0,0,2018,3,7
1,1,Rewari,6_08_04_V02Y_0,FALSE,FALSE,0,0,0,1,2017,1,2
1,1,Rewari,6_08_04_V02Y_0,FALSE,FALSE,0,0,0,1,2017,2,6
1,1,Rewari,6_08_04_V02Y_0,FALSE,FALSE,0,0,0,1,2017,3,5
1,1,Rewari,6_08_04_V02Y_0,FALSE,FALSE,0,0,0,1,2017,4,1
1,1,Rewari,6_08_04_V02Y_0,FALSE,FALSE,0,0,0,1,2017,5,4
1,1,Rewari,6_08_04_V02Y_0,FALSE,FALSE,0,0,0,1,2017,6,1
1,1,Rewari,6_08_04_V02Y_0,FALSE,FALSE,0,0,0,1,2017,7,2
1,1,Rewari,6_08_04_V02Y_0,FALSE,FALSE,0,0,0,1,2017,9,1
1,1,Rewari,6_08_04_V02Y_0,FALSE,FALSE,0,0,0,1,2017,10,5
1,1,Rewari,6_08_04_V02Y_0,FALSE,FALSE,0,0,0,1,2017,11,4
1,1,Rewari,6_08_04_V02Y_0,FALSE,FALSE,0,0,0,1,2017,12,7
1,1,Rewari,6_08_04_V02Y_0,FALSE,FALSE,0,0,0,1,2018,1,6
1,1,Rewari,6_08_04_V02Y_0,FALSE,FALSE,0,0,0,1,2018,2,3
1,1,Rewari,6_08_05_V03Y_0,FALSE,FALSE,0,0,0,1,2017,2,23
1,1,Rewari,6_08_05_V03Y_0,FALSE,FALSE,0,0,0,1,2017,3,21
1,1,Rewari,6_08_05_V03Y_0,FALSE,FALSE,0,0,0,1,2017,4,19
1,1,Rewari,6_08_05_V03Y_0,FALSE,FALSE,0,0,0,1,2017,5,6
1,1,Rewari,6_08_05_V03Y_0,FALSE,FALSE,0,0,0,1,2017,6,5
1,1,Rewari,6_08_05_V03Y_0,FALSE,FALSE,0,0,0,1,2017,7,21
1,1,Rewari,6_08_05_V03Y_0,FALSE,FALSE,0,0,0,1,2017,8,12
1,1,Rewari,6_08_05_V03Y_0,FALSE,FALSE,0,0,0,1,2017,9,16
1,1,Rewari,6_08_05_V03Y_0,FALSE,FALSE,0,0,0,1,2017,10,18
1,1,Rewari,6_08_05_V03Y_0,FALSE,FALSE,0,0,0,1,2017,11,16
1,1,Rewari,6_08_05_V03Y_0,FALSE,FALSE,0,0,0,1,2017,12,15
1,1,Rewari,6_08_05_V03Y_0,FALSE,FALSE,0,0,0,1,2018,1,21
1,1,Rewari,6_08_05_V03Y_0,FALSE,FALSE,0,0,0,1,2018,2,19
1,1,Rewari,6_08_05_V03Y_0,FALSE,FALSE,0,0,0,1,2018,3,26
1,1,Rewari,6_08_06_V02Y_0,FALSE,FALSE,1,0,0,0,2017,2,22
1,1,Rewari,6_08_06_V02Y_0,FALSE,FALSE,1,0,0,0,2017,3,22
1,1,Rewari,6_08_06_V02Y_0,FALSE,FALSE,1,0,0,0,2017,4,20
1,1,Rewari,6_08_06_V02Y_0,FALSE,FALSE,1,0,0,0,2017,5,16
1,1,Rewari,6_08_06_V02Y_0,FALSE,FALSE,1,0,0,0,2017,6,20
1,1,Rewari,6_08_06_V02Y_0,FALSE,FALSE,1,0,0,0,2017,7,14
1,1,Rewari,6_08_06_V02Y_0,FALSE,FALSE,1,0,0,0,2017,8,10
1,1,Rewari,6_08_06_V02Y_0,FALSE,FALSE,1,0,0,0,2017,9,15
1,1,Rewari,6_08_06_V02Y_0,FALSE,FALSE,1,0,0,0,2017,10,28
1,1,Rewari,6_08_06_V02Y_0,FALSE,FALSE,1,0,0,0,2017,11,26
1,1,Rewari,6_08_06_V02Y_0,FALSE,FALSE,1,0,0,0,2017,12,10
1,1,Rewari,6_08_06_V02Y_0,FALSE,FALSE,1,0,0,0,2018,1,22
1,1,Rewari,6_08_06_V02Y_0,FALSE,FALSE,1,0,0,0,2018,2,22
1,1,Rewari,6_08_06_V02Y_0,FALSE,FALSE,1,0,0,0,2018,3,17
1,1,Rewari,6_08_07_V02Y_0,FALSE,FALSE,0,0,1,0,2017,1,4
1,1,Rewari,6_08_07_V02Y_0,FALSE,FALSE,0,0,1,0,2017,2,6
1,1,Rewari,6_08_07_V02Y_0,FALSE,FALSE,0,0,1,0,2017,3,8
1,1,Rewari,6_08_07_V02Y_0,FALSE,FALSE,0,0,1,0,2017,4,7
1,1,Rewari,6_08_07_V02Y_0,FALSE,FALSE,0,0,1,0,2017,5,4
1,1,Rewari,6_08_07_V02Y_0,FALSE,FALSE,0,0,1,0,2017,6,5
1,1,Rewari,6_08_07_V02Y_0,FALSE,FALSE,0,0,1,0,2017,7,6
1,1,Rewari,6_08_07_V02Y_0,FALSE,FALSE,0,0,1,0,2017,8,8
1,1,Rewari,6_08_07_V02Y_0,FALSE,FALSE,0,0,1,0,2017,9,5
1,1,Rewari,6_08_07_V02Y_0,FALSE,FALSE,0,0,1,0,2017,10,7
1,1,Rewari,6_08_07_V02Y_0,FALSE,FALSE,0,0,1,0,2017,11,12
1,1,Rewari,6_08_07_V02Y_0,FALSE,FALSE,0,0,1,0,2017,12,7
1,1,Rewari,6_08_07_V02Y_0,FALSE,FALSE,0,0,1,0,2018,1,10
1,1,Rewari,6_08_07_V02Y_0,FALSE,FALSE,0,0,1,0,2018,2,7
1,1,Rewari,6_08_07_V02Y_0,FALSE,FALSE,0,0,1,0,2018,3,5
1,1,Rewari,6_09_02_V04Y_0,FALSE,FALSE,0,1,0,0,2017,1,3
1,1,Rewari,6_09_02_V04Y_0,FALSE,FALSE,0,1,0,0,2017,2,6
1,1,Rewari,6_09_02_V04Y_0,FALSE,FALSE,0,1,0,0,2017,3,3
1,1,Rewari,6_09_02_V04Y_0,FALSE,FALSE,0,1,0,0,2017,4,4
1,1,Rewari,6_09_02_V04Y_0,FALSE,FALSE,0,1,0,0,2017,5,5
1,1,Rewari,6_09_02_V04Y_0,FALSE,FALSE,0,1,0,0,2017,6,3
1,1,Rewari,6_09_02_V04Y_0,FALSE,FALSE,0,1,0,0,2017,7,6
1,1,Rewari,6_09_02_V04Y_0,FALSE,FALSE,0,1,0,0,2017,8,2
1,1,Rewari,6_09_02_V04Y_0,FALSE,FALSE,0,1,0,0,2017,9,7
1,1,Rewari,6_09_02_V04Y_0,FALSE,FALSE,0,1,0,0,2017,10,4
1,1,Rewari,6_09_02_V04Y_0,FALSE,FALSE,0,1,0,0,2017,11,7
1,1,Rewari,6_09_02_V04Y_0,FALSE,FALSE,0,1,0,0,2017,12,1
1,1,Rewari,6_09_02_V04Y_0,FALSE,FALSE,0,1,0,0,2018,1,3
1,1,Rewari,6_09_02_V04Y_0,FALSE,FALSE,0,1,0,0,2018,2,5
1,1,Rewari,6_09_02_V04Y_0,FALSE,FALSE,0,1,0,0,2018,3,3
1,1,Rewari,6_09_03_V01Y_0,FALSE,FALSE,0,0,0,1,2017,2,4
1,1,Rewari,6_09_03_V01Y_0,FALSE,FALSE,0,0,0,1,2017,3,7
1,1,Rewari,6_09_03_V01Y_0,FALSE,FALSE,0,0,0,1,2017,4,6
1,1,Rewari,6_09_03_V01Y_0,FALSE,FALSE,0,0,0,1,2017,5,5
1,1,Rewari,6_09_03_V01Y_0,FALSE,FALSE,0,0,0,1,2017,6,6
1,1,Rewari,6_09_03_V01Y_0,FALSE,FALSE,0,0,0,1,2017,7,6
1,1,Rewari,6_09_03_V01Y_0,FALSE,FALSE,0,0,0,1,2017,8,2
1,1,Rewari,6_09_03_V01Y_0,FALSE,FALSE,0,0,0,1,2017,9,3
1,1,Rewari,6_09_03_V01Y_0,FALSE,FALSE,0,0,0,1,2017,10,6
1,1,Rewari,6_09_03_V01Y_0,FALSE,FALSE,0,0,0,1,2017,11,3
1,1,Rewari,6_09_03_V01Y_0,FALSE,FALSE,0,0,0,1,2017,12,6
1,1,Rewari,6_09_03_V01Y_0,FALSE,FALSE,0,0,0,1,2018,1,7
1,1,Rewari,6_09_03_V01Y_0,FALSE,FALSE,0,0,0,1,2018,2,10
1,1,Rewari,6_09_03_V01Y_0,FALSE,FALSE,0,0,0,1,2018,3,6
1,1,Rewari,6_09_04_V02Y_0,FALSE,FALSE,0,0,1,0,2017,2,15
1,1,Rewari,6_09_04_V02Y_0,FALSE,FALSE,0,0,1,0,2017,3,15
1,1,Rewari,6_09_04_V02Y_0,FALSE,FALSE,0,0,1,0,2017,4,12
1,1,Rewari,6_09_04_V02Y_0,FALSE,FALSE,0,0,1,0,2017,5,12
1,1,Rewari,6_09_04_V02Y_0,FALSE,FALSE,0,0,1,0,2017,6,15
1,1,Rewari,6_09_04_V02Y_0,FALSE,FALSE,0,0,1,0,2017,7,6
1,1,Rewari,6_09_04_V02Y_0,FALSE,FALSE,0,0,1,0,2017,8,2
1,1,Rewari,6_09_04_V02Y_0,FALSE,FALSE,0,0,1,0,2017,9,6
1,1,Rewari,6_09_04_V02Y_0,FALSE,FALSE,0,0,1,0,2017,10,11
1,1,Rewari,6_09_04_V02Y_0,FALSE,FALSE,0,0,1,0,2017,11,10
1,1,Rewari,6_09_04_V02Y_0,FALSE,FALSE,0,0,1,0,2017,12,16
1,1,Rewari,6_09_04_V02Y_0,FALSE,FALSE,0,0,1,0,2018,1,11
1,1,Rewari,6_09_04_V02Y_0,FALSE,FALSE,0,0,1,0,2018,2,7
1,1,Rewari,6_09_04_V02Y_0,FALSE,FALSE,0,0,1,0,2018,3,15
1,1,Rewari,6_09_05_V02Y_0,FALSE,FALSE,0,1,0,0,2017,2,6
1,1,Rewari,6_09_05_V02Y_0,FALSE,FALSE,0,1,0,0,2017,3,5
1,1,Rewari,6_09_05_V02Y_0,FALSE,FALSE,0,1,0,0,2017,4,4
1,1,Rewari,6_09_05_V02Y_0,FALSE,FALSE,0,1,0,0,2017,5,5
1,1,Rewari,6_09_05_V02Y_0,FALSE,FALSE,0,1,0,0,2017,6,4
1,1,Rewari,6_09_05_V02Y_0,FALSE,FALSE,0,1,0,0,2017,7,4
1,1,Rewari,6_09_05_V02Y_0,FALSE,FALSE,0,1,0,0,2017,8,6
1,1,Rewari,6_09_05_V02Y_0,FALSE,FALSE,0,1,0,0,2017,9,6
1,1,Rewari,6_09_05_V02Y_0,FALSE,FALSE,0,1,0,0,2017,10,5
1,1,Rewari,6_09_05_V02Y_0,FALSE,FALSE,0,1,0,0,2017,11,12
1,1,Rewari,6_09_05_V02Y_0,FALSE,FALSE,0,1,0,0,2017,12,9
1,1,Rewari,6_09_05_V02Y_0,FALSE,FALSE,0,1,0,0,2018,1,11
1,1,Rewari,6_09_05_V02Y_0,FALSE,FALSE,0,1,0,0,2018,2,13
1,1,Rewari,6_09_05_V02Y_0,FALSE,FALSE,0,1,0,0,2018,3,4
1,1,Rewari,6_10_01_V02Y_0,FALSE,FALSE,1,0,0,0,2017,1,3
1,1,Rewari,6_10_01_V02Y_0,FALSE,FALSE,1,0,0,0,2017,2,4
1,1,Rewari,6_10_01_V02Y_0,FALSE,FALSE,1,0,0,0,2017,3,4
1,1,Rewari,6_10_01_V02Y_0,FALSE,FALSE,1,0,0,0,2017,4,5
1,1,Rewari,6_10_01_V02Y_0,FALSE,FALSE,1,0,0,0,2017,5,1
1,1,Rewari,6_10_01_V02Y_0,FALSE,FALSE,1,0,0,0,2017,6,6
1,1,Rewari,6_10_01_V02Y_0,FALSE,FALSE,1,0,0,0,2017,7,7
1,1,Rewari,6_10_01_V02Y_0,FALSE,FALSE,1,0,0,0,2017,8,6
1,1,Rewari,6_10_01_V02Y_0,FALSE,FALSE,1,0,0,0,2017,9,5
1,1,Rewari,6_10_01_V02Y_0,FALSE,FALSE,1,0,0,0,2017,10,8
1,1,Rewari,6_10_01_V02Y_0,FALSE,FALSE,1,0,0,0,2017,11,7
1,1,Rewari,6_10_01_V02Y_0,FALSE,FALSE,1,0,0,0,2017,12,11
1,1,Rewari,6_10_01_V02Y_0,FALSE,FALSE,1,0,0,0,2018,1,10
1,1,Rewari,6_10_01_V02Y_0,FALSE,FALSE,1,0,0,0,2018,2,4
1,1,Rewari,6_10_01_V02Y_0,FALSE,FALSE,1,0,0,0,2018,3,8
1,1,Rewari,6_10_02_V03Y_0,FALSE,FALSE,0,1,0,0,2017,1,2
1,1,Rewari,6_10_02_V03Y_0,FALSE,FALSE,0,1,0,0,2017,2,7
1,1,Rewari,6_10_02_V03Y_0,FALSE,FALSE,0,1,0,0,2017,3,13
1,1,Rewari,6_10_02_V03Y_0,FALSE,FALSE,0,1,0,0,2017,4,10
1,1,Rewari,6_10_02_V03Y_0,FALSE,FALSE,0,1,0,0,2017,5,13
1,1,Rewari,6_10_02_V03Y_0,FALSE,FALSE,0,1,0,0,2017,6,10
1,1,Rewari,6_10_02_V03Y_0,FALSE,FALSE,0,1,0,0,2017,7,8
1,1,Rewari,6_10_02_V03Y_0,FALSE,FALSE,0,1,0,0,2017,8,12
1,1,Rewari,6_10_02_V03Y_0,FALSE,FALSE,0,1,0,0,2017,9,15
1,1,Rewari,6_10_02_V03Y_0,FALSE,FALSE,0,1,0,0,2017,10,22
1,1,Rewari,6_10_02_V03Y_0,FALSE,FALSE,0,1,0,0,2017,11,21
1,1,Rewari,6_10_02_V03Y_0,FALSE,FALSE,0,1,0,0,2017,12,10
1,1,Rewari,6_10_02_V03Y_0,FALSE,FALSE,0,1,0,0,2018,1,12
1,1,Rewari,6_10_02_V03Y_0,FALSE,FALSE,0,1,0,0,2018,2,11
1,1,Rewari,6_10_02_V03Y_0,FALSE,FALSE,0,1,0,0,2018,3,10
1,1,Rewari,6_10_04_V01Y_0,FALSE,FALSE,0,0,1,0,2017,2,10
1,1,Rewari,6_10_04_V01Y_0,FALSE,FALSE,0,0,1,0,2017,3,13
1,1,Rewari,6_10_04_V01Y_0,FALSE,FALSE,0,0,1,0,2017,4,9
1,1,Rewari,6_10_04_V01Y_0,FALSE,FALSE,0,0,1,0,2017,5,4
1,1,Rewari,6_10_04_V01Y_0,FALSE,FALSE,0,0,1,0,2017,6,8
1,1,Rewari,6_10_04_V01Y_0,FALSE,FALSE,0,0,1,0,2017,7,7
1,1,Rewari,6_10_04_V01Y_0,FALSE,FALSE,0,0,1,0,2017,8,10
1,1,Rewari,6_10_04_V01Y_0,FALSE,FALSE,0,0,1,0,2017,9,10
1,1,Rewari,6_10_04_V01Y_0,FALSE,FALSE,0,0,1,0,2017,10,16
1,1,Rewari,6_10_04_V01Y_0,FALSE,FALSE,0,0,1,0,2017,11,9
1,1,Rewari,6_10_04_V01Y_0,FALSE,FALSE,0,0,1,0,2017,12,12
1,1,Rewari,6_10_04_V01Y_0,FALSE,FALSE,0,0,1,0,2018,1,13
1,1,Rewari,6_10_04_V01Y_0,FALSE,FALSE,0,0,1,0,2018,2,11
1,1,Rewari,6_10_04_V01Y_0,FALSE,FALSE,0,0,1,0,2018,3,12
1,1,Rewari,6_10_04_V03Y_0,FALSE,FALSE,0,0,1,0,2017,1,5
1,1,Rewari,6_10_04_V03Y_0,FALSE,FALSE,0,0,1,0,2017,2,11
1,1,Rewari,6_10_04_V03Y_0,FALSE,FALSE,0,0,1,0,2017,3,8
1,1,Rewari,6_10_04_V03Y_0,FALSE,FALSE,0,0,1,0,2017,4,13
1,1,Rewari,6_10_04_V03Y_0,FALSE,FALSE,0,0,1,0,2017,5,8
1,1,Rewari,6_10_04_V03Y_0,FALSE,FALSE,0,0,1,0,2017,6,9
1,1,Rewari,6_10_04_V03Y_0,FALSE,FALSE,0,0,1,0,2017,7,9
1,1,Rewari,6_10_04_V03Y_0,FALSE,FALSE,0,0,1,0,2017,8,10
1,1,Rewari,6_10_04_V03Y_0,FALSE,FALSE,0,0,1,0,2017,9,7
1,1,Rewari,6_10_04_V03Y_0,FALSE,FALSE,0,0,1,0,2017,10,8
1,1,Rewari,6_10_04_V03Y_0,FALSE,FALSE,0,0,1,0,2017,11,7
1,1,Rewari,6_10_04_V03Y_0,FALSE,FALSE,0,0,1,0,2017,12,10
1,1,Rewari,6_10_04_V03Y_0,FALSE,FALSE,0,0,1,0,2018,1,13
1,1,Rewari,6_10_04_V03Y_0,FALSE,FALSE,0,0,1,0,2018,2,9
1,1,Rewari,6_10_04_V03Y_0,FALSE,FALSE,0,0,1,0,2018,3,9
1,1,Rewari,6_11_01_V01Y_0,TRUE,FALSE,0,0,0,1,2017,1,19
1,1,Rewari,6_11_01_V01Y_0,TRUE,FALSE,0,0,0,1,2017,2,13
1,1,Rewari,6_11_01_V01Y_0,TRUE,FALSE,0,0,0,1,2017,3,14
1,1,Rewari,6_11_01_V01Y_0,TRUE,FALSE,0,0,0,1,2017,4,16
1,1,Rewari,6_11_01_V01Y_0,TRUE,FALSE,0,0,0,1,2017,5,12
1,1,Rewari,6_11_01_V01Y_0,TRUE,FALSE,0,0,0,1,2017,6,14
1,1,Rewari,6_11_01_V01Y_0,TRUE,FALSE,0,0,0,1,2017,7,15
1,1,Rewari,6_11_01_V01Y_0,TRUE,FALSE,0,0,0,1,2017,8,16
1,1,Rewari,6_11_01_V01Y_0,TRUE,FALSE,0,0,0,1,2017,9,22
1,1,Rewari,6_11_01_V01Y_0,TRUE,FALSE,0,0,0,1,2017,10,25
1,1,Rewari,6_11_01_V01Y_0,TRUE,FALSE,0,0,0,1,2017,11,24
1,1,Rewari,6_11_01_V01Y_0,TRUE,FALSE,0,0,0,1,2017,12,21
1,1,Rewari,6_11_01_V01Y_0,TRUE,FALSE,0,0,0,1,2018,1,19
1,1,Rewari,6_11_01_V01Y_0,TRUE,FALSE,0,0,0,1,2018,2,22
1,1,Rewari,6_11_01_V01Y_0,TRUE,FALSE,0,0,0,1,2018,3,26
1,1,Rewari,6_11_01_V02Y_0,TRUE,FALSE,0,0,1,0,2017,2,6
1,1,Rewari,6_11_01_V02Y_0,TRUE,FALSE,0,0,1,0,2017,3,12
1,1,Rewari,6_11_01_V02Y_0,TRUE,FALSE,0,0,1,0,2017,4,16
1,1,Rewari,6_11_01_V02Y_0,TRUE,FALSE,0,0,1,0,2017,5,12
1,1,Rewari,6_11_01_V02Y_0,TRUE,FALSE,0,0,1,0,2017,6,15
1,1,Rewari,6_11_01_V02Y_0,TRUE,FALSE,0,0,1,0,2017,7,18
1,1,Rewari,6_11_01_V02Y_0,TRUE,FALSE,0,0,1,0,2017,8,17
1,1,Rewari,6_11_01_V02Y_0,TRUE,FALSE,0,0,1,0,2017,9,18
1,1,Rewari,6_11_01_V02Y_0,TRUE,FALSE,0,0,1,0,2017,10,20
1,1,Rewari,6_11_01_V02Y_0,TRUE,FALSE,0,0,1,0,2017,11,15
1,1,Rewari,6_11_01_V02Y_0,TRUE,FALSE,0,0,1,0,2017,12,23
1,1,Rewari,6_11_01_V02Y_0,TRUE,FALSE,0,0,1,0,2018,1,17
1,1,Rewari,6_11_01_V02Y_0,TRUE,FALSE,0,0,1,0,2018,2,11
1,1,Rewari,6_11_01_V02Y_0,TRUE,FALSE,0,0,1,0,2018,3,30
1,1,Rewari,6_11_01_V03Y_0,TRUE,FALSE,0,0,0,1,2017,1,3
1,1,Rewari,6_11_01_V03Y_0,TRUE,FALSE,0,0,0,1,2017,2,6
1,1,Rewari,6_11_01_V03Y_0,TRUE,FALSE,0,0,0,1,2017,4,7
1,1,Rewari,6_11_01_V03Y_0,TRUE,FALSE,0,0,0,1,2017,5,8
1,1,Rewari,6_11_01_V03Y_0,TRUE,FALSE,0,0,0,1,2017,6,8
1,1,Rewari,6_11_01_V03Y_0,TRUE,FALSE,0,0,0,1,2017,7,9
1,1,Rewari,6_11_01_V03Y_0,TRUE,FALSE,0,0,0,1,2017,8,9
1,1,Rewari,6_11_01_V03Y_0,TRUE,FALSE,0,0,0,1,2017,9,8
1,1,Rewari,6_11_01_V03Y_0,TRUE,FALSE,0,0,0,1,2017,10,6
1,1,Rewari,6_11_01_V03Y_0,TRUE,FALSE,0,0,0,1,2017,11,5
1,1,Rewari,6_11_01_V03Y_0,TRUE,FALSE,0,0,0,1,2017,12,13
1,1,Rewari,6_11_01_V03Y_0,TRUE,FALSE,0,0,0,1,2018,1,10
1,1,Rewari,6_11_01_V03Y_0,TRUE,FALSE,0,0,0,1,2018,2,7
1,1,Rewari,6_11_01_V03Y_0,TRUE,FALSE,0,0,0,1,2018,3,20
1,1,Rewari,6_11_03_V07Y_0,TRUE,FALSE,0,1,0,0,2017,1,6
1,1,Rewari,6_11_03_V07Y_0,TRUE,FALSE,0,1,0,0,2017,2,6
1,1,Rewari,6_11_03_V07Y_0,TRUE,FALSE,0,1,0,0,2017,3,9
1,1,Rewari,6_11_03_V07Y_0,TRUE,FALSE,0,1,0,0,2017,4,11
1,1,Rewari,6_11_03_V07Y_0,TRUE,FALSE,0,1,0,0,2017,5,9
1,1,Rewari,6_11_03_V07Y_0,TRUE,FALSE,0,1,0,0,2017,6,9
1,1,Rewari,6_11_03_V07Y_0,TRUE,FALSE,0,1,0,0,2017,7,10
1,1,Rewari,6_11_03_V07Y_0,TRUE,FALSE,0,1,0,0,2017,8,4
1,1,Rewari,6_11_03_V07Y_0,TRUE,FALSE,0,1,0,0,2017,9,6
1,1,Rewari,6_11_03_V07Y_0,TRUE,FALSE,0,1,0,0,2017,10,9
1,1,Rewari,6_11_03_V07Y_0,TRUE,FALSE,0,1,0,0,2017,11,11
1,1,Rewari,6_11_03_V07Y_0,TRUE,FALSE,0,1,0,0,2017,12,15
1,1,Rewari,6_11_03_V07Y_0,TRUE,FALSE,0,1,0,0,2018,1,10
1,1,Rewari,6_11_03_V07Y_0,TRUE,FALSE,0,1,0,0,2018,2,8
1,1,Rewari,6_11_03_V07Y_0,TRUE,FALSE,0,1,0,0,2018,3,7
1,1,Rewari,6_11_04_V03Y_0,TRUE,FALSE,0,0,0,1,2017,1,7
1,1,Rewari,6_11_04_V03Y_0,TRUE,FALSE,0,0,0,1,2017,2,7
1,1,Rewari,6_11_04_V03Y_0,TRUE,FALSE,0,0,0,1,2017,3,7
1,1,Rewari,6_11_04_V03Y_0,TRUE,FALSE,0,0,0,1,2017,4,7
1,1,Rewari,6_11_04_V03Y_0,TRUE,FALSE,0,0,0,1,2017,5,8
1,1,Rewari,6_11_04_V03Y_0,TRUE,FALSE,0,0,0,1,2017,6,5
1,1,Rewari,6_11_04_V03Y_0,TRUE,FALSE,0,0,0,1,2017,7,7
1,1,Rewari,6_11_04_V03Y_0,TRUE,FALSE,0,0,0,1,2017,8,9
1,1,Rewari,6_11_04_V03Y_0,TRUE,FALSE,0,0,0,1,2017,9,5
1,1,Rewari,6_11_04_V03Y_0,TRUE,FALSE,0,0,0,1,2017,10,7
1,1,Rewari,6_11_04_V03Y_0,TRUE,FALSE,0,0,0,1,2017,11,4
1,1,Rewari,6_11_04_V03Y_0,TRUE,FALSE,0,0,0,1,2017,12,9
1,1,Rewari,6_11_04_V03Y_0,TRUE,FALSE,0,0,0,1,2018,1,13
1,1,Rewari,6_11_04_V03Y_0,TRUE,FALSE,0,0,0,1,2018,2,9
1,1,Rewari,6_11_04_V03Y_0,TRUE,FALSE,0,0,0,1,2018,3,11
1,1,Rewari,6_11_04_V04Y_0,TRUE,FALSE,0,0,1,0,2017,1,9
1,1,Rewari,6_11_04_V04Y_0,TRUE,FALSE,0,0,1,0,2017,2,9
1,1,Rewari,6_11_04_V04Y_0,TRUE,FALSE,0,0,1,0,2017,3,8
1,1,Rewari,6_11_04_V04Y_0,TRUE,FALSE,0,0,1,0,2017,4,6
1,1,Rewari,6_11_04_V04Y_0,TRUE,FALSE,0,0,1,0,2017,5,3
1,1,Rewari,6_11_04_V04Y_0,TRUE,FALSE,0,0,1,0,2017,6,2
1,1,Rewari,6_11_04_V04Y_0,TRUE,FALSE,0,0,1,0,2017,7,12
1,1,Rewari,6_11_04_V04Y_0,TRUE,FALSE,0,0,1,0,2017,8,3
1,1,Rewari,6_11_04_V04Y_0,TRUE,FALSE,0,0,1,0,2017,9,12
1,1,Rewari,6_11_04_V04Y_0,TRUE,FALSE,0,0,1,0,2017,10,7
1,1,Rewari,6_11_04_V04Y_0,TRUE,FALSE,0,0,1,0,2017,11,14
1,1,Rewari,6_11_04_V04Y_0,TRUE,FALSE,0,0,1,0,2017,12,11
1,1,Rewari,6_11_04_V04Y_0,TRUE,FALSE,0,0,1,0,2018,1,10
1,1,Rewari,6_11_04_V04Y_0,TRUE,FALSE,0,0,1,0,2018,2,10
1,1,Rewari,6_11_04_V04Y_0,TRUE,FALSE,0,0,1,0,2018,3,16
1,1,Rewari,6_12_01_V04Y_0,TRUE,FALSE,1,0,0,0,2017,2,2
1,1,Rewari,6_12_01_V04Y_0,TRUE,FALSE,1,0,0,0,2017,3,3
1,1,Rewari,6_12_01_V04Y_0,TRUE,FALSE,1,0,0,0,2017,4,4
1,1,Rewari,6_12_01_V04Y_0,TRUE,FALSE,1,0,0,0,2017,5,4
1,1,Rewari,6_12_01_V04Y_0,TRUE,FALSE,1,0,0,0,2017,6,6
1,1,Rewari,6_12_01_V04Y_0,TRUE,FALSE,1,0,0,0,2017,7,5
1,1,Rewari,6_12_01_V04Y_0,TRUE,FALSE,1,0,0,0,2017,8,6
1,1,Rewari,6_12_01_V04Y_0,TRUE,FALSE,1,0,0,0,2017,9,2
1,1,Rewari,6_12_01_V04Y_0,TRUE,FALSE,1,0,0,0,2017,10,4
1,1,Rewari,6_12_01_V04Y_0,TRUE,FALSE,1,0,0,0,2017,11,6
1,1,Rewari,6_12_01_V04Y_0,TRUE,FALSE,1,0,0,0,2017,12,9
1,1,Rewari,6_12_01_V04Y_0,TRUE,FALSE,1,0,0,0,2018,1,2
1,1,Rewari,6_12_01_V04Y_0,TRUE,FALSE,1,0,0,0,2018,2,5
1,1,Rewari,6_12_01_V04Y_0,TRUE,FALSE,1,0,0,0,2018,3,5
1,1,Rewari,6_12_03_V03Y_0,TRUE,FALSE,0,0,1,0,2017,1,28
1,1,Rewari,6_12_03_V03Y_0,TRUE,FALSE,0,0,1,0,2017,2,23
1,1,Rewari,6_12_03_V03Y_0,TRUE,FALSE,0,0,1,0,2017,3,23
1,1,Rewari,6_12_03_V03Y_0,TRUE,FALSE,0,0,1,0,2017,4,17
1,1,Rewari,6_12_03_V03Y_0,TRUE,FALSE,0,0,1,0,2017,5,15
1,1,Rewari,6_12_03_V03Y_0,TRUE,FALSE,0,0,1,0,2017,6,28
1,1,Rewari,6_12_03_V03Y_0,TRUE,FALSE,0,0,1,0,2017,7,30
1,1,Rewari,6_12_03_V03Y_0,TRUE,FALSE,0,0,1,0,2017,8,13
1,1,Rewari,6_12_03_V03Y_0,TRUE,FALSE,0,0,1,0,2017,9,29
1,1,Rewari,6_12_03_V03Y_0,TRUE,FALSE,0,0,1,0,2017,10,21
1,1,Rewari,6_12_03_V03Y_0,TRUE,FALSE,0,0,1,0,2017,11,21
1,1,Rewari,6_12_03_V03Y_0,TRUE,FALSE,0,0,1,0,2017,12,24
1,1,Rewari,6_12_03_V03Y_0,TRUE,FALSE,0,0,1,0,2018,1,25
1,1,Rewari,6_12_03_V03Y_0,TRUE,FALSE,0,0,1,0,2018,2,23
1,1,Rewari,6_12_03_V03Y_0,TRUE,FALSE,0,0,1,0,2018,3,31
1,1,Rewari,6_12_04_V02Y_0,FALSE,TRUE,0,0,1,0,2017,2,15
1,1,Rewari,6_12_04_V02Y_0,FALSE,TRUE,0,0,1,0,2017,3,20
1,1,Rewari,6_12_04_V02Y_0,FALSE,TRUE,0,0,1,0,2017,4,17
1,1,Rewari,6_12_04_V02Y_0,FALSE,TRUE,0,0,1,0,2017,5,18
1,1,Rewari,6_12_04_V02Y_0,FALSE,TRUE,0,0,1,0,2017,6,30
1,1,Rewari,6_12_04_V02Y_0,FALSE,TRUE,0,0,1,0,2017,7,16
1,1,Rewari,6_12_04_V02Y_0,FALSE,TRUE,0,0,1,0,2017,8,10
1,1,Rewari,6_12_04_V02Y_0,FALSE,TRUE,0,0,1,0,2017,9,20
1,1,Rewari,6_12_04_V02Y_0,FALSE,TRUE,0,0,1,0,2017,10,15
1,1,Rewari,6_12_04_V02Y_0,FALSE,TRUE,0,0,1,0,2017,11,20
1,1,Rewari,6_12_04_V02Y_0,FALSE,TRUE,0,0,1,0,2017,12,9
1,1,Rewari,6_12_04_V02Y_0,FALSE,TRUE,0,0,1,0,2018,1,18
1,1,Rewari,6_12_04_V02Y_0,FALSE,TRUE,0,0,1,0,2018,2,27
1,1,Rewari,6_12_04_V02Y_0,FALSE,TRUE,0,0,1,0,2018,3,28
1,1,Rewari,6_12_04_V03Y_0,FALSE,TRUE,0,0,0,1,2017,1,7
1,1,Rewari,6_12_04_V03Y_0,FALSE,TRUE,0,0,0,1,2017,2,15
1,1,Rewari,6_12_04_V03Y_0,FALSE,TRUE,0,0,0,1,2017,3,14
1,1,Rewari,6_12_04_V03Y_0,FALSE,TRUE,0,0,0,1,2017,4,13
1,1,Rewari,6_12_04_V03Y_0,FALSE,TRUE,0,0,0,1,2017,5,9
1,1,Rewari,6_12_04_V03Y_0,FALSE,TRUE,0,0,0,1,2017,6,12
1,1,Rewari,6_12_04_V03Y_0,FALSE,TRUE,0,0,0,1,2017,7,14
1,1,Rewari,6_12_04_V03Y_0,FALSE,TRUE,0,0,0,1,2017,8,7
1,1,Rewari,6_12_04_V03Y_0,FALSE,TRUE,0,0,0,1,2017,9,15
1,1,Rewari,6_12_04_V03Y_0,FALSE,TRUE,0,0,0,1,2017,10,15
1,1,Rewari,6_12_04_V03Y_0,FALSE,TRUE,0,0,0,1,2017,11,18
1,1,Rewari,6_12_04_V03Y_0,FALSE,TRUE,0,0,0,1,2017,12,19
1,1,Rewari,6_12_04_V03Y_0,FALSE,TRUE,0,0,0,1,2018,1,16
1,1,Rewari,6_12_04_V03Y_0,FALSE,TRUE,0,0,0,1,2018,2,14
1,1,Rewari,6_12_04_V03Y_0,FALSE,TRUE,0,0,0,1,2018,3,16
1,1,Rewari,6_12_09_V05Y_0,TRUE,FALSE,0,0,1,0,2017,2,7
1,1,Rewari,6_12_09_V05Y_0,TRUE,FALSE,0,0,1,0,2017,3,14
1,1,Rewari,6_12_09_V05Y_0,TRUE,FALSE,0,0,1,0,2017,5,9
1,1,Rewari,6_12_09_V05Y_0,TRUE,FALSE,0,0,1,0,2017,6,6
1,1,Rewari,6_12_09_V05Y_0,TRUE,FALSE,0,0,1,0,2017,7,3
1,1,Rewari,6_12_09_V05Y_0,TRUE,FALSE,0,0,1,0,2017,8,12
1,1,Rewari,6_12_09_V05Y_0,TRUE,FALSE,0,0,1,0,2017,9,11
1,1,Rewari,6_12_09_V05Y_0,TRUE,FALSE,0,0,1,0,2017,10,12
1,1,Rewari,6_12_09_V05Y_0,TRUE,FALSE,0,0,1,0,2017,11,17
1,1,Rewari,6_12_09_V05Y_0,TRUE,FALSE,0,0,1,0,2017,12,18
1,1,Rewari,6_12_09_V05Y_0,TRUE,FALSE,0,0,1,0,2018,1,17
1,1,Rewari,6_12_09_V05Y_0,TRUE,FALSE,0,0,1,0,2018,2,21
1,1,Rewari,6_12_09_V05Y_0,TRUE,FALSE,0,0,1,0,2018,3,15
1,1,Rewari,6_13_02_V03Y_0,FALSE,TRUE,1,0,0,0,2017,3,12
1,1,Rewari,6_13_02_V03Y_0,FALSE,TRUE,1,0,0,0,2017,4,14
1,1,Rewari,6_13_02_V03Y_0,FALSE,TRUE,1,0,0,0,2017,5,8
1,1,Rewari,6_13_02_V03Y_0,FALSE,TRUE,1,0,0,0,2017,6,18
1,1,Rewari,6_13_02_V03Y_0,FALSE,TRUE,1,0,0,0,2017,7,17
1,1,Rewari,6_13_02_V03Y_0,FALSE,TRUE,1,0,0,0,2017,8,13
1,1,Rewari,6_13_02_V03Y_0,FALSE,TRUE,1,0,0,0,2017,9,8
1,1,Rewari,6_13_02_V03Y_0,FALSE,TRUE,1,0,0,0,2017,10,10
1,1,Rewari,6_13_02_V03Y_0,FALSE,TRUE,1,0,0,0,2017,11,9
1,1,Rewari,6_13_02_V03Y_0,FALSE,TRUE,1,0,0,0,2017,12,18
1,1,Rewari,6_13_02_V03Y_0,FALSE,TRUE,1,0,0,0,2018,1,16
1,1,Rewari,6_13_02_V03Y_0,FALSE,TRUE,1,0,0,0,2018,2,14
1,1,Rewari,6_13_02_V03Y_0,FALSE,TRUE,1,0,0,0,2018,3,14
1,1,Rewari,6_13_03_V04Y_0,FALSE,TRUE,1,0,0,0,2017,2,5
1,1,Rewari,6_13_03_V04Y_0,FALSE,TRUE,1,0,0,0,2017,3,5
1,1,Rewari,6_13_03_V04Y_0,FALSE,TRUE,1,0,0,0,2017,4,5
1,1,Rewari,6_13_03_V04Y_0,FALSE,TRUE,1,0,0,0,2017,5,4
1,1,Rewari,6_13_03_V04Y_0,FALSE,TRUE,1,0,0,0,2017,6,4
1,1,Rewari,6_13_03_V04Y_0,FALSE,TRUE,1,0,0,0,2017,7,7
1,1,Rewari,6_13_03_V04Y_0,FALSE,TRUE,1,0,0,0,2017,8,4
1,1,Rewari,6_13_03_V04Y_0,FALSE,TRUE,1,0,0,0,2017,9,9
1,1,Rewari,6_13_03_V04Y_0,FALSE,TRUE,1,0,0,0,2017,10,4
1,1,Rewari,6_13_03_V04Y_0,FALSE,TRUE,1,0,0,0,2017,11,3
1,1,Rewari,6_13_03_V04Y_0,FALSE,TRUE,1,0,0,0,2017,12,6
1,1,Rewari,6_13_03_V04Y_0,FALSE,TRUE,1,0,0,0,2018,1,5
1,1,Rewari,6_13_03_V04Y_0,FALSE,TRUE,1,0,0,0,2018,2,3
1,1,Rewari,6_13_03_V04Y_0,FALSE,TRUE,1,0,0,0,2018,3,9
1,1,Rewari,6_13_03_V06Y_0,FALSE,TRUE,1,0,0,0,2017,3,4
1,1,Rewari,6_13_03_V06Y_0,FALSE,TRUE,1,0,0,0,2017,4,1
1,1,Rewari,6_13_03_V06Y_0,FALSE,TRUE,1,0,0,0,2017,5,6
1,1,Rewari,6_13_03_V06Y_0,FALSE,TRUE,1,0,0,0,2017,6,2
1,1,Rewari,6_13_03_V06Y_0,FALSE,TRUE,1,0,0,0,2017,7,8
1,1,Rewari,6_13_03_V06Y_0,FALSE,TRUE,1,0,0,0,2017,8,4
1,1,Rewari,6_13_03_V06Y_0,FALSE,TRUE,1,0,0,0,2017,9,3
1,1,Rewari,6_13_03_V06Y_0,FALSE,TRUE,1,0,0,0,2017,10,5
1,1,Rewari,6_13_03_V06Y_0,FALSE,TRUE,1,0,0,0,2017,11,6
1,1,Rewari,6_13_03_V06Y_0,FALSE,TRUE,1,0,0,0,2017,12,4
1,1,Rewari,6_13_03_V06Y_0,FALSE,TRUE,1,0,0,0,2018,1,6
1,1,Rewari,6_13_03_V06Y_0,FALSE,TRUE,1,0,0,0,2018,2,6
1,1,Rewari,6_13_03_V06Y_0,FALSE,TRUE,1,0,0,0,2018,3,9
1,1,Rewari,6_14_06_V01Y_0,FALSE,TRUE,0,1,0,0,2017,2,14
1,1,Rewari,6_14_06_V01Y_0,FALSE,TRUE,0,1,0,0,2017,3,11
1,1,Rewari,6_14_06_V01Y_0,FALSE,TRUE,0,1,0,0,2017,4,6
1,1,Rewari,6_14_06_V01Y_0,FALSE,TRUE,0,1,0,0,2017,5,8
1,1,Rewari,6_14_06_V01Y_0,FALSE,TRUE,0,1,0,0,2017,6,10
1,1,Rewari,6_14_06_V01Y_0,FALSE,TRUE,0,1,0,0,2017,7,6
1,1,Rewari,6_14_06_V01Y_0,FALSE,TRUE,0,1,0,0,2017,8,3
1,1,Rewari,6_14_06_V01Y_0,FALSE,TRUE,0,1,0,0,2017,10,4
1,1,Rewari,6_14_06_V01Y_0,FALSE,TRUE,0,1,0,0,2017,11,6
1,1,Rewari,6_14_06_V01Y_0,FALSE,TRUE,0,1,0,0,2017,12,6
1,1,Rewari,6_14_06_V01Y_0,FALSE,TRUE,0,1,0,0,2018,1,9
1,1,Rewari,6_14_06_V01Y_0,FALSE,TRUE,0,1,0,0,2018,2,6
1,1,Rewari,6_14_06_V01Y_0,FALSE,TRUE,0,1,0,0,2018,3,13
1,1,Rewari,6_14_09_V05Y_0,TRUE,FALSE,0,0,0,1,2017,3,13
1,1,Rewari,6_14_09_V05Y_0,TRUE,FALSE,0,0,0,1,2017,4,7
1,1,Rewari,6_14_09_V05Y_0,TRUE,FALSE,0,0,0,1,2017,5,6
1,1,Rewari,6_14_09_V05Y_0,TRUE,FALSE,0,0,0,1,2017,6,8
1,1,Rewari,6_14_09_V05Y_0,TRUE,FALSE,0,0,0,1,2017,7,5
1,1,Rewari,6_14_09_V05Y_0,TRUE,FALSE,0,0,0,1,2017,8,6
1,1,Rewari,6_14_09_V05Y_0,TRUE,FALSE,0,0,0,1,2017,9,7
1,1,Rewari,6_14_09_V05Y_0,TRUE,FALSE,0,0,0,1,2017,10,12
1,1,Rewari,6_14_09_V05Y_0,TRUE,FALSE,0,0,0,1,2017,11,6
1,1,Rewari,6_14_09_V05Y_0,TRUE,FALSE,0,0,0,1,2017,12,16
1,1,Rewari,6_14_09_V05Y_0,TRUE,FALSE,0,0,0,1,2018,1,1
1,1,Rewari,6_14_09_V05Y_0,TRUE,FALSE,0,0,0,1,2018,2,10
1,1,Rewari,6_14_09_V05Y_0,TRUE,FALSE,0,0,0,1,2018,3,5
1,1,Rewari,6_15_05_V01Y_0,FALSE,FALSE,0,1,0,0,2017,1,9
1,1,Rewari,6_15_05_V01Y_0,FALSE,FALSE,0,1,0,0,2017,2,13
1,1,Rewari,6_15_05_V01Y_0,FALSE,FALSE,0,1,0,0,2017,3,11
1,1,Rewari,6_15_05_V01Y_0,FALSE,FALSE,0,1,0,0,2017,4,9
1,1,Rewari,6_15_05_V01Y_0,FALSE,FALSE,0,1,0,0,2017,5,9
1,1,Rewari,6_15_05_V01Y_0,FALSE,FALSE,0,1,0,0,2017,6,19
1,1,Rewari,6_15_05_V01Y_0,FALSE,FALSE,0,1,0,0,2017,7,21
1,1,Rewari,6_15_05_V01Y_0,FALSE,FALSE,0,1,0,0,2017,8,15
1,1,Rewari,6_15_05_V01Y_0,FALSE,FALSE,0,1,0,0,2017,9,15
1,1,Rewari,6_15_05_V01Y_0,FALSE,FALSE,0,1,0,0,2017,10,17
1,1,Rewari,6_15_05_V01Y_0,FALSE,FALSE,0,1,0,0,2017,11,12
1,1,Rewari,6_15_05_V01Y_0,FALSE,FALSE,0,1,0,0,2017,12,21
1,1,Rewari,6_15_05_V01Y_0,FALSE,FALSE,0,1,0,0,2018,1,25
1,1,Rewari,6_15_05_V01Y_0,FALSE,FALSE,0,1,0,0,2018,2,27
1,1,Rewari,6_15_05_V01Y_0,FALSE,FALSE,0,1,0,0,2018,3,23
1,1,Rewari,6_15_08_V01Y_0,FALSE,FALSE,0,0,1,0,2017,1,12
1,1,Rewari,6_15_08_V01Y_0,FALSE,FALSE,0,0,1,0,2017,2,14
1,1,Rewari,6_15_08_V01Y_0,FALSE,FALSE,0,0,1,0,2017,3,16
1,1,Rewari,6_15_08_V01Y_0,FALSE,FALSE,0,0,1,0,2017,4,6
1,1,Rewari,6_15_08_V01Y_0,FALSE,FALSE,0,0,1,0,2017,5,8
1,1,Rewari,6_15_08_V01Y_0,FALSE,FALSE,0,0,1,0,2017,6,13
1,1,Rewari,6_15_08_V01Y_0,FALSE,FALSE,0,0,1,0,2017,7,8
1,1,Rewari,6_15_08_V01Y_0,FALSE,FALSE,0,0,1,0,2017,8,16
1,1,Rewari,6_15_08_V01Y_0,FALSE,FALSE,0,0,1,0,2017,9,9
1,1,Rewari,6_15_08_V01Y_0,FALSE,FALSE,0,0,1,0,2017,10,15
1,1,Rewari,6_15_08_V01Y_0,FALSE,FALSE,0,0,1,0,2017,11,18
1,1,Rewari,6_15_08_V01Y_0,FALSE,FALSE,0,0,1,0,2017,12,15
1,1,Rewari,6_15_08_V01Y_0,FALSE,FALSE,0,0,1,0,2018,1,20
1,1,Rewari,6_15_08_V01Y_0,FALSE,FALSE,0,0,1,0,2018,2,11
1,1,Rewari,6_15_08_V01Y_0,FALSE,FALSE,0,0,1,0,2018,3,13
1,1,Rewari,6_15_09_V02Y_0,FALSE,FALSE,0,0,0,1,2017,1,7
1,1,Rewari,6_15_09_V02Y_0,FALSE,FALSE,0,0,0,1,2017,2,4
1,1,Rewari,6_15_09_V02Y_0,FALSE,FALSE,0,0,0,1,2017,3,6
1,1,Rewari,6_15_09_V02Y_0,FALSE,FALSE,0,0,0,1,2017,4,4
1,1,Rewari,6_15_09_V02Y_0,FALSE,FALSE,0,0,0,1,2017,5,4
1,1,Rewari,6_15_09_V02Y_0,FALSE,FALSE,0,0,0,1,2017,6,7
1,1,Rewari,6_15_09_V02Y_0,FALSE,FALSE,0,0,0,1,2017,7,7
1,1,Rewari,6_15_09_V02Y_0,FALSE,FALSE,0,0,0,1,2017,8,5
1,1,Rewari,6_15_09_V02Y_0,FALSE,FALSE,0,0,0,1,2017,9,5
1,1,Rewari,6_15_09_V02Y_0,FALSE,FALSE,0,0,0,1,2017,10,11
1,1,Rewari,6_15_09_V02Y_0,FALSE,FALSE,0,0,0,1,2017,11,8
1,1,Rewari,6_15_09_V02Y_0,FALSE,FALSE,0,0,0,1,2017,12,9
1,1,Rewari,6_15_09_V02Y_0,FALSE,FALSE,0,0,0,1,2018,1,5
1,1,Rewari,6_15_09_V02Y_0,FALSE,FALSE,0,0,0,1,2018,2,6
1,1,Rewari,6_15_09_V02Y_0,FALSE,FALSE,0,0,0,1,2018,3,10
1,1,Rewari,6_15_09_V03Y_0,FALSE,FALSE,0,0,0,1,2017,1,10
1,1,Rewari,6_15_09_V03Y_0,FALSE,FALSE,0,0,0,1,2017,2,16
1,1,Rewari,6_15_09_V03Y_0,FALSE,FALSE,0,0,0,1,2017,3,13
1,1,Rewari,6_15_09_V03Y_0,FALSE,FALSE,0,0,0,1,2017,4,11
1,1,Rewari,6_15_09_V03Y_0,FALSE,FALSE,0,0,0,1,2017,5,11
1,1,Rewari,6_15_09_V03Y_0,FALSE,FALSE,0,0,0,1,2017,6,11
1,1,Rewari,6_15_09_V03Y_0,FALSE,FALSE,0,0,0,1,2017,7,5
1,1,Rewari,6_15_09_V03Y_0,FALSE,FALSE,0,0,0,1,2017,8,14
1,1,Rewari,6_15_09_V03Y_0,FALSE,FALSE,0,0,0,1,2017,9,12
1,1,Rewari,6_15_09_V03Y_0,FALSE,FALSE,0,0,0,1,2017,10,8
1,1,Rewari,6_15_09_V03Y_0,FALSE,FALSE,0,0,0,1,2017,11,15
1,1,Rewari,6_15_09_V03Y_0,FALSE,FALSE,0,0,0,1,2017,12,10
1,1,Rewari,6_15_09_V03Y_0,FALSE,FALSE,0,0,0,1,2018,1,15
1,1,Rewari,6_15_09_V03Y_0,FALSE,FALSE,0,0,0,1,2018,2,12
1,1,Rewari,6_15_09_V03Y_0,FALSE,FALSE,0,0,0,1,2018,3,15
1,1,Rewari,6_16_01_V03Y_0,FALSE,FALSE,1,0,0,0,2017,2,7
1,1,Rewari,6_16_01_V03Y_0,FALSE,FALSE,1,0,0,0,2017,3,6
1,1,Rewari,6_16_01_V03Y_0,FALSE,FALSE,1,0,0,0,2017,4,6
1,1,Rewari,6_16_01_V03Y_0,FALSE,FALSE,1,0,0,0,2017,5,2
1,1,Rewari,6_16_01_V03Y_0,FALSE,FALSE,1,0,0,0,2017,6,4
1,1,Rewari,6_16_01_V03Y_0,FALSE,FALSE,1,0,0,0,2017,7,8
1,1,Rewari,6_16_01_V03Y_0,FALSE,FALSE,1,0,0,0,2017,8,4
1,1,Rewari,6_16_01_V03Y_0,FALSE,FALSE,1,0,0,0,2017,9,5
1,1,Rewari,6_16_01_V03Y_0,FALSE,FALSE,1,0,0,0,2017,10,6
1,1,Rewari,6_16_01_V03Y_0,FALSE,FALSE,1,0,0,0,2017,11,6
1,1,Rewari,6_16_01_V03Y_0,FALSE,FALSE,1,0,0,0,2017,12,7
1,1,Rewari,6_16_01_V03Y_0,FALSE,FALSE,1,0,0,0,2018,1,10
1,1,Rewari,6_16_01_V03Y_0,FALSE,FALSE,1,0,0,0,2018,2,11
1,1,Rewari,6_16_01_V03Y_0,FALSE,FALSE,1,0,0,0,2018,3,5
1,1,Rewari,6_16_01_V04Y_0,FALSE,FALSE,0,1,0,0,2017,1,9
1,1,Rewari,6_16_01_V04Y_0,FALSE,FALSE,0,1,0,0,2017,2,7
1,1,Rewari,6_16_01_V04Y_0,FALSE,FALSE,0,1,0,0,2017,3,6
1,1,Rewari,6_16_01_V04Y_0,FALSE,FALSE,0,1,0,0,2017,4,4
1,1,Rewari,6_16_01_V04Y_0,FALSE,FALSE,0,1,0,0,2017,5,6
1,1,Rewari,6_16_01_V04Y_0,FALSE,FALSE,0,1,0,0,2017,6,8
1,1,Rewari,6_16_01_V04Y_0,FALSE,FALSE,0,1,0,0,2017,7,7
1,1,Rewari,6_16_01_V04Y_0,FALSE,FALSE,0,1,0,0,2017,8,9
1,1,Rewari,6_16_01_V04Y_0,FALSE,FALSE,0,1,0,0,2017,9,4
1,1,Rewari,6_16_01_V04Y_0,FALSE,FALSE,0,1,0,0,2017,10,9
1,1,Rewari,6_16_01_V04Y_0,FALSE,FALSE,0,1,0,0,2017,11,6
1,1,Rewari,6_16_01_V04Y_0,FALSE,FALSE,0,1,0,0,2017,12,9
1,1,Rewari,6_16_01_V04Y_0,FALSE,FALSE,0,1,0,0,2018,1,5
1,1,Rewari,6_16_01_V04Y_0,FALSE,FALSE,0,1,0,0,2018,2,12
1,1,Rewari,6_16_01_V04Y_0,FALSE,FALSE,0,1,0,0,2018,3,9
1,1,Rewari,6_16_04_V01Y_0,FALSE,FALSE,0,1,0,0,2017,1,6
1,1,Rewari,6_16_04_V01Y_0,FALSE,FALSE,0,1,0,0,2017,2,4
1,1,Rewari,6_16_04_V01Y_0,FALSE,FALSE,0,1,0,0,2017,3,5
1,1,Rewari,6_16_04_V01Y_0,FALSE,FALSE,0,1,0,0,2017,4,1
1,1,Rewari,6_16_04_V01Y_0,FALSE,FALSE,0,1,0,0,2017,7,5
1,1,Rewari,6_16_04_V01Y_0,FALSE,FALSE,0,1,0,0,2017,8,2
1,1,Rewari,6_16_04_V01Y_0,FALSE,FALSE,0,1,0,0,2017,9,2
1,1,Rewari,6_16_04_V01Y_0,FALSE,FALSE,0,1,0,0,2017,10,4
1,1,Rewari,6_16_04_V01Y_0,FALSE,FALSE,0,1,0,0,2017,11,4
1,1,Rewari,6_16_04_V01Y_0,FALSE,FALSE,0,1,0,0,2017,12,6
1,1,Rewari,6_16_04_V01Y_0,FALSE,FALSE,0,1,0,0,2018,1,10
1,1,Rewari,6_16_04_V01Y_0,FALSE,FALSE,0,1,0,0,2018,2,2
1,1,Rewari,6_16_04_V01Y_0,FALSE,FALSE,0,1,0,0,2018,3,4
1,1,Rewari,6_16_04_V03Y_0,FALSE,FALSE,0,0,1,0,2017,1,8
1,1,Rewari,6_16_04_V03Y_0,FALSE,FALSE,0,0,1,0,2017,2,6
1,1,Rewari,6_16_04_V03Y_0,FALSE,FALSE,0,0,1,0,2017,3,7
1,1,Rewari,6_16_04_V03Y_0,FALSE,FALSE,0,0,1,0,2017,4,8
1,1,Rewari,6_16_04_V03Y_0,FALSE,FALSE,0,0,1,0,2017,5,5
1,1,Rewari,6_16_04_V03Y_0,FALSE,FALSE,0,0,1,0,2017,6,3
1,1,Rewari,6_16_04_V03Y_0,FALSE,FALSE,0,0,1,0,2017,7,8
1,1,Rewari,6_16_04_V03Y_0,FALSE,FALSE,0,0,1,0,2017,8,6
1,1,Rewari,6_16_04_V03Y_0,FALSE,FALSE,0,0,1,0,2017,9,9
1,1,Rewari,6_16_04_V03Y_0,FALSE,FALSE,0,0,1,0,2017,10,10
1,1,Rewari,6_16_04_V03Y_0,FALSE,FALSE,0,0,1,0,2017,11,11
1,1,Rewari,6_16_04_V03Y_0,FALSE,FALSE,0,0,1,0,2017,12,13
1,1,Rewari,6_16_04_V03Y_0,FALSE,FALSE,0,0,1,0,2018,1,12
1,1,Rewari,6_16_04_V03Y_0,FALSE,FALSE,0,0,1,0,2018,2,11
1,1,Rewari,6_16_04_V03Y_0,FALSE,FALSE,0,0,1,0,2018,3,5
1,1,Rewari,6_16_04_V06Y_0,FALSE,FALSE,0,0,0,1,2017,2,10
1,1,Rewari,6_16_04_V06Y_0,FALSE,FALSE,0,0,0,1,2017,3,11
1,1,Rewari,6_16_04_V06Y_0,FALSE,FALSE,0,0,0,1,2017,4,8
1,1,Rewari,6_16_04_V06Y_0,FALSE,FALSE,0,0,0,1,2017,5,9
1,1,Rewari,6_16_04_V06Y_0,FALSE,FALSE,0,0,0,1,2017,6,10
1,1,Rewari,6_16_04_V06Y_0,FALSE,FALSE,0,0,0,1,2017,7,11
1,1,Rewari,6_16_04_V06Y_0,FALSE,FALSE,0,0,0,1,2017,8,5
1,1,Rewari,6_16_04_V06Y_0,FALSE,FALSE,0,0,0,1,2017,9,11
1,1,Rewari,6_16_04_V06Y_0,FALSE,FALSE,0,0,0,1,2017,10,11
1,1,Rewari,6_16_04_V06Y_0,FALSE,FALSE,0,0,0,1,2017,11,10
1,1,Rewari,6_16_04_V06Y_0,FALSE,FALSE,0,0,0,1,2017,12,7
1,1,Rewari,6_16_04_V06Y_0,FALSE,FALSE,0,0,0,1,2018,1,11
1,1,Rewari,6_16_04_V06Y_0,FALSE,FALSE,0,0,0,1,2018,2,9
1,1,Rewari,6_16_04_V06Y_0,FALSE,FALSE,0,0,0,1,2018,3,7
1,1,Rewari,6_17_02_V02Y_0,TRUE,FALSE,1,0,0,0,2017,2,4
1,1,Rewari,6_17_02_V02Y_0,TRUE,FALSE,1,0,0,0,2017,3,5
1,1,Rewari,6_17_02_V02Y_0,TRUE,FALSE,1,0,0,0,2017,4,2
1,1,Rewari,6_17_02_V02Y_0,TRUE,FALSE,1,0,0,0,2017,5,1
1,1,Rewari,6_17_02_V02Y_0,TRUE,FALSE,1,0,0,0,2017,6,2
1,1,Rewari,6_17_02_V02Y_0,TRUE,FALSE,1,0,0,0,2017,7,1
1,1,Rewari,6_17_02_V02Y_0,TRUE,FALSE,1,0,0,0,2017,8,3
1,1,Rewari,6_17_02_V02Y_0,TRUE,FALSE,1,0,0,0,2017,9,5
1,1,Rewari,6_17_02_V02Y_0,TRUE,FALSE,1,0,0,0,2017,10,7
1,1,Rewari,6_17_02_V02Y_0,TRUE,FALSE,1,0,0,0,2017,11,3
1,1,Rewari,6_17_02_V02Y_0,TRUE,FALSE,1,0,0,0,2017,12,2
1,1,Rewari,6_17_02_V02Y_0,TRUE,FALSE,1,0,0,0,2018,1,8
1,1,Rewari,6_17_02_V02Y_0,TRUE,FALSE,1,0,0,0,2018,2,4
1,1,Rewari,6_17_02_V02Y_0,TRUE,FALSE,1,0,0,0,2018,3,2
1,1,Rewari,6_17_03_V01Y_0,FALSE,TRUE,0,1,0,0,2017,2,10
1,1,Rewari,6_17_03_V01Y_0,FALSE,TRUE,0,1,0,0,2017,3,21
1,1,Rewari,6_17_03_V01Y_0,FALSE,TRUE,0,1,0,0,2017,4,13
1,1,Rewari,6_17_03_V01Y_0,FALSE,TRUE,0,1,0,0,2017,5,13
1,1,Rewari,6_17_03_V01Y_0,FALSE,TRUE,0,1,0,0,2017,6,13
1,1,Rewari,6_17_03_V01Y_0,FALSE,TRUE,0,1,0,0,2017,7,12
1,1,Rewari,6_17_03_V01Y_0,FALSE,TRUE,0,1,0,0,2017,8,16
1,1,Rewari,6_17_03_V01Y_0,FALSE,TRUE,0,1,0,0,2017,9,13
1,1,Rewari,6_17_03_V01Y_0,FALSE,TRUE,0,1,0,0,2017,10,14
1,1,Rewari,6_17_03_V01Y_0,FALSE,TRUE,0,1,0,0,2017,11,22
1,1,Rewari,6_17_03_V01Y_0,FALSE,TRUE,0,1,0,0,2017,12,25
1,1,Rewari,6_17_03_V01Y_0,FALSE,TRUE,0,1,0,0,2018,1,23
1,1,Rewari,6_17_03_V01Y_0,FALSE,TRUE,0,1,0,0,2018,2,31
1,1,Rewari,6_17_03_V01Y_0,FALSE,TRUE,0,1,0,0,2018,3,31
1,1,Rewari,6_18_03_V01Y_0,TRUE,FALSE,0,1,0,0,2017,2,16
1,1,Rewari,6_18_03_V01Y_0,TRUE,FALSE,0,1,0,0,2017,3,19
1,1,Rewari,6_18_03_V01Y_0,TRUE,FALSE,0,1,0,0,2017,4,18
1,1,Rewari,6_18_03_V01Y_0,TRUE,FALSE,0,1,0,0,2017,5,13
1,1,Rewari,6_18_03_V01Y_0,TRUE,FALSE,0,1,0,0,2017,6,18
1,1,Rewari,6_18_03_V01Y_0,TRUE,FALSE,0,1,0,0,2017,7,7
1,1,Rewari,6_18_03_V01Y_0,TRUE,FALSE,0,1,0,0,2017,8,9
1,1,Rewari,6_18_03_V01Y_0,TRUE,FALSE,0,1,0,0,2017,9,9
1,1,Rewari,6_18_03_V01Y_0,TRUE,FALSE,0,1,0,0,2017,10,11
1,1,Rewari,6_18_03_V01Y_0,TRUE,FALSE,0,1,0,0,2017,11,18
1,1,Rewari,6_18_03_V01Y_0,TRUE,FALSE,0,1,0,0,2017,12,20
1,1,Rewari,6_18_03_V01Y_0,TRUE,FALSE,0,1,0,0,2018,1,10
1,1,Rewari,6_18_03_V01Y_0,TRUE,FALSE,0,1,0,0,2018,2,19
1,1,Rewari,6_18_03_V01Y_0,TRUE,FALSE,0,1,0,0,2018,3,19
1,1,Rewari,6_18_03_V02Y_0,TRUE,FALSE,0,0,1,0,2017,2,8
1,1,Rewari,6_18_03_V02Y_0,TRUE,FALSE,0,0,1,0,2017,3,19
1,1,Rewari,6_18_03_V02Y_0,TRUE,FALSE,0,0,1,0,2017,4,18
1,1,Rewari,6_18_03_V02Y_0,TRUE,FALSE,0,0,1,0,2017,5,15
1,1,Rewari,6_18_03_V02Y_0,TRUE,FALSE,0,0,1,0,2017,6,12
1,1,Rewari,6_18_03_V02Y_0,TRUE,FALSE,0,0,1,0,2017,7,14
1,1,Rewari,6_18_03_V02Y_0,TRUE,FALSE,0,0,1,0,2017,8,16
1,1,Rewari,6_18_03_V02Y_0,TRUE,FALSE,0,0,1,0,2017,9,15
1,1,Rewari,6_18_03_V02Y_0,TRUE,FALSE,0,0,1,0,2017,10,26
1,1,Rewari,6_18_03_V02Y_0,TRUE,FALSE,0,0,1,0,2017,11,20
1,1,Rewari,6_18_03_V02Y_0,TRUE,FALSE,0,0,1,0,2017,12,25
1,1,Rewari,6_18_03_V02Y_0,TRUE,FALSE,0,0,1,0,2018,1,16
1,1,Rewari,6_18_03_V02Y_0,TRUE,FALSE,0,0,1,0,2018,2,24
1,1,Rewari,6_18_03_V02Y_0,TRUE,FALSE,0,0,1,0,2018,3,36
1,1,Rewari,6_18_05_V01Y_0,TRUE,FALSE,0,0,0,1,2017,2,11
1,1,Rewari,6_18_05_V01Y_0,TRUE,FALSE,0,0,0,1,2017,3,12
1,1,Rewari,6_18_05_V01Y_0,TRUE,FALSE,0,0,0,1,2017,4,12
1,1,Rewari,6_18_05_V01Y_0,TRUE,FALSE,0,0,0,1,2017,5,10
1,1,Rewari,6_18_05_V01Y_0,TRUE,FALSE,0,0,0,1,2017,6,10
1,1,Rewari,6_18_05_V01Y_0,TRUE,FALSE,0,0,0,1,2017,7,12
1,1,Rewari,6_18_05_V01Y_0,TRUE,FALSE,0,0,0,1,2017,8,12
1,1,Rewari,6_18_05_V01Y_0,TRUE,FALSE,0,0,0,1,2017,9,14
1,1,Rewari,6_18_05_V01Y_0,TRUE,FALSE,0,0,0,1,2017,10,22
1,1,Rewari,6_18_05_V01Y_0,TRUE,FALSE,0,0,0,1,2017,11,13
1,1,Rewari,6_18_05_V01Y_0,TRUE,FALSE,0,0,0,1,2017,12,15
1,1,Rewari,6_18_05_V01Y_0,TRUE,FALSE,0,0,0,1,2018,1,16
1,1,Rewari,6_18_05_V01Y_0,TRUE,FALSE,0,0,0,1,2018,2,2
1,1,Rewari,6_18_05_V01Y_0,TRUE,FALSE,0,0,0,1,2018,3,22
1,1,Sonipat,7_01_02_V01Y_0,FALSE,TRUE,0,1,0,0,2017,3,6
1,1,Sonipat,7_01_02_V01Y_0,FALSE,TRUE,0,1,0,0,2017,4,6
1,1,Sonipat,7_01_02_V01Y_0,FALSE,TRUE,0,1,0,0,2017,5,4
1,1,Sonipat,7_01_02_V01Y_0,FALSE,TRUE,0,1,0,0,2017,6,1
1,1,Sonipat,7_01_02_V01Y_0,FALSE,TRUE,0,1,0,0,2017,7,10
1,1,Sonipat,7_01_02_V01Y_0,FALSE,TRUE,0,1,0,0,2017,8,8
1,1,Sonipat,7_01_02_V01Y_0,FALSE,TRUE,0,1,0,0,2017,9,9
1,1,Sonipat,7_01_02_V01Y_0,FALSE,TRUE,0,1,0,0,2017,10,9
1,1,Sonipat,7_01_02_V01Y_0,FALSE,TRUE,0,1,0,0,2017,11,6
1,1,Sonipat,7_01_02_V01Y_0,FALSE,TRUE,0,1,0,0,2017,12,7
1,1,Sonipat,7_01_02_V01Y_0,FALSE,TRUE,0,1,0,0,2018,1,9
1,1,Sonipat,7_01_02_V01Y_0,FALSE,TRUE,0,1,0,0,2018,2,8
1,1,Sonipat,7_01_02_V01Y_0,FALSE,TRUE,0,1,0,0,2018,3,10
1,1,Sonipat,7_01_03_V01Y_0,TRUE,FALSE,0,0,0,1,2017,2,27
1,1,Sonipat,7_01_03_V01Y_0,TRUE,FALSE,0,0,0,1,2017,3,35
1,1,Sonipat,7_01_03_V01Y_0,TRUE,FALSE,0,0,0,1,2017,4,30
1,1,Sonipat,7_01_03_V01Y_0,TRUE,FALSE,0,0,0,1,2017,5,34
1,1,Sonipat,7_01_03_V01Y_0,TRUE,FALSE,0,0,0,1,2017,6,29
1,1,Sonipat,7_01_03_V01Y_0,TRUE,FALSE,0,0,0,1,2017,7,33
1,1,Sonipat,7_01_03_V01Y_0,TRUE,FALSE,0,0,0,1,2017,8,29
1,1,Sonipat,7_01_03_V01Y_0,TRUE,FALSE,0,0,0,1,2017,9,33
1,1,Sonipat,7_01_03_V01Y_0,TRUE,FALSE,0,0,0,1,2017,10,35
1,1,Sonipat,7_01_03_V01Y_0,TRUE,FALSE,0,0,0,1,2017,11,26
1,1,Sonipat,7_01_03_V01Y_0,TRUE,FALSE,0,0,0,1,2017,12,44
1,1,Sonipat,7_01_03_V01Y_0,TRUE,FALSE,0,0,0,1,2018,1,34
1,1,Sonipat,7_01_03_V01Y_0,TRUE,FALSE,0,0,0,1,2018,2,46
1,1,Sonipat,7_01_03_V01Y_0,TRUE,FALSE,0,0,0,1,2018,3,31
1,1,Sonipat,7_01_05_V01Y_0,TRUE,FALSE,0,0,1,0,2017,2,4
1,1,Sonipat,7_01_05_V01Y_0,TRUE,FALSE,0,0,1,0,2017,3,3
1,1,Sonipat,7_01_05_V01Y_0,TRUE,FALSE,0,0,1,0,2017,4,5
1,1,Sonipat,7_01_05_V01Y_0,TRUE,FALSE,0,0,1,0,2017,5,2
1,1,Sonipat,7_01_05_V01Y_0,TRUE,FALSE,0,0,1,0,2017,7,3
1,1,Sonipat,7_01_05_V01Y_0,TRUE,FALSE,0,0,1,0,2017,8,2
1,1,Sonipat,7_01_05_V01Y_0,TRUE,FALSE,0,0,1,0,2017,9,2
1,1,Sonipat,7_01_05_V01Y_0,TRUE,FALSE,0,0,1,0,2017,10,1
1,1,Sonipat,7_01_05_V01Y_0,TRUE,FALSE,0,0,1,0,2017,11,2
1,1,Sonipat,7_01_05_V01Y_0,TRUE,FALSE,0,0,1,0,2017,12,1
1,1,Sonipat,7_01_05_V01Y_0,TRUE,FALSE,0,0,1,0,2018,1,3
1,1,Sonipat,7_01_05_V01Y_0,TRUE,FALSE,0,0,1,0,2018,2,5
1,1,Sonipat,7_01_05_V01Y_0,TRUE,FALSE,0,0,1,0,2018,3,2
1,1,Sonipat,7_01_06_V02Y_0,FALSE,TRUE,0,0,1,0,2017,2,2
1,1,Sonipat,7_01_06_V02Y_0,FALSE,TRUE,0,0,1,0,2017,3,14
1,1,Sonipat,7_01_06_V02Y_0,FALSE,TRUE,0,0,1,0,2017,4,10
1,1,Sonipat,7_01_06_V02Y_0,FALSE,TRUE,0,0,1,0,2017,5,15
1,1,Sonipat,7_01_06_V02Y_0,FALSE,TRUE,0,0,1,0,2017,6,13
1,1,Sonipat,7_01_06_V02Y_0,FALSE,TRUE,0,0,1,0,2017,7,10
1,1,Sonipat,7_01_06_V02Y_0,FALSE,TRUE,0,0,1,0,2017,8,6
1,1,Sonipat,7_01_06_V02Y_0,FALSE,TRUE,0,0,1,0,2017,9,13
1,1,Sonipat,7_01_06_V02Y_0,FALSE,TRUE,0,0,1,0,2017,10,9
1,1,Sonipat,7_01_06_V02Y_0,FALSE,TRUE,0,0,1,0,2017,11,12
1,1,Sonipat,7_01_06_V02Y_0,FALSE,TRUE,0,0,1,0,2017,12,24
1,1,Sonipat,7_01_06_V02Y_0,FALSE,TRUE,0,0,1,0,2018,1,13
1,1,Sonipat,7_01_06_V02Y_0,FALSE,TRUE,0,0,1,0,2018,2,16
1,1,Sonipat,7_01_06_V02Y_0,FALSE,TRUE,0,0,1,0,2018,3,14
1,1,Sonipat,7_01_07_V04Y_0,TRUE,FALSE,0,1,0,0,2017,3,7
1,1,Sonipat,7_01_07_V04Y_0,TRUE,FALSE,0,1,0,0,2017,4,11
1,1,Sonipat,7_01_07_V04Y_0,TRUE,FALSE,0,1,0,0,2017,5,4
1,1,Sonipat,7_01_07_V04Y_0,TRUE,FALSE,0,1,0,0,2017,6,10
1,1,Sonipat,7_01_07_V04Y_0,TRUE,FALSE,0,1,0,0,2017,7,5
1,1,Sonipat,7_01_07_V04Y_0,TRUE,FALSE,0,1,0,0,2017,8,3
1,1,Sonipat,7_01_07_V04Y_0,TRUE,FALSE,0,1,0,0,2017,9,7
1,1,Sonipat,7_01_07_V04Y_0,TRUE,FALSE,0,1,0,0,2017,10,2
1,1,Sonipat,7_01_07_V04Y_0,TRUE,FALSE,0,1,0,0,2017,11,3
1,1,Sonipat,7_01_07_V04Y_0,TRUE,FALSE,0,1,0,0,2017,12,3
1,1,Sonipat,7_01_07_V04Y_0,TRUE,FALSE,0,1,0,0,2018,1,4
1,1,Sonipat,7_01_07_V04Y_0,TRUE,FALSE,0,1,0,0,2018,2,6
1,1,Sonipat,7_01_07_V04Y_0,TRUE,FALSE,0,1,0,0,2018,3,2
1,1,Sonipat,7_02_02_V02Y_0,FALSE,FALSE,0,1,0,0,2017,2,26
1,1,Sonipat,7_02_02_V02Y_0,FALSE,FALSE,0,1,0,0,2017,3,38
1,1,Sonipat,7_02_02_V02Y_0,FALSE,FALSE,0,1,0,0,2017,4,40
1,1,Sonipat,7_02_02_V02Y_0,FALSE,FALSE,0,1,0,0,2017,5,62
1,1,Sonipat,7_02_02_V02Y_0,FALSE,FALSE,0,1,0,0,2017,6,32
1,1,Sonipat,7_02_02_V02Y_0,FALSE,FALSE,0,1,0,0,2017,7,60
1,1,Sonipat,7_02_02_V02Y_0,FALSE,FALSE,0,1,0,0,2017,8,55
1,1,Sonipat,7_02_02_V02Y_0,FALSE,FALSE,0,1,0,0,2017,9,68
1,1,Sonipat,7_02_02_V02Y_0,FALSE,FALSE,0,1,0,0,2017,10,50
1,1,Sonipat,7_02_02_V02Y_0,FALSE,FALSE,0,1,0,0,2017,11,54
1,1,Sonipat,7_02_02_V02Y_0,FALSE,FALSE,0,1,0,0,2017,12,84
1,1,Sonipat,7_02_02_V02Y_0,FALSE,FALSE,0,1,0,0,2018,1,67
1,1,Sonipat,7_02_02_V02Y_0,FALSE,FALSE,0,1,0,0,2018,2,86
1,1,Sonipat,7_02_02_V02Y_0,FALSE,FALSE,0,1,0,0,2018,3,84
1,1,Sonipat,7_03_01_V02Y_0,TRUE,FALSE,1,0,0,0,2017,2,1
1,1,Sonipat,7_03_01_V02Y_0,TRUE,FALSE,1,0,0,0,2017,3,8
1,1,Sonipat,7_03_01_V02Y_0,TRUE,FALSE,1,0,0,0,2017,4,15
1,1,Sonipat,7_03_01_V02Y_0,TRUE,FALSE,1,0,0,0,2017,5,8
1,1,Sonipat,7_03_01_V02Y_0,TRUE,FALSE,1,0,0,0,2017,6,7
1,1,Sonipat,7_03_01_V02Y_0,TRUE,FALSE,1,0,0,0,2017,7,12
1,1,Sonipat,7_03_01_V02Y_0,TRUE,FALSE,1,0,0,0,2017,8,14
1,1,Sonipat,7_03_01_V02Y_0,TRUE,FALSE,1,0,0,0,2017,9,10
1,1,Sonipat,7_03_01_V02Y_0,TRUE,FALSE,1,0,0,0,2017,10,12
1,1,Sonipat,7_03_01_V02Y_0,TRUE,FALSE,1,0,0,0,2017,11,8
1,1,Sonipat,7_03_01_V02Y_0,TRUE,FALSE,1,0,0,0,2017,12,13
1,1,Sonipat,7_03_01_V02Y_0,TRUE,FALSE,1,0,0,0,2018,1,7
1,1,Sonipat,7_03_01_V02Y_0,TRUE,FALSE,1,0,0,0,2018,2,10
1,1,Sonipat,7_03_01_V02Y_0,TRUE,FALSE,1,0,0,0,2018,3,15
1,1,Sonipat,7_03_03_V01Y_0,TRUE,FALSE,0,1,0,0,2017,2,12
1,1,Sonipat,7_03_03_V01Y_0,TRUE,FALSE,0,1,0,0,2017,3,34
1,1,Sonipat,7_03_03_V01Y_0,TRUE,FALSE,0,1,0,0,2017,4,47
1,1,Sonipat,7_03_03_V01Y_0,TRUE,FALSE,0,1,0,0,2017,5,40
1,1,Sonipat,7_03_03_V01Y_0,TRUE,FALSE,0,1,0,0,2017,6,40
1,1,Sonipat,7_03_03_V01Y_0,TRUE,FALSE,0,1,0,0,2017,7,39
1,1,Sonipat,7_03_03_V01Y_0,TRUE,FALSE,0,1,0,0,2017,8,45
1,1,Sonipat,7_03_03_V01Y_0,TRUE,FALSE,0,1,0,0,2017,9,34
1,1,Sonipat,7_03_03_V01Y_0,TRUE,FALSE,0,1,0,0,2017,10,44
1,1,Sonipat,7_03_03_V01Y_0,TRUE,FALSE,0,1,0,0,2017,11,51
1,1,Sonipat,7_03_03_V01Y_0,TRUE,FALSE,0,1,0,0,2017,12,62
1,1,Sonipat,7_03_03_V01Y_0,TRUE,FALSE,0,1,0,0,2018,1,44
1,1,Sonipat,7_03_03_V01Y_0,TRUE,FALSE,0,1,0,0,2018,2,55
1,1,Sonipat,7_03_03_V01Y_0,TRUE,FALSE,0,1,0,0,2018,3,35
1,1,Sonipat,7_03_04_V01Y_0,FALSE,TRUE,0,1,0,0,2017,3,47
1,1,Sonipat,7_03_04_V01Y_0,FALSE,TRUE,0,1,0,0,2017,4,35
1,1,Sonipat,7_03_04_V01Y_0,FALSE,TRUE,0,1,0,0,2017,5,48
1,1,Sonipat,7_03_04_V01Y_0,FALSE,TRUE,0,1,0,0,2017,6,50
1,1,Sonipat,7_03_04_V01Y_0,FALSE,TRUE,0,1,0,0,2017,7,35
1,1,Sonipat,7_03_04_V01Y_0,FALSE,TRUE,0,1,0,0,2017,8,27
1,1,Sonipat,7_03_04_V01Y_0,FALSE,TRUE,0,1,0,0,2017,9,37
1,1,Sonipat,7_03_04_V01Y_0,FALSE,TRUE,0,1,0,0,2017,10,27
1,1,Sonipat,7_03_04_V01Y_0,FALSE,TRUE,0,1,0,0,2017,11,22
1,1,Sonipat,7_03_04_V01Y_0,FALSE,TRUE,0,1,0,0,2017,12,43
1,1,Sonipat,7_03_04_V01Y_0,FALSE,TRUE,0,1,0,0,2018,1,29
1,1,Sonipat,7_03_04_V01Y_0,FALSE,TRUE,0,1,0,0,2018,2,36
1,1,Sonipat,7_03_04_V01Y_0,FALSE,TRUE,0,1,0,0,2018,3,48
1,1,Sonipat,7_03_05_V01Y_0,TRUE,FALSE,0,1,0,0,2017,2,17
1,1,Sonipat,7_03_05_V01Y_0,TRUE,FALSE,0,1,0,0,2017,3,26
1,1,Sonipat,7_03_05_V01Y_0,TRUE,FALSE,0,1,0,0,2017,4,25
1,1,Sonipat,7_03_05_V01Y_0,TRUE,FALSE,0,1,0,0,2017,5,25
1,1,Sonipat,7_03_05_V01Y_0,TRUE,FALSE,0,1,0,0,2017,6,23
1,1,Sonipat,7_03_05_V01Y_0,TRUE,FALSE,0,1,0,0,2017,7,37
1,1,Sonipat,7_03_05_V01Y_0,TRUE,FALSE,0,1,0,0,2017,8,26
1,1,Sonipat,7_03_05_V01Y_0,TRUE,FALSE,0,1,0,0,2017,9,32
1,1,Sonipat,7_03_05_V01Y_0,TRUE,FALSE,0,1,0,0,2017,10,27
1,1,Sonipat,7_03_05_V01Y_0,TRUE,FALSE,0,1,0,0,2017,11,29
1,1,Sonipat,7_03_05_V01Y_0,TRUE,FALSE,0,1,0,0,2017,12,29
1,1,Sonipat,7_03_05_V01Y_0,TRUE,FALSE,0,1,0,0,2018,1,24
1,1,Sonipat,7_04_01_V02Y_0,FALSE,FALSE,0,0,0,1,2017,2,14
1,1,Sonipat,7_04_01_V02Y_0,FALSE,FALSE,0,0,0,1,2017,3,23
1,1,Sonipat,7_04_01_V02Y_0,FALSE,FALSE,0,0,0,1,2017,4,17
1,1,Sonipat,7_04_01_V02Y_0,FALSE,FALSE,0,0,0,1,2017,5,17
1,1,Sonipat,7_04_01_V02Y_0,FALSE,FALSE,0,0,0,1,2017,6,17
1,1,Sonipat,7_04_01_V02Y_0,FALSE,FALSE,0,0,0,1,2017,7,11
1,1,Sonipat,7_04_01_V02Y_0,FALSE,FALSE,0,0,0,1,2017,8,16
1,1,Sonipat,7_04_01_V02Y_0,FALSE,FALSE,0,0,0,1,2017,9,16
1,1,Sonipat,7_04_01_V02Y_0,FALSE,FALSE,0,0,0,1,2017,10,13
1,1,Sonipat,7_04_01_V02Y_0,FALSE,FALSE,0,0,0,1,2017,11,14
1,1,Sonipat,7_04_01_V02Y_0,FALSE,FALSE,0,0,0,1,2017,12,24
1,1,Sonipat,7_04_01_V02Y_0,FALSE,FALSE,0,0,0,1,2018,1,11
1,1,Sonipat,7_04_01_V02Y_0,FALSE,FALSE,0,0,0,1,2018,2,1
1,1,Sonipat,7_04_01_V02Y_0,FALSE,FALSE,0,0,0,1,2018,3,12
1,1,Sonipat,7_04_02_V01Y_0,FALSE,FALSE,1,0,0,0,2017,2,3
1,1,Sonipat,7_04_02_V01Y_0,FALSE,FALSE,1,0,0,0,2017,3,34
1,1,Sonipat,7_04_02_V01Y_0,FALSE,FALSE,1,0,0,0,2017,4,33
1,1,Sonipat,7_04_02_V01Y_0,FALSE,FALSE,1,0,0,0,2017,5,20
1,1,Sonipat,7_04_02_V01Y_0,FALSE,FALSE,1,0,0,0,2017,6,18
1,1,Sonipat,7_04_02_V01Y_0,FALSE,FALSE,1,0,0,0,2017,7,24
1,1,Sonipat,7_04_02_V01Y_0,FALSE,FALSE,1,0,0,0,2017,8,22
1,1,Sonipat,7_04_02_V01Y_0,FALSE,FALSE,1,0,0,0,2017,9,23
1,1,Sonipat,7_04_02_V01Y_0,FALSE,FALSE,1,0,0,0,2017,10,31
1,1,Sonipat,7_04_02_V01Y_0,FALSE,FALSE,1,0,0,0,2017,11,17
1,1,Sonipat,7_04_02_V01Y_0,FALSE,FALSE,1,0,0,0,2017,12,44
1,1,Sonipat,7_04_02_V01Y_0,FALSE,FALSE,1,0,0,0,2018,1,33
1,1,Sonipat,7_04_02_V01Y_0,FALSE,FALSE,1,0,0,0,2018,2,12
1,1,Sonipat,7_04_02_V01Y_0,FALSE,FALSE,1,0,0,0,2018,3,22
1,1,Sonipat,7_04_03_V01Y_0,FALSE,FALSE,0,0,1,0,2017,2,22
1,1,Sonipat,7_04_03_V01Y_0,FALSE,FALSE,0,0,1,0,2017,3,43
1,1,Sonipat,7_04_03_V01Y_0,FALSE,FALSE,0,0,1,0,2017,4,45
1,1,Sonipat,7_04_03_V01Y_0,FALSE,FALSE,0,0,1,0,2017,5,29
1,1,Sonipat,7_04_03_V01Y_0,FALSE,FALSE,0,0,1,0,2017,6,47
1,1,Sonipat,7_04_03_V01Y_0,FALSE,FALSE,0,0,1,0,2017,7,45
1,1,Sonipat,7_04_03_V01Y_0,FALSE,FALSE,0,0,1,0,2017,8,49
1,1,Sonipat,7_04_03_V01Y_0,FALSE,FALSE,0,0,1,0,2017,9,43
1,1,Sonipat,7_04_03_V01Y_0,FALSE,FALSE,0,0,1,0,2017,10,41
1,1,Sonipat,7_04_03_V01Y_0,FALSE,FALSE,0,0,1,0,2017,11,41
1,1,Sonipat,7_04_03_V01Y_0,FALSE,FALSE,0,0,1,0,2017,12,60
1,1,Sonipat,7_04_03_V01Y_0,FALSE,FALSE,0,0,1,0,2018,1,68
1,1,Sonipat,7_04_03_V01Y_0,FALSE,FALSE,0,0,1,0,2018,2,55
1,1,Sonipat,7_04_03_V01Y_0,FALSE,FALSE,0,0,1,0,2018,3,26
1,1,Sonipat,7_04_04_V01Y_0,FALSE,FALSE,1,0,0,0,2017,2,10
1,1,Sonipat,7_04_04_V01Y_0,FALSE,FALSE,1,0,0,0,2017,3,29
1,1,Sonipat,7_04_04_V01Y_0,FALSE,FALSE,1,0,0,0,2017,4,7
1,1,Sonipat,7_04_04_V01Y_0,FALSE,FALSE,1,0,0,0,2017,5,21
1,1,Sonipat,7_04_04_V01Y_0,FALSE,FALSE,1,0,0,0,2017,6,24
1,1,Sonipat,7_04_04_V01Y_0,FALSE,FALSE,1,0,0,0,2017,7,17
1,1,Sonipat,7_04_04_V01Y_0,FALSE,FALSE,1,0,0,0,2017,8,23
1,1,Sonipat,7_04_04_V01Y_0,FALSE,FALSE,1,0,0,0,2017,9,37
1,1,Sonipat,7_04_04_V01Y_0,FALSE,FALSE,1,0,0,0,2017,10,29
1,1,Sonipat,7_04_04_V01Y_0,FALSE,FALSE,1,0,0,0,2017,11,36
1,1,Sonipat,7_04_04_V01Y_0,FALSE,FALSE,1,0,0,0,2017,12,22
1,1,Sonipat,7_04_06_V01Y_0,FALSE,FALSE,0,0,1,0,2017,3,6
1,1,Sonipat,7_04_06_V01Y_0,FALSE,FALSE,0,0,1,0,2017,4,4
1,1,Sonipat,7_04_06_V01Y_0,FALSE,FALSE,0,0,1,0,2017,5,4
1,1,Sonipat,7_04_06_V01Y_0,FALSE,FALSE,0,0,1,0,2017,6,7
1,1,Sonipat,7_04_06_V01Y_0,FALSE,FALSE,0,0,1,0,2017,7,5
1,1,Sonipat,7_04_06_V01Y_0,FALSE,FALSE,0,0,1,0,2017,8,7
1,1,Sonipat,7_04_06_V01Y_0,FALSE,FALSE,0,0,1,0,2017,9,8
1,1,Sonipat,7_04_06_V01Y_0,FALSE,FALSE,0,0,1,0,2017,10,9
1,1,Sonipat,7_04_06_V01Y_0,FALSE,FALSE,0,0,1,0,2017,11,9
1,1,Sonipat,7_04_06_V01Y_0,FALSE,FALSE,0,0,1,0,2017,12,9
1,1,Sonipat,7_04_06_V01Y_0,FALSE,FALSE,0,0,1,0,2018,1,8
1,1,Sonipat,7_04_06_V01Y_0,FALSE,FALSE,0,0,1,0,2018,2,9
1,1,Sonipat,7_04_07_V01Y_0,FALSE,FALSE,0,0,1,0,2017,2,25
1,1,Sonipat,7_04_07_V01Y_0,FALSE,FALSE,0,0,1,0,2017,3,46
1,1,Sonipat,7_04_07_V01Y_0,FALSE,FALSE,0,0,1,0,2017,4,38
1,1,Sonipat,7_04_07_V01Y_0,FALSE,FALSE,0,0,1,0,2017,5,31
1,1,Sonipat,7_04_07_V01Y_0,FALSE,FALSE,0,0,1,0,2017,6,32
1,1,Sonipat,7_04_07_V01Y_0,FALSE,FALSE,0,0,1,0,2017,7,33
1,1,Sonipat,7_04_07_V01Y_0,FALSE,FALSE,0,0,1,0,2017,8,22
1,1,Sonipat,7_04_07_V01Y_0,FALSE,FALSE,0,0,1,0,2017,9,43
1,1,Sonipat,7_04_07_V01Y_0,FALSE,FALSE,0,0,1,0,2017,10,44
1,1,Sonipat,7_04_07_V01Y_0,FALSE,FALSE,0,0,1,0,2017,11,25
1,1,Sonipat,7_04_07_V01Y_0,FALSE,FALSE,0,0,1,0,2017,12,31
1,1,Sonipat,7_04_07_V01Y_0,FALSE,FALSE,0,0,1,0,2018,1,38
1,1,Sonipat,7_04_07_V01Y_0,FALSE,FALSE,0,0,1,0,2018,2,28
1,1,Sonipat,7_04_07_V01Y_0,FALSE,FALSE,0,0,1,0,2018,3,21
1,1,Sonipat,7_05_01_V03Y_0,FALSE,FALSE,1,0,0,0,2017,2,15
1,1,Sonipat,7_05_01_V03Y_0,FALSE,FALSE,1,0,0,0,2017,3,10
1,1,Sonipat,7_05_01_V03Y_0,FALSE,FALSE,1,0,0,0,2017,4,11
1,1,Sonipat,7_05_01_V03Y_0,FALSE,FALSE,1,0,0,0,2017,5,8
1,1,Sonipat,7_05_01_V03Y_0,FALSE,FALSE,1,0,0,0,2017,6,7
1,1,Sonipat,7_05_01_V03Y_0,FALSE,FALSE,1,0,0,0,2017,7,14
1,1,Sonipat,7_05_01_V03Y_0,FALSE,FALSE,1,0,0,0,2017,8,7
1,1,Sonipat,7_05_01_V03Y_0,FALSE,FALSE,1,0,0,0,2017,9,13
1,1,Sonipat,7_05_01_V03Y_0,FALSE,FALSE,1,0,0,0,2017,10,21
1,1,Sonipat,7_05_01_V03Y_0,FALSE,FALSE,1,0,0,0,2017,11,22
1,1,Sonipat,7_05_01_V03Y_0,FALSE,FALSE,1,0,0,0,2017,12,21
1,1,Sonipat,7_05_01_V03Y_0,FALSE,FALSE,1,0,0,0,2018,1,20
1,1,Sonipat,7_05_01_V03Y_0,FALSE,FALSE,1,0,0,0,2018,2,15
1,1,Sonipat,7_05_01_V03Y_0,FALSE,FALSE,1,0,0,0,2018,3,3
1,1,Sonipat,7_05_03_V01Y_0,FALSE,FALSE,0,1,0,0,2017,2,51
1,1,Sonipat,7_05_03_V01Y_0,FALSE,FALSE,0,1,0,0,2017,3,73
1,1,Sonipat,7_05_03_V01Y_0,FALSE,FALSE,0,1,0,0,2017,4,72
1,1,Sonipat,7_05_03_V01Y_0,FALSE,FALSE,0,1,0,0,2017,5,47
1,1,Sonipat,7_05_03_V01Y_0,FALSE,FALSE,0,1,0,0,2017,6,63
1,1,Sonipat,7_05_03_V01Y_0,FALSE,FALSE,0,1,0,0,2017,7,51
1,1,Sonipat,7_05_03_V01Y_0,FALSE,FALSE,0,1,0,0,2017,8,69
1,1,Sonipat,7_05_03_V01Y_0,FALSE,FALSE,0,1,0,0,2017,9,91
1,1,Sonipat,7_05_03_V01Y_0,FALSE,FALSE,0,1,0,0,2017,10,84
1,1,Sonipat,7_05_03_V01Y_0,FALSE,FALSE,0,1,0,0,2017,11,134
1,1,Sonipat,7_05_03_V01Y_0,FALSE,FALSE,0,1,0,0,2017,12,118
1,1,Sonipat,7_05_03_V01Y_0,FALSE,FALSE,0,1,0,0,2018,1,85
1,1,Sonipat,7_05_03_V01Y_0,FALSE,FALSE,0,1,0,0,2018,2,111
1,1,Sonipat,7_05_03_V01Y_0,FALSE,FALSE,0,1,0,0,2018,3,86
1,1,Sonipat,7_05_06_V02Y_0,FALSE,FALSE,0,1,0,0,2017,2,22
1,1,Sonipat,7_05_06_V02Y_0,FALSE,FALSE,0,1,0,0,2017,3,31
1,1,Sonipat,7_05_06_V02Y_0,FALSE,FALSE,0,1,0,0,2017,4,26
1,1,Sonipat,7_05_06_V02Y_0,FALSE,FALSE,0,1,0,0,2017,5,25
1,1,Sonipat,7_05_06_V02Y_0,FALSE,FALSE,0,1,0,0,2017,6,17
1,1,Sonipat,7_05_06_V02Y_0,FALSE,FALSE,0,1,0,0,2017,7,16
1,1,Sonipat,7_05_06_V02Y_0,FALSE,FALSE,0,1,0,0,2017,8,15
1,1,Sonipat,7_05_06_V02Y_0,FALSE,FALSE,0,1,0,0,2017,9,27
1,1,Sonipat,7_05_06_V02Y_0,FALSE,FALSE,0,1,0,0,2017,10,24
1,1,Sonipat,7_05_06_V02Y_0,FALSE,FALSE,0,1,0,0,2017,11,27
1,1,Sonipat,7_05_06_V02Y_0,FALSE,FALSE,0,1,0,0,2017,12,21
1,1,Sonipat,7_05_06_V02Y_0,FALSE,FALSE,0,1,0,0,2018,1,29
1,1,Sonipat,7_05_06_V02Y_0,FALSE,FALSE,0,1,0,0,2018,2,20
1,1,Sonipat,7_05_06_V02Y_0,FALSE,FALSE,0,1,0,0,2018,3,5
1,1,Sonipat,7_06_01_V01Y_0,FALSE,FALSE,0,0,0,1,2017,2,9
1,1,Sonipat,7_06_01_V01Y_0,FALSE,FALSE,0,0,0,1,2017,3,13
1,1,Sonipat,7_06_01_V01Y_0,FALSE,FALSE,0,0,0,1,2017,4,21
1,1,Sonipat,7_06_01_V01Y_0,FALSE,FALSE,0,0,0,1,2017,5,31
1,1,Sonipat,7_06_01_V01Y_0,FALSE,FALSE,0,0,0,1,2017,6,27
1,1,Sonipat,7_06_01_V01Y_0,FALSE,FALSE,0,0,0,1,2017,7,21
1,1,Sonipat,7_06_01_V01Y_0,FALSE,FALSE,0,0,0,1,2017,8,38
1,1,Sonipat,7_06_01_V01Y_0,FALSE,FALSE,0,0,0,1,2017,9,42
1,1,Sonipat,7_06_01_V01Y_0,FALSE,FALSE,0,0,0,1,2017,10,21
1,1,Sonipat,7_06_01_V01Y_0,FALSE,FALSE,0,0,0,1,2017,11,35
1,1,Sonipat,7_06_01_V01Y_0,FALSE,FALSE,0,0,0,1,2017,12,32
1,1,Sonipat,7_06_01_V01Y_0,FALSE,FALSE,0,0,0,1,2018,1,42
1,1,Sonipat,7_06_01_V01Y_0,FALSE,FALSE,0,0,0,1,2018,2,35
1,1,Sonipat,7_06_01_V01Y_0,FALSE,FALSE,0,0,0,1,2018,3,26
1,1,Sonipat,7_06_01_V02Y_0,FALSE,FALSE,1,0,0,0,2017,3,3
1,1,Sonipat,7_06_01_V02Y_0,FALSE,FALSE,1,0,0,0,2017,4,11
1,1,Sonipat,7_06_01_V02Y_0,FALSE,FALSE,1,0,0,0,2017,5,13
1,1,Sonipat,7_06_01_V02Y_0,FALSE,FALSE,1,0,0,0,2017,6,6
1,1,Sonipat,7_06_01_V02Y_0,FALSE,FALSE,1,0,0,0,2017,7,2
1,1,Sonipat,7_06_01_V02Y_0,FALSE,FALSE,1,0,0,0,2017,8,11
1,1,Sonipat,7_06_01_V02Y_0,FALSE,FALSE,1,0,0,0,2017,9,14
1,1,Sonipat,7_06_01_V02Y_0,FALSE,FALSE,1,0,0,0,2017,10,9
1,1,Sonipat,7_06_01_V02Y_0,FALSE,FALSE,1,0,0,0,2017,11,6
1,1,Sonipat,7_06_01_V02Y_0,FALSE,FALSE,1,0,0,0,2017,12,9
1,1,Sonipat,7_06_01_V02Y_0,FALSE,FALSE,1,0,0,0,2018,1,13
1,1,Sonipat,7_06_01_V02Y_0,FALSE,FALSE,1,0,0,0,2018,2,10
1,1,Sonipat,7_06_01_V02Y_0,FALSE,FALSE,1,0,0,0,2018,3,4
1,1,Sonipat,7_06_05_V02Y_0,FALSE,FALSE,0,0,0,1,2017,3,10
1,1,Sonipat,7_06_05_V02Y_0,FALSE,FALSE,0,0,0,1,2017,4,6
1,1,Sonipat,7_06_05_V02Y_0,FALSE,FALSE,0,0,0,1,2017,5,18
1,1,Sonipat,7_06_05_V02Y_0,FALSE,FALSE,0,0,0,1,2017,6,8
1,1,Sonipat,7_06_05_V02Y_0,FALSE,FALSE,0,0,0,1,2017,7,12
1,1,Sonipat,7_06_05_V02Y_0,FALSE,FALSE,0,0,0,1,2017,8,13
1,1,Sonipat,7_06_05_V02Y_0,FALSE,FALSE,0,0,0,1,2017,9,14
1,1,Sonipat,7_06_05_V02Y_0,FALSE,FALSE,0,0,0,1,2017,10,20
1,1,Sonipat,7_06_05_V02Y_0,FALSE,FALSE,0,0,0,1,2017,11,10
1,1,Sonipat,7_06_05_V02Y_0,FALSE,FALSE,0,0,0,1,2017,12,19
1,1,Sonipat,7_06_05_V02Y_0,FALSE,FALSE,0,0,0,1,2018,1,12
1,1,Sonipat,7_06_05_V02Y_0,FALSE,FALSE,0,0,0,1,2018,2,13
1,1,Sonipat,7_06_05_V02Y_0,FALSE,FALSE,0,0,0,1,2018,3,9
1,1,Sonipat,7_07_02_V02Y_0,TRUE,FALSE,0,0,1,0,2017,2,15
1,1,Sonipat,7_07_02_V02Y_0,TRUE,FALSE,0,0,1,0,2017,3,46
1,1,Sonipat,7_07_02_V02Y_0,TRUE,FALSE,0,0,1,0,2017,4,48
1,1,Sonipat,7_07_02_V02Y_0,TRUE,FALSE,0,0,1,0,2017,5,44
1,1,Sonipat,7_07_02_V02Y_0,TRUE,FALSE,0,0,1,0,2017,6,36
1,1,Sonipat,7_07_02_V02Y_0,TRUE,FALSE,0,0,1,0,2017,7,44
1,1,Sonipat,7_07_02_V02Y_0,TRUE,FALSE,0,0,1,0,2017,8,36
1,1,Sonipat,7_07_02_V02Y_0,TRUE,FALSE,0,0,1,0,2017,9,44
1,1,Sonipat,7_07_02_V02Y_0,TRUE,FALSE,0,0,1,0,2017,10,39
1,1,Sonipat,7_07_02_V02Y_0,TRUE,FALSE,0,0,1,0,2017,11,47
1,1,Sonipat,7_07_02_V02Y_0,TRUE,FALSE,0,0,1,0,2017,12,62
1,1,Sonipat,7_07_02_V02Y_0,TRUE,FALSE,0,0,1,0,2018,1,43
1,1,Sonipat,7_07_02_V02Y_0,TRUE,FALSE,0,0,1,0,2018,2,50
1,1,Sonipat,7_07_02_V02Y_0,TRUE,FALSE,0,0,1,0,2018,3,62
1,1,Sonipat,7_07_03_V01Y_0,TRUE,FALSE,1,0,0,0,2017,2,9
1,1,Sonipat,7_07_03_V01Y_0,TRUE,FALSE,1,0,0,0,2017,3,4
1,1,Sonipat,7_07_03_V01Y_0,TRUE,FALSE,1,0,0,0,2017,4,10
1,1,Sonipat,7_07_03_V01Y_0,TRUE,FALSE,1,0,0,0,2017,5,10
1,1,Sonipat,7_07_03_V01Y_0,TRUE,FALSE,1,0,0,0,2017,6,8
1,1,Sonipat,7_07_03_V01Y_0,TRUE,FALSE,1,0,0,0,2017,7,6
1,1,Sonipat,7_07_03_V01Y_0,TRUE,FALSE,1,0,0,0,2017,8,4
1,1,Sonipat,7_07_03_V01Y_0,TRUE,FALSE,1,0,0,0,2017,9,7
1,1,Sonipat,7_07_03_V01Y_0,TRUE,FALSE,1,0,0,0,2017,10,7
1,1,Sonipat,7_07_03_V01Y_0,TRUE,FALSE,1,0,0,0,2017,11,11
1,1,Sonipat,7_07_03_V01Y_0,TRUE,FALSE,1,0,0,0,2017,12,15
1,1,Sonipat,7_07_03_V01Y_0,TRUE,FALSE,1,0,0,0,2018,1,12
1,1,Sonipat,7_07_03_V01Y_0,TRUE,FALSE,1,0,0,0,2018,2,11
1,1,Sonipat,7_07_03_V01Y_0,TRUE,FALSE,1,0,0,0,2018,3,10
1,1,Sonipat,7_08_01_V01Y_0,FALSE,FALSE,0,0,1,0,2017,2,12
1,1,Sonipat,7_08_01_V01Y_0,FALSE,FALSE,0,0,1,0,2017,3,27
1,1,Sonipat,7_08_01_V01Y_0,FALSE,FALSE,0,0,1,0,2017,4,31
1,1,Sonipat,7_08_01_V01Y_0,FALSE,FALSE,0,0,1,0,2017,5,33
1,1,Sonipat,7_08_01_V01Y_0,FALSE,FALSE,0,0,1,0,2017,6,35
1,1,Sonipat,7_08_01_V01Y_0,FALSE,FALSE,0,0,1,0,2017,7,23
1,1,Sonipat,7_08_01_V01Y_0,FALSE,FALSE,0,0,1,0,2017,8,25
1,1,Sonipat,7_08_01_V01Y_0,FALSE,FALSE,0,0,1,0,2017,9,19
1,1,Sonipat,7_08_01_V01Y_0,FALSE,FALSE,0,0,1,0,2017,10,29
1,1,Sonipat,7_08_01_V01Y_0,FALSE,FALSE,0,0,1,0,2017,11,32
1,1,Sonipat,7_08_01_V01Y_0,FALSE,FALSE,0,0,1,0,2017,12,43
1,1,Sonipat,7_08_01_V01Y_0,FALSE,FALSE,0,0,1,0,2018,1,26
1,1,Sonipat,7_08_01_V01Y_0,FALSE,FALSE,0,0,1,0,2018,2,47
1,1,Sonipat,7_08_01_V01Y_0,FALSE,FALSE,0,0,1,0,2018,3,40
1,1,Sonipat,7_08_04_V01Y_0,FALSE,FALSE,1,0,0,0,2017,3,10
1,1,Sonipat,7_08_04_V01Y_0,FALSE,FALSE,1,0,0,0,2017,4,4
1,1,Sonipat,7_08_04_V01Y_0,FALSE,FALSE,1,0,0,0,2017,5,2
1,1,Sonipat,7_08_04_V01Y_0,FALSE,FALSE,1,0,0,0,2017,6,12
1,1,Sonipat,7_08_04_V01Y_0,FALSE,FALSE,1,0,0,0,2017,7,8
1,1,Sonipat,7_08_04_V01Y_0,FALSE,FALSE,1,0,0,0,2017,8,1
1,1,Sonipat,7_08_04_V01Y_0,FALSE,FALSE,1,0,0,0,2017,9,1
1,1,Sonipat,7_08_04_V01Y_0,FALSE,FALSE,1,0,0,0,2017,10,5
1,1,Sonipat,7_08_04_V01Y_0,FALSE,FALSE,1,0,0,0,2017,11,3
1,1,Sonipat,7_08_04_V01Y_0,FALSE,FALSE,1,0,0,0,2017,12,6
1,1,Sonipat,7_08_04_V01Y_0,FALSE,FALSE,1,0,0,0,2018,1,7
1,1,Sonipat,7_08_04_V01Y_0,FALSE,FALSE,1,0,0,0,2018,2,8
1,1,Sonipat,7_08_04_V01Y_0,FALSE,FALSE,1,0,0,0,2018,3,6
1,1,Sonipat,7_09_01_V01Y_0,FALSE,FALSE,0,1,0,0,2017,3,14
1,1,Sonipat,7_09_01_V01Y_0,FALSE,FALSE,0,1,0,0,2017,4,18
1,1,Sonipat,7_09_01_V01Y_0,FALSE,FALSE,0,1,0,0,2017,5,10
1,1,Sonipat,7_09_01_V01Y_0,FALSE,FALSE,0,1,0,0,2017,6,6
1,1,Sonipat,7_09_01_V01Y_0,FALSE,FALSE,0,1,0,0,2017,7,14
1,1,Sonipat,7_09_01_V01Y_0,FALSE,FALSE,0,1,0,0,2017,8,7
1,1,Sonipat,7_09_01_V01Y_0,FALSE,FALSE,0,1,0,0,2017,9,18
1,1,Sonipat,7_09_01_V01Y_0,FALSE,FALSE,0,1,0,0,2017,10,2
1,1,Sonipat,7_09_01_V01Y_0,FALSE,FALSE,0,1,0,0,2017,11,13
1,1,Sonipat,7_09_01_V01Y_0,FALSE,FALSE,0,1,0,0,2017,12,12
1,1,Sonipat,7_09_01_V01Y_0,FALSE,FALSE,0,1,0,0,2018,1,8
1,1,Sonipat,7_09_01_V01Y_0,FALSE,FALSE,0,1,0,0,2018,2,16
1,1,Sonipat,7_09_01_V01Y_0,FALSE,FALSE,0,1,0,0,2018,3,10
1,1,Sonipat,7_09_02_V01Y_0,FALSE,FALSE,0,0,1,0,2017,3,2
1,1,Sonipat,7_09_02_V01Y_0,FALSE,FALSE,0,0,1,0,2017,4,1
1,1,Sonipat,7_09_02_V01Y_0,FALSE,FALSE,0,0,1,0,2017,5,5
1,1,Sonipat,7_09_02_V01Y_0,FALSE,FALSE,0,0,1,0,2017,7,2
1,1,Sonipat,7_09_02_V01Y_0,FALSE,FALSE,0,0,1,0,2017,8,3
1,1,Sonipat,7_09_02_V01Y_0,FALSE,FALSE,0,0,1,0,2017,9,1
1,1,Sonipat,7_09_02_V01Y_0,FALSE,FALSE,0,0,1,0,2017,10,2
1,1,Sonipat,7_09_02_V01Y_0,FALSE,FALSE,0,0,1,0,2017,11,3
1,1,Sonipat,7_09_02_V01Y_0,FALSE,FALSE,0,0,1,0,2017,12,2
1,1,Sonipat,7_09_02_V01Y_0,FALSE,FALSE,0,0,1,0,2018,1,10
1,1,Sonipat,7_09_02_V01Y_0,FALSE,FALSE,0,0,1,0,2018,2,3
1,1,Sonipat,7_09_02_V01Y_0,FALSE,FALSE,0,0,1,0,2018,3,4
1,1,Sonipat,7_09_02_V02Y_0,FALSE,FALSE,1,0,0,0,2017,2,2
1,1,Sonipat,7_09_02_V02Y_0,FALSE,FALSE,1,0,0,0,2017,3,11
1,1,Sonipat,7_09_02_V02Y_0,FALSE,FALSE,1,0,0,0,2017,4,18
1,1,Sonipat,7_09_02_V02Y_0,FALSE,FALSE,1,0,0,0,2017,5,12
1,1,Sonipat,7_09_02_V02Y_0,FALSE,FALSE,1,0,0,0,2017,6,9
1,1,Sonipat,7_09_02_V02Y_0,FALSE,FALSE,1,0,0,0,2017,7,8
1,1,Sonipat,7_09_02_V02Y_0,FALSE,FALSE,1,0,0,0,2017,8,7
1,1,Sonipat,7_09_02_V02Y_0,FALSE,FALSE,1,0,0,0,2017,9,11
1,1,Sonipat,7_09_02_V02Y_0,FALSE,FALSE,1,0,0,0,2017,10,11
1,1,Sonipat,7_09_02_V02Y_0,FALSE,FALSE,1,0,0,0,2017,11,20
1,1,Sonipat,7_09_02_V02Y_0,FALSE,FALSE,1,0,0,0,2017,12,15
1,1,Sonipat,7_09_02_V02Y_0,FALSE,FALSE,1,0,0,0,2018,1,12
1,1,Sonipat,7_09_02_V02Y_0,FALSE,FALSE,1,0,0,0,2018,2,5
1,1,Sonipat,7_09_02_V02Y_0,FALSE,FALSE,1,0,0,0,2018,3,5
1,1,Sonipat,7_09_04_V02Y_0,FALSE,FALSE,0,1,0,0,2017,2,9
1,1,Sonipat,7_09_04_V02Y_0,FALSE,FALSE,0,1,0,0,2017,3,33
1,1,Sonipat,7_09_04_V02Y_0,FALSE,FALSE,0,1,0,0,2017,4,34
1,1,Sonipat,7_09_04_V02Y_0,FALSE,FALSE,0,1,0,0,2017,5,23
1,1,Sonipat,7_09_04_V02Y_0,FALSE,FALSE,0,1,0,0,2017,6,25
1,1,Sonipat,7_09_04_V02Y_0,FALSE,FALSE,0,1,0,0,2017,7,15
1,1,Sonipat,7_09_04_V02Y_0,FALSE,FALSE,0,1,0,0,2017,8,1
1,1,Sonipat,7_09_04_V02Y_0,FALSE,FALSE,0,1,0,0,2017,9,4
1,1,Sonipat,7_09_04_V02Y_0,FALSE,FALSE,0,1,0,0,2017,10,22
1,1,Sonipat,7_09_04_V02Y_0,FALSE,FALSE,0,1,0,0,2017,11,28
1,1,Sonipat,7_09_04_V02Y_0,FALSE,FALSE,0,1,0,0,2017,12,31
1,1,Sonipat,7_09_04_V02Y_0,FALSE,FALSE,0,1,0,0,2018,1,19
1,1,Sonipat,7_09_04_V02Y_0,FALSE,FALSE,0,1,0,0,2018,2,27
1,1,Sonipat,7_09_04_V02Y_0,FALSE,FALSE,0,1,0,0,2018,3,26
1,1,Sonipat,7_09_04_V03Y_0,FALSE,FALSE,0,0,1,0,2017,3,8
1,1,Sonipat,7_09_04_V03Y_0,FALSE,FALSE,0,0,1,0,2017,4,5
1,1,Sonipat,7_09_04_V03Y_0,FALSE,FALSE,0,0,1,0,2017,5,3
1,1,Sonipat,7_09_04_V03Y_0,FALSE,FALSE,0,0,1,0,2017,6,2
1,1,Sonipat,7_09_04_V03Y_0,FALSE,FALSE,0,0,1,0,2017,7,3
1,1,Sonipat,7_09_04_V03Y_0,FALSE,FALSE,0,0,1,0,2017,11,2
1,1,Sonipat,7_09_04_V03Y_0,FALSE,FALSE,0,0,1,0,2017,12,9
1,1,Sonipat,7_09_04_V03Y_0,FALSE,FALSE,0,0,1,0,2018,1,5
1,1,Sonipat,7_09_04_V03Y_0,FALSE,FALSE,0,0,1,0,2018,2,6
1,1,Sonipat,7_09_04_V03Y_0,FALSE,FALSE,0,0,1,0,2018,3,8
1,1,Sonipat,7_09_04_V04Y_0,FALSE,FALSE,0,0,1,0,2017,2,2
1,1,Sonipat,7_09_04_V04Y_0,FALSE,FALSE,0,0,1,0,2017,3,15
1,1,Sonipat,7_09_04_V04Y_0,FALSE,FALSE,0,0,1,0,2017,4,15
1,1,Sonipat,7_09_04_V04Y_0,FALSE,FALSE,0,0,1,0,2017,5,11
1,1,Sonipat,7_09_04_V04Y_0,FALSE,FALSE,0,0,1,0,2017,6,12
1,1,Sonipat,7_09_04_V04Y_0,FALSE,FALSE,0,0,1,0,2017,7,6
1,1,Sonipat,7_09_04_V04Y_0,FALSE,FALSE,0,0,1,0,2017,8,11
1,1,Sonipat,7_09_04_V04Y_0,FALSE,FALSE,0,0,1,0,2017,9,13
1,1,Sonipat,7_09_04_V04Y_0,FALSE,FALSE,0,0,1,0,2017,10,3
1,1,Sonipat,7_09_04_V04Y_0,FALSE,FALSE,0,0,1,0,2017,11,12
1,1,Sonipat,7_09_04_V04Y_0,FALSE,FALSE,0,0,1,0,2017,12,14
1,1,Sonipat,7_09_04_V04Y_0,FALSE,FALSE,0,0,1,0,2018,1,8
1,1,Sonipat,7_09_04_V04Y_0,FALSE,FALSE,0,0,1,0,2018,2,6
1,1,Sonipat,7_09_04_V04Y_0,FALSE,FALSE,0,0,1,0,2018,3,9
1,1,Sonipat,7_10_02_V01Y_0,FALSE,TRUE,1,0,0,0,2017,2,15
1,1,Sonipat,7_10_02_V01Y_0,FALSE,TRUE,1,0,0,0,2017,3,32
1,1,Sonipat,7_10_02_V01Y_0,FALSE,TRUE,1,0,0,0,2017,4,30
1,1,Sonipat,7_10_02_V01Y_0,FALSE,TRUE,1,0,0,0,2017,5,30
1,1,Sonipat,7_10_02_V01Y_0,FALSE,TRUE,1,0,0,0,2017,6,26
1,1,Sonipat,7_10_02_V01Y_0,FALSE,TRUE,1,0,0,0,2017,7,26
1,1,Sonipat,7_10_02_V01Y_0,FALSE,TRUE,1,0,0,0,2017,8,25
1,1,Sonipat,7_10_02_V01Y_0,FALSE,TRUE,1,0,0,0,2017,9,27
1,1,Sonipat,7_10_02_V01Y_0,FALSE,TRUE,1,0,0,0,2017,10,32
1,1,Sonipat,7_10_02_V01Y_0,FALSE,TRUE,1,0,0,0,2017,11,21
1,1,Sonipat,7_10_02_V01Y_0,FALSE,TRUE,1,0,0,0,2017,12,24
1,1,Sonipat,7_10_02_V01Y_0,FALSE,TRUE,1,0,0,0,2018,1,32
1,1,Sonipat,7_10_02_V01Y_0,FALSE,TRUE,1,0,0,0,2018,2,29
1,1,Sonipat,7_10_02_V01Y_0,FALSE,TRUE,1,0,0,0,2018,3,31
1,1,Sonipat,7_10_03_V01Y_0,FALSE,TRUE,0,0,0,1,2017,2,10
1,1,Sonipat,7_10_03_V01Y_0,FALSE,TRUE,0,0,0,1,2017,3,17
1,1,Sonipat,7_10_03_V01Y_0,FALSE,TRUE,0,0,0,1,2017,4,11
1,1,Sonipat,7_10_03_V01Y_0,FALSE,TRUE,0,0,0,1,2017,5,22
1,1,Sonipat,7_10_03_V01Y_0,FALSE,TRUE,0,0,0,1,2017,6,15
1,1,Sonipat,7_10_03_V01Y_0,FALSE,TRUE,0,0,0,1,2017,7,12
1,1,Sonipat,7_10_03_V01Y_0,FALSE,TRUE,0,0,0,1,2017,8,17
1,1,Sonipat,7_10_03_V01Y_0,FALSE,TRUE,0,0,0,1,2017,9,20
1,1,Sonipat,7_10_03_V01Y_0,FALSE,TRUE,0,0,0,1,2017,10,15
1,1,Sonipat,7_10_03_V01Y_0,FALSE,TRUE,0,0,0,1,2017,11,18
1,1,Sonipat,7_10_03_V01Y_0,FALSE,TRUE,0,0,0,1,2017,12,10
1,1,Sonipat,7_10_03_V01Y_0,FALSE,TRUE,0,0,0,1,2018,1,25
1,1,Sonipat,7_10_03_V01Y_0,FALSE,TRUE,0,0,0,1,2018,2,21
1,1,Sonipat,7_10_03_V01Y_0,FALSE,TRUE,0,0,0,1,2018,3,6
1,1,Sonipat,7_10_03_V02Y_0,FALSE,TRUE,0,1,0,0,2017,2,15
1,1,Sonipat,7_10_03_V02Y_0,FALSE,TRUE,0,1,0,0,2017,3,20
1,1,Sonipat,7_10_03_V02Y_0,FALSE,TRUE,0,1,0,0,2017,4,23
1,1,Sonipat,7_10_03_V02Y_0,FALSE,TRUE,0,1,0,0,2017,5,23
1,1,Sonipat,7_10_03_V02Y_0,FALSE,TRUE,0,1,0,0,2017,6,24
1,1,Sonipat,7_10_03_V02Y_0,FALSE,TRUE,0,1,0,0,2017,7,8
1,1,Sonipat,7_10_03_V02Y_0,FALSE,TRUE,0,1,0,0,2017,8,23
1,1,Sonipat,7_10_03_V02Y_0,FALSE,TRUE,0,1,0,0,2017,9,26
1,1,Sonipat,7_10_03_V02Y_0,FALSE,TRUE,0,1,0,0,2017,10,18
1,1,Sonipat,7_10_03_V02Y_0,FALSE,TRUE,0,1,0,0,2017,11,31
1,1,Sonipat,7_10_03_V02Y_0,FALSE,TRUE,0,1,0,0,2017,12,39
1,1,Sonipat,7_10_03_V02Y_0,FALSE,TRUE,0,1,0,0,2018,1,30
1,1,Sonipat,7_10_03_V02Y_0,FALSE,TRUE,0,1,0,0,2018,2,33
1,1,Sonipat,7_10_03_V02Y_0,FALSE,TRUE,0,1,0,0,2018,3,27
1,1,Sonipat,7_10_04_V01Y_0,FALSE,TRUE,0,0,1,0,2017,2,1
1,1,Sonipat,7_10_04_V01Y_0,FALSE,TRUE,0,0,1,0,2017,3,11
1,1,Sonipat,7_10_04_V01Y_0,FALSE,TRUE,0,0,1,0,2017,4,3
1,1,Sonipat,7_10_04_V01Y_0,FALSE,TRUE,0,0,1,0,2017,5,4
1,1,Sonipat,7_10_04_V01Y_0,FALSE,TRUE,0,0,1,0,2017,8,1
1,1,Sonipat,7_10_04_V01Y_0,FALSE,TRUE,0,0,1,0,2017,9,3
1,1,Sonipat,7_10_04_V01Y_0,FALSE,TRUE,0,0,1,0,2017,10,4
1,1,Sonipat,7_10_04_V01Y_0,FALSE,TRUE,0,0,1,0,2017,11,3
1,1,Sonipat,7_10_04_V01Y_0,FALSE,TRUE,0,0,1,0,2018,1,4
1,1,Sonipat,7_10_04_V01Y_0,FALSE,TRUE,0,0,1,0,2018,2,4
1,1,Sonipat,7_10_04_V02Y_0,FALSE,TRUE,1,0,0,0,2017,3,54
1,1,Sonipat,7_10_04_V02Y_0,FALSE,TRUE,1,0,0,0,2017,4,47
1,1,Sonipat,7_10_04_V02Y_0,FALSE,TRUE,1,0,0,0,2017,5,33
1,1,Sonipat,7_10_04_V02Y_0,FALSE,TRUE,1,0,0,0,2017,6,38
1,1,Sonipat,7_10_04_V02Y_0,FALSE,TRUE,1,0,0,0,2017,7,20
1,1,Sonipat,7_10_04_V02Y_0,FALSE,TRUE,1,0,0,0,2017,8,32
1,1,Sonipat,7_10_04_V02Y_0,FALSE,TRUE,1,0,0,0,2017,9,39
1,1,Sonipat,7_10_04_V02Y_0,FALSE,TRUE,1,0,0,0,2017,10,25
1,1,Sonipat,7_10_04_V02Y_0,FALSE,TRUE,1,0,0,0,2017,11,33
1,1,Sonipat,7_10_04_V02Y_0,FALSE,TRUE,1,0,0,0,2017,12,30
1,1,Sonipat,7_10_04_V02Y_0,FALSE,TRUE,1,0,0,0,2018,1,45
1,1,Sonipat,7_10_04_V02Y_0,FALSE,TRUE,1,0,0,0,2018,2,40
1,1,Sonipat,7_10_04_V02Y_0,FALSE,TRUE,1,0,0,0,2018,3,41
1,1,Sonipat,7_11_01_V01Y_0,FALSE,FALSE,0,0,0,1,2017,3,19
1,1,Sonipat,7_11_01_V01Y_0,FALSE,FALSE,0,0,0,1,2017,4,23
1,1,Sonipat,7_11_01_V01Y_0,FALSE,FALSE,0,0,0,1,2017,5,20
1,1,Sonipat,7_11_01_V01Y_0,FALSE,FALSE,0,0,0,1,2017,6,21
1,1,Sonipat,7_11_01_V01Y_0,FALSE,FALSE,0,0,0,1,2017,7,24
1,1,Sonipat,7_11_01_V01Y_0,FALSE,FALSE,0,0,0,1,2017,8,21
1,1,Sonipat,7_11_01_V01Y_0,FALSE,FALSE,0,0,0,1,2017,9,32
1,1,Sonipat,7_11_01_V01Y_0,FALSE,FALSE,0,0,0,1,2017,10,28
1,1,Sonipat,7_11_01_V01Y_0,FALSE,FALSE,0,0,0,1,2017,11,28
1,1,Sonipat,7_11_01_V01Y_0,FALSE,FALSE,0,0,0,1,2017,12,29
1,1,Sonipat,7_11_01_V01Y_0,FALSE,FALSE,0,0,0,1,2018,1,10
1,1,Sonipat,7_11_01_V01Y_0,FALSE,FALSE,0,0,0,1,2018,2,34
1,1,Sonipat,7_11_01_V01Y_0,FALSE,FALSE,0,0,0,1,2018,3,12
1,1,Sonipat,7_11_02_V01Y_0,FALSE,FALSE,0,0,0,1,2017,2,7
1,1,Sonipat,7_11_02_V01Y_0,FALSE,FALSE,0,0,0,1,2017,3,24
1,1,Sonipat,7_11_02_V01Y_0,FALSE,FALSE,0,0,0,1,2017,4,27
1,1,Sonipat,7_11_02_V01Y_0,FALSE,FALSE,0,0,0,1,2017,5,31
1,1,Sonipat,7_11_02_V01Y_0,FALSE,FALSE,0,0,0,1,2017,6,23
1,1,Sonipat,7_11_02_V01Y_0,FALSE,FALSE,0,0,0,1,2017,7,37
1,1,Sonipat,7_11_02_V01Y_0,FALSE,FALSE,0,0,0,1,2017,8,35
1,1,Sonipat,7_11_02_V01Y_0,FALSE,FALSE,0,0,0,1,2017,9,37
1,1,Sonipat,7_11_02_V01Y_0,FALSE,FALSE,0,0,0,1,2017,10,16
1,1,Sonipat,7_11_02_V01Y_0,FALSE,FALSE,0,0,0,1,2017,11,36
1,1,Sonipat,7_11_02_V01Y_0,FALSE,FALSE,0,0,0,1,2017,12,48
1,1,Sonipat,7_11_02_V01Y_0,FALSE,FALSE,0,0,0,1,2018,1,39
1,1,Sonipat,7_11_02_V01Y_0,FALSE,FALSE,0,0,0,1,2018,2,42
1,1,Sonipat,7_11_02_V01Y_0,FALSE,FALSE,0,0,0,1,2018,3,21
1,1,Sonipat,7_11_02_V02Y_0,FALSE,FALSE,1,0,0,0,2017,3,4
1,1,Sonipat,7_11_02_V02Y_0,FALSE,FALSE,1,0,0,0,2017,4,10
1,1,Sonipat,7_11_02_V02Y_0,FALSE,FALSE,1,0,0,0,2017,5,11
1,1,Sonipat,7_11_02_V02Y_0,FALSE,FALSE,1,0,0,0,2017,6,13
1,1,Sonipat,7_11_02_V02Y_0,FALSE,FALSE,1,0,0,0,2017,7,13
1,1,Sonipat,7_11_02_V02Y_0,FALSE,FALSE,1,0,0,0,2017,8,8
1,1,Sonipat,7_11_02_V02Y_0,FALSE,FALSE,1,0,0,0,2017,9,5
1,1,Sonipat,7_11_02_V02Y_0,FALSE,FALSE,1,0,0,0,2017,10,10
1,1,Sonipat,7_11_02_V02Y_0,FALSE,FALSE,1,0,0,0,2017,11,12
1,1,Sonipat,7_11_02_V02Y_0,FALSE,FALSE,1,0,0,0,2017,12,12
1,1,Sonipat,7_11_02_V02Y_0,FALSE,FALSE,1,0,0,0,2018,2,17
1,1,Sonipat,7_11_02_V02Y_0,FALSE,FALSE,1,0,0,0,2018,3,7
1,1,Sonipat,7_11_03_V02Y_0,FALSE,FALSE,0,0,1,0,2017,3,15
1,1,Sonipat,7_11_03_V02Y_0,FALSE,FALSE,0,0,1,0,2017,4,11
1,1,Sonipat,7_11_03_V02Y_0,FALSE,FALSE,0,0,1,0,2017,5,6
1,1,Sonipat,7_11_03_V02Y_0,FALSE,FALSE,0,0,1,0,2017,6,11
1,1,Sonipat,7_11_03_V02Y_0,FALSE,FALSE,0,0,1,0,2017,7,10
1,1,Sonipat,7_11_03_V02Y_0,FALSE,FALSE,0,0,1,0,2017,8,8
1,1,Sonipat,7_11_03_V02Y_0,FALSE,FALSE,0,0,1,0,2017,9,16
1,1,Sonipat,7_11_03_V02Y_0,FALSE,FALSE,0,0,1,0,2017,10,11
1,1,Sonipat,7_11_03_V02Y_0,FALSE,FALSE,0,0,1,0,2017,11,10
1,1,Sonipat,7_11_03_V02Y_0,FALSE,FALSE,0,0,1,0,2017,12,16
1,1,Sonipat,7_11_03_V02Y_0,FALSE,FALSE,0,0,1,0,2018,1,8
1,1,Sonipat,7_11_03_V02Y_0,FALSE,FALSE,0,0,1,0,2018,2,23
1,1,Sonipat,7_11_03_V02Y_0,FALSE,FALSE,0,0,1,0,2018,3,11
1,1,Sonipat,7_11_06_V01Y_0,FALSE,FALSE,1,0,0,0,2017,3,13
1,1,Sonipat,7_11_06_V01Y_0,FALSE,FALSE,1,0,0,0,2017,4,22
1,1,Sonipat,7_11_06_V01Y_0,FALSE,FALSE,1,0,0,0,2017,5,16
1,1,Sonipat,7_11_06_V01Y_0,FALSE,FALSE,1,0,0,0,2017,6,20
1,1,Sonipat,7_11_06_V01Y_0,FALSE,FALSE,1,0,0,0,2017,7,19
1,1,Sonipat,7_11_06_V01Y_0,FALSE,FALSE,1,0,0,0,2017,8,13
1,1,Sonipat,7_11_06_V01Y_0,FALSE,FALSE,1,0,0,0,2017,9,15
1,1,Sonipat,7_11_06_V01Y_0,FALSE,FALSE,1,0,0,0,2017,10,13
1,1,Sonipat,7_11_06_V01Y_0,FALSE,FALSE,1,0,0,0,2017,11,13
1,1,Sonipat,7_11_06_V01Y_0,FALSE,FALSE,1,0,0,0,2017,12,26
1,1,Sonipat,7_11_06_V01Y_0,FALSE,FALSE,1,0,0,0,2018,1,21
1,1,Sonipat,7_11_06_V01Y_0,FALSE,FALSE,1,0,0,0,2018,2,24
1,1,Sonipat,7_11_06_V01Y_0,FALSE,FALSE,1,0,0,0,2018,3,15
1,1,Sonipat,7_12_04_V02Y_0,TRUE,FALSE,0,1,0,0,2017,2,5
1,1,Sonipat,7_12_04_V02Y_0,TRUE,FALSE,0,1,0,0,2017,3,21
1,1,Sonipat,7_12_04_V02Y_0,TRUE,FALSE,0,1,0,0,2017,4,17
1,1,Sonipat,7_12_04_V02Y_0,TRUE,FALSE,0,1,0,0,2017,5,22
1,1,Sonipat,7_12_04_V02Y_0,TRUE,FALSE,0,1,0,0,2017,6,26
1,1,Sonipat,7_12_04_V02Y_0,TRUE,FALSE,0,1,0,0,2017,7,27
1,1,Sonipat,7_12_04_V02Y_0,TRUE,FALSE,0,1,0,0,2017,8,21
1,1,Sonipat,7_12_04_V02Y_0,TRUE,FALSE,0,1,0,0,2017,9,23
1,1,Sonipat,7_12_04_V02Y_0,TRUE,FALSE,0,1,0,0,2017,10,29
1,1,Sonipat,7_12_04_V02Y_0,TRUE,FALSE,0,1,0,0,2017,11,33
1,1,Sonipat,7_12_04_V02Y_0,TRUE,FALSE,0,1,0,0,2017,12,20
1,1,Sonipat,7_12_04_V02Y_0,TRUE,FALSE,0,1,0,0,2018,1,42
1,1,Sonipat,7_12_04_V02Y_0,TRUE,FALSE,0,1,0,0,2018,2,28
1,1,Sonipat,7_12_04_V02Y_0,TRUE,FALSE,0,1,0,0,2018,3,30
1,1,Sonipat,7_12_05_V02Y_0,TRUE,FALSE,0,0,0,1,2017,2,4
1,1,Sonipat,7_12_05_V02Y_0,TRUE,FALSE,0,0,0,1,2017,3,34
1,1,Sonipat,7_12_05_V02Y_0,TRUE,FALSE,0,0,0,1,2017,4,31
1,1,Sonipat,7_12_05_V02Y_0,TRUE,FALSE,0,0,0,1,2017,5,31
1,1,Sonipat,7_12_05_V02Y_0,TRUE,FALSE,0,0,0,1,2017,6,30
1,1,Sonipat,7_12_05_V02Y_0,TRUE,FALSE,0,0,0,1,2017,7,38
1,1,Sonipat,7_12_05_V02Y_0,TRUE,FALSE,0,0,0,1,2017,8,20
1,1,Sonipat,7_12_05_V02Y_0,TRUE,FALSE,0,0,0,1,2017,9,26
1,1,Sonipat,7_12_05_V02Y_0,TRUE,FALSE,0,0,0,1,2017,10,32
1,1,Sonipat,7_12_05_V02Y_0,TRUE,FALSE,0,0,0,1,2017,11,28
1,1,Sonipat,7_12_05_V02Y_0,TRUE,FALSE,0,0,0,1,2017,12,44
1,1,Sonipat,7_12_05_V02Y_0,TRUE,FALSE,0,0,0,1,2018,1,19
1,1,Sonipat,7_12_05_V02Y_0,TRUE,FALSE,0,0,0,1,2018,2,45
1,1,Sonipat,7_12_05_V02Y_0,TRUE,FALSE,0,0,0,1,2018,3,8
1,1,Sonipat,7_13_01_V02Y_0,FALSE,TRUE,0,1,0,0,2017,3,9
1,1,Sonipat,7_13_01_V02Y_0,FALSE,TRUE,0,1,0,0,2017,4,9
1,1,Sonipat,7_13_01_V02Y_0,FALSE,TRUE,0,1,0,0,2017,5,6
1,1,Sonipat,7_13_01_V02Y_0,FALSE,TRUE,0,1,0,0,2017,6,9
1,1,Sonipat,7_13_01_V02Y_0,FALSE,TRUE,0,1,0,0,2017,7,2
1,1,Sonipat,7_13_01_V02Y_0,FALSE,TRUE,0,1,0,0,2017,8,6
1,1,Sonipat,7_13_01_V02Y_0,FALSE,TRUE,0,1,0,0,2017,9,5
1,1,Sonipat,7_13_01_V02Y_0,FALSE,TRUE,0,1,0,0,2017,10,4
1,1,Sonipat,7_13_01_V02Y_0,FALSE,TRUE,0,1,0,0,2017,11,6
1,1,Sonipat,7_13_01_V02Y_0,FALSE,TRUE,0,1,0,0,2017,12,11
1,1,Sonipat,7_13_01_V02Y_0,FALSE,TRUE,0,1,0,0,2018,1,6
1,1,Sonipat,7_13_01_V02Y_0,FALSE,TRUE,0,1,0,0,2018,2,12
1,1,Sonipat,7_13_01_V02Y_0,FALSE,TRUE,0,1,0,0,2018,3,9
1,1,Sonipat,7_13_03_V01Y_0,TRUE,FALSE,0,0,0,1,2017,3,12
1,1,Sonipat,7_13_03_V01Y_0,TRUE,FALSE,0,0,0,1,2017,4,7
1,1,Sonipat,7_13_03_V01Y_0,TRUE,FALSE,0,0,0,1,2017,5,8
1,1,Sonipat,7_13_03_V01Y_0,TRUE,FALSE,0,0,0,1,2017,6,11
1,1,Sonipat,7_13_03_V01Y_0,TRUE,FALSE,0,0,0,1,2017,7,10
1,1,Sonipat,7_13_03_V01Y_0,TRUE,FALSE,0,0,0,1,2017,8,12
1,1,Sonipat,7_13_03_V01Y_0,TRUE,FALSE,0,0,0,1,2017,9,11
1,1,Sonipat,7_13_03_V01Y_0,TRUE,FALSE,0,0,0,1,2017,10,14
1,1,Sonipat,7_13_03_V01Y_0,TRUE,FALSE,0,0,0,1,2017,11,15
1,1,Sonipat,7_13_03_V01Y_0,TRUE,FALSE,0,0,0,1,2017,12,19
1,1,Sonipat,7_13_03_V01Y_0,TRUE,FALSE,0,0,0,1,2018,1,13
1,1,Sonipat,7_13_03_V01Y_0,TRUE,FALSE,0,0,0,1,2018,2,24
1,1,Sonipat,7_13_03_V01Y_0,TRUE,FALSE,0,0,0,1,2018,3,19
1,1,Sonipat,7_13_03_V02Y_0,TRUE,FALSE,0,0,1,0,2017,2,13
1,1,Sonipat,7_13_03_V02Y_0,TRUE,FALSE,0,0,1,0,2017,3,13
1,1,Sonipat,7_13_03_V02Y_0,TRUE,FALSE,0,0,1,0,2017,4,14
1,1,Sonipat,7_13_03_V02Y_0,TRUE,FALSE,0,0,1,0,2017,5,15
1,1,Sonipat,7_13_03_V02Y_0,TRUE,FALSE,0,0,1,0,2017,6,17
1,1,Sonipat,7_13_03_V02Y_0,TRUE,FALSE,0,0,1,0,2017,7,15
1,1,Sonipat,7_13_03_V02Y_0,TRUE,FALSE,0,0,1,0,2017,8,18
1,1,Sonipat,7_13_03_V02Y_0,TRUE,FALSE,0,0,1,0,2017,9,19
1,1,Sonipat,7_13_03_V02Y_0,TRUE,FALSE,0,0,1,0,2017,10,25
1,1,Sonipat,7_13_03_V02Y_0,TRUE,FALSE,0,0,1,0,2017,11,20
1,1,Sonipat,7_13_03_V02Y_0,TRUE,FALSE,0,0,1,0,2017,12,21
1,1,Sonipat,7_13_03_V02Y_0,TRUE,FALSE,0,0,1,0,2018,1,16
1,1,Sonipat,7_13_03_V02Y_0,TRUE,FALSE,0,0,1,0,2018,2,15
1,1,Sonipat,7_13_03_V02Y_0,TRUE,FALSE,0,0,1,0,2018,3,16
1,1,Sonipat,7_13_05_V02Y_0,FALSE,TRUE,0,0,1,0,2017,3,13
1,1,Sonipat,7_13_05_V02Y_0,FALSE,TRUE,0,0,1,0,2017,4,17
1,1,Sonipat,7_13_05_V02Y_0,FALSE,TRUE,0,0,1,0,2017,5,24
1,1,Sonipat,7_13_05_V02Y_0,FALSE,TRUE,0,0,1,0,2017,6,18
1,1,Sonipat,7_13_05_V02Y_0,FALSE,TRUE,0,0,1,0,2017,7,12
1,1,Sonipat,7_13_05_V02Y_0,FALSE,TRUE,0,0,1,0,2017,8,27
1,1,Sonipat,7_13_05_V02Y_0,FALSE,TRUE,0,0,1,0,2017,9,16
1,1,Sonipat,7_13_05_V02Y_0,FALSE,TRUE,0,0,1,0,2017,10,11
1,1,Sonipat,7_13_05_V02Y_0,FALSE,TRUE,0,0,1,0,2017,11,21
1,1,Sonipat,7_13_05_V02Y_0,FALSE,TRUE,0,0,1,0,2017,12,19
1,1,Sonipat,7_13_05_V02Y_0,FALSE,TRUE,0,0,1,0,2018,1,16
1,1,Sonipat,7_13_05_V02Y_0,FALSE,TRUE,0,0,1,0,2018,2,12
1,1,Sonipat,7_13_05_V02Y_0,FALSE,TRUE,0,0,1,0,2018,3,11
1,1,Sonipat,7_13_07_V02Y_0,FALSE,TRUE,0,0,1,0,2017,2,5
1,1,Sonipat,7_13_07_V02Y_0,FALSE,TRUE,0,0,1,0,2017,3,19
1,1,Sonipat,7_13_07_V02Y_0,FALSE,TRUE,0,0,1,0,2017,4,14
1,1,Sonipat,7_13_07_V02Y_0,FALSE,TRUE,0,0,1,0,2017,5,27
1,1,Sonipat,7_13_07_V02Y_0,FALSE,TRUE,0,0,1,0,2017,6,14
1,1,Sonipat,7_13_07_V02Y_0,FALSE,TRUE,0,0,1,0,2017,7,12
1,1,Sonipat,7_13_07_V02Y_0,FALSE,TRUE,0,0,1,0,2017,8,18
1,1,Sonipat,7_13_07_V02Y_0,FALSE,TRUE,0,0,1,0,2017,9,24
1,1,Sonipat,7_13_07_V02Y_0,FALSE,TRUE,0,0,1,0,2017,10,18
1,1,Sonipat,7_13_07_V02Y_0,FALSE,TRUE,0,0,1,0,2017,11,22
1,1,Sonipat,7_13_07_V02Y_0,FALSE,TRUE,0,0,1,0,2017,12,27
1,1,Sonipat,7_13_07_V02Y_0,FALSE,TRUE,0,0,1,0,2018,1,28
1,1,Sonipat,7_13_07_V02Y_0,FALSE,TRUE,0,0,1,0,2018,2,22
1,1,Sonipat,7_13_07_V02Y_0,FALSE,TRUE,0,0,1,0,2018,3,26
1,1,Sonipat,7_14_01_V01Y_0,FALSE,FALSE,0,0,1,0,2017,3,6
1,1,Sonipat,7_14_01_V01Y_0,FALSE,FALSE,0,0,1,0,2017,4,9
1,1,Sonipat,7_14_01_V01Y_0,FALSE,FALSE,0,0,1,0,2017,5,12
1,1,Sonipat,7_14_01_V01Y_0,FALSE,FALSE,0,0,1,0,2017,6,8
1,1,Sonipat,7_14_01_V01Y_0,FALSE,FALSE,0,0,1,0,2017,7,17
1,1,Sonipat,7_14_01_V01Y_0,FALSE,FALSE,0,0,1,0,2017,8,4
1,1,Sonipat,7_14_01_V01Y_0,FALSE,FALSE,0,0,1,0,2017,9,14
1,1,Sonipat,7_14_01_V01Y_0,FALSE,FALSE,0,0,1,0,2017,10,9
1,1,Sonipat,7_14_01_V01Y_0,FALSE,FALSE,0,0,1,0,2017,11,9
1,1,Sonipat,7_14_01_V01Y_0,FALSE,FALSE,0,0,1,0,2017,12,12
1,1,Sonipat,7_14_01_V01Y_0,FALSE,FALSE,0,0,1,0,2018,1,13
1,1,Sonipat,7_14_01_V01Y_0,FALSE,FALSE,0,0,1,0,2018,2,14
1,1,Sonipat,7_14_01_V01Y_0,FALSE,FALSE,0,0,1,0,2018,3,14
1,1,Sonipat,7_14_03_V01Y_0,FALSE,FALSE,1,0,0,0,2017,3,15
1,1,Sonipat,7_14_03_V01Y_0,FALSE,FALSE,1,0,0,0,2017,4,13
1,1,Sonipat,7_14_03_V01Y_0,FALSE,FALSE,1,0,0,0,2017,5,19
1,1,Sonipat,7_14_03_V01Y_0,FALSE,FALSE,1,0,0,0,2017,6,36
1,1,Sonipat,7_14_03_V01Y_0,FALSE,FALSE,1,0,0,0,2017,7,18
1,1,Sonipat,7_14_03_V01Y_0,FALSE,FALSE,1,0,0,0,2017,8,29
1,1,Sonipat,7_14_03_V01Y_0,FALSE,FALSE,1,0,0,0,2017,9,23
1,1,Sonipat,7_14_03_V01Y_0,FALSE,FALSE,1,0,0,0,2017,10,31
1,1,Sonipat,7_14_03_V01Y_0,FALSE,FALSE,1,0,0,0,2017,11,19
1,1,Sonipat,7_14_03_V01Y_0,FALSE,FALSE,1,0,0,0,2017,12,33
1,1,Sonipat,7_14_03_V01Y_0,FALSE,FALSE,1,0,0,0,2018,1,24
1,1,Sonipat,7_14_03_V01Y_0,FALSE,FALSE,1,0,0,0,2018,2,35
1,1,Sonipat,7_14_03_V01Y_0,FALSE,FALSE,1,0,0,0,2018,3,21
1,1,Sonipat,7_14_03_V02Y_0,FALSE,FALSE,0,0,0,1,2017,3,20
1,1,Sonipat,7_14_03_V02Y_0,FALSE,FALSE,0,0,0,1,2017,4,14
1,1,Sonipat,7_14_03_V02Y_0,FALSE,FALSE,0,0,0,1,2017,5,24
1,1,Sonipat,7_14_03_V02Y_0,FALSE,FALSE,0,0,0,1,2017,6,20
1,1,Sonipat,7_14_03_V02Y_0,FALSE,FALSE,0,0,0,1,2017,7,19
1,1,Sonipat,7_14_03_V02Y_0,FALSE,FALSE,0,0,0,1,2017,8,10
1,1,Sonipat,7_14_03_V02Y_0,FALSE,FALSE,0,0,0,1,2017,9,18
1,1,Sonipat,7_14_03_V02Y_0,FALSE,FALSE,0,0,0,1,2017,10,24
1,1,Sonipat,7_14_03_V02Y_0,FALSE,FALSE,0,0,0,1,2017,11,19
1,1,Sonipat,7_14_03_V02Y_0,FALSE,FALSE,0,0,0,1,2017,12,22
1,1,Sonipat,7_14_03_V02Y_0,FALSE,FALSE,0,0,0,1,2018,1,20
1,1,Sonipat,7_14_03_V02Y_0,FALSE,FALSE,0,0,0,1,2018,2,22
1,1,Sonipat,7_14_03_V02Y_0,FALSE,FALSE,0,0,0,1,2018,3,15
1,1,Sonipat,7_14_05_V01Y_0,FALSE,FALSE,0,0,0,1,2017,3,33
1,1,Sonipat,7_14_05_V01Y_0,FALSE,FALSE,0,0,0,1,2017,4,42
1,1,Sonipat,7_14_05_V01Y_0,FALSE,FALSE,0,0,0,1,2017,5,31
1,1,Sonipat,7_14_05_V01Y_0,FALSE,FALSE,0,0,0,1,2017,6,47
1,1,Sonipat,7_14_05_V01Y_0,FALSE,FALSE,0,0,0,1,2017,7,35
1,1,Sonipat,7_14_05_V01Y_0,FALSE,FALSE,0,0,0,1,2017,8,30
1,1,Sonipat,7_14_05_V01Y_0,FALSE,FALSE,0,0,0,1,2017,9,49
1,1,Sonipat,7_14_05_V01Y_0,FALSE,FALSE,0,0,0,1,2017,10,61
1,1,Sonipat,7_14_05_V01Y_0,FALSE,FALSE,0,0,0,1,2017,11,51
1,1,Sonipat,7_14_05_V01Y_0,FALSE,FALSE,0,0,0,1,2017,12,59
1,1,Sonipat,7_14_05_V01Y_0,FALSE,FALSE,0,0,0,1,2018,1,61
1,1,Sonipat,7_14_05_V01Y_0,FALSE,FALSE,0,0,0,1,2018,2,40
1,1,Sonipat,7_14_05_V01Y_0,FALSE,FALSE,0,0,0,1,2018,3,57
1,1,Sonipat,7_15_01_V04Y_0,TRUE,FALSE,0,0,1,0,2017,3,10
1,1,Sonipat,7_15_01_V04Y_0,TRUE,FALSE,0,0,1,0,2017,4,8
1,1,Sonipat,7_15_01_V04Y_0,TRUE,FALSE,0,0,1,0,2017,5,11
1,1,Sonipat,7_15_01_V04Y_0,TRUE,FALSE,0,0,1,0,2017,6,6
1,1,Sonipat,7_15_01_V04Y_0,TRUE,FALSE,0,0,1,0,2017,7,9
1,1,Sonipat,7_15_01_V04Y_0,TRUE,FALSE,0,0,1,0,2017,8,11
1,1,Sonipat,7_15_01_V04Y_0,TRUE,FALSE,0,0,1,0,2017,9,8
1,1,Sonipat,7_15_01_V04Y_0,TRUE,FALSE,0,0,1,0,2017,10,6
1,1,Sonipat,7_15_01_V04Y_0,TRUE,FALSE,0,0,1,0,2017,12,15
1,1,Sonipat,7_15_01_V04Y_0,TRUE,FALSE,0,0,1,0,2018,1,13
1,1,Sonipat,7_15_01_V04Y_0,TRUE,FALSE,0,0,1,0,2018,2,13
1,1,Sonipat,7_15_01_V04Y_0,TRUE,FALSE,0,0,1,0,2018,3,10
1,1,Sonipat,7_15_02_V01Y_0,TRUE,FALSE,0,0,0,1,2017,3,64
1,1,Sonipat,7_15_02_V01Y_0,TRUE,FALSE,0,0,0,1,2017,4,70
1,1,Sonipat,7_15_02_V01Y_0,TRUE,FALSE,0,0,0,1,2017,5,48
1,1,Sonipat,7_15_02_V01Y_0,TRUE,FALSE,0,0,0,1,2017,6,53
1,1,Sonipat,7_15_02_V01Y_0,TRUE,FALSE,0,0,0,1,2017,7,50
1,1,Sonipat,7_15_02_V01Y_0,TRUE,FALSE,0,0,0,1,2017,8,52
1,1,Sonipat,7_15_02_V01Y_0,TRUE,FALSE,0,0,0,1,2017,9,79
1,1,Sonipat,7_15_02_V01Y_0,TRUE,FALSE,0,0,0,1,2017,10,37
1,1,Sonipat,7_15_02_V01Y_0,TRUE,FALSE,0,0,0,1,2017,11,31
1,1,Sonipat,7_15_02_V01Y_0,TRUE,FALSE,0,0,0,1,2017,12,56
1,1,Sonipat,7_15_02_V01Y_0,TRUE,FALSE,0,0,0,1,2018,1,22
1,1,Sonipat,7_15_02_V01Y_0,TRUE,FALSE,0,0,0,1,2018,2,79
1,1,Sonipat,7_15_02_V01Y_0,TRUE,FALSE,0,0,0,1,2018,3,82
1,1,Sonipat,7_15_03_V01Y_0,TRUE,FALSE,0,1,0,0,2017,3,20
1,1,Sonipat,7_15_03_V01Y_0,TRUE,FALSE,0,1,0,0,2017,4,35
1,1,Sonipat,7_15_03_V01Y_0,TRUE,FALSE,0,1,0,0,2017,5,22
1,1,Sonipat,7_15_03_V01Y_0,TRUE,FALSE,0,1,0,0,2017,6,22
1,1,Sonipat,7_15_03_V01Y_0,TRUE,FALSE,0,1,0,0,2017,7,38
1,1,Sonipat,7_15_03_V01Y_0,TRUE,FALSE,0,1,0,0,2017,8,24
1,1,Sonipat,7_15_03_V01Y_0,TRUE,FALSE,0,1,0,0,2017,9,19
1,1,Sonipat,7_15_03_V01Y_0,TRUE,FALSE,0,1,0,0,2017,10,27
1,1,Sonipat,7_15_03_V01Y_0,TRUE,FALSE,0,1,0,0,2017,11,19
1,1,Sonipat,7_15_03_V01Y_0,TRUE,FALSE,0,1,0,0,2017,12,25
1,1,Sonipat,7_15_03_V01Y_0,TRUE,FALSE,0,1,0,0,2018,1,26
1,1,Sonipat,7_15_03_V01Y_0,TRUE,FALSE,0,1,0,0,2018,2,30
1,1,Sonipat,7_15_03_V01Y_0,TRUE,FALSE,0,1,0,0,2018,3,22
1,1,Sonipat,7_15_04_V02Y_0,TRUE,FALSE,0,0,0,1,2017,3,40
1,1,Sonipat,7_15_04_V02Y_0,TRUE,FALSE,0,0,0,1,2017,4,57
1,1,Sonipat,7_15_04_V02Y_0,TRUE,FALSE,0,0,0,1,2017,5,37
1,1,Sonipat,7_15_04_V02Y_0,TRUE,FALSE,0,0,0,1,2017,6,35
1,1,Sonipat,7_15_04_V02Y_0,TRUE,FALSE,0,0,0,1,2017,7,55
1,1,Sonipat,7_15_04_V02Y_0,TRUE,FALSE,0,0,0,1,2017,8,44
1,1,Sonipat,7_15_04_V02Y_0,TRUE,FALSE,0,0,0,1,2017,9,41
1,1,Sonipat,7_15_04_V02Y_0,TRUE,FALSE,0,0,0,1,2017,10,38
1,1,Sonipat,7_15_04_V02Y_0,TRUE,FALSE,0,0,0,1,2017,11,30
1,1,Sonipat,7_15_04_V02Y_0,TRUE,FALSE,0,0,0,1,2017,12,41
1,1,Sonipat,7_15_04_V02Y_0,TRUE,FALSE,0,0,0,1,2018,1,45
1,1,Sonipat,7_15_04_V02Y_0,TRUE,FALSE,0,0,0,1,2018,2,50
1,1,Sonipat,7_15_04_V02Y_0,TRUE,FALSE,0,0,0,1,2018,3,55
1,1,Sonipat,7_15_06_V03Y_0,TRUE,FALSE,0,1,0,0,2017,3,15
1,1,Sonipat,7_15_06_V03Y_0,TRUE,FALSE,0,1,0,0,2017,4,11
1,1,Sonipat,7_15_06_V03Y_0,TRUE,FALSE,0,1,0,0,2017,5,9
1,1,Sonipat,7_15_06_V03Y_0,TRUE,FALSE,0,1,0,0,2017,6,10
1,1,Sonipat,7_15_06_V03Y_0,TRUE,FALSE,0,1,0,0,2017,7,9
1,1,Sonipat,7_15_06_V03Y_0,TRUE,FALSE,0,1,0,0,2017,8,12
1,1,Sonipat,7_15_06_V03Y_0,TRUE,FALSE,0,1,0,0,2017,9,15
1,1,Sonipat,7_15_06_V03Y_0,TRUE,FALSE,0,1,0,0,2017,10,14
1,1,Sonipat,7_15_06_V03Y_0,TRUE,FALSE,0,1,0,0,2017,11,2
1,1,Sonipat,7_15_06_V03Y_0,TRUE,FALSE,0,1,0,0,2017,12,26
1,1,Sonipat,7_15_06_V03Y_0,TRUE,FALSE,0,1,0,0,2018,1,19
1,1,Sonipat,7_15_06_V03Y_0,TRUE,FALSE,0,1,0,0,2018,2,18
1,1,Sonipat,7_15_06_V03Y_0,TRUE,FALSE,0,1,0,0,2018,3,21
1,1,Sonipat,7_16_01_V01Y_0,FALSE,TRUE,0,0,0,1,2017,3,8
1,1,Sonipat,7_16_01_V01Y_0,FALSE,TRUE,0,0,0,1,2017,4,7
1,1,Sonipat,7_16_01_V01Y_0,FALSE,TRUE,0,0,0,1,2017,5,7
1,1,Sonipat,7_16_01_V01Y_0,FALSE,TRUE,0,0,0,1,2017,6,6
1,1,Sonipat,7_16_01_V01Y_0,FALSE,TRUE,0,0,0,1,2017,7,10
1,1,Sonipat,7_16_01_V01Y_0,FALSE,TRUE,0,0,0,1,2017,8,6
1,1,Sonipat,7_16_01_V01Y_0,FALSE,TRUE,0,0,0,1,2017,9,9
1,1,Sonipat,7_16_01_V01Y_0,FALSE,TRUE,0,0,0,1,2017,10,7
1,1,Sonipat,7_16_01_V01Y_0,FALSE,TRUE,0,0,0,1,2017,11,9
1,1,Sonipat,7_16_01_V01Y_0,FALSE,TRUE,0,0,0,1,2017,12,7
1,1,Sonipat,7_16_01_V01Y_0,FALSE,TRUE,0,0,0,1,2018,1,4
1,1,Sonipat,7_16_01_V01Y_0,FALSE,TRUE,0,0,0,1,2018,2,11
1,1,Sonipat,7_16_01_V01Y_0,FALSE,TRUE,0,0,0,1,2018,3,2
1,1,Sonipat,7_16_02_V01Y_0,TRUE,FALSE,1,0,0,0,2017,3,5
1,1,Sonipat,7_16_02_V01Y_0,TRUE,FALSE,1,0,0,0,2017,4,1
1,1,Sonipat,7_16_02_V01Y_0,TRUE,FALSE,1,0,0,0,2017,5,3
1,1,Sonipat,7_16_02_V01Y_0,TRUE,FALSE,1,0,0,0,2017,6,2
1,1,Sonipat,7_16_02_V01Y_0,TRUE,FALSE,1,0,0,0,2017,7,5
1,1,Sonipat,7_16_02_V01Y_0,TRUE,FALSE,1,0,0,0,2017,8,5
1,1,Sonipat,7_16_02_V01Y_0,TRUE,FALSE,1,0,0,0,2017,9,1
1,1,Sonipat,7_16_02_V01Y_0,TRUE,FALSE,1,0,0,0,2017,10,6
1,1,Sonipat,7_16_02_V01Y_0,TRUE,FALSE,1,0,0,0,2017,11,3
1,1,Sonipat,7_16_02_V01Y_0,TRUE,FALSE,1,0,0,0,2017,12,4
1,1,Sonipat,7_16_02_V01Y_0,TRUE,FALSE,1,0,0,0,2018,1,3
1,1,Sonipat,7_16_02_V01Y_0,TRUE,FALSE,1,0,0,0,2018,2,4
1,1,Sonipat,7_16_02_V01Y_0,TRUE,FALSE,1,0,0,0,2018,3,2
1,1,Sonipat,7_16_02_V02Y_0,TRUE,FALSE,0,1,0,0,2017,3,3
1,1,Sonipat,7_16_02_V02Y_0,TRUE,FALSE,0,1,0,0,2017,4,2
1,1,Sonipat,7_16_02_V02Y_0,TRUE,FALSE,0,1,0,0,2017,5,1
1,1,Sonipat,7_16_02_V02Y_0,TRUE,FALSE,0,1,0,0,2017,6,3
1,1,Sonipat,7_16_02_V02Y_0,TRUE,FALSE,0,1,0,0,2017,7,3
1,1,Sonipat,7_16_02_V02Y_0,TRUE,FALSE,0,1,0,0,2017,8,5
1,1,Sonipat,7_16_02_V02Y_0,TRUE,FALSE,0,1,0,0,2017,9,8
1,1,Sonipat,7_16_02_V02Y_0,TRUE,FALSE,0,1,0,0,2017,10,5
1,1,Sonipat,7_16_02_V02Y_0,TRUE,FALSE,0,1,0,0,2017,11,6
1,1,Sonipat,7_16_02_V02Y_0,TRUE,FALSE,0,1,0,0,2017,12,10
1,1,Sonipat,7_16_02_V02Y_0,TRUE,FALSE,0,1,0,0,2018,1,5
1,1,Sonipat,7_16_02_V02Y_0,TRUE,FALSE,0,1,0,0,2018,2,5
1,1,Sonipat,7_16_02_V02Y_0,TRUE,FALSE,0,1,0,0,2018,3,7
1,1,Sonipat,7_16_03_V01Y_0,TRUE,FALSE,1,0,0,0,2017,3,30
1,1,Sonipat,7_16_03_V01Y_0,TRUE,FALSE,1,0,0,0,2017,4,27
1,1,Sonipat,7_16_03_V01Y_0,TRUE,FALSE,1,0,0,0,2017,5,26
1,1,Sonipat,7_16_03_V01Y_0,TRUE,FALSE,1,0,0,0,2017,6,20
1,1,Sonipat,7_16_03_V01Y_0,TRUE,FALSE,1,0,0,0,2017,7,21
1,1,Sonipat,7_16_03_V01Y_0,TRUE,FALSE,1,0,0,0,2017,8,22
1,1,Sonipat,7_16_03_V01Y_0,TRUE,FALSE,1,0,0,0,2017,9,26
1,1,Sonipat,7_16_03_V01Y_0,TRUE,FALSE,1,0,0,0,2017,10,33
1,1,Sonipat,7_16_03_V01Y_0,TRUE,FALSE,1,0,0,0,2017,11,33
1,1,Sonipat,7_16_03_V01Y_0,TRUE,FALSE,1,0,0,0,2017,12,26
1,1,Sonipat,7_16_03_V01Y_0,TRUE,FALSE,1,0,0,0,2018,1,37
1,1,Sonipat,7_16_03_V01Y_0,TRUE,FALSE,1,0,0,0,2018,2,36
1,1,Sonipat,7_16_03_V01Y_0,TRUE,FALSE,1,0,0,0,2018,3,36
1,1,Sonipat,7_17_01_V01Y_0,TRUE,FALSE,0,0,0,1,2017,3,23
1,1,Sonipat,7_17_01_V01Y_0,TRUE,FALSE,0,0,0,1,2017,4,22
1,1,Sonipat,7_17_01_V01Y_0,TRUE,FALSE,0,0,0,1,2017,5,21
1,1,Sonipat,7_17_01_V01Y_0,TRUE,FALSE,0,0,0,1,2017,6,22
1,1,Sonipat,7_17_01_V01Y_0,TRUE,FALSE,0,0,0,1,2017,7,25
1,1,Sonipat,7_17_01_V01Y_0,TRUE,FALSE,0,0,0,1,2017,8,24
1,1,Sonipat,7_17_01_V01Y_0,TRUE,FALSE,0,0,0,1,2017,9,17
1,1,Sonipat,7_17_01_V01Y_0,TRUE,FALSE,0,0,0,1,2017,10,30
1,1,Sonipat,7_17_01_V01Y_0,TRUE,FALSE,0,0,0,1,2017,11,17
1,1,Sonipat,7_17_01_V01Y_0,TRUE,FALSE,0,0,0,1,2017,12,31
1,1,Sonipat,7_17_01_V01Y_0,TRUE,FALSE,0,0,0,1,2018,1,25
1,1,Sonipat,7_17_01_V01Y_0,TRUE,FALSE,0,0,0,1,2018,2,36
1,1,Sonipat,7_17_01_V01Y_0,TRUE,FALSE,0,0,0,1,2018,3,21
1,1,Sonipat,7_17_01_V02Y_0,TRUE,FALSE,1,0,0,0,2017,3,9
1,1,Sonipat,7_17_01_V02Y_0,TRUE,FALSE,1,0,0,0,2017,4,6
1,1,Sonipat,7_17_01_V02Y_0,TRUE,FALSE,1,0,0,0,2017,5,17
1,1,Sonipat,7_17_01_V02Y_0,TRUE,FALSE,1,0,0,0,2017,6,11
1,1,Sonipat,7_17_01_V02Y_0,TRUE,FALSE,1,0,0,0,2017,7,12
1,1,Sonipat,7_17_01_V02Y_0,TRUE,FALSE,1,0,0,0,2017,8,16
1,1,Sonipat,7_17_01_V02Y_0,TRUE,FALSE,1,0,0,0,2017,9,13
1,1,Sonipat,7_17_01_V02Y_0,TRUE,FALSE,1,0,0,0,2017,10,10
1,1,Sonipat,7_17_01_V02Y_0,TRUE,FALSE,1,0,0,0,2017,11,10
1,1,Sonipat,7_17_01_V02Y_0,TRUE,FALSE,1,0,0,0,2017,12,14
1,1,Sonipat,7_17_01_V02Y_0,TRUE,FALSE,1,0,0,0,2018,1,8
1,1,Sonipat,7_17_01_V02Y_0,TRUE,FALSE,1,0,0,0,2018,2,17
1,1,Sonipat,7_17_01_V02Y_0,TRUE,FALSE,1,0,0,0,2018,3,13
1,1,Sonipat,7_17_02_V01Y_1,TRUE,FALSE,0,0,1,0,2017,3,66
1,1,Sonipat,7_17_02_V01Y_1,TRUE,FALSE,0,0,1,0,2017,4,75
1,1,Sonipat,7_17_02_V01Y_1,TRUE,FALSE,0,0,1,0,2017,5,45
1,1,Sonipat,7_17_02_V01Y_1,TRUE,FALSE,0,0,1,0,2017,6,60
1,1,Sonipat,7_17_02_V01Y_1,TRUE,FALSE,0,0,1,0,2017,7,45
1,1,Sonipat,7_17_02_V01Y_1,TRUE,FALSE,0,0,1,0,2017,8,55
1,1,Sonipat,7_17_02_V01Y_1,TRUE,FALSE,0,0,1,0,2017,9,22
1,1,Sonipat,7_17_02_V01Y_1,TRUE,FALSE,0,0,1,0,2017,10,18
1,1,Sonipat,7_17_02_V01Y_1,TRUE,FALSE,0,0,1,0,2017,11,15
1,1,Sonipat,7_17_02_V01Y_1,TRUE,FALSE,0,0,1,0,2017,12,44
1,1,Sonipat,7_17_02_V01Y_1,TRUE,FALSE,0,0,1,0,2018,1,68
1,1,Sonipat,7_17_02_V01Y_1,TRUE,FALSE,0,0,1,0,2018,2,101
1,1,Sonipat,7_17_02_V01Y_1,TRUE,FALSE,0,0,1,0,2018,3,101
1,1,Sonipat,7_17_03_V01Y_1,TRUE,FALSE,0,0,1,0,2017,3,65
1,1,Sonipat,7_17_03_V01Y_1,TRUE,FALSE,0,0,1,0,2017,4,79
1,1,Sonipat,7_17_03_V01Y_1,TRUE,FALSE,0,0,1,0,2017,5,77
1,1,Sonipat,7_17_03_V01Y_1,TRUE,FALSE,0,0,1,0,2017,6,58
1,1,Sonipat,7_17_03_V01Y_1,TRUE,FALSE,0,0,1,0,2017,7,62
1,1,Sonipat,7_17_03_V01Y_1,TRUE,FALSE,0,0,1,0,2017,8,68
1,1,Sonipat,7_17_03_V01Y_1,TRUE,FALSE,0,0,1,0,2017,9,52
1,1,Sonipat,7_17_03_V01Y_1,TRUE,FALSE,0,0,1,0,2017,10,42
1,1,Sonipat,7_17_03_V01Y_1,TRUE,FALSE,0,0,1,0,2017,11,120
1,1,Sonipat,7_17_03_V01Y_1,TRUE,FALSE,0,0,1,0,2017,12,99
1,1,Sonipat,7_17_03_V01Y_1,TRUE,FALSE,0,0,1,0,2018,1,84
1,1,Sonipat,7_17_03_V01Y_1,TRUE,FALSE,0,0,1,0,2018,2,105
1,1,Sonipat,7_17_03_V01Y_1,TRUE,FALSE,0,0,1,0,2018,3,63
1,1,Sonipat,7_18_01_V02Y_0,TRUE,FALSE,0,0,0,1,2017,3,11
1,1,Sonipat,7_18_01_V02Y_0,TRUE,FALSE,0,0,0,1,2017,4,14
1,1,Sonipat,7_18_01_V02Y_0,TRUE,FALSE,0,0,0,1,2017,5,10
1,1,Sonipat,7_18_01_V02Y_0,TRUE,FALSE,0,0,0,1,2017,6,18
1,1,Sonipat,7_18_02_V01Y_0,FALSE,TRUE,0,1,0,0,2017,3,9
1,1,Sonipat,7_18_02_V01Y_0,FALSE,TRUE,0,1,0,0,2017,4,18
1,1,Sonipat,7_18_02_V01Y_0,FALSE,TRUE,0,1,0,0,2017,5,15
1,1,Sonipat,7_18_02_V01Y_0,FALSE,TRUE,0,1,0,0,2017,6,15
1,1,Sonipat,7_18_02_V01Y_0,FALSE,TRUE,0,1,0,0,2017,7,15
1,1,Sonipat,7_18_02_V01Y_0,FALSE,TRUE,0,1,0,0,2017,8,17
1,1,Sonipat,7_18_02_V01Y_0,FALSE,TRUE,0,1,0,0,2017,9,18
1,1,Sonipat,7_18_02_V01Y_0,FALSE,TRUE,0,1,0,0,2017,10,15
1,1,Sonipat,7_18_02_V01Y_0,FALSE,TRUE,0,1,0,0,2017,11,15
1,1,Sonipat,7_18_02_V01Y_0,FALSE,TRUE,0,1,0,0,2017,12,25
1,1,Sonipat,7_18_02_V01Y_0,FALSE,TRUE,0,1,0,0,2018,1,24
1,1,Sonipat,7_18_02_V01Y_0,FALSE,TRUE,0,1,0,0,2018,2,21
1,1,Sonipat,7_18_02_V01Y_0,FALSE,TRUE,0,1,0,0,2018,3,16
1,1,Sonipat,7_18_03_V01Y_0,TRUE,FALSE,1,0,0,0,2017,3,68
1,1,Sonipat,7_18_03_V01Y_0,TRUE,FALSE,1,0,0,0,2017,4,60
1,1,Sonipat,7_18_03_V01Y_0,TRUE,FALSE,1,0,0,0,2017,5,52
1,1,Sonipat,7_18_03_V01Y_0,TRUE,FALSE,1,0,0,0,2017,6,47
1,1,Sonipat,7_18_03_V01Y_0,TRUE,FALSE,1,0,0,0,2017,7,51
1,1,Sonipat,7_18_03_V01Y_0,TRUE,FALSE,1,0,0,0,2017,8,39
1,1,Sonipat,7_18_03_V01Y_0,TRUE,FALSE,1,0,0,0,2017,9,61
1,1,Sonipat,7_18_03_V01Y_0,TRUE,FALSE,1,0,0,0,2017,10,44
1,1,Sonipat,7_18_03_V01Y_0,TRUE,FALSE,1,0,0,0,2017,11,53
1,1,Sonipat,7_18_03_V01Y_0,TRUE,FALSE,1,0,0,0,2017,12,59
1,1,Sonipat,7_18_03_V01Y_0,TRUE,FALSE,1,0,0,0,2018,1,42
1,1,Sonipat,7_18_03_V01Y_0,TRUE,FALSE,1,0,0,0,2018,2,68
1,1,Sonipat,7_18_03_V01Y_0,TRUE,FALSE,1,0,0,0,2018,3,63
1,1,Sonipat,7_19_02_V01Y_0,FALSE,FALSE,0,0,0,1,2017,3,27
1,1,Sonipat,7_19_02_V01Y_0,FALSE,FALSE,0,0,0,1,2017,4,44
1,1,Sonipat,7_19_02_V01Y_0,FALSE,FALSE,0,0,0,1,2017,5,43
1,1,Sonipat,7_19_02_V01Y_0,FALSE,FALSE,0,0,0,1,2017,6,43
1,1,Sonipat,7_19_02_V01Y_0,FALSE,FALSE,0,0,0,1,2017,7,39
1,1,Sonipat,7_19_02_V01Y_0,FALSE,FALSE,0,0,0,1,2017,8,31
1,1,Sonipat,7_19_02_V01Y_0,FALSE,FALSE,0,0,0,1,2017,9,42
1,1,Sonipat,7_19_02_V01Y_0,FALSE,FALSE,0,0,0,1,2017,10,45
1,1,Sonipat,7_19_02_V01Y_0,FALSE,FALSE,0,0,0,1,2017,11,33
1,1,Sonipat,7_19_02_V01Y_0,FALSE,FALSE,0,0,0,1,2017,12,54
1,1,Sonipat,7_19_02_V01Y_0,FALSE,FALSE,0,0,0,1,2018,1,46
1,1,Sonipat,7_19_02_V01Y_0,FALSE,FALSE,0,0,0,1,2018,2,67
1,1,Sonipat,7_19_02_V01Y_0,FALSE,FALSE,0,0,0,1,2018,3,43
1,1,Sonipat,7_19_03_V02Y_0,FALSE,FALSE,0,1,0,0,2017,3,25
1,1,Sonipat,7_19_03_V02Y_0,FALSE,FALSE,0,1,0,0,2017,4,27
1,1,Sonipat,7_19_03_V02Y_0,FALSE,FALSE,0,1,0,0,2017,5,29
1,1,Sonipat,7_19_03_V02Y_0,FALSE,FALSE,0,1,0,0,2017,6,23
1,1,Sonipat,7_19_03_V02Y_0,FALSE,FALSE,0,1,0,0,2017,7,24
1,1,Sonipat,7_19_03_V02Y_0,FALSE,FALSE,0,1,0,0,2017,8,25
1,1,Sonipat,7_19_03_V02Y_0,FALSE,FALSE,0,1,0,0,2017,9,16
1,1,Sonipat,7_19_03_V02Y_0,FALSE,FALSE,0,1,0,0,2017,10,30
1,1,Sonipat,7_19_03_V02Y_0,FALSE,FALSE,0,1,0,0,2017,11,17
1,1,Sonipat,7_19_03_V02Y_0,FALSE,FALSE,0,1,0,0,2017,12,26
1,1,Sonipat,7_19_03_V02Y_0,FALSE,FALSE,0,1,0,0,2018,1,18
1,1,Sonipat,7_19_03_V02Y_0,FALSE,FALSE,0,1,0,0,2018,2,27
1,1,Sonipat,7_19_03_V02Y_0,FALSE,FALSE,0,1,0,0,2018,3,19
1,1,Sonipat,7_19_04_V01Y_0,FALSE,FALSE,0,0,0,1,2017,3,26
1,1,Sonipat,7_19_04_V01Y_0,FALSE,FALSE,0,0,0,1,2017,4,35
1,1,Sonipat,7_19_04_V01Y_0,FALSE,FALSE,0,0,0,1,2017,5,29
1,1,Sonipat,7_19_04_V01Y_0,FALSE,FALSE,0,0,0,1,2017,6,32
1,1,Sonipat,7_19_04_V01Y_0,FALSE,FALSE,0,0,0,1,2017,7,33
1,1,Sonipat,7_19_04_V01Y_0,FALSE,FALSE,0,0,0,1,2017,8,30
1,1,Sonipat,7_19_04_V01Y_0,FALSE,FALSE,0,0,0,1,2017,9,27
1,1,Sonipat,7_19_04_V01Y_0,FALSE,FALSE,0,0,0,1,2017,10,30
1,1,Sonipat,7_19_04_V01Y_0,FALSE,FALSE,0,0,0,1,2017,11,28
1,1,Sonipat,7_19_04_V01Y_0,FALSE,FALSE,0,0,0,1,2017,12,43
1,1,Sonipat,7_19_04_V01Y_0,FALSE,FALSE,0,0,0,1,2018,1,40
1,1,Sonipat,7_19_04_V01Y_0,FALSE,FALSE,0,0,0,1,2018,2,35
1,1,Sonipat,7_19_04_V01Y_0,FALSE,FALSE,0,0,0,1,2018,3,25
1,1,Sonipat,7_19_05_V01Y_0,FALSE,FALSE,0,1,0,0,2017,3,9
1,1,Sonipat,7_19_05_V01Y_0,FALSE,FALSE,0,1,0,0,2017,4,14
1,1,Sonipat,7_19_05_V01Y_0,FALSE,FALSE,0,1,0,0,2017,5,8
1,1,Sonipat,7_19_05_V01Y_0,FALSE,FALSE,0,1,0,0,2017,6,9
1,1,Sonipat,7_19_05_V01Y_0,FALSE,FALSE,0,1,0,0,2017,7,12
1,1,Sonipat,7_19_05_V01Y_0,FALSE,FALSE,0,1,0,0,2017,8,19
1,1,Sonipat,7_19_05_V01Y_0,FALSE,FALSE,0,1,0,0,2017,9,24
1,1,Sonipat,7_19_05_V01Y_0,FALSE,FALSE,0,1,0,0,2017,10,19
1,1,Sonipat,7_19_05_V01Y_0,FALSE,FALSE,0,1,0,0,2017,11,17
1,1,Sonipat,7_19_05_V01Y_0,FALSE,FALSE,0,1,0,0,2017,12,19
1,1,Sonipat,7_19_05_V01Y_0,FALSE,FALSE,0,1,0,0,2018,1,21
1,1,Sonipat,7_19_05_V01Y_0,FALSE,FALSE,0,1,0,0,2018,2,21
1,1,Sonipat,7_19_05_V01Y_0,FALSE,FALSE,0,1,0,0,2018,3,23
1,1,Sonipat,7_19_05_V02Y_0,FALSE,FALSE,0,0,1,0,2017,3,12
1,1,Sonipat,7_19_05_V02Y_0,FALSE,FALSE,0,0,1,0,2017,4,9
1,1,Sonipat,7_19_05_V02Y_0,FALSE,FALSE,0,0,1,0,2017,5,4
1,1,Sonipat,7_19_05_V02Y_0,FALSE,FALSE,0,0,1,0,2017,6,10
1,1,Sonipat,7_19_05_V02Y_0,FALSE,FALSE,0,0,1,0,2017,7,6
1,1,Sonipat,7_19_05_V02Y_0,FALSE,FALSE,0,0,1,0,2017,8,9
1,1,Sonipat,7_19_05_V02Y_0,FALSE,FALSE,0,0,1,0,2017,9,5
1,1,Sonipat,7_19_05_V02Y_0,FALSE,FALSE,0,0,1,0,2017,10,7
1,1,Sonipat,7_19_05_V02Y_0,FALSE,FALSE,0,0,1,0,2017,11,1
1,1,Sonipat,7_19_05_V02Y_0,FALSE,FALSE,0,0,1,0,2017,12,5
1,1,Sonipat,7_19_05_V02Y_0,FALSE,FALSE,0,0,1,0,2018,1,11
1,1,Sonipat,7_19_05_V02Y_0,FALSE,FALSE,0,0,1,0,2018,2,15
1,1,Sonipat,7_19_05_V02Y_0,FALSE,FALSE,0,0,1,0,2018,3,8
1,1,Sonipat,7_20_02_V01Y_0,TRUE,FALSE,1,0,0,0,2017,3,28
1,1,Sonipat,7_20_02_V01Y_0,TRUE,FALSE,1,0,0,0,2017,4,24
1,1,Sonipat,7_20_02_V01Y_0,TRUE,FALSE,1,0,0,0,2017,5,21
1,1,Sonipat,7_20_02_V01Y_0,TRUE,FALSE,1,0,0,0,2017,6,26
1,1,Sonipat,7_20_02_V01Y_0,TRUE,FALSE,1,0,0,0,2017,7,27
1,1,Sonipat,7_20_02_V01Y_0,TRUE,FALSE,1,0,0,0,2017,8,21
1,1,Sonipat,7_20_02_V01Y_0,TRUE,FALSE,1,0,0,0,2017,9,26
1,1,Sonipat,7_20_02_V01Y_0,TRUE,FALSE,1,0,0,0,2017,10,23
1,1,Sonipat,7_20_02_V01Y_0,TRUE,FALSE,1,0,0,0,2017,11,32
1,1,Sonipat,7_20_02_V01Y_0,TRUE,FALSE,1,0,0,0,2017,12,31
1,1,Sonipat,7_20_02_V01Y_0,TRUE,FALSE,1,0,0,0,2018,1,26
1,1,Sonipat,7_20_02_V01Y_0,TRUE,FALSE,1,0,0,0,2018,2,32
1,1,Sonipat,7_20_02_V01Y_0,TRUE,FALSE,1,0,0,0,2018,3,33
1,1,Sonipat,7_20_03_V01Y_0,FALSE,TRUE,0,0,0,1,2017,3,5
1,1,Sonipat,7_20_03_V01Y_0,FALSE,TRUE,0,0,0,1,2017,4,12
1,1,Sonipat,7_20_03_V01Y_0,FALSE,TRUE,0,0,0,1,2017,5,10
1,1,Sonipat,7_20_03_V01Y_0,FALSE,TRUE,0,0,0,1,2017,6,7
1,1,Sonipat,7_20_03_V01Y_0,FALSE,TRUE,0,0,0,1,2017,7,2
1,1,Sonipat,7_20_03_V01Y_0,FALSE,TRUE,0,0,0,1,2017,8,7
1,1,Sonipat,7_20_03_V01Y_0,FALSE,TRUE,0,0,0,1,2017,9,9
1,1,Sonipat,7_20_03_V01Y_0,FALSE,TRUE,0,0,0,1,2017,10,5
1,1,Sonipat,7_20_03_V01Y_0,FALSE,TRUE,0,0,0,1,2017,11,2
1,1,Sonipat,7_20_03_V01Y_0,FALSE,TRUE,0,0,0,1,2017,12,6
1,1,Sonipat,7_20_03_V01Y_0,FALSE,TRUE,0,0,0,1,2018,1,2
1,1,Sonipat,7_20_03_V01Y_0,FALSE,TRUE,0,0,0,1,2018,2,10
1,1,Sonipat,7_20_03_V01Y_0,FALSE,TRUE,0,0,0,1,2018,3,10
1,1,Sonipat,7_21_03_V03Y_0,TRUE,FALSE,0,0,0,1,2017,3,11
1,1,Sonipat,7_21_03_V03Y_0,TRUE,FALSE,0,0,0,1,2017,4,20
1,1,Sonipat,7_21_03_V03Y_0,TRUE,FALSE,0,0,0,1,2017,5,22
1,1,Sonipat,7_21_03_V03Y_0,TRUE,FALSE,0,0,0,1,2017,6,22
1,1,Sonipat,7_21_03_V03Y_0,TRUE,FALSE,0,0,0,1,2017,7,17
1,1,Sonipat,7_21_03_V03Y_0,TRUE,FALSE,0,0,0,1,2017,8,19
1,1,Sonipat,7_21_03_V03Y_0,TRUE,FALSE,0,0,0,1,2017,9,33
1,1,Sonipat,7_21_03_V03Y_0,TRUE,FALSE,0,0,0,1,2017,10,19
1,1,Sonipat,7_21_03_V03Y_0,TRUE,FALSE,0,0,0,1,2017,11,18
1,1,Sonipat,7_21_03_V03Y_0,TRUE,FALSE,0,0,0,1,2017,12,27
1,1,Sonipat,7_21_03_V03Y_0,TRUE,FALSE,0,0,0,1,2018,1,19
1,1,Sonipat,7_21_03_V03Y_0,TRUE,FALSE,0,0,0,1,2018,2,26
1,1,Sonipat,7_21_03_V03Y_0,TRUE,FALSE,0,0,0,1,2018,3,23
1,1,Sonipat,7_21_04_V01Y_0,FALSE,TRUE,0,0,1,0,2017,3,3
1,1,Sonipat,7_21_04_V01Y_0,FALSE,TRUE,0,0,1,0,2017,4,6
1,1,Sonipat,7_21_04_V01Y_0,FALSE,TRUE,0,0,1,0,2017,5,9
1,1,Sonipat,7_21_04_V01Y_0,FALSE,TRUE,0,0,1,0,2017,6,11
1,1,Sonipat,7_21_04_V01Y_0,FALSE,TRUE,0,0,1,0,2017,7,13
1,1,Sonipat,7_21_04_V01Y_0,FALSE,TRUE,0,0,1,0,2017,8,12
1,1,Sonipat,7_21_04_V01Y_0,FALSE,TRUE,0,0,1,0,2017,9,6
1,1,Sonipat,7_21_04_V01Y_0,FALSE,TRUE,0,0,1,0,2017,10,10
1,1,Sonipat,7_21_04_V01Y_0,FALSE,TRUE,0,0,1,0,2017,11,13
1,1,Sonipat,7_21_04_V01Y_0,FALSE,TRUE,0,0,1,0,2017,12,15
1,1,Sonipat,7_21_04_V01Y_0,FALSE,TRUE,0,0,1,0,2018,1,9
1,1,Sonipat,7_21_04_V01Y_0,FALSE,TRUE,0,0,1,0,2018,2,23
1,1,Sonipat,7_21_04_V01Y_0,FALSE,TRUE,0,0,1,0,2018,3,14
1,1,Sonipat,7_21_05_V01Y_0,TRUE,FALSE,1,0,0,0,2017,3,15
1,1,Sonipat,7_21_05_V01Y_0,TRUE,FALSE,1,0,0,0,2017,4,25
1,1,Sonipat,7_21_05_V01Y_0,TRUE,FALSE,1,0,0,0,2017,5,20
1,1,Sonipat,7_21_05_V01Y_0,TRUE,FALSE,1,0,0,0,2017,6,6
1,1,Sonipat,7_21_05_V01Y_0,TRUE,FALSE,1,0,0,0,2017,7,11
1,1,Sonipat,7_21_05_V01Y_0,TRUE,FALSE,1,0,0,0,2017,8,11
1,1,Sonipat,7_21_05_V01Y_0,TRUE,FALSE,1,0,0,0,2017,9,18
1,1,Sonipat,7_21_05_V01Y_0,TRUE,FALSE,1,0,0,0,2017,10,16
1,1,Sonipat,7_21_05_V01Y_0,TRUE,FALSE,1,0,0,0,2017,11,22
1,1,Sonipat,7_21_05_V01Y_0,TRUE,FALSE,1,0,0,0,2017,12,24
1,1,Sonipat,7_21_05_V01Y_0,TRUE,FALSE,1,0,0,0,2018,1,22
1,1,Sonipat,7_21_05_V01Y_0,TRUE,FALSE,1,0,0,0,2018,2,23
1,1,Sonipat,7_21_05_V01Y_0,TRUE,FALSE,1,0,0,0,2018,3,19
1,1,Sonipat,7_21_05_V03Y_0,TRUE,FALSE,1,0,0,0,2017,3,11
1,1,Sonipat,7_21_05_V03Y_0,TRUE,FALSE,1,0,0,0,2017,4,9
1,1,Sonipat,7_21_05_V03Y_0,TRUE,FALSE,1,0,0,0,2017,5,11
1,1,Sonipat,7_21_05_V03Y_0,TRUE,FALSE,1,0,0,0,2017,6,10
1,1,Sonipat,7_21_05_V03Y_0,TRUE,FALSE,1,0,0,0,2017,7,11
1,1,Sonipat,7_21_05_V03Y_0,TRUE,FALSE,1,0,0,0,2017,8,10
1,1,Sonipat,7_21_05_V03Y_0,TRUE,FALSE,1,0,0,0,2017,9,13
1,1,Sonipat,7_21_05_V03Y_0,TRUE,FALSE,1,0,0,0,2017,10,8
1,1,Sonipat,7_21_05_V03Y_0,TRUE,FALSE,1,0,0,0,2017,11,10
1,1,Sonipat,7_21_05_V03Y_0,TRUE,FALSE,1,0,0,0,2017,12,14
1,1,Sonipat,7_21_05_V03Y_0,TRUE,FALSE,1,0,0,0,2018,1,7
1,1,Sonipat,7_21_05_V03Y_0,TRUE,FALSE,1,0,0,0,2018,2,2
1,1,Sonipat,7_21_05_V03Y_0,TRUE,FALSE,1,0,0,0,2018,3,19
1,1,Sonipat,7_22_02_V01Y_0,FALSE,FALSE,0,0,1,0,2017,3,7
1,1,Sonipat,7_22_02_V01Y_0,FALSE,FALSE,0,0,1,0,2017,4,2
1,1,Sonipat,7_22_02_V01Y_0,FALSE,FALSE,0,0,1,0,2017,5,2
1,1,Sonipat,7_22_02_V01Y_0,FALSE,FALSE,0,0,1,0,2017,7,4
1,1,Sonipat,7_22_02_V01Y_0,FALSE,FALSE,0,0,1,0,2017,8,4
1,1,Sonipat,7_22_02_V01Y_0,FALSE,FALSE,0,0,1,0,2017,9,5
1,1,Sonipat,7_22_02_V01Y_0,FALSE,FALSE,0,0,1,0,2017,10,3
1,1,Sonipat,7_22_02_V01Y_0,FALSE,FALSE,0,0,1,0,2017,11,7
1,1,Sonipat,7_22_02_V01Y_0,FALSE,FALSE,0,0,1,0,2017,12,6
1,1,Sonipat,7_22_02_V01Y_0,FALSE,FALSE,0,0,1,0,2018,1,5
1,1,Sonipat,7_22_02_V01Y_0,FALSE,FALSE,0,0,1,0,2018,2,5
1,1,Sonipat,7_22_02_V01Y_0,FALSE,FALSE,0,0,1,0,2018,3,6
1,1,Sonipat,7_22_03_V01Y_0,FALSE,FALSE,0,1,0,0,2017,3,1
1,1,Sonipat,7_22_03_V01Y_0,FALSE,FALSE,0,1,0,0,2017,4,7
1,1,Sonipat,7_22_03_V01Y_0,FALSE,FALSE,0,1,0,0,2017,5,2
1,1,Sonipat,7_22_03_V01Y_0,FALSE,FALSE,0,1,0,0,2017,6,6
1,1,Sonipat,7_22_03_V01Y_0,FALSE,FALSE,0,1,0,0,2017,7,4
1,1,Sonipat,7_22_03_V01Y_0,FALSE,FALSE,0,1,0,0,2017,8,5
1,1,Sonipat,7_22_03_V01Y_0,FALSE,FALSE,0,1,0,0,2017,9,8
1,1,Sonipat,7_22_03_V01Y_0,FALSE,FALSE,0,1,0,0,2017,10,12
1,1,Sonipat,7_22_03_V01Y_0,FALSE,FALSE,0,1,0,0,2017,11,12
1,1,Sonipat,7_22_03_V01Y_0,FALSE,FALSE,0,1,0,0,2017,12,11
1,1,Sonipat,7_22_03_V01Y_0,FALSE,FALSE,0,1,0,0,2018,1,6
1,1,Sonipat,7_22_03_V01Y_0,FALSE,FALSE,0,1,0,0,2018,2,3
1,1,Sonipat,7_22_03_V01Y_0,FALSE,FALSE,0,1,0,0,2018,3,9
1,1,Sonipat,7_22_03_V02Y_0,FALSE,FALSE,0,0,0,1,2017,3,24
1,1,Sonipat,7_22_03_V02Y_0,FALSE,FALSE,0,0,0,1,2017,4,19
1,1,Sonipat,7_22_03_V02Y_0,FALSE,FALSE,0,0,0,1,2017,5,22
1,1,Sonipat,7_22_03_V02Y_0,FALSE,FALSE,0,0,0,1,2017,6,18
1,1,Sonipat,7_22_03_V02Y_0,FALSE,FALSE,0,0,0,1,2017,7,23
1,1,Sonipat,7_22_03_V02Y_0,FALSE,FALSE,0,0,0,1,2017,8,18
1,1,Sonipat,7_22_03_V02Y_0,FALSE,FALSE,0,0,0,1,2017,9,22
1,1,Sonipat,7_22_03_V02Y_0,FALSE,FALSE,0,0,0,1,2017,10,12
1,1,Sonipat,7_22_03_V02Y_0,FALSE,FALSE,0,0,0,1,2017,11,17
1,1,Sonipat,7_22_03_V02Y_0,FALSE,FALSE,0,0,0,1,2017,12,25
1,1,Sonipat,7_22_03_V02Y_0,FALSE,FALSE,0,0,0,1,2018,1,22
1,1,Sonipat,7_22_03_V02Y_0,FALSE,FALSE,0,0,0,1,2018,2,23
1,1,Sonipat,7_22_03_V02Y_0,FALSE,FALSE,0,0,0,1,2018,3,26
1,1,Sonipat,7_22_03_V03Y_0,FALSE,FALSE,0,1,0,0,2017,3,10
1,1,Sonipat,7_22_03_V03Y_0,FALSE,FALSE,0,1,0,0,2017,4,8
1,1,Sonipat,7_22_03_V03Y_0,FALSE,FALSE,0,1,0,0,2017,5,13
1,1,Sonipat,7_22_03_V03Y_0,FALSE,FALSE,0,1,0,0,2017,6,8
1,1,Sonipat,7_22_03_V03Y_0,FALSE,FALSE,0,1,0,0,2017,7,7
1,1,Sonipat,7_22_03_V03Y_0,FALSE,FALSE,0,1,0,0,2017,8,9
1,1,Sonipat,7_22_03_V03Y_0,FALSE,FALSE,0,1,0,0,2017,9,7
1,1,Sonipat,7_22_03_V03Y_0,FALSE,FALSE,0,1,0,0,2017,10,15
1,1,Sonipat,7_22_03_V03Y_0,FALSE,FALSE,0,1,0,0,2017,11,8
1,1,Sonipat,7_22_03_V03Y_0,FALSE,FALSE,0,1,0,0,2017,12,13
1,1,Sonipat,7_22_03_V03Y_0,FALSE,FALSE,0,1,0,0,2018,1,17
1,1,Sonipat,7_22_03_V03Y_0,FALSE,FALSE,0,1,0,0,2018,2,15
1,1,Sonipat,7_22_03_V03Y_0,FALSE,FALSE,0,1,0,0,2018,3,15
1,1,Sonipat,7_22_03_V04Y_0,FALSE,FALSE,1,0,0,0,2017,3,5
1,1,Sonipat,7_22_03_V04Y_0,FALSE,FALSE,1,0,0,0,2017,4,4
1,1,Sonipat,7_22_03_V04Y_0,FALSE,FALSE,1,0,0,0,2017,5,5
1,1,Sonipat,7_22_03_V04Y_0,FALSE,FALSE,1,0,0,0,2017,6,7
1,1,Sonipat,7_22_03_V04Y_0,FALSE,FALSE,1,0,0,0,2017,7,9
1,1,Sonipat,7_22_03_V04Y_0,FALSE,FALSE,1,0,0,0,2017,8,3
1,1,Sonipat,7_22_03_V04Y_0,FALSE,FALSE,1,0,0,0,2017,9,6
1,1,Sonipat,7_22_03_V04Y_0,FALSE,FALSE,1,0,0,0,2017,10,7
1,1,Sonipat,7_22_03_V04Y_0,FALSE,FALSE,1,0,0,0,2017,11,5
1,1,Sonipat,7_22_03_V04Y_0,FALSE,FALSE,1,0,0,0,2017,12,6
1,1,Sonipat,7_22_03_V04Y_0,FALSE,FALSE,1,0,0,0,2018,1,9
1,1,Sonipat,7_22_03_V04Y_0,FALSE,FALSE,1,0,0,0,2018,2,3
1,1,Sonipat,7_22_03_V04Y_0,FALSE,FALSE,1,0,0,0,2018,3,12
1,1,Sonipat,7_23_04_V02Y_0,FALSE,FALSE,0,1,0,0,2017,3,11
1,1,Sonipat,7_23_04_V02Y_0,FALSE,FALSE,0,1,0,0,2017,4,8
1,1,Sonipat,7_23_04_V02Y_0,FALSE,FALSE,0,1,0,0,2017,5,6
1,1,Sonipat,7_23_04_V02Y_0,FALSE,FALSE,0,1,0,0,2017,6,9
1,1,Sonipat,7_23_04_V02Y_0,FALSE,FALSE,0,1,0,0,2017,7,1
1,1,Sonipat,7_23_04_V02Y_0,FALSE,FALSE,0,1,0,0,2017,8,6
1,1,Sonipat,7_23_04_V02Y_0,FALSE,FALSE,0,1,0,0,2017,9,8
1,1,Sonipat,7_23_04_V02Y_0,FALSE,FALSE,0,1,0,0,2017,10,6
1,1,Sonipat,7_23_04_V02Y_0,FALSE,FALSE,0,1,0,0,2017,11,9
1,1,Sonipat,7_23_04_V02Y_0,FALSE,FALSE,0,1,0,0,2017,12,10
1,1,Sonipat,7_23_04_V02Y_0,FALSE,FALSE,0,1,0,0,2018,1,8
1,1,Sonipat,7_23_04_V02Y_0,FALSE,FALSE,0,1,0,0,2018,2,7
1,1,Sonipat,7_23_04_V02Y_0,FALSE,FALSE,0,1,0,0,2018,3,5
1,1,Sonipat,7_23_04_V04Y_0,FALSE,FALSE,0,1,0,0,2017,3,1
1,1,Sonipat,7_23_04_V04Y_0,FALSE,FALSE,0,1,0,0,2017,4,29
1,1,Sonipat,7_23_04_V04Y_0,FALSE,FALSE,0,1,0,0,2017,5,12
1,1,Sonipat,7_23_04_V04Y_0,FALSE,FALSE,0,1,0,0,2017,6,12
1,1,Sonipat,7_23_04_V04Y_0,FALSE,FALSE,0,1,0,0,2017,7,4
1,1,Sonipat,7_23_04_V04Y_0,FALSE,FALSE,0,1,0,0,2017,8,6
1,1,Sonipat,7_23_04_V04Y_0,FALSE,FALSE,0,1,0,0,2017,9,4
1,1,Sonipat,7_23_04_V04Y_0,FALSE,FALSE,0,1,0,0,2017,10,5
1,1,Sonipat,7_23_04_V04Y_0,FALSE,FALSE,0,1,0,0,2017,11,5
1,1,Sonipat,7_23_04_V04Y_0,FALSE,FALSE,0,1,0,0,2017,12,21
1,1,Sonipat,7_23_04_V04Y_0,FALSE,FALSE,0,1,0,0,2018,1,13
1,1,Sonipat,7_23_04_V04Y_0,FALSE,FALSE,0,1,0,0,2018,2,17
1,1,Sonipat,7_23_04_V04Y_0,FALSE,FALSE,0,1,0,0,2018,3,15
1,1,Sonipat,7_24_01_V02Y_0,FALSE,TRUE,0,0,1,0,2017,3,5
1,1,Sonipat,7_24_01_V02Y_0,FALSE,TRUE,0,0,1,0,2017,4,1
1,1,Sonipat,7_24_01_V02Y_0,FALSE,TRUE,0,0,1,0,2017,5,6
1,1,Sonipat,7_24_01_V02Y_0,FALSE,TRUE,0,0,1,0,2017,6,6
1,1,Sonipat,7_24_01_V02Y_0,FALSE,TRUE,0,0,1,0,2017,7,7
1,1,Sonipat,7_24_01_V02Y_0,FALSE,TRUE,0,0,1,0,2017,8,10
1,1,Sonipat,7_24_01_V02Y_0,FALSE,TRUE,0,0,1,0,2017,9,12
1,1,Sonipat,7_24_01_V02Y_0,FALSE,TRUE,0,0,1,0,2017,10,13
1,1,Sonipat,7_24_01_V02Y_0,FALSE,TRUE,0,0,1,0,2017,11,10
1,1,Sonipat,7_24_01_V02Y_0,FALSE,TRUE,0,0,1,0,2017,12,7
1,1,Sonipat,7_24_01_V02Y_0,FALSE,TRUE,0,0,1,0,2018,1,3
1,1,Sonipat,7_24_01_V02Y_0,FALSE,TRUE,0,0,1,0,2018,3,13
1,1,Sonipat,7_24_03_V03Y_0,FALSE,TRUE,0,1,0,0,2017,3,16
1,1,Sonipat,7_24_03_V03Y_0,FALSE,TRUE,0,1,0,0,2017,4,14
1,1,Sonipat,7_24_03_V03Y_0,FALSE,TRUE,0,1,0,0,2017,5,21
1,1,Sonipat,7_24_03_V03Y_0,FALSE,TRUE,0,1,0,0,2017,6,17
1,1,Sonipat,7_24_03_V03Y_0,FALSE,TRUE,0,1,0,0,2017,7,13
1,1,Sonipat,7_24_03_V03Y_0,FALSE,TRUE,0,1,0,0,2017,8,12
1,1,Sonipat,7_24_03_V03Y_0,FALSE,TRUE,0,1,0,0,2017,9,20
1,1,Sonipat,7_24_03_V03Y_0,FALSE,TRUE,0,1,0,0,2017,10,13
1,1,Sonipat,7_24_03_V03Y_0,FALSE,TRUE,0,1,0,0,2017,11,15
1,1,Sonipat,7_24_03_V03Y_0,FALSE,TRUE,0,1,0,0,2017,12,24
1,1,Sonipat,7_24_03_V03Y_0,FALSE,TRUE,0,1,0,0,2018,1,9
1,1,Sonipat,7_24_03_V03Y_0,FALSE,TRUE,0,1,0,0,2018,2,24
1,1,Sonipat,7_24_03_V03Y_0,FALSE,TRUE,0,1,0,0,2018,3,20
1,1,Sonipat,7_24_04_V05Y_0,TRUE,FALSE,0,0,1,0,2017,4,14
1,1,Sonipat,7_24_04_V05Y_0,TRUE,FALSE,0,0,1,0,2017,5,11
1,1,Sonipat,7_24_04_V05Y_0,TRUE,FALSE,0,0,1,0,2017,6,15
1,1,Sonipat,7_24_04_V05Y_0,TRUE,FALSE,0,0,1,0,2017,7,9
1,1,Sonipat,7_24_04_V05Y_0,TRUE,FALSE,0,0,1,0,2017,8,13
1,1,Sonipat,7_24_04_V05Y_0,TRUE,FALSE,0,0,1,0,2017,9,13
1,1,Sonipat,7_24_04_V05Y_0,TRUE,FALSE,0,0,1,0,2017,10,3
1,1,Sonipat,7_24_04_V05Y_0,TRUE,FALSE,0,0,1,0,2017,11,14
1,1,Sonipat,7_24_04_V05Y_0,TRUE,FALSE,0,0,1,0,2017,12,18
1,1,Sonipat,7_24_04_V05Y_0,TRUE,FALSE,0,0,1,0,2018,1,13
1,1,Sonipat,7_24_04_V05Y_0,TRUE,FALSE,0,0,1,0,2018,2,15
1,1,Sonipat,7_24_04_V05Y_0,TRUE,FALSE,0,0,1,0,2018,3,11
1,1,Sonipat,7_24_07_V03Y_0,TRUE,FALSE,0,0,0,1,2017,3,5
1,1,Sonipat,7_24_07_V03Y_0,TRUE,FALSE,0,0,0,1,2017,4,3
1,1,Sonipat,7_24_07_V03Y_0,TRUE,FALSE,0,0,0,1,2017,5,3
1,1,Sonipat,7_24_07_V03Y_0,TRUE,FALSE,0,0,0,1,2017,6,8
1,1,Sonipat,7_24_07_V03Y_0,TRUE,FALSE,0,0,0,1,2017,7,5
1,1,Sonipat,7_24_07_V03Y_0,TRUE,FALSE,0,0,0,1,2017,8,2
1,1,Sonipat,7_24_07_V03Y_0,TRUE,FALSE,0,0,0,1,2017,9,2
1,1,Sonipat,7_24_07_V03Y_0,TRUE,FALSE,0,0,0,1,2017,10,4
1,1,Sonipat,7_24_07_V03Y_0,TRUE,FALSE,0,0,0,1,2017,11,3
1,1,Sonipat,7_24_07_V03Y_0,TRUE,FALSE,0,0,0,1,2017,12,12
1,1,Sonipat,7_24_07_V03Y_0,TRUE,FALSE,0,0,0,1,2018,1,6
1,1,Sonipat,7_24_07_V03Y_0,TRUE,FALSE,0,0,0,1,2018,2,1
1,1,Sonipat,7_24_07_V03Y_0,TRUE,FALSE,0,0,0,1,2018,3,2
1,1,Sonipat,7_25_01_V02Y_0,TRUE,FALSE,0,0,1,0,2017,3,2
1,1,Sonipat,7_25_01_V02Y_0,TRUE,FALSE,0,0,1,0,2017,5,17
1,1,Sonipat,7_25_01_V02Y_0,TRUE,FALSE,0,0,1,0,2017,6,20
1,1,Sonipat,7_25_01_V02Y_0,TRUE,FALSE,0,0,1,0,2017,7,23
1,1,Sonipat,7_25_01_V02Y_0,TRUE,FALSE,0,0,1,0,2017,8,16
1,1,Sonipat,7_25_01_V02Y_0,TRUE,FALSE,0,0,1,0,2017,9,16
1,1,Sonipat,7_25_01_V02Y_0,TRUE,FALSE,0,0,1,0,2017,10,15
1,1,Sonipat,7_25_01_V02Y_0,TRUE,FALSE,0,0,1,0,2017,11,16
1,1,Sonipat,7_25_01_V02Y_0,TRUE,FALSE,0,0,1,0,2017,12,21
1,1,Sonipat,7_25_01_V02Y_0,TRUE,FALSE,0,0,1,0,2018,1,19
1,1,Sonipat,7_25_01_V02Y_0,TRUE,FALSE,0,0,1,0,2018,2,28
1,1,Sonipat,7_25_01_V02Y_0,TRUE,FALSE,0,0,1,0,2018,3,26
1,1,Sonipat,7_25_02_V06Y_0,FALSE,TRUE,0,0,0,1,2017,3,12
1,1,Sonipat,7_25_02_V06Y_0,FALSE,TRUE,0,0,0,1,2017,4,13
1,1,Sonipat,7_25_02_V06Y_0,FALSE,TRUE,0,0,0,1,2017,5,13
1,1,Sonipat,7_25_02_V06Y_0,FALSE,TRUE,0,0,0,1,2017,6,16
1,1,Sonipat,7_25_02_V06Y_0,FALSE,TRUE,0,0,0,1,2017,7,14
1,1,Sonipat,7_25_02_V06Y_0,FALSE,TRUE,0,0,0,1,2017,8,18
1,1,Sonipat,7_25_02_V06Y_0,FALSE,TRUE,0,0,0,1,2017,9,23
1,1,Sonipat,7_25_02_V06Y_0,FALSE,TRUE,0,0,0,1,2017,10,20
1,1,Sonipat,7_25_02_V06Y_0,FALSE,TRUE,0,0,0,1,2017,11,16
1,1,Sonipat,7_25_02_V06Y_0,FALSE,TRUE,0,0,0,1,2017,12,20
1,1,Sonipat,7_25_02_V06Y_0,FALSE,TRUE,0,0,0,1,2018,1,26
1,1,Sonipat,7_26_01_V02Y_0,FALSE,FALSE,1,0,0,0,2017,3,11
1,1,Sonipat,7_26_01_V02Y_0,FALSE,FALSE,1,0,0,0,2017,4,7
1,1,Sonipat,7_26_01_V02Y_0,FALSE,FALSE,1,0,0,0,2017,5,8
1,1,Sonipat,7_26_01_V02Y_0,FALSE,FALSE,1,0,0,0,2017,6,8
1,1,Sonipat,7_26_01_V02Y_0,FALSE,FALSE,1,0,0,0,2017,7,7
1,1,Sonipat,7_26_01_V02Y_0,FALSE,FALSE,1,0,0,0,2017,8,9
1,1,Sonipat,7_26_01_V02Y_0,FALSE,FALSE,1,0,0,0,2017,9,14
1,1,Sonipat,7_26_01_V02Y_0,FALSE,FALSE,1,0,0,0,2017,10,8
1,1,Sonipat,7_26_01_V02Y_0,FALSE,FALSE,1,0,0,0,2017,11,10
1,1,Sonipat,7_26_01_V02Y_0,FALSE,FALSE,1,0,0,0,2017,12,26
1,1,Sonipat,7_26_01_V02Y_0,FALSE,FALSE,1,0,0,0,2018,1,13
1,1,Sonipat,7_26_01_V02Y_0,FALSE,FALSE,1,0,0,0,2018,2,26
1,1,Sonipat,7_26_01_V02Y_0,FALSE,FALSE,1,0,0,0,2018,3,11
1,1,Sonipat,7_26_02_V01Y_0,FALSE,FALSE,0,1,0,0,2017,3,10
1,1,Sonipat,7_26_02_V01Y_0,FALSE,FALSE,0,1,0,0,2017,4,11
1,1,Sonipat,7_26_02_V01Y_0,FALSE,FALSE,0,1,0,0,2017,5,8
1,1,Sonipat,7_26_02_V01Y_0,FALSE,FALSE,0,1,0,0,2017,6,13
1,1,Sonipat,7_26_02_V01Y_0,FALSE,FALSE,0,1,0,0,2017,7,9
1,1,Sonipat,7_26_02_V01Y_0,FALSE,FALSE,0,1,0,0,2017,8,9
1,1,Sonipat,7_26_02_V01Y_0,FALSE,FALSE,0,1,0,0,2017,9,10
1,1,Sonipat,7_26_02_V01Y_0,FALSE,FALSE,0,1,0,0,2017,10,11
1,1,Sonipat,7_26_02_V01Y_0,FALSE,FALSE,0,1,0,0,2017,11,11
1,1,Sonipat,7_26_02_V01Y_0,FALSE,FALSE,0,1,0,0,2017,12,16
1,1,Sonipat,7_26_02_V01Y_0,FALSE,FALSE,0,1,0,0,2018,1,8
1,1,Sonipat,7_26_02_V01Y_0,FALSE,FALSE,0,1,0,0,2018,2,12
1,1,Sonipat,7_26_02_V01Y_0,FALSE,FALSE,0,1,0,0,2018,3,8
1,1,Sonipat,7_26_03_V01Y_0,FALSE,FALSE,0,0,1,0,2017,3,4
1,1,Sonipat,7_26_03_V01Y_0,FALSE,FALSE,0,0,1,0,2017,4,11
1,1,Sonipat,7_26_03_V01Y_0,FALSE,FALSE,0,0,1,0,2017,5,5
1,1,Sonipat,7_26_03_V01Y_0,FALSE,FALSE,0,0,1,0,2017,6,9
1,1,Sonipat,7_26_03_V01Y_0,FALSE,FALSE,0,0,1,0,2017,7,5
1,1,Sonipat,7_26_03_V01Y_0,FALSE,FALSE,0,0,1,0,2017,8,4
1,1,Sonipat,7_26_03_V01Y_0,FALSE,FALSE,0,0,1,0,2017,9,7
1,1,Sonipat,7_26_03_V01Y_0,FALSE,FALSE,0,0,1,0,2017,10,9
1,1,Sonipat,7_26_03_V01Y_0,FALSE,FALSE,0,0,1,0,2017,11,10
1,1,Sonipat,7_26_03_V01Y_0,FALSE,FALSE,0,0,1,0,2017,12,11
1,1,Sonipat,7_26_03_V01Y_0,FALSE,FALSE,0,0,1,0,2018,1,6
1,1,Sonipat,7_26_03_V01Y_0,FALSE,FALSE,0,0,1,0,2018,2,6
1,1,Sonipat,7_26_03_V01Y_0,FALSE,FALSE,0,0,1,0,2018,3,6
1,1,Sonipat,7_26_03_V02Y_0,FALSE,FALSE,1,0,0,0,2017,3,38
1,1,Sonipat,7_26_03_V02Y_0,FALSE,FALSE,1,0,0,0,2017,4,36
1,1,Sonipat,7_26_03_V02Y_0,FALSE,FALSE,1,0,0,0,2017,5,20
1,1,Sonipat,7_26_03_V02Y_0,FALSE,FALSE,1,0,0,0,2017,6,30
1,1,Sonipat,7_26_03_V02Y_0,FALSE,FALSE,1,0,0,0,2017,7,20
1,1,Sonipat,7_26_03_V02Y_0,FALSE,FALSE,1,0,0,0,2017,8,26
1,1,Sonipat,7_26_03_V02Y_0,FALSE,FALSE,1,0,0,0,2017,9,33
1,1,Sonipat,7_26_03_V02Y_0,FALSE,FALSE,1,0,0,0,2017,10,35
1,1,Sonipat,7_26_03_V02Y_0,FALSE,FALSE,1,0,0,0,2017,11,36
1,1,Sonipat,7_26_03_V02Y_0,FALSE,FALSE,1,0,0,0,2017,12,39
1,1,Sonipat,7_26_03_V02Y_0,FALSE,FALSE,1,0,0,0,2018,1,37
1,1,Sonipat,7_26_03_V02Y_0,FALSE,FALSE,1,0,0,0,2018,2,45
1,1,Sonipat,7_26_03_V02Y_0,FALSE,FALSE,1,0,0,0,2018,3,32
1,1,Sonipat,7_26_04_V02Y_0,FALSE,FALSE,0,0,1,0,2017,3,16
1,1,Sonipat,7_26_04_V02Y_0,FALSE,FALSE,0,0,1,0,2017,4,19
1,1,Sonipat,7_26_04_V02Y_0,FALSE,FALSE,0,0,1,0,2017,5,14
1,1,Sonipat,7_26_04_V02Y_0,FALSE,FALSE,0,0,1,0,2017,6,10
1,1,Sonipat,7_26_04_V02Y_0,FALSE,FALSE,0,0,1,0,2017,7,14
1,1,Sonipat,7_26_04_V02Y_0,FALSE,FALSE,0,0,1,0,2017,8,19
1,1,Sonipat,7_26_04_V02Y_0,FALSE,FALSE,0,0,1,0,2017,9,21
1,1,Sonipat,7_26_04_V02Y_0,FALSE,FALSE,0,0,1,0,2017,10,16
1,1,Sonipat,7_26_04_V02Y_0,FALSE,FALSE,0,0,1,0,2017,11,16
1,1,Sonipat,7_26_04_V02Y_0,FALSE,FALSE,0,0,1,0,2017,12,7
1,1,Sonipat,7_26_04_V02Y_0,FALSE,FALSE,0,0,1,0,2018,1,16
1,1,Sonipat,7_26_04_V02Y_0,FALSE,FALSE,0,0,1,0,2018,2,29
1,1,Sonipat,7_26_04_V02Y_0,FALSE,FALSE,0,0,1,0,2018,3,10
1,1,Sonipat,7_27_01_V02Y_0,FALSE,FALSE,0,0,0,1,2017,3,9
1,1,Sonipat,7_27_01_V02Y_0,FALSE,FALSE,0,0,0,1,2017,4,18
1,1,Sonipat,7_27_01_V02Y_0,FALSE,FALSE,0,0,0,1,2017,5,16
1,1,Sonipat,7_27_01_V02Y_0,FALSE,FALSE,0,0,0,1,2017,6,14
1,1,Sonipat,7_27_01_V02Y_0,FALSE,FALSE,0,0,0,1,2017,7,16
1,1,Sonipat,7_27_01_V02Y_0,FALSE,FALSE,0,0,0,1,2017,8,16
1,1,Sonipat,7_27_01_V02Y_0,FALSE,FALSE,0,0,0,1,2017,9,14
1,1,Sonipat,7_27_01_V02Y_0,FALSE,FALSE,0,0,0,1,2017,10,23
1,1,Sonipat,7_27_01_V02Y_0,FALSE,FALSE,0,0,0,1,2017,11,14
1,1,Sonipat,7_27_01_V02Y_0,FALSE,FALSE,0,0,0,1,2017,12,15
1,1,Sonipat,7_27_01_V02Y_0,FALSE,FALSE,0,0,0,1,2018,1,20
1,1,Sonipat,7_27_01_V02Y_0,FALSE,FALSE,0,0,0,1,2018,2,34
1,1,Sonipat,7_27_01_V02Y_0,FALSE,FALSE,0,0,0,1,2018,3,33
1,1,Sonipat,7_27_02_V01Y_0,FALSE,FALSE,0,1,0,0,2017,3,24
1,1,Sonipat,7_27_02_V01Y_0,FALSE,FALSE,0,1,0,0,2017,4,19
1,1,Sonipat,7_27_02_V01Y_0,FALSE,FALSE,0,1,0,0,2017,5,22
1,1,Sonipat,7_27_02_V01Y_0,FALSE,FALSE,0,1,0,0,2017,6,37
1,1,Sonipat,7_27_02_V01Y_0,FALSE,FALSE,0,1,0,0,2017,7,22
1,1,Sonipat,7_27_02_V01Y_0,FALSE,FALSE,0,1,0,0,2017,8,24
1,1,Sonipat,7_27_02_V01Y_0,FALSE,FALSE,0,1,0,0,2017,9,34
1,1,Sonipat,7_27_02_V01Y_0,FALSE,FALSE,0,1,0,0,2017,10,19
1,1,Sonipat,7_27_02_V01Y_0,FALSE,FALSE,0,1,0,0,2017,11,22
1,1,Sonipat,7_27_02_V01Y_0,FALSE,FALSE,0,1,0,0,2017,12,27
1,1,Sonipat,7_27_02_V01Y_0,FALSE,FALSE,0,1,0,0,2018,1,30
1,1,Sonipat,7_27_02_V01Y_0,FALSE,FALSE,0,1,0,0,2018,2,42
1,1,Sonipat,7_27_02_V01Y_0,FALSE,FALSE,0,1,0,0,2018,3,38
1,1,Sonipat,7_27_02_V02Y_0,FALSE,FALSE,0,0,0,1,2017,3,10
1,1,Sonipat,7_27_02_V02Y_0,FALSE,FALSE,0,0,0,1,2017,4,8
1,1,Sonipat,7_27_02_V02Y_0,FALSE,FALSE,0,0,0,1,2017,5,6
1,1,Sonipat,7_27_02_V02Y_0,FALSE,FALSE,0,0,0,1,2017,6,15
1,1,Sonipat,7_27_02_V02Y_0,FALSE,FALSE,0,0,0,1,2017,7,10
1,1,Sonipat,7_27_02_V02Y_0,FALSE,FALSE,0,0,0,1,2017,8,13
1,1,Sonipat,7_27_02_V02Y_0,FALSE,FALSE,0,0,0,1,2017,9,9
1,1,Sonipat,7_27_02_V02Y_0,FALSE,FALSE,0,0,0,1,2017,10,12
1,1,Sonipat,7_27_02_V02Y_0,FALSE,FALSE,0,0,0,1,2017,11,18
1,1,Sonipat,7_27_02_V02Y_0,FALSE,FALSE,0,0,0,1,2017,12,16
1,1,Sonipat,7_27_02_V02Y_0,FALSE,FALSE,0,0,0,1,2018,1,23
1,1,Sonipat,7_27_02_V02Y_0,FALSE,FALSE,0,0,0,1,2018,2,12
1,1,Sonipat,7_27_02_V02Y_0,FALSE,FALSE,0,0,0,1,2018,3,10
1,1,Sonipat,7_27_03_V02Y_0,FALSE,FALSE,0,1,0,0,2017,3,13
1,1,Sonipat,7_27_03_V02Y_0,FALSE,FALSE,0,1,0,0,2017,4,22
1,1,Sonipat,7_27_03_V02Y_0,FALSE,FALSE,0,1,0,0,2017,5,31
1,1,Sonipat,7_27_03_V02Y_0,FALSE,FALSE,0,1,0,0,2017,6,25
1,1,Sonipat,7_27_03_V02Y_0,FALSE,FALSE,0,1,0,0,2017,7,21
1,1,Sonipat,7_27_03_V02Y_0,FALSE,FALSE,0,1,0,0,2017,8,20
1,1,Sonipat,7_27_03_V02Y_0,FALSE,FALSE,0,1,0,0,2017,9,14
1,1,Sonipat,7_27_03_V02Y_0,FALSE,FALSE,0,1,0,0,2017,10,22
1,1,Sonipat,7_27_03_V02Y_0,FALSE,FALSE,0,1,0,0,2017,11,25
1,1,Sonipat,7_27_03_V02Y_0,FALSE,FALSE,0,1,0,0,2017,12,30
1,1,Sonipat,7_27_03_V02Y_0,FALSE,FALSE,0,1,0,0,2018,1,33
1,1,Sonipat,7_27_03_V02Y_0,FALSE,FALSE,0,1,0,0,2018,2,33
1,1,Sonipat,7_27_03_V02Y_0,FALSE,FALSE,0,1,0,0,2018,3,46
1,1,Sonipat,7_28_02_V02Y_0,FALSE,FALSE,0,0,0,1,2017,3,11
1,1,Sonipat,7_28_02_V02Y_0,FALSE,FALSE,0,0,0,1,2017,4,8
1,1,Sonipat,7_28_02_V02Y_0,FALSE,FALSE,0,0,0,1,2017,5,8
1,1,Sonipat,7_28_02_V02Y_0,FALSE,FALSE,0,0,0,1,2017,6,9
1,1,Sonipat,7_28_02_V02Y_0,FALSE,FALSE,0,0,0,1,2017,7,10
1,1,Sonipat,7_28_02_V02Y_0,FALSE,FALSE,0,0,0,1,2017,8,14
1,1,Sonipat,7_28_02_V02Y_0,FALSE,FALSE,0,0,0,1,2017,9,19
1,1,Sonipat,7_28_02_V02Y_0,FALSE,FALSE,0,0,0,1,2017,10,15
1,1,Sonipat,7_28_02_V02Y_0,FALSE,FALSE,0,0,0,1,2017,11,14
1,1,Sonipat,7_28_02_V02Y_0,FALSE,FALSE,0,0,0,1,2017,12,26
1,1,Sonipat,7_28_02_V02Y_0,FALSE,FALSE,0,0,0,1,2018,1,16
1,1,Sonipat,7_28_02_V02Y_0,FALSE,FALSE,0,0,0,1,2018,2,22
1,1,Sonipat,7_28_02_V02Y_0,FALSE,FALSE,0,0,0,1,2018,3,19
1,1,Sonipat,7_28_03_V01Y_0,FALSE,FALSE,0,0,0,1,2017,4,4
1,1,Sonipat,7_28_03_V01Y_0,FALSE,FALSE,0,0,0,1,2017,5,4
1,1,Sonipat,7_28_03_V01Y_0,FALSE,FALSE,0,0,0,1,2017,6,2
1,1,Sonipat,7_28_03_V01Y_0,FALSE,FALSE,0,0,0,1,2017,7,5
1,1,Sonipat,7_28_03_V01Y_0,FALSE,FALSE,0,0,0,1,2017,8,1
1,1,Sonipat,7_28_03_V01Y_0,FALSE,FALSE,0,0,0,1,2017,9,4
1,1,Sonipat,7_28_03_V01Y_0,FALSE,FALSE,0,0,0,1,2017,11,3
1,1,Sonipat,7_28_03_V01Y_0,FALSE,FALSE,0,0,0,1,2017,12,7
1,1,Sonipat,7_28_03_V01Y_0,FALSE,FALSE,0,0,0,1,2018,1,6
1,1,Sonipat,7_28_03_V01Y_0,FALSE,FALSE,0,0,0,1,2018,2,3
1,1,Sonipat,7_28_03_V01Y_0,FALSE,FALSE,0,0,0,1,2018,3,7
1,1,Sonipat,7_28_04_V02Y_0,FALSE,FALSE,1,0,0,0,2017,3,13
1,1,Sonipat,7_28_04_V02Y_0,FALSE,FALSE,1,0,0,0,2017,4,15
1,1,Sonipat,7_28_04_V02Y_0,FALSE,FALSE,1,0,0,0,2017,5,12
1,1,Sonipat,7_28_04_V02Y_0,FALSE,FALSE,1,0,0,0,2017,6,15
1,1,Sonipat,7_28_04_V02Y_0,FALSE,FALSE,1,0,0,0,2017,7,14
1,1,Sonipat,7_28_04_V02Y_0,FALSE,FALSE,1,0,0,0,2017,8,11
1,1,Sonipat,7_28_04_V02Y_0,FALSE,FALSE,1,0,0,0,2017,9,18
1,1,Sonipat,7_28_04_V02Y_0,FALSE,FALSE,1,0,0,0,2017,10,14
1,1,Sonipat,7_28_04_V02Y_0,FALSE,FALSE,1,0,0,0,2017,11,19
1,1,Sonipat,7_28_04_V02Y_0,FALSE,FALSE,1,0,0,0,2017,12,26
1,1,Sonipat,7_28_04_V02Y_0,FALSE,FALSE,1,0,0,0,2018,1,9
1,1,Sonipat,7_28_04_V02Y_0,FALSE,FALSE,1,0,0,0,2018,2,17
1,1,Sonipat,7_28_04_V02Y_0,FALSE,FALSE,1,0,0,0,2018,3,23
1,1,Sonipat,7_28_04_V03Y_0,FALSE,FALSE,1,0,0,0,2017,3,31
1,1,Sonipat,7_28_04_V03Y_0,FALSE,FALSE,1,0,0,0,2017,4,37
1,1,Sonipat,7_28_04_V03Y_0,FALSE,FALSE,1,0,0,0,2017,5,38
1,1,Sonipat,7_28_04_V03Y_0,FALSE,FALSE,1,0,0,0,2017,6,31
1,1,Sonipat,7_28_04_V03Y_0,FALSE,FALSE,1,0,0,0,2017,7,35
1,1,Sonipat,7_28_04_V03Y_0,FALSE,FALSE,1,0,0,0,2017,8,35
1,1,Sonipat,7_28_04_V03Y_0,FALSE,FALSE,1,0,0,0,2017,9,39
1,1,Sonipat,7_28_04_V03Y_0,FALSE,FALSE,1,0,0,0,2017,10,38
1,1,Sonipat,7_28_04_V03Y_0,FALSE,FALSE,1,0,0,0,2017,11,48
1,1,Sonipat,7_28_04_V03Y_0,FALSE,FALSE,1,0,0,0,2017,12,59
1,1,Sonipat,7_28_04_V03Y_0,FALSE,FALSE,1,0,0,0,2018,1,38
1,1,Sonipat,7_28_04_V03Y_0,FALSE,FALSE,1,0,0,0,2018,2,54
1,1,Sonipat,7_28_04_V03Y_0,FALSE,FALSE,1,0,0,0,2018,3,41
